match_type,source,root_time,test_time,time_diff_s,root_latitude,test_latitude,root_longitude,test_longitude,loc_diff_km,root_depth,test_depth,depth_diff_km,root_magnitude,test_magnitude,mag_diff,root_numPhases,test_numPhases,root_author,test_author,root_eval,test_eval,root_evid,test_evid
matched,onsite,2026-10-01 00:14:36.00,2026-10-01 00:14:36.33,0.334,62.22766494750977,62.228,-152.2785186767578,-152.279,0.044832360434436155,5.0,5.0,0.0,1.3772452957390506,1.3,0.07724529573905059,8,8.0,scanloc_state:AEC,unknown,auto_confirm,automatic,aka2026tkglvc,aka2026tkglvc
matched,onsite,2026-10-01 00:27:18.00,2026-10-01 00:27:18.83,0.839,60.17947769165039,60.18,-152.62452697753906,-152.625,0.06369604182698119,106.01436614990234,106.0,0.01436614990234375,2.1504244494122995,2.1,0.0504244494122994,79,78.0,scanloc_state:AEC,unknown,auto_confirm,automatic,aka2026tkgwuq,aka2026tkgwuq
matched,onsite,2026-10-01 00:29:28.00,2026-10-01 00:29:28.87,0.877,59.63496398925781,59.635,-152.37939453125,-152.379,0.02253513323466455,75.94834899902344,75.9,0.048348999023431816,1.4145500320473092,1.5,0.08544996795269078,20,20.0,scanloc_state:AEC,unknown,auto_confirm,automatic,aka2026tkgysi,aka2026tkgysi
matched,onsite,2026-10-01 00:30:53.00,2026-10-01 00:30:53.98,0.989,62.64585876464844,62.645,-151.33197021484375,-151.332,0.09550239804107755,89.33085632324219,89.7,0.36914367675781534,2.290634684972328,2.2,0.09063468497232785,73,71.0,scanloc_state:AEC,unknown,auto_confirm,automatic,aka2026tkgzql,aka2026tkgzql
root_only,onsite,2026-10-01 00:36:51.00,,,51.62403106689453,,179.45556640625,,,84.18130493164062,,,2.642682044036087,,,18,,scanloc_state:AEC,,auto_confirm,,aka2026tkhfcj,
matched,onsite,2026-10-01 00:39:02.00,2026-10-01 00:39:02.15,0.151,57.61057662963867,57.603,-155.3714141845703,-155.362,1.0120663169938138,17.463245391845703,19.6,2.1367546081542983,1.5039233278985822,1.5,0.003923327898582185,24,20.0,scanloc_state:AEC,unknown,auto_confirm,automatic,aka2026tkhgzz,aka2026tkhgzz
matched,onsite,2026-10-01 01:04:13.00,2026-10-01 01:04:13.80,0.803,57.28786849975586,57.287,-155.48960876464844,-155.491,0.12773304128868695,76.0299301147461,76.1,0.07006988525390057,1.7761547906627793,1.8,0.023845209337220785,28,27.0,scanloc_state:AEC,unknown,auto_confirm,automatic,aka2026tkicbp,aka2026tkicbp
matched,onsite,2026-10-01 01:15:51.00,2026-10-01 01:15:51.64,0.646,61.02074432373047,61.037,-152.26513671875,-152.25,1.9828946825114508,25.604753494262695,30.4,4.795246505737303,0.8316074884270876,0.8,0.031607488427087604,13,12.0,scanloc_state:AEC,unknown,auto_confirm,automatic,aka2026tkimfc,aka2026tkimfc
matched,onsite,2026-10-01 01:16:51.00,2026-10-01 01:16:50.89,0.103,61.88094329833984,61.89,-150.53797912597656,-150.544,1.0553202970884612,60.55942153930664,61.9,1.340578460693358,1.7393875851239868,1.7,0.03938758512398688,43,41.0,scanloc_state:AEC,unknown,auto_confirm,automatic,aka2026tkinuj,aka2026tkinuj
matched,onsite,2026-10-01 01:48:02.00,2026-10-01 01:48:02.65,0.655,60.16351318359375,60.164,-153.40261840820312,-153.403,0.05810224530642996,32.87904357910156,32.9,0.02095642089843608,0.7581477482526843,0.8,0.04185225174731577,7,7.0,scanloc_state:AEC,unknown,auto_confirm,automatic,aka2026tkjovv,aka2026tkjovv
matched,onsite,2026-10-01 02:10:23.00,2026-10-01 02:10:23.10,0.107,59.87907409667969,59.879,-153.24989318847656,-153.249,0.05051691376603038,128.9161376953125,128.9,0.016137695312494316,2.2514156318399374,2.2,0.05141563183993725,104,102.0,scanloc_state:AEC,unknown,auto_confirm,automatic,aka2026tkkife,aka2026tkkife
matched,onsite,2026-10-01 02:23:40.00,2026-10-01 02:23:40.56,0.567,60.27858352661133,60.277,-152.5599822998047,-152.575,0.8464416515386692,96.21479034423828,96.9,0.6852096557617244,1.5023608240272632,1.3,0.2023608240272632,49,45.0,scanloc_state:AEC,unknown,auto_confirm,automatic,aka2026tkktsl,aka2026tkktsl
root_only,onsite,2026-10-01 03:01:59.00,,,53.63011932373047,,-165.20932006835938,,,29.03382682800293,,,2.0339624543018004,,,28,,scanloc_state:AEC,,auto_confirm,,aka2026tkmayp,
matched,onsite,2026-10-01 03:22:33.00,2026-10-01 03:22:33.46,0.462,59.93829727172852,59.94,-152.44174194335938,-152.443,0.20188592063171956,93.35552978515625,93.5,0.14447021484375,3.00505709819197,3.0,0.0050570981919699776,203,200.0,scanloc_global_assoc:AEC,unknown,auto_confirm,automatic,aka2026tkmsuy,aka2026tkmsuy
matched,onsite,2026-10-01 03:23:05.00,2026-10-01 03:23:05.71,0.714,63.49356842041016,63.494,-146.0401611328125,-146.04,0.04865110169058765,7.225406169891357,7.2,0.025406169891357244,1.5093649054182676,1.4,0.10936490541826771,23,23.0,scanloc_state:AEC,unknown,auto_confirm,automatic,aka2026tkmtgk,aka2026tkmtgk
matched,onsite,2026-10-01 03:29:08.00,2026-10-01 03:29:08.12,0.123,59.5147819519043,59.514,-152.2021484375,-152.202,0.08735136235860139,78.03562927246094,77.9,0.13562927246093182,3.3883505889820746,3.4,0.01164941101792527,274,269.0,scanloc_global_assoc:AEC,unknown,auto_confirm,automatic,aka2026tkmymd,aka2026tkmymd
root_only,onsite,2026-10-01 03:38:11.00,,,52.12301254272461,,-169.3782958984375,,,22.481399536132812,,,3.006232006384456,,,25,,scanloc_state:AEC,,auto_confirm,,aka2026tknggs,
root_only,onsite,2026-10-01 04:23:51.00,,,51.39384460449219,,-175.9642791748047,,,25.954450607299805,,,2.260131263650803,,,12,,scanloc_state:AEC,,auto_confirm,,aka2026tkotyj,
matched,onsite,2026-10-01 05:02:33.00,2026-10-01 05:02:33.26,0.262,61.16328430175781,61.163,-147.20606994628906,-147.202,0.22055361673011706,5.0,1.3,3.7,1.776208649593636,1.7,0.07620864959363605,44,41.0,scanloc_state:AEC,unknown,auto_confirm,automatic,aka2026tkqbmi,aka2026tkqbmi
matched,onsite,2026-10-01 05:11:31.00,2026-10-01 05:11:31.03,0.034,64.993408203125,64.993,-147.31541442871094,-147.315,0.04939373500376889,1.97578763961792,2.0,0.024212360382080078,1.3274476739024994,1.3,0.02744767390249936,19,19.0,scanloc_state:AEC,unknown,auto_confirm,automatic,aka2026tkqjgl,aka2026tkqjgl
root_only,onsite,2026-10-01 05:33:10.00,,,54.57779312133789,,-160.24598693847656,,,7.751326560974121,,,2.57254395025967,,,24,,scanloc_state:AEC,,auto_confirm,,aka2026tkrbzm,
matched,onsite,2026-10-01 05:34:48.00,2026-10-01 05:34:47.97,0.027,57.88556671142578,57.887,-154.77490234375,-154.767,0.49355831254131527,69.22063446044922,69.1,0.12063446044922443,1.5802920494728965,1.5,0.08029204947289648,33,30.0,scanloc_state:AEC,unknown,auto_confirm,automatic,aka2026tkrdlb,aka2026tkrdlb
root_only,onsite,2026-10-01 05:47:26.00,,,54.78757095336914,,-161.05540466308594,,,70.6404037475586,,,2.3250504522575257,,,23,,scanloc_state:AEC,,auto_confirm,,aka2026tkroge,
matched,onsite,2026-10-01 06:08:55.00,2026-10-01 06:08:55.92,0.923,59.7515640258789,59.752,-152.9082794189453,-152.908,0.05094206253361891,99.40524291992188,99.4,0.005242919921869316,1.673727412073993,1.5,0.1737274120739929,41,41.0,scanloc_state:AEC,unknown,auto_confirm,automatic,aka2026tksgxh,aka2026tksgxh
matched,onsite,2026-10-01 07:34:28.00,2026-10-01 07:34:28.43,0.43,59.71235275268555,59.712,-150.77357482910156,-150.774,0.045902867160724385,41.63773727416992,41.6,0.037737274169920454,1.9439038774183885,1.9,0.04390387741838864,46,46.0,scanloc_state:AEC,unknown,auto_confirm,automatic,aka2026tkvdfi,aka2026tkvdfi
matched,onsite,2026-10-01 07:42:27.00,2026-10-01 07:42:27.13,0.133,60.40486526489258,60.405,-152.97462463378906,-152.975,0.025482728382312456,132.4202423095703,132.4,0.020242309570306816,2.0127228026871515,1.9,0.11272280268715162,77,77.0,scanloc_state:AEC,unknown,auto_confirm,automatic,aka2026tkvjlk,aka2026tkvjlk
root_only,onsite,2026-10-01 08:09:21.00,,,53.64276504516602,,-166.37937927246094,,,74.44672393798828,,,2.2867623387158837,,,41,,scanloc_state:AEC,,auto_confirm,,aka2026tkwhmb,
matched,onsite,2026-10-01 08:09:58.00,2026-10-01 08:09:58.76,0.763,55.8364372253418,55.836,-158.9772186279297,-158.977,0.05049757666874365,71.81181335449219,71.8,0.011813354492190342,1.7535352239102073,1.7,0.053535223910207375,19,19.0,scanloc_state:AEC,unknown,auto_confirm,automatic,aka2026tkwhzs,aka2026tkwhzs
matched,onsite,2026-10-01 08:22:11.00,2026-10-01 08:22:11.00,0.003,59.87591934204102,59.876,-152.2823944091797,-152.282,0.02376747591456234,74.90678405761719,74.9,0.006784057617181816,2.0069196437684984,2.0,0.006919643768498407,52,52.0,scanloc_state:AEC,unknown,auto_confirm,automatic,aka2026tkwscd,aka2026tkwscd
matched,onsite,2026-10-01 08:25:11.00,2026-10-01 08:25:11.31,0.317,59.99532699584961,59.998,-152.63916015625,-152.65,0.6720298865623634,97.37198638916016,98.8,1.428013610839841,1.9380108895463188,1.8,0.1380108895463188,63,61.0,scanloc_state:AEC,unknown,auto_confirm,automatic,aka2026tkwupd,aka2026tkwupd
root_only,onsite,2026-10-01 08:54:53.00,,,51.26565933227539,,-176.7539520263672,,,29.054569244384766,,,2.468482226644533,,,31,,scanloc_state:AEC,,auto_confirm,,aka2026tkxuyg,
matched,onsite,2026-10-01 08:57:13.00,2026-10-01 08:57:13.15,0.152,57.1307144165039,57.131,-155.13978576660156,-155.14,0.03428636816115005,32.944889068603516,32.9,0.044889068603517046,2.4408034308035815,2.4,0.04080343080358162,62,62.0,scanloc_state:AEC,unknown,auto_confirm,automatic,aka2026tkxwyo,aka2026tkxwyo
matched,onsite,2026-10-01 09:23:37.00,2026-10-01 09:23:37.66,0.666,62.72778701782227,62.728,-149.3715057373047,-149.372,0.03456971032034061,66.21764373779297,66.1,0.11764373779297443,2.6501426094344107,2.6,0.05014260943441062,139,137.0,scanloc_state:AEC,unknown,auto_confirm,automatic,aka2026tkytvy,aka2026tkytvy
matched,onsite,2026-10-01 09:57:28.00,2026-10-01 09:57:28.90,0.908,64.60791778564453,64.61,-151.32540893554688,-151.342,0.8242439915714667,7.39894962310791,7.2,0.19894962310790998,1.4775108868798776,1.3,0.1775108868798776,26,19.0,scanloc_state:AEC,unknown,auto_confirm,automatic,aka2026tkzxfh,aka2026tkzxfh
root_only,onsite,2026-10-01 10:01:39.00,,,54.2397575378418,,-162.65074157714844,,,18.006372451782227,,,3.375040305322327,,,90,,scanloc_state:AEC,,auto_confirm,,aka2026tlaavd,
matched,onsite,2026-10-01 10:18:48.00,2026-10-01 10:18:48.92,0.924,61.83617401123047,61.836,-151.99559020996094,-151.996,0.028930102246338157,115.61190795898438,115.6,0.011907958984380684,3.216180129040998,3.2,0.01618012904099775,231,231.0,scanloc_global_assoc:AEC,unknown,auto_confirm,automatic,aka2026tlapkt,aka2026tlapkt
root_only,onsite,2026-10-01 10:57:21.00,,,54.55701446533203,,-160.0800018310547,,,5.0,,,3.305654737096844,,,57,,scanloc_state:AEC,,auto_confirm,,aka2026tlbxee,
matched,onsite,2026-10-01 11:23:19.00,2026-10-01 11:23:19.82,0.828,58.22800064086914,58.228,-155.3009796142578,-155.301,0.0011956825179850724,11.067014694213867,11.1,0.03298530578613246,0.7315322447298223,0.7,0.0315322447298223,11,11.0,scanloc_state:AEC,unknown,auto_confirm,automatic,aka2026tlctpv,aka2026tlctpv
root_only,onsite,2026-10-01 11:34:47.00,,,54.5031623840332,,-160.2056427001953,,,5.0,,,2.5543058421338514,,,8,,scanloc_state:AEC,,auto_confirm,,aka2026tlddlg,
matched,onsite,2026-10-01 11:53:43.00,2026-10-01 11:53:43.82,0.826,60.15764236450195,60.158,-153.19467163085938,-153.195,0.043721375284743215,25.74755859375,25.7,0.04755859375000071,0.6139680989598164,0.6,0.013968098959816433,7,7.0,scanloc_state:AEC,unknown,auto_confirm,automatic,aka2026tldtzx,aka2026tldtzx
matched,onsite,2026-10-01 12:14:15.00,2026-10-01 12:14:15.42,0.424,63.24407196044922,63.244,-150.57594299316406,-150.575,0.04787865837275268,131.3187713623047,131.3,0.01877136230467613,2.879740734076751,2.9,0.020259265923249004,161,160.0,scanloc_global_assoc:AEC,unknown,auto_confirm,automatic,aka2026tlelut,aka2026tlelut
matched,onsite,2026-10-01 12:29:59.00,2026-10-01 12:29:59.51,0.518,58.22129821777344,58.221,-156.4430389404297,-156.443,0.033238617811642855,0.02827220782637596,0.0,0.02827220782637596,2.8726278451752734,2.9,0.027372154824726547,100,100.0,scanloc_state:AEC,unknown,auto_confirm,automatic,aka2026tlezlc,aka2026tlezlc
matched,onsite,2026-10-01 12:36:31.00,2026-10-01 12:36:31.90,0.902,62.90385437011719,62.904,-148.5845947265625,-148.577,0.3849946002581768,0.10050548613071442,0.1,0.000505486130714411,2.057654403669774,2.0,0.057654403669773924,51,49.0,scanloc_state:AEC,unknown,auto_confirm,automatic,aka2026tlffcq,aka2026tlffcq
matched,onsite,2026-10-01 13:00:04.00,2026-10-01 13:00:04.35,0.352,61.66987609863281,61.675,-151.8719482421875,-151.885,0.8937903113013552,101.12648010253906,101.3,0.17351989746093466,2.0032900026647567,1.9,0.10329000266475674,56,52.0,scanloc_state:AEC,unknown,auto_confirm,automatic,aka2026tlfznj,aka2026tlfznj
matched,onsite,2026-10-01 13:29:37.00,2026-10-01 13:29:37.99,0.997,60.41229248046875,60.412,-147.79739379882812,-147.797,0.03905335844762577,30.23949432373047,30.2,0.03949432373046946,1.6749362497826428,1.7,0.025063750217357184,10,10.0,scanloc_state:AEC,unknown,auto_confirm,automatic,aka2026tlgzdw,aka2026tlgzdw
matched,onsite,2026-10-01 13:38:13.00,2026-10-01 13:38:13.73,0.735,56.34632110595703,56.346,-156.8439483642578,-156.844,0.035846847999317664,5.0,5.0,0.0,2.2047408399741286,2.3,0.0952591600258712,8,8.0,scanloc_state:AEC,unknown,auto_confirm,automatic,aka2026tlhgua,aka2026tlhgua
matched,onsite,2026-10-01 13:47:40.00,2026-10-01 13:47:40.10,0.108,59.59954833984375,59.6,-152.13438415527344,-152.134,0.05467659652830503,67.2852783203125,67.3,0.014721679687497158,1.6991119228068432,1.7,0.0008880771931567555,41,41.0,scanloc_state:AEC,unknown,auto_confirm,automatic,aka2026tlhovr,aka2026tlhovr
root_only,onsite,2026-10-01 14:21:33.00,,,54.53973388671875,,-160.15286254882812,,,7.241475582122803,,,2.545322914252496,,,32,,scanloc_state:AEC,,auto_confirm,,aka2026tlisgm,
matched,onsite,2026-10-01 14:33:10.00,2026-10-01 14:33:10.06,0.067,63.21696472167969,63.22,-151.2955780029297,-151.299,0.37855986086380866,5.0,5.0,0.0,1.7703340077539196,1.9,0.12966599224608033,30,27.0,scanloc_state:AEC,unknown,auto_confirm,automatic,aka2026tljcje,aka2026tljcje
matched,onsite,2026-10-01 14:46:19.00,2026-10-01 14:46:19.87,0.877,53.6805534362793,53.7226,-163.54835510253906,-163.7238,12.45937959268953,24.60044860839844,35.0,10.399551391601559,4.454901874205682,4.8,0.3450981257943182,276,69.0,scolv:aaholland3,unknown,man_confirm,manual,aka2026tljnqz,us6000tyuf
matched,onsite,2026-10-01 15:13:16.00,2026-10-01 15:13:16.78,0.78,58.97660064697266,58.977,-150.99424743652344,-150.994,0.04661514816382392,54.54122924804688,54.5,0.041229248046882105,3.006603412421921,3.0,0.006603412421921195,200,200.0,scanloc_state:AEC,unknown,auto_confirm,automatic,aka2026tlkkpe,aka2026tlkkpe
matched,onsite,2026-10-01 15:17:19.00,2026-10-01 15:17:19.25,0.251,63.54145431518555,63.541,-143.73594665527344,-143.736,0.05058662877637814,18.622241973876953,18.6,0.022241973876951704,1.1295241340253395,1.1,0.029524134025339377,7,7.0,scanloc_state:AEC,unknown,auto_confirm,automatic,aka2026tlkono,aka2026tlkono
root_only,onsite,2026-10-01 15:27:01.00,,,51.78396987915039,,-178.78811645507812,,,6.342918395996094,,,3.1482722396842626,,,11,,scanloc_state:AEC,,auto_confirm,,aka2026tlkwyg,
root_only,onsite,2026-10-01 16:41:32.00,,,54.20401382446289,,-163.80496215820312,,,60.25257873535156,,,2.82373831809488,,,54,,scanloc_state:AEC,,auto_confirm,,aka2026tlnjow,
matched,onsite,2026-10-01 18:23:31.00,2026-10-01 18:23:31.95,0.958,57.6943359375,57.709,-155.2245635986328,-155.242,1.9318390042402753,85.39154815673828,86.1,0.7084518432617131,2.0012129084490233,1.8,0.2012129084490233,51,48.0,scanloc_state:AEC,unknown,auto_confirm,automatic,aka2026tlqtva,aka2026tlqtva
matched,onsite,2026-10-01 18:30:40.00,2026-10-01 18:30:40.71,0.714,59.23445892333984,59.234,-152.45230102539062,-152.452,0.0538258703168227,66.34920501708984,66.3,0.04920501708984659,1.9036521892604372,1.9,0.0036521892604373107,48,48.0,scanloc_state:AEC,unknown,auto_confirm,automatic,aka2026tlraem,aka2026tlraem
root_only,onsite,2026-10-01 18:34:13.00,,,53.94551086425781,,-164.92428588867188,,,63.16261672973633,,,2.9238456390716054,,,54,,scanloc_state:AEC,,auto_confirm,,aka2026tlrdao,
matched,onsite,2026-10-01 19:01:32.00,2026-10-01 19:01:32.74,0.746,64.56359100341797,64.564,-147.06817626953125,-147.068,0.04625094473244763,5.0,5.0,0.0,1.1888102677803625,1.1,0.08881026778036238,12,12.0,scanloc_state:AEC,unknown,auto_confirm,automatic,aka2026tlsayj,aka2026tlsayj
root_only,onsite,2026-10-01 19:03:45.00,,,56.12836837768555,,-149.926025390625,,,5.0,,,3.1287194788412984,,,46,,scanloc_state:AEC,,auto_confirm,,aka2026tlscws,
matched,onsite,2026-10-01 19:28:58.00,2026-10-01 19:28:58.58,0.587,59.97707748413086,59.977,-152.55946350097656,-152.559,0.027188616302376914,100.3415756225586,100.3,0.04157562255859659,2.580306682755429,2.6,0.01969331724457124,153,153.0,scanloc_state:AEC,unknown,auto_confirm,automatic,aka2026tlsylt,aka2026tlsylt
matched,onsite,2026-10-01 20:39:49.00,2026-10-01 20:39:49.62,0.621,60.09010696411133,60.09,-152.69125366210938,-152.692,0.04305683505678556,111.56224822998047,111.6,0.037751770019525566,2.127400607577588,2.1,0.027400607577587888,98,97.0,scanloc_state:AEC,unknown,auto_confirm,automatic,aka2026tlvihr,aka2026tlvihr
matched,onsite,2026-10-01 22:12:27.00,2026-10-01 22:12:27.77,0.775,64.90634155273438,64.908,-149.2975616455078,-149.303,0.3158720354148894,19.416166305541992,19.6,0.18383369445800923,1.6529309527917293,1.6,0.05293095279172921,32,30.0,scanloc_state:AEC,unknown,auto_confirm,automatic,aka2026tlykmb,aka2026tlykmb
matched,onsite,2026-10-01 22:22:45.00,2026-10-01 22:22:45.54,0.543,61.0195541381836,61.02,-150.09918212890625,-150.099,0.05053923313667901,35.07990646362305,35.1,0.020093536376954546,1.9632519143412244,2.0,0.03674808565877563,68,68.0,scanloc_state:AEC,unknown,auto_confirm,automatic,aka2026tlysmg,aka2026tlysmg
matched,onsite,2026-10-01 22:30:55.00,2026-10-01 22:30:55.14,0.143,66.58375549316406,66.584,-148.8217010498047,-148.822,0.03022746384205722,0.940328598022461,0.9,0.040328598022461026,1.788283103423062,1.7,0.088283103423062,20,20.0,scanloc_state:AEC,unknown,auto_confirm,automatic,aka2026tlzamk,aka2026tlzamk
matched,onsite,2026-10-01 23:05:48.00,2026-10-01 23:05:48.15,0.151,61.57871627807617,61.611,-150.44699096679688,-150.452,3.599550834910517,65.94815063476562,63.5,2.448150634765625,2.0664728853892633,2.1,0.03352711461073676,62,46.0,scanloc_state:AEC,unknown,auto_confirm,automatic,aka2026tmaess,aka2026tmaess
matched,onsite,2026-10-01 23:13:19.00,2026-10-01 23:13:18.76,0.236,64.97847747802734,64.97,-147.25872802734375,-147.219,2.0930314160203687,5.0,5.0,0.0,1.1726697643816926,1.1,0.07266976438169248,13,10.0,scanloc_state:AEC,unknown,auto_confirm,automatic,aka2026tmalgh,aka2026tmalgh
matched,onsite,2026-10-01 23:18:05.00,2026-10-01 23:18:05.57,0.571,59.88776016235352,59.888,-153.05352783203125,-153.054,0.03748374037938835,33.17115020751953,33.2,0.028849792480471592,0.4473114228421371,0.4,0.047311422842137074,5,5.0,scanloc_state:AEC,unknown,auto_confirm,automatic,aka2026tmaouu,aka2026tmaouu
matched,onsite,2026-10-01 23:21:51.00,2026-10-01 23:21:51.33,0.331,59.97894668579102,59.979,-153.0625,-153.062,0.028441105280046102,45.66039657592773,45.7,0.03960342407227557,0.9395782890146026,1.0,0.06042171098539739,7,7.0,scanloc_state:AEC,unknown,auto_confirm,automatic,aka2026tmasqr,aka2026tmasqr
root_only,onsite,2026-10-01 23:34:37.00,,,51.81120300292969,,-177.40126037597656,,,12.584388732910156,,,1.7695486884179294,,,8,,scanloc_state:AEC,,auto_confirm,,aka2026tmbdsp,
matched,onsite,2026-10-01 23:46:34.00,2026-10-01 23:46:34.80,0.808,60.23046112060547,60.23,-153.48207092285156,-153.482,0.051423567696893345,5.0,5.0,0.0,0.8028156965166641,0.8,0.0028156965166640235,5,5.0,scanloc_state:AEC,unknown,auto_confirm,automatic,aka2026tmboaw,aka2026tmboaw
matched,onsite,2026-10-02 00:15:39.00,2026-10-02 00:15:39.33,0.332,60.09571075439453,60.095,-153.13623046875,-153.105,1.7331301863836561,142.96835327148438,144.5,1.531646728515625,2.00067064253485,1.9,0.10067064253485025,61,60.0,scanloc_state:AEC,unknown,auto_confirm,automatic,aka2026tmcngo,aka2026tmcngo
matched,onsite,2026-10-02 00:33:01.00,2026-10-02 00:33:01.75,0.755,64.80061340332031,64.801,-147.38552856445312,-147.393,0.3563233350252315,4.005133628845215,4.3,0.294866371154785,1.749067466155124,1.7,0.04906746615512403,39,34.0,scanloc_state:AEC,unknown,auto_confirm,automatic,aka2026tmdciz,aka2026tmdciz
matched,onsite,2026-10-02 00:36:57.00,2026-10-02 00:36:57.77,0.771,64.81076049804688,64.818,-147.34996032714844,-147.372,1.3174445397420909,5.0,5.0,0.0,1.101448804003219,0.9,0.20144880400321907,18,14.0,scanloc_state:AEC,unknown,auto_confirm,automatic,aka2026tmdftu,aka2026tmdftu
matched,onsite,2026-10-02 01:23:08.00,2026-10-02 01:23:08.41,0.413,58.67787551879883,58.677,-152.6780548095703,-152.705,1.5606142580930475,49.68500900268555,49.1,0.5850090026855455,2.042049390618415,2.0,0.04204939061841495,64,64.0,scanloc_state:AEC,unknown,auto_confirm,automatic,aka2026tmetse,aka2026tmetse
matched,onsite,2026-10-02 01:42:17.00,2026-10-02 01:42:17.78,0.781,62.83111190795898,62.83,-150.89683532714844,-150.893,0.23066966719485169,89.94397735595703,89.6,0.34397735595703693,2.117684133649301,2.1,0.017684133649300993,62,60.0,scanloc_state:AEC,unknown,auto_confirm,automatic,aka2026tmfkno,aka2026tmfkno
matched,onsite,2026-10-02 02:05:06.00,2026-10-02 02:05:06.28,0.284,64.69950866699219,64.7,-147.86288452148438,-147.863,0.05490864200192793,11.511505126953125,11.5,0.011505126953125,0.8864753401160957,0.7,0.1864753401160958,10,10.0,scanloc_state:AEC,unknown,auto_confirm,automatic,aka2026tmgeex,aka2026tmgeex
matched,onsite,2026-10-02 02:52:04.00,2026-10-02 02:52:04.43,0.433,59.51792526245117,59.517,-152.83309936523438,-152.83,0.2028515633127026,82.65399169921875,82.9,0.24600830078125568,1.9294860124446767,1.9,0.029486012444676746,86,81.0,scanloc_state:AEC,unknown,auto_confirm,automatic,aka2026tmhsxl,aka2026tmhsxl
matched,onsite,2026-10-02 04:23:22.00,2026-10-02 04:23:22.42,0.421,64.07626342773438,64.076,-150.0263214111328,-150.026,0.03319837787915053,5.0,5.0,0.0,2.063874210795452,1.9,0.16387421079545206,40,40.0,scanloc_state:AEC,unknown,auto_confirm,automatic,aka2026tmkuby,aka2026tmkuby
matched,onsite,2026-10-02 04:31:58.00,2026-10-02 04:31:58.55,0.552,60.21063613891602,60.219,-152.73202514648438,-152.74,1.0290649878602236,125.4171371459961,125.4,0.017137145996088066,1.7317699529081965,1.7,0.03176995290819651,66,64.0,scanloc_state:AEC,unknown,auto_confirm,automatic,aka2026tmlale,aka2026tmlale
matched,onsite,2026-10-02 04:42:27.00,2026-10-02 04:42:27.49,0.491,61.35275268554688,61.356,-150.16159057617188,-150.162,0.3617438541466079,46.48667907714844,46.4,0.08667907714843892,2.1197473854802595,2.1,0.01974738548025945,83,79.0,scanloc_state:AEC,unknown,auto_confirm,automatic,aka2026tmlkqc,aka2026tmlkqc
matched,onsite,2026-10-02 06:02:57.00,2026-10-02 06:02:57.32,0.32,51.32791137695312,51.328,-175.9931640625,-175.993,0.015068309328031373,17.301864624023438,17.3,0.0018646240234367895,4.0482693020717715,4.0,0.04826930207177149,59,59.0,scolv:aaholland3,unknown,man_confirm,manual,aka2026tmocjx,aka2026tmocjx
matched,onsite,2026-10-02 06:28:13.00,2026-10-02 06:28:13.49,0.493,60.49260711669922,60.493,-152.838623046875,-152.839,0.04831897386750833,3.877540111541748,3.9,0.022459888458251864,0.4577838265800447,0.5,0.042216173419955316,6,6.0,scanloc_state:AEC,unknown,auto_confirm,automatic,aka2026tmoyip,aka2026tmoyip
matched,onsite,2026-10-02 06:36:20.00,2026-10-02 06:36:20.79,0.798,55.89554977416992,55.896,-159.7606201171875,-159.761,0.055382712784821965,13.90284538269043,13.9,0.0028453826904293322,2.1968330741811806,2.2,0.0031669258188196103,21,21.0,scanloc_state:AEC,unknown,auto_confirm,automatic,aka2026tmpfko,aka2026tmpfko
matched,onsite,2026-10-02 06:53:11.00,2026-10-02 06:53:11.28,0.287,64.68742370605469,64.688,-151.00035095214844,-150.996,0.21654970285003813,1.0701041221618652,2.1,1.0298958778381349,1.6654980269537265,1.6,0.06549802695372642,30,29.0,scanloc_state:AEC,unknown,auto_confirm,automatic,aka2026tmptzm,aka2026tmptzm
matched,onsite,2026-10-02 07:55:48.00,2026-10-02 07:55:48.50,0.5,64.76853942871094,64.773,-149.83287048339844,-149.811,1.149123683266777,0.5728887915611267,0.4,0.1728887915611267,1.7598647460655246,1.7,0.05986474606552461,39,34.0,scanloc_state:AEC,unknown,auto_confirm,automatic,aka2026tmrwgm,aka2026tmrwgm
matched,onsite,2026-10-02 08:07:45.00,2026-10-02 08:07:44.56,0.434,55.83582305908203,55.804,-159.7439422607422,-159.782,4.263046680769382,8.586772918701172,9.3,0.7132270812988288,1.880514212406515,1.7,0.1805142124065151,10,9.0,scanloc_state:AEC,unknown,auto_confirm,automatic,aka2026tmsgrj,aka2026tmsgrj
matched,onsite,2026-10-02 08:11:45.00,2026-10-02 08:11:45.30,0.3,58.2279281616211,58.228,-155.09666442871094,-155.097,0.02120905053490444,5.0,5.0,0.0,0.8227693171985226,0.8,0.0227693171985226,14,14.0,scanloc_state:AEC,unknown,auto_confirm,automatic,aka2026tmsjmn,aka2026tmsjmn
matched,onsite,2026-10-02 08:16:49.00,2026-10-02 08:16:49.27,0.278,59.20780944824219,59.208,-152.01100158691406,-152.011,0.021188581287744063,66.37744140625,66.4,0.022558593750005684,1.658834165458019,1.8,0.14116583454198106,35,35.0,scanloc_state:AEC,unknown,auto_confirm,automatic,aka2026tmsomw,aka2026tmsomw
matched,onsite,2026-10-02 09:05:07.00,2026-10-02 09:05:07.71,0.713,60.46332550048828,60.464,-151.88568115234375,-151.895,0.5163019594546915,78.76888275146484,80.0,1.2311172485351562,1.4684237679693184,1.4,0.06842376796931848,53,51.0,scanloc_state:AEC,unknown,auto_confirm,automatic,aka2026tmuekb,aka2026tmuekb
matched,onsite,2026-10-02 09:05:24.00,2026-10-02 09:05:24.46,0.464,64.97079467773438,64.971,-148.86256408691406,-148.863,0.030688589041941775,13.449163436889648,13.4,0.04916343688964808,0.9419359477792321,0.9,0.04193594777923204,12,12.0,scanloc_state:AEC,unknown,auto_confirm,automatic,aka2026tmueqb,aka2026tmueqb
matched,onsite,2026-10-02 09:43:29.00,2026-10-02 09:43:29.58,0.586,56.56352233886719,56.564,-156.575439453125,-156.575,0.05954829759330506,11.443449020385742,11.4,0.04344902038574183,2.151043450988312,2.1,0.05104345098831198,12,12.0,scanloc_state:AEC,unknown,auto_confirm,automatic,aka2026tmvlqp,aka2026tmvlqp
matched,onsite,2026-10-02 09:52:57.00,2026-10-02 09:52:57.58,0.586,56.39961624145508,56.4,-156.49923706054688,-156.499,0.04509648715046015,18.17264747619629,18.2,0.027352523803710227,2.615910009278157,2.6,0.015910009278156778,61,61.0,scanloc_state:AEC,unknown,auto_confirm,automatic,aka2026tmvtvv,aka2026tmvtvv
matched,onsite,2026-10-02 09:55:20.00,2026-10-02 09:55:20.20,0.2,64.63941955566406,64.641,-149.9158477783203,-149.925,0.46996756682568464,14.498610496520996,14.0,0.4986104965209961,1.4449905278165267,1.5,0.055009472183473296,25,24.0,scanloc_state:AEC,unknown,auto_confirm,automatic,aka2026tmvvxx,aka2026tmvvxx
matched,onsite,2026-10-02 10:09:37.00,2026-10-02 10:09:37.66,0.665,62.05790710449219,62.055,-148.2837677001953,-148.285,0.3295708369399303,26.55148696899414,26.7,0.14851303100585866,2.0343631577634533,1.9,0.13436315776345342,63,59.0,scanloc_state:AEC,unknown,auto_confirm,automatic,aka2026tmwihu,aka2026tmwihu
matched,onsite,2026-10-02 10:43:55.00,2026-10-02 10:43:55.95,0.951,59.49829864501953,59.499,-153.51898193359375,-153.523,0.23980673746196046,126.8767318725586,127.2,0.3232681274414091,1.6782469811211933,1.6,0.07824698112119322,56,54.0,scanloc_state:AEC,unknown,auto_confirm,automatic,aka2026tmxicf,aka2026tmxicf
matched,onsite,2026-10-02 10:55:54.00,2026-10-02 10:55:54.25,0.259,61.50767517089844,61.508,-141.09312438964844,-141.093,0.03671706676342201,10.251381874084473,10.3,0.048618125915528054,1.4288318279497136,1.3,0.1288318279497136,10,10.0,scanloc_state:AEC,unknown,auto_confirm,automatic,aka2026tmxwlc,aka2026tmxwlc
matched,onsite,2026-10-02 11:01:54.00,2026-10-02 11:01:54.25,0.253,60.03033447265625,60.03,-153.08485412597656,-153.085,0.03806409838079499,5.0,5.0,0.0,0.2834091174217406,0.3,0.016590882578259414,6,6.0,scanloc_state:AEC,unknown,auto_confirm,automatic,aka2026tmybqi,aka2026tmybqi
matched,onsite,2026-10-02 11:36:07.00,2026-10-02 11:36:07.36,0.36,51.89863967895508,51.898,-177.03750610351562,-177.021,1.1347783070900632,5.0,-1.77,6.77,2.266997474023124,1.79,0.47699747402312376,17,21.0,scanloc_state:AEC,unknown,auto_confirm,manual,aka2026tmzfhu,av94458286
matched,onsite,2026-10-02 12:16:38.00,2026-10-02 12:16:38.53,0.534,66.2420654296875,66.229,-142.68670654296875,-142.697,1.5242697025270933,3.144751787185669,5.0,1.855248212814331,1.8949828644925029,1.8,0.09498286449250282,20,18.0,scanloc_state:AEC,unknown,auto_confirm,automatic,aka2026tnaomz,aka2026tnaomz
matched,onsite,2026-10-02 12:18:19.00,2026-10-02 12:18:19.61,0.615,65.58419036865234,65.584,-144.8417510986328,-144.842,0.024061714508571978,3.3904762268066406,3.4,0.009523773193359286,1.4301661761377544,1.4,0.03016617613775452,23,23.0,scolv:aaholland3,unknown,man_confirm,manual,aka2026tnapxe,aka2026tnapxe
matched,onsite,2026-10-02 12:26:52.00,2026-10-02 12:26:52.89,0.892,58.31945037841797,58.322,-153.68600463867188,-153.691,0.4067775746750432,62.45745468139648,62.0,0.45745468139647727,2.177785309455257,2.1,0.07778530945525697,81,79.0,scanloc_state:AEC,unknown,auto_confirm,automatic,aka2026tnaxhv,aka2026tnaxhv
matched,onsite,2026-10-02 14:25:50.00,2026-10-02 14:25:50.44,0.449,62.63489151000977,62.635,-151.2805938720703,-151.281,0.024008710822221144,89.1795425415039,89.2,0.020457458496096592,1.7107569115923058,1.7,0.010756911592305851,16,16.0,scanloc_state:AEC,unknown,auto_confirm,automatic,aka2026tnewlt,aka2026tnewlt
matched,onsite,2026-10-02 14:31:03.00,2026-10-02 14:31:03.93,0.936,63.27550888061523,63.275,-150.5531005859375,-150.553,0.05680804973719478,134.96990966796875,135.0,0.03009033203125,2.556512779786728,2.5,0.056512779786728196,128,127.0,scanloc_state:AEC,unknown,auto_confirm,automatic,aka2026tnfazg,aka2026tnfazg
matched,onsite,2026-10-02 14:46:19.00,2026-10-02 14:46:19.77,0.777,63.41943359375,63.422,-149.72596740722656,-149.726,0.2853759618337142,5.0,5.0,0.0,1.6321518219285258,1.4,0.2321518219285259,34,22.0,scanloc_state:AEC,unknown,auto_confirm,automatic,aka2026tnfofp,aka2026tnfofp
matched,onsite,2026-10-02 14:47:28.00,2026-10-02 14:47:28.84,0.841,61.51721572875977,61.517,-146.88136291503906,-146.881,0.0307536120404098,38.13228225708008,38.1,0.032282257080076704,1.4504245972850347,1.6,0.1495754027149654,13,13.0,scanloc_state:AEC,unknown,auto_confirm,automatic,aka2026tnfpfq,aka2026tnfpfq
matched,onsite,2026-10-02 14:52:40.00,2026-10-02 14:52:40.22,0.228,58.06444549560547,58.064,-155.2886505126953,-155.289,0.05363266986823233,0.33686840534210205,0.3,0.03686840534210206,0.6764732575674245,0.6,0.07647325756742451,10,10.0,scanloc_state:AEC,unknown,auto_confirm,automatic,aka2026tnftsq,aka2026tnftsq
root_only,onsite,2026-10-02 14:59:06.00,,,53.75626754760742,,-164.2666473388672,,,6.722360610961914,,,3.147780193793418,,,64,,scanloc_state:AEC,,auto_confirm,,aka2026tnfzhh,
matched,onsite,2026-10-02 15:18:39.00,2026-10-02 15:18:39.18,0.18,66.07544708251953,66.075,-148.2841339111328,-148.284,0.050078707735912144,6.995055198669434,7.0,0.004944801330566406,2.0642919245808726,2.0,0.06429192458087263,47,47.0,scanloc_state:AEC,unknown,auto_confirm,automatic,aka2026tngqgl,aka2026tngqgl
root_only,onsite,2026-10-02 16:54:12.00,,,60.00859069824219,,-153.112060546875,,,5.0,,,0.40499138912219806,,,6,,scanloc_state:AEC,,auto_confirm,,aka2026tnjvcp,
matched,onsite,2026-10-02 17:18:55.00,2026-10-02 17:18:55.43,0.432,62.00137710571289,62.001,-150.9436798095703,-150.944,0.04514064133721051,69.89567565917969,69.9,0.004324340820318184,1.646816528836668,1.7,0.053183471163331886,20,20.0,scanloc_state:AEC,unknown,auto_confirm,automatic,aka2026tnkqnr,aka2026tnkqnr
matched,onsite,2026-10-02 17:59:07.00,2026-10-02 17:59:07.72,0.722,58.1815299987793,58.182,-150.7860565185547,-150.786,0.052366680464051255,9.448649406433105,9.4,0.048649406433105113,2.1769458513624644,2.2,0.023054148637535743,26,26.0,scanloc_state:AEC,unknown,auto_confirm,automatic,aka2026tnlzjr,aka2026tnlzjr
matched,onsite,2026-10-02 18:03:30.00,2026-10-02 18:03:30.50,0.509,60.98629379272461,60.991,-150.98016357421875,-150.988,0.6726368062987179,49.9852180480957,52.2,2.2147819519042997,1.7970991839592625,1.8,0.0029008160407375527,66,62.0,scanloc_state:AEC,unknown,auto_confirm,automatic,aka2026tnmdet,aka2026tnmdet
root_only,onsite,2026-10-02 18:05:09.00,,,53.02571105957031,,-167.04417419433594,,,36.845542907714844,,,2.747108347072068,,,39,,scanloc_state:AEC,,auto_confirm,,aka2026tnmepl,
matched,onsite,2026-10-02 18:12:36.00,2026-10-02 18:12:36.44,0.446,63.04922866821289,63.049,-151.22183227539062,-151.222,0.026794925849176348,5.0,5.0,0.0,1.7187662555515082,1.5,0.2187662555515082,20,20.0,scanloc_state:AEC,unknown,auto_confirm,automatic,aka2026tnmlby,aka2026tnmlby
matched,onsite,2026-10-02 19:03:57.00,2026-10-02 19:03:57.97,0.97,61.19137191772461,61.191,-150.1676483154297,-150.168,0.04544647026780904,47.48611831665039,47.5,0.013881683349609375,1.6405722747833933,1.6,0.0405722747833932,46,46.0,scanloc_state:AEC,unknown,auto_confirm,automatic,aka2026tnodpl,aka2026tnodpl
root_only,onsite,2026-10-02 19:12:04.00,,,51.33913803100586,,-175.95870971679688,,,23.47335624694824,,,3.0114739060607207,,,30,,scanloc_state:AEC,,auto_confirm,,aka2026tnokqs,
root_only,onsite,2026-10-02 20:36:10.00,,,60.54395294189453,,-139.76168823242188,,,5.0,,,1.4328145661179437,,,13,,scanloc_state:AEC,,auto_confirm,,aka2026tnrfol,
root_only,onsite,2026-10-02 20:51:55.00,,,51.30849838256836,,-176.01853942871094,,,4.146235942840576,,,2.527317103047338,,,16,,scanloc_state:AEC,,auto_confirm,,aka2026tnrtfq,
matched,onsite,2026-10-02 21:38:18.00,2026-10-02 21:38:18.16,0.169,62.61643600463867,62.616,-152.1548614501953,-152.155,0.048996605568584393,0.014868637546896935,0.0,0.014868637546896935,2.1225429153676507,2.0,0.12254291536765072,53,53.0,scanloc_state:AEC,unknown,auto_confirm,automatic,aka2026tnthlg,aka2026tnthlg
matched,onsite,2026-10-02 21:48:38.00,2026-10-02 21:48:39.23,1.23,54.07463073730469,54.106166666667,-165.916748046875,-165.99283333333,6.076039646271249,18.733983993530273,14.5,4.233983993530273,1.6017430507837578,0.39,1.2117430507837579,19,14.0,scanloc_state:AEC,unknown,auto_confirm,manual,aka2026tntqhz,av94458826
matched,onsite,2026-10-02 22:28:37.00,2026-10-02 22:28:37.07,0.07,58.16465759277344,58.171,-155.31787109375,-155.352,2.1221971516425793,5.0,5.0,0.0,0.8053040759798931,0.8,0.005304075979893019,10,9.0,scanloc_state:AEC,unknown,auto_confirm,automatic,aka2026tnuzbh,aka2026tnuzbh
root_only,onsite,2026-10-02 22:32:32.00,,,51.33156585693359,,-176.10459899902344,,,18.79780387878418,,,2.708785294279354,,,16,,scanloc_state:AEC,,auto_confirm,,aka2026tnvcko,
matched,onsite,2026-10-02 23:10:06.00,2026-10-02 23:10:06.41,0.419,60.69025039672852,60.69,-152.67877197265625,-152.679,0.03048426214071293,130.6439971923828,130.6,0.043997192382818184,1.3462722017147715,1.3,0.04627220171477142,20,20.0,scanloc_state:AEC,unknown,auto_confirm,automatic,aka2026tnwjbm,aka2026tnwjbm
matched,onsite,2026-10-02 23:57:42.00,2026-10-02 23:57:42.66,0.666,63.2611083984375,63.261,-150.68240356445312,-150.682,0.02351435181974361,132.50123596191406,132.7,0.19876403808592613,2.2770056000958823,2.2,0.07700560009588209,84,82.0,scanloc_state:AEC,unknown,auto_confirm,automatic,aka2026tnxwuh,aka2026tnxwuh
matched,onsite,2026-10-03 00:08:27.00,2026-10-03 00:08:27.67,0.678,64.8359146118164,64.837,-147.38182067871094,-147.376,0.3005053460084878,5.0,5.0,0.0,1.122774992706869,1.0,0.12277499270686909,20,18.0,scanloc_state:AEC,unknown,auto_confirm,automatic,aka2026tnyhqc,aka2026tnyhqc
matched,onsite,2026-10-03 00:56:27.00,2026-10-03 00:56:27.09,0.094,64.97376251220703,64.974,-147.4600067138672,-147.46,0.02640932609651913,1.4667720794677734,1.5,0.03322792053222656,1.4605201871285443,1.4,0.060520187128544345,30,30.0,scanloc_state:AEC,unknown,auto_confirm,automatic,aka2026tnzxfw,aka2026tnzxfw
matched,onsite,2026-10-03 01:03:10.00,2026-10-03 01:03:12.09,2.099,51.40035247802734,51.5689,-176.66905212402344,-176.6858,18.777474229118184,18.56022071838379,49.148,30.587779281616214,4.527691633019427,4.1,0.42769163301942736,79,40.0,scolv:aaholland3,unknown,man_confirm,manual,aka2026toadbl,us6000tza4
root_only,onsite,2026-10-03 01:04:24.00,,,52.99549865722656,,-168.7569580078125,,,5.0,,,2.144875330227695,,,6,,scanloc_state:AEC,,auto_confirm,,aka2026toaedn,
matched,onsite,2026-10-03 03:27:29.00,2026-10-03 03:27:29.69,0.696,60.0411605834961,60.041,-153.0765380859375,-153.077,0.031252655100784614,5.0,5.0,0.0,0.7148331765615038,0.7,0.014833176561503847,6,6.0,scanloc_state:AEC,unknown,auto_confirm,automatic,aka2026toeyfb,aka2026toeyfb
matched,onsite,2026-10-03 04:33:08.00,2026-10-03 04:33:08.62,0.629,63.73004150390625,63.726,-147.78501892089844,-147.799,0.8218732431240747,0.04538929834961891,0.9,0.8546107016503811,1.706661567140591,1.6,0.10666156714059083,31,28.0,scanloc_state:AEC,unknown,auto_confirm,automatic,aka2026tohdcy,aka2026tohdcy
matched,onsite,2026-10-03 04:45:49.00,2026-10-03 04:45:49.29,0.292,63.71833801269531,63.718,-147.76849365234375,-147.768,0.04475937869518511,5.868682861328125,5.9,0.031317138671875355,1.551264745335109,1.5,0.05126474533510894,16,16.0,scanloc_state:AEC,unknown,auto_confirm,automatic,aka2026tohocv,aka2026tohocv
matched,onsite,2026-10-03 05:17:21.00,2026-10-03 05:17:21.83,0.838,57.5507926940918,57.551,-155.90660095214844,-155.907,0.03313879174728916,21.701223373413086,21.7,0.001223373413086648,1.455033025441832,1.5,0.044966974558168005,11,11.0,scanloc_state:AEC,unknown,auto_confirm,automatic,aka2026toiplx,aka2026toiplx
matched,onsite,2026-10-03 05:29:35.00,2026-10-03 05:29:35.33,0.339,56.75811004638672,56.759,-156.4036407470703,-156.407,0.22741753561915223,5.0,5.0,0.0,2.5632644987634476,2.5,0.06326449876344764,51,48.0,scanloc_state:AEC,unknown,auto_confirm,automatic,aka2026tojacd,aka2026tojacd
matched,onsite,2026-10-03 05:31:10.00,2026-10-03 05:31:10.15,0.15,62.01775360107422,62.018,-148.46334838867188,-148.463,0.03287920392346063,19.45667839050293,19.5,0.04332160949707031,2.230895300649948,2.2,0.03089530064994772,88,88.0,scanloc_state:AEC,unknown,auto_confirm,automatic,aka2026tojble,aka2026tojble
matched,onsite,2026-10-03 07:08:41.00,2026-10-03 07:08:41.73,0.736,60.04151916503906,60.042,-153.037353515625,-153.037,0.05695598378034817,5.0,5.0,0.0,0.5173201764517181,0.5,0.017320176451718128,6,6.0,scanloc_state:AEC,unknown,auto_confirm,automatic,aka2026tomhzs,aka2026tomhzs
matched,onsite,2026-10-03 07:12:22.00,2026-10-03 07:12:22.59,0.596,56.07107925415039,56.0389,-149.2622528076172,-149.2204,4.422265242411204,5.0,10.0,5.0,3.328898913706848,3.0,0.3288989137068481,64,25.0,scanloc_state:AEC,unknown,auto_confirm,manual,aka2026tomlay,us6000tzbe
matched,onsite,2026-10-03 07:31:07.00,2026-10-03 07:31:07.10,0.104,65.4814224243164,65.481,-149.95339965820312,-149.953,0.05046217866121282,5.0,5.0,0.0,1.2902465736621354,1.2,0.0902465736621354,20,20.0,scanloc_state:AEC,unknown,auto_confirm,automatic,aka2026tonbli,aka2026tonbli
matched,onsite,2026-10-03 07:32:27.00,2026-10-03 07:32:27.70,0.703,60.02148818969727,60.021,-152.8742218017578,-152.874,0.05566551653271694,103.22574615478516,103.2,0.025746154785153408,1.7174067811523386,1.5,0.21740678115233858,43,41.0,scanloc_state:AEC,unknown,auto_confirm,automatic,aka2026toncpq,aka2026toncpq
matched,onsite,2026-10-03 07:38:29.00,2026-10-03 07:38:29.18,0.181,64.80268859863281,64.803,-149.0787353515625,-149.079,0.03682304001543968,7.217536449432373,7.2,0.01753644943237287,1.4206540776240086,1.3,0.1206540776240086,29,29.0,scanloc_state:AEC,unknown,auto_confirm,automatic,aka2026tonhvi,aka2026tonhvi
matched,onsite,2026-10-03 07:44:23.00,2026-10-03 07:44:23.18,0.18,59.97473526000977,59.975,-153.13790893554688,-153.138,0.02987060777000286,5.0,5.0,0.0,0.5439920952211531,0.6,0.05600790477884687,6,6.0,scanloc_state:AEC,unknown,auto_confirm,automatic,aka2026tonmyi,aka2026tonmyi
root_only,onsite,2026-10-03 07:55:53.00,,,51.95605850219727,,-175.9919891357422,,,136.72450256347656,,,3.282838234818515,,,50,,scanloc_state:AEC,,auto_confirm,,aka2026tonwtm,
matched,onsite,2026-10-03 08:19:27.00,2026-10-03 08:19:26.81,0.19,54.10482025146484,54.1195,-165.98629760742188,-165.98016666667,1.6805212868111161,5.368707180023193,5.09,0.2787071800231935,1.0094972401082813,-0.59,1.5994972401082812,6,15.0,scanloc_state:AEC,unknown,auto_confirm,manual,aka2026toorjc,av94459281
matched,onsite,2026-10-03 08:24:43.00,2026-10-03 08:24:43.93,0.935,61.22261428833008,61.223,-147.1461639404297,-147.146,0.043777787039677246,5.0,5.0,0.0,1.6207910364496079,1.6,0.02079103644960778,38,34.0,scanloc_state:AEC,unknown,auto_confirm,automatic,aka2026toovxo,aka2026toovxo
matched,onsite,2026-10-03 08:41:26.00,2026-10-03 08:41:26.44,0.445,60.02862548828125,60.029,-152.7526092529297,-152.753,0.04696105103572677,96.20069885253906,96.2,0.0006988525390596578,1.0114850506796862,0.8,0.21148505067968615,23,23.0,scanloc_state:AEC,unknown,auto_confirm,automatic,aka2026topkkf,aka2026topkkf
matched,onsite,2026-10-03 09:15:35.00,2026-10-03 09:15:35.73,0.739,57.91429901123047,57.915,-155.47128295898438,-155.469,0.15575014474270682,5.0,5.0,0.0,1.5496197326405547,1.4,0.14961973264055484,15,14.0,scanloc_state:AEC,unknown,auto_confirm,automatic,aka2026toqoaq,aka2026toqoaq
matched,onsite,2026-10-03 10:04:47.00,2026-10-03 10:04:47.33,0.331,56.29940795898438,56.299,-156.28956604003906,-156.29,0.05267496096641132,63.93292236328125,63.9,0.03292236328125142,3.1758578289975716,3.2,0.024142171002428547,83,83.0,scanloc_state:AEC,unknown,auto_confirm,automatic,aka2026toserr,aka2026toserr
matched,onsite,2026-10-03 10:10:31.00,2026-10-03 10:10:31.52,0.52,56.73993301391602,56.74,-156.90328979492188,-156.903,0.019178297894376462,5.0,5.0,0.0,2.137431325499518,2.1,0.037431325499517776,6,6.0,scanloc_state:AEC,unknown,auto_confirm,automatic,aka2026tosjqv,aka2026tosjqv
matched,onsite,2026-10-03 10:20:10.00,2026-10-03 10:20:10.97,0.972,62.00863647460938,62.009,-148.50196838378906,-148.502,0.04045584008028809,32.1583366394043,32.2,0.04166336059570597,2.1413591746558396,2.1,0.04135917465583949,69,69.0,scanloc_state:AEC,unknown,auto_confirm,automatic,aka2026tosrbg,aka2026tosrbg
matched,onsite,2026-10-03 10:50:34.00,2026-10-03 10:50:34.27,0.274,61.8402214050293,61.84,-149.6960906982422,-149.696,0.0250749691099733,5.0,5.0,0.0,1.6134535857687622,1.4,0.21345358576876228,15,15.0,scanloc_state:AEC,unknown,auto_confirm,automatic,aka2026totsjp,aka2026totsjp
matched,onsite,2026-10-03 10:55:40.00,2026-10-03 10:55:40.55,0.55,61.16426467895508,61.164,-147.22329711914062,-147.223,0.03346767499678208,5.0,5.0,0.0,1.4474128118814464,1.3,0.1474128118814464,21,21.0,scanloc_state:AEC,unknown,auto_confirm,automatic,aka2026totwuq,aka2026totwuq
matched,onsite,2026-10-03 11:17:56.00,2026-10-03 11:17:56.96,0.969,62.15194702148438,62.152,-148.3463897705078,-148.346,0.021085206021028487,38.5483283996582,38.5,0.048328399658203125,1.4612443835282567,1.5,0.038755616471743304,12,12.0,scanloc_state:AEC,unknown,auto_confirm,automatic,aka2026touppm,aka2026touppm
matched,onsite,2026-10-03 11:35:02.00,2026-10-03 11:35:02.77,0.776,61.98048400878906,61.98,-148.35226440429688,-148.352,0.05556329705498222,18.011449813842773,18.0,0.011449813842773438,1.3146093302749162,1.2,0.11460933027491627,16,16.0,scanloc_state:AEC,unknown,auto_confirm,automatic,aka2026tovexy,aka2026tovexy
matched,onsite,2026-10-03 11:48:37.00,2026-10-03 11:48:37.42,0.424,63.31763076782227,63.318,-145.2423095703125,-145.242,0.043870045989598996,6.776908874511719,6.8,0.023091125488281072,0.9470810744387946,0.9,0.04708107443879461,11,11.0,scanloc_state:AEC,unknown,auto_confirm,automatic,aka2026tovqse,aka2026tovqse
root_only,onsite,2026-10-03 11:49:24.00,,,53.55835723876953,,-164.59161376953125,,,12.802574157714844,,,2.5429109440260937,,,8,,scanloc_state:AEC,,auto_confirm,,aka2026tovrjx,
matched,onsite,2026-10-03 11:50:41.00,2026-10-03 11:50:41.99,0.999,64.55331420898438,64.545,-149.3022003173828,-149.298,0.9460342817752595,4.311010360717773,0.9,3.4110103607177735,1.4812331347797105,1.3,0.18123313477971048,31,22.0,scanloc_state:AEC,unknown,auto_confirm,automatic,aka2026tovsna,aka2026tovsna
matched,onsite,2026-10-03 12:00:08.00,2026-10-03 12:00:08.78,0.786,63.33250427246094,63.333,-145.26913452148438,-145.269,0.05552968820944355,5.238263130187988,5.2,0.038263130187988104,1.5869566912992312,1.3,0.2869566912992312,25,25.0,scanloc_state:AEC,unknown,auto_confirm,automatic,aka2026towarr,aka2026towarr
root_only,onsite,2026-10-03 12:50:16.00,,,53.05644989013672,,-166.72874450683594,,,5.0,,,2.359220857602484,,,6,,scanloc_state:AEC,,auto_confirm,,aka2026toxseh,
root_only,onsite,2026-10-03 12:53:41.00,,,63.73056411743164,,-147.87498474121094,,,5.0,,,1.4412667221835935,,,7,,scanloc_state:AEC,,auto_confirm,,aka2026toxvdj,
matched,onsite,2026-10-03 13:01:40.00,2026-10-03 13:01:40.55,0.55,53.89907073974609,53.898833333333,-166.6723175048828,-166.63683333333,2.3249765707302097,11.851777076721191,8.95,2.901777076721192,1.7488952666438633,0.98,0.7688952666438633,15,25.0,scanloc_state:AEC,unknown,auto_confirm,manual,aka2026toycbk,av94459406
matched,onsite,2026-10-03 13:17:32.00,2026-10-03 13:17:32.14,0.149,61.32147979736328,61.321,-152.26185607910156,-152.262,0.05390096677332326,5.0,5.0,0.0,0.6635198216332959,0.6,0.06351982163329595,8,8.0,scanloc_state:AEC,unknown,auto_confirm,automatic,aka2026toypnn,aka2026toypnn
matched,onsite,2026-10-03 14:28:32.00,2026-10-03 14:28:32.04,0.041,61.41817855834961,61.418,-152.30670166015625,-152.307,0.025418435359195864,12.06962013244629,12.1,0.030379867553708806,0.9994153110855403,1.0,0.00058468891445973,19,19.0,scolv:aaholland3,unknown,man_confirm,manual,aka2026tpazjn,aka2026tpazjn
matched,onsite,2026-10-03 14:29:17.00,2026-10-03 14:29:17.16,0.163,61.31851959228516,61.319,-152.23097229003906,-152.231,0.05343936509507748,15.645136833190918,15.6,0.045136833190918324,0.6534170336533788,0.7,0.04658296634662118,14,14.0,scolv:aaholland3,unknown,man_confirm,manual,aka2026tpaypm,aka2026tpaypm
matched,onsite,2026-10-03 14:53:45.00,2026-10-03 14:53:45.18,0.188,61.53719711303711,61.537,-146.41111755371094,-146.411,0.022786099687444404,12.776445388793945,12.8,0.023554611206055398,2.01054902867355,2.0,0.010549028673549898,48,48.0,scanloc_state:AEC,unknown,auto_confirm,automatic,aka2026tpbvfs,aka2026tpbvfs
matched,onsite,2026-10-03 15:48:08.00,2026-10-03 15:48:08.97,0.979,63.72531509399414,63.713,-147.764892578125,-147.801,2.2439796778402488,5.0,2.8,2.2,1.6601903836214644,1.5,0.16019038362146443,26,16.0,scanloc_state:AEC,unknown,auto_confirm,automatic,aka2026tpdqkc,aka2026tpdqkc
matched,onsite,2026-10-03 15:55:14.00,2026-10-03 15:55:14.50,0.5,61.80202102661133,61.802,-151.42044067382812,-151.42,0.023271548013154876,76.65674591064453,76.7,0.04325408935547159,1.891611936477121,1.8,0.09161193647712085,40,40.0,scanloc_state:AEC,unknown,auto_confirm,automatic,aka2026tpdwnr,aka2026tpdwnr
matched,onsite,2026-10-03 16:06:49.00,2026-10-03 16:06:51.09,2.093,51.57663726806641,51.6964,-175.21755981445312,-175.2905,14.236641148457924,15.027071952819824,50.31,35.28292804718018,4.25509712413984,4.1,0.15509712413984023,71,120.0,scolv:aaholland3,unknown,man_confirm,manual,aka2026tpegok,us6000tzda
matched,onsite,2026-10-03 16:16:46.00,2026-10-03 16:16:46.46,0.466,63.72273254394531,63.723,-147.77259826660156,-147.773,0.03571492790056126,5.0,5.0,0.0,1.846552725835925,1.8,0.046552725835924846,47,47.0,scanloc_state:AEC,unknown,auto_confirm,automatic,aka2026tpepfk,aka2026tpepfk
matched,onsite,2026-10-03 16:26:16.00,2026-10-03 16:26:16.07,0.079,63.71654510498047,63.717,-147.78579711914062,-147.786,0.05155899523332924,6.069851398468018,6.1,0.030148601531982067,1.5904765095936415,1.6,0.009523490406358581,30,30.0,scolv:aaholland3,unknown,man_confirm,manual,aka2026tpexln,aka2026tpexln
matched,onsite,2026-10-03 16:31:08.00,2026-10-03 16:31:08.49,0.495,63.72793960571289,63.728,-147.8013458251953,-147.799,0.11565336926110709,0.16909116506576538,5.0,4.830908834934235,1.7475924159229805,1.7,0.04759241592298058,40,35.0,scanloc_state:AEC,unknown,auto_confirm,automatic,aka2026tpfbrq,aka2026tpfbrq
root_only,onsite,2026-10-03 16:55:56.00,,,51.70904922485352,,-173.60690307617188,,,42.226722717285156,,,3.207353339959329,,,21,,scanloc_state:AEC,,auto_confirm,,aka2026tpfxax,
root_only,onsite,2026-10-03 17:05:10.00,,,52.28025054931641,,-169.1333770751953,,,28.876434326171875,,,2.910175505300326,,,16,,scanloc_state:AEC,,auto_confirm,,aka2026tpgfbu,
root_only,onsite,2026-10-03 17:18:08.00,,,53.17085647583008,,-167.25039672851562,,,12.421775817871094,,,2.7294228227450086,,,46,,scanloc_state:AEC,,auto_confirm,,aka2026tpgqkh,
matched,onsite,2026-10-03 17:20:28.00,2026-10-03 17:20:28.44,0.442,57.87617111206055,57.876,-154.6721649169922,-154.672,0.021380024008462284,68.42411041259766,68.4,0.024110412597650566,2.9177621057932415,2.8,0.11776210579324164,104,104.0,scanloc_state:AEC,unknown,auto_confirm,automatic,aka2026tpgsir,aka2026tpgsir
matched,onsite,2026-10-03 17:31:09.00,2026-10-03 17:31:09.62,0.626,63.72454833984375,63.724,-147.80459594726562,-147.805,0.06413463619643736,1.174250602722168,1.1,0.07425060272216788,2.175522320716668,2.2,0.024477679283332332,64,62.0,scanloc_state:AEC,unknown,auto_confirm,automatic,aka2026tphbsj,aka2026tphbsj
root_only,onsite,2026-10-03 17:34:58.00,,,57.98117446899414,,-155.5046844482422,,,5.0,,,1.2739317873505231,,,6,,scanloc_state:AEC,,auto_confirm,,aka2026tphfae,
matched,onsite,2026-10-03 17:59:12.00,2026-10-03 17:59:11.52,0.48,54.10644149780273,54.119333333333,-165.99134826660156,-165.9765,1.7296349449495014,5.0,5.81,0.8099999999999996,1.8533072545949238,1.12,0.7333072545949237,14,23.0,scanloc_state:AEC,unknown,auto_confirm,manual,aka2026tpiaav,av94459581
root_only,onsite,2026-10-03 17:59:30.00,,,61.22393417358398,,-140.69476318359375,,,5.0,,,1.6271186888267983,,,13,,scanloc_state:AEC,,auto_confirm,,aka2026tpiahj,
matched,onsite,2026-10-03 18:15:18.00,2026-10-03 18:15:18.80,0.801,64.7999267578125,64.8,-149.74781799316406,-149.748,0.011856669368710852,7.626327037811279,7.6,0.026327037811279652,1.5897915908045188,1.4,0.1897915908045189,17,17.0,scanloc_state:AEC,unknown,auto_confirm,automatic,aka2026tpintz,aka2026tpintz
matched,onsite,2026-10-03 18:23:25.00,2026-10-03 18:23:25.37,0.375,61.41812515258789,61.418,-146.67083740234375,-146.671,0.01638544101617979,19.605436325073242,19.6,0.005436325073240766,2.1642037467403807,2.1,0.06420374674038065,66,66.0,scanloc_state:AEC,unknown,auto_confirm,automatic,aka2026tpivaf,aka2026tpivaf
matched,onsite,2026-10-03 18:36:43.00,2026-10-03 18:36:42.02,0.98,53.88629150390625,53.895166666667,-166.62100219726562,-166.6535,2.3471384410377696,5.0,6.97,1.9699999999999998,1.1190332023644398,0.13,0.9890332023644398,8,11.0,scanloc_state:AEC,unknown,auto_confirm,manual,aka2026tpjgoe,av94459611
matched,onsite,2026-10-03 21:06:45.00,2026-10-03 21:06:45.65,0.65,55.97957229614258,55.976,-158.02670288085938,-158.022,0.4933496235765696,50.80587387084961,49.8,1.0058738708496122,2.6371327197306336,2.5,0.13713271973063357,45,44.0,scanloc_state:AEC,unknown,auto_confirm,automatic,aka2026tpogqq,aka2026tpogqq
matched,onsite,2026-10-03 21:14:38.00,2026-10-03 21:14:38.92,0.922,65.77982330322266,65.778,-155.2505340576172,-155.258,0.3963628511982506,5.004457950592041,5.2,0.19554204940795916,2.731809669567866,2.7,0.03180966956786602,40,38.0,scanloc_global_assoc:AEC,unknown,auto_confirm,automatic,aka2026tponmw,aka2026tponmw
matched,onsite,2026-10-03 21:21:32.00,2026-10-03 21:21:32.59,0.594,58.23389434814453,58.234,-155.10720825195312,-155.107,0.016930164114072103,5.0,5.0,0.0,0.9186437044962659,0.9,0.018643704496265845,10,10.0,scanloc_state:AEC,unknown,auto_confirm,automatic,aka2026tpotlz,aka2026tpotlz
matched,onsite,2026-10-03 21:25:22.00,2026-10-03 21:25:25.06,3.062,51.66696929931641,51.7225,-173.35740661621094,-173.6127,18.647874150253593,24.85488510131836,35.0,10.14511489868164,3.598480522909669,3.5,0.0984805229096688,27,27.0,scolv:aaholland3,unknown,man_confirm,manual,aka2026tpowrn,us6000tzfa
matched,onsite,2026-10-03 22:48:05.00,2026-10-03 22:48:05.73,0.739,54.71043395996094,54.71,-157.05039978027344,-157.05,0.05466254791590927,5.0,5.0,0.0,3.094990320909043,3.1,0.005009679090957064,43,43.0,scanloc_state:AEC,unknown,auto_confirm,automatic,aka2026tprqrm,aka2026tprqrm
matched,onsite,2026-10-04 00:22:33.00,2026-10-04 00:22:33.24,0.243,57.76641082763672,57.766,-156.5858612060547,-156.586,0.04641767965506783,11.37358856201172,11.4,0.02641143798827983,1.7007290664583432,1.6,0.10072906645834312,15,15.0,scanloc_state:AEC,unknown,auto_confirm,automatic,aka2026tpuukt,aka2026tpuukt
matched,onsite,2026-10-04 01:51:07.00,2026-10-04 01:51:07.20,0.202,60.21813201904297,60.219,-153.07376098632812,-153.07,0.22904586849078565,127.99229431152344,128.4,0.4077056884765682,2.4707078663963906,2.2,0.27070786639639044,69,67.0,scanloc_state:AEC,unknown,auto_confirm,automatic,aka2026tpxtjs,aka2026tpxtjs
matched,onsite,2026-10-04 01:58:07.00,2026-10-04 01:58:07.58,0.58,62.03222274780273,62.032,-149.2334747314453,-149.233,0.03501920779632042,18.706066131591797,18.7,0.0060661315917975855,3.4999761690837237,3.5,2.3830916276335046e-05,219,219.0,scolv:aaholland3,unknown,man_confirm,manual,aka2026tpxzfg,aka2026tpxzfg
matched,onsite,2026-10-04 02:08:17.00,2026-10-04 02:08:17.38,0.387,58.59745407104492,58.597,-152.22694396972656,-152.227,0.05059464960852284,0.4415328800678253,0.4,0.041532880067825295,2.505561030267477,2.4,0.10556103026747721,60,60.0,scanloc_state:AEC,unknown,auto_confirm,automatic,aka2026tpyicf,aka2026tpyicf
matched,onsite,2026-10-04 02:37:41.00,2026-10-04 02:37:42.08,1.089,59.51509857177734,59.512,-152.75437927246094,-152.741,0.8296880625025737,82.1138916015625,79.9,2.2138916015624943,2.256510933850662,2.0,0.25651093385066215,44,42.0,scanloc_state:AEC,unknown,auto_confirm,automatic,aka2026tpzhqj,aka2026tpzhqj
matched,onsite,2026-10-04 03:13:34.00,2026-10-04 03:13:34.29,0.296,57.24699020385742,57.247,-156.07864379882812,-156.079,0.021456203734541608,82.07738494873047,82.1,0.022615051269525566,2.069677385661273,1.9,0.16967738566127322,21,21.0,scanloc_state:AEC,unknown,auto_confirm,automatic,aka2026tqamrr,aka2026tqamrr
matched,onsite,2026-10-04 03:54:31.00,2026-10-04 03:54:31.51,0.519,57.03893280029297,57.039,-157.8153533935547,-157.815,0.022647672711375008,4.583763122558594,4.6,0.016236877441405895,2.1879332260567304,2.2,0.012066773943269826,35,35.0,scanloc_state:AEC,unknown,auto_confirm,automatic,aka2026tqbwdz,aka2026tqbwdz
matched,onsite,2026-10-04 04:08:49.00,2026-10-04 04:08:49.62,0.629,58.2721061706543,58.279,-154.943359375,-154.964,1.4297287156048575,5.0,5.0,0.0,0.8408631319150238,0.7,0.14086313191502386,9,8.0,scanloc_state:AEC,unknown,auto_confirm,automatic,aka2026tqcipp,aka2026tqcipp
matched,onsite,2026-10-04 04:13:19.00,2026-10-04 04:13:19.74,0.744,64.5110855102539,64.511,-147.7659149169922,-147.766,0.01034328977562867,13.03535270690918,13.0,0.03535270690917969,1.3028000269144717,1.3,0.002800026914471676,25,25.0,scanloc_state:AEC,unknown,auto_confirm,automatic,aka2026tqcmnb,aka2026tqcmnb
matched,onsite,2026-10-04 04:31:28.00,2026-10-04 04:31:28.29,0.295,62.04588317871094,62.045,-151.25074768066406,-151.258,0.3905746985694501,90.92936706542969,90.1,0.8293670654296932,2.656411729095758,2.6,0.05641172909575776,109,101.0,scanloc_state:AEC,unknown,auto_confirm,automatic,aka2026tqdcgd,aka2026tqdcgd
matched,onsite,2026-10-04 05:04:22.00,2026-10-04 05:04:22.54,0.545,57.86144256591797,57.861,-155.99586486816406,-155.996,0.04985604503024782,35.37543487548828,35.4,0.02456512451171733,1.3045065312900008,1.3,0.0045065312900007815,9,9.0,scanloc_state:AEC,unknown,auto_confirm,automatic,aka2026tqeeud,aka2026tqeeud
matched,onsite,2026-10-04 05:27:58.00,2026-10-04 05:27:58.30,0.307,60.9620361328125,60.956,-147.1341552734375,-147.136,0.678533369496813,18.0166015625,19.6,1.5833984375000014,2.2215376182098177,2.0,0.22153761820981765,47,44.0,scanloc_state:AEC,unknown,auto_confirm,automatic,aka2026tqezfn,aka2026tqezfn
matched,onsite,2026-10-04 05:58:23.00,2026-10-04 05:58:23.34,0.34,58.24793243408203,58.252,-155.13308715820312,-155.143,0.7355245854689391,5.0,5.0,0.0,0.9049745086326322,0.8,0.10497450863263214,12,11.0,scanloc_state:AEC,unknown,auto_confirm,automatic,aka2026tqfzpp,aka2026tqfzpp
root_only,onsite,2026-10-04 06:09:16.00,,,54.58887100219727,,-161.28297424316406,,,21.74464225769043,,,2.4923815573996646,,,9,,scanloc_state:AEC,,auto_confirm,,aka2026tqgjax,
matched,onsite,2026-10-04 06:48:54.00,2026-10-04 06:48:54.74,0.74,61.27818298339844,61.278,-152.2415771484375,-152.242,0.03040631780416083,5.0,5.0,0.0,2.190870755530822,2.1,0.09087075553082169,49,49.0,scanloc_state:AEC,unknown,auto_confirm,automatic,aka2026tqhrkm,aka2026tqhrkm
matched,onsite,2026-10-04 07:16:02.00,2026-10-04 07:16:02.34,0.349,61.17841339111328,61.178,-147.21482849121094,-147.215,0.046877406050290275,33.05778884887695,33.1,0.042211151123048296,1.789026271177157,2.0,0.21097372882284304,10,10.0,scanloc_state:AEC,unknown,auto_confirm,automatic,aka2026tqioyb,aka2026tqioyb
root_only,onsite,2026-10-04 07:21:24.00,,,51.25864410400391,,-176.67750549316406,,,22.331745147705078,,,3.1011784367590263,,,8,,scanloc_state:AEC,,auto_confirm,,aka2026tqitpg,
matched,onsite,2026-10-04 07:54:01.00,2026-10-04 07:54:01.63,0.63,63.72472381591797,63.726,-147.76560974121094,-147.776,0.530762781313971,0.3359663486480713,0.6,0.2640336513519287,1.9729832888269065,1.9,0.07298328882690663,40,34.0,scanloc_state:AEC,unknown,auto_confirm,automatic,aka2026tqjvwk,aka2026tqjvwk
matched,onsite,2026-10-04 08:08:09.00,2026-10-04 08:08:09.62,0.628,60.33206939697266,60.332,-152.00375366210938,-152.004,0.015600219415517952,87.25208282470703,87.3,0.04791717529296591,1.8128706910755612,1.6,0.2128706910755611,25,25.0,scanloc_state:AEC,unknown,auto_confirm,automatic,aka2026tqkhwp,aka2026tqkhwp
matched,onsite,2026-10-04 08:23:12.00,2026-10-04 08:23:12.62,0.62,61.78909683227539,61.789,-152.8312225341797,-152.831,0.01589843509780618,47.97850799560547,48.0,0.02149200439453125,1.5945614058923714,1.6,0.0054385941076287025,8,8.0,scanloc_state:AEC,unknown,auto_confirm,automatic,aka2026tqkveh,aka2026tqkveh
matched,onsite,2026-10-04 08:52:22.00,2026-10-04 08:52:22.99,0.991,64.51809692382812,64.518,-147.15965270996094,-147.16,0.019803505074208055,10.25151252746582,10.3,0.0484874725341804,1.4673572132219515,1.5,0.03264278677804855,21,21.0,scanloc_state:AEC,unknown,auto_confirm,automatic,aka2026tqluma,aka2026tqluma
matched,onsite,2026-10-04 08:56:52.00,2026-10-04 08:56:52.95,0.956,63.72651290893555,63.73,-147.78810119628906,-147.787,0.3915164326213022,5.0,5.0,0.0,1.7349055613052695,1.8,0.06509443869473053,17,16.0,scanloc_state:AEC,unknown,auto_confirm,automatic,aka2026tqlyjl,aka2026tqlyjl
matched,onsite,2026-10-04 09:02:51.00,2026-10-04 09:02:51.65,0.65,57.56472396850586,57.565,-154.92308044433594,-154.923,0.031065990452159686,66.0711441040039,66.1,0.028855895996088066,1.89592153641717,1.8,0.09592153641716994,15,15.0,scanloc_state:AEC,unknown,auto_confirm,automatic,aka2026tqmdoc,aka2026tqmdoc
matched,onsite,2026-10-04 09:13:45.00,2026-10-04 09:13:45.97,0.974,67.40017700195312,67.4,-157.34483337402344,-157.345,0.020930052055457254,0.7626498341560364,0.8,0.03735016584396367,2.875535559781232,2.9,0.024464440218767702,47,47.0,scanloc_state:AEC,unknown,auto_confirm,automatic,aka2026tqmmzk,aka2026tqmmzk
matched,onsite,2026-10-04 09:27:10.00,2026-10-04 09:27:10.61,0.617,58.17616271972656,58.177,-155.32696533203125,-155.335,0.4802116415714728,5.0,5.0,0.0,0.8589526753653064,0.8,0.05895267536530635,10,9.0,scanloc_state:AEC,unknown,auto_confirm,automatic,aka2026tqmyqj,aka2026tqmyqj
matched,onsite,2026-10-04 11:13:34.00,2026-10-04 11:13:34.92,0.922,60.19645309448242,60.196,-152.43093872070312,-152.431,0.05049551052420485,160.15438842773438,160.2,0.04561157226561363,1.2546786445633185,1.3,0.04532135543668159,7,7.0,scanloc_state:AEC,unknown,auto_confirm,automatic,aka2026tqqmxd,aka2026tqqmxd
matched,onsite,2026-10-04 11:25:30.00,2026-10-04 11:25:30.32,0.323,63.72225189208984,63.727,-147.77911376953125,-147.778,0.5308044118968357,5.0,5.0,0.0,1.8114148038480733,1.5,0.3114148038480733,25,22.0,scanloc_state:AEC,unknown,auto_confirm,automatic,aka2026tqqxfx,aka2026tqqxfx
matched,onsite,2026-10-04 11:42:01.00,2026-10-04 11:42:01.08,0.084,60.97940826416016,60.988,-151.82382202148438,-151.836,1.1593687199513547,89.93091583251953,90.6,0.6690841674804631,1.8521900623940253,1.8,0.05219006239402524,44,41.0,scanloc_state:AEC,unknown,auto_confirm,automatic,aka2026tqrlpb,aka2026tqrlpb
matched,onsite,2026-10-04 12:46:30.00,2026-10-04 12:46:30.52,0.522,60.3813247680664,60.381,-150.66616821289062,-150.666,0.03727697825931519,68.16088104248047,68.2,0.03911895751953409,3.3862745765003224,3.4,0.013725423499677536,252,246.0,scanloc_global_assoc:AEC,unknown,auto_confirm,automatic,aka2026tqtplt,aka2026tqtplt
matched,onsite,2026-10-04 12:57:26.00,2026-10-04 12:57:26.42,0.428,59.29721450805664,59.297,-154.71775817871094,-154.716,0.10263012311556982,5.0,0.0,5.0,2.1833020188688774,2.1,0.08330201886887734,58,57.0,scanloc_state:AEC,unknown,auto_confirm,automatic,aka2026tqtyyr,aka2026tqtyyr
matched,onsite,2026-10-04 13:21:58.00,2026-10-04 13:21:58.69,0.698,58.2749252319336,58.275,-154.93482971191406,-154.935,0.01297151925093037,5.0,5.0,0.0,0.659098759508824,0.6,0.05909875950882404,9,9.0,scanloc_state:AEC,unknown,auto_confirm,automatic,aka2026tquufp,aka2026tquufp
matched,onsite,2026-10-04 13:24:48.00,2026-10-04 13:24:48.89,0.891,60.30077743530273,60.301,-151.69485473632812,-151.695,0.02600981073902399,70.36174774169922,70.4,0.038252258300786934,2.6530128853435433,2.6,0.053012885343543203,127,125.0,scanloc_state:AEC,unknown,auto_confirm,automatic,aka2026tquwqe,aka2026tquwqe
matched,onsite,2026-10-04 13:38:07.00,2026-10-04 13:38:07.20,0.206,57.03323364257812,57.033,-155.0838623046875,-155.084,0.027283116272373616,65.31291198730469,65.3,0.012911987304690342,3.449600482779952,3.4,0.04960048277995188,120,120.0,scanloc_state:AEC,unknown,auto_confirm,automatic,aka2026tqvifo,aka2026tqvifo
matched,onsite,2026-10-04 13:41:52.00,2026-10-04 13:41:52.65,0.658,65.53202056884766,65.521,-150.910888671875,-150.909,1.22851587634324,8.491938591003418,7.9,0.5919385910034176,1.9231245306726674,1.8,0.12312453067266738,30,25.0,scanloc_state:AEC,unknown,auto_confirm,automatic,aka2026tqvlmd,aka2026tqvlmd
matched,onsite,2026-10-04 13:49:35.00,2026-10-04 13:49:35.72,0.726,60.38118743896484,60.381,-152.99034118652344,-152.99,0.02803512393988415,5.0,5.0,0.0,0.8965475417055021,0.8,0.09654754170550206,9,9.0,scanloc_state:AEC,unknown,auto_confirm,automatic,aka2026tqvsdr,aka2026tqvsdr
matched,onsite,2026-10-04 15:03:30.00,2026-10-04 15:03:30.73,0.731,55.42791366577148,55.418,-158.76779174804688,-158.759,1.234089726296247,29.10235023498535,27.6,1.5023502349853501,2.6225331372107346,2.5,0.12253313721073456,21,19.0,scanloc_state:AEC,unknown,auto_confirm,automatic,aka2026tqyehr,aka2026tqyehr
matched,onsite,2026-10-04 15:56:41.00,2026-10-04 15:56:41.95,0.959,59.88896942138672,59.889,-153.24032592773438,-153.24,0.018496741840674003,132.7192840576172,132.7,0.01928405761719887,2.427022902522597,2.4,0.027022902522597203,87,87.0,scanloc_state:AEC,unknown,auto_confirm,automatic,aka2026tqzyhk,aka2026tqzyhk
matched,onsite,2026-10-04 16:30:36.00,2026-10-04 16:30:36.60,0.607,58.51031112670898,58.51,-137.23487854003906,-137.235,0.03530767377463415,5.0,5.0,0.0,3.050480090440405,3.0,0.0504800904404048,31,31.0,scanloc_state:AEC,unknown,auto_confirm,automatic,aka2026trbbuc,aka2026trbbuc
matched,onsite,2026-10-04 16:42:33.00,2026-10-04 16:42:32.72,0.28,52.07522964477539,52.037833333333,-176.1487274169922,-176.18416666667,4.8127399202008805,5.0,-1.78,6.78,1.8305458562553596,1.29,0.5405458562553596,9,7.0,scanloc_state:AEC,unknown,auto_confirm,manual,aka2026trbmdl,av94460411
root_only,onsite,2026-10-04 17:16:37.00,,,51.39253616333008,,-175.9488983154297,,,26.32891845703125,,,2.6039952012877525,,,12,,scanloc_state:AEC,,auto_confirm,,aka2026trcpru,
matched,onsite,2026-10-04 18:42:59.00,2026-10-04 18:42:59.10,0.102,57.79387283325195,57.794,-155.21746826171875,-155.217,0.031145561112492892,27.51176643371582,27.5,0.011766433715820312,1.5556220426075111,1.6,0.044377957392488954,9,9.0,scanloc_state:AEC,unknown,auto_confirm,automatic,aka2026trfmoh,aka2026trfmoh
matched,onsite,2026-10-04 19:10:55.00,2026-10-04 19:10:55.85,0.856,57.67754745483398,57.678,-154.61761474609375,-154.618,0.05528837560102107,59.7061996459961,59.7,0.006199645996098013,1.8774955739933248,1.6,0.2774955739933247,20,20.0,scanloc_state:AEC,unknown,auto_confirm,automatic,aka2026trgkus,aka2026trgkus
matched,onsite,2026-10-04 19:37:45.00,2026-10-04 19:37:45.08,0.087,63.26232147216797,63.262,-151.1537322998047,-151.154,0.038172477734252315,5.0,5.0,0.0,2.0434766771434667,2.0,0.0434766771434667,34,34.0,scanloc_state:AEC,unknown,auto_confirm,automatic,aka2026trhiav,aka2026trhiav
root_only,onsite,2026-10-04 19:44:31.00,,,51.5335807800293,,-173.77157592773438,,,5.0,,,3.245554879022026,,,20,,scanloc_state:AEC,,auto_confirm,,aka2026trhnvq,
matched,onsite,2026-10-04 19:53:51.00,2026-10-04 19:53:51.09,0.09,63.34790420532227,63.346,-151.79092407226562,-151.791,0.2117718399602313,5.0,5.0,0.0,1.8843640322703192,1.7,0.18436403227031928,23,22.0,scanloc_state:AEC,unknown,auto_confirm,automatic,aka2026trhvzy,aka2026trhvzy
matched,onsite,2026-10-04 20:03:00.00,2026-10-04 20:03:00.98,0.986,59.7441177368164,59.744,-152.6077423095703,-152.608,0.01948945898805608,93.81861877441406,93.8,0.018618774414065342,1.872467130377227,1.8,0.07246713037722685,56,56.0,scanloc_state:AEC,unknown,auto_confirm,automatic,aka2026tridfa,aka2026tridfa
matched,onsite,2026-10-04 20:07:12.00,2026-10-04 20:07:12.59,0.594,64.42414093017578,64.424,-150.6493682861328,-150.649,0.023624580253152814,5.073482036590576,5.1,0.026517963409423473,1.999309218068906,1.9,0.09930921806890614,32,32.0,scanloc_state:AEC,unknown,auto_confirm,automatic,aka2026trihoy,aka2026trihoy
matched,onsite,2026-10-04 20:16:32.00,2026-10-04 20:16:32.96,0.96,62.2566032409668,62.257,-150.34622192382812,-150.346,0.045588590878608594,58.40033340454102,58.4,0.0003334045410241515,2.3087631510125584,2.3,0.008763151012558534,70,70.0,scanloc_state:AEC,unknown,auto_confirm,automatic,aka2026triprg,aka2026triprg
matched,onsite,2026-10-04 20:35:03.00,2026-10-04 20:35:03.83,0.836,63.37264251708984,63.373,-151.77854919433594,-151.779,0.04565978558902308,2.1705527305603027,2.2,0.029447269439697443,2.390706858909885,2.4,0.009293141090114698,34,34.0,scanloc_state:AEC,unknown,auto_confirm,automatic,aka2026trjftv,aka2026trjftv
root_only,onsite,2026-10-04 21:44:54.00,,,55.27862548828125,,-161.7651824951172,,,112.18397521972656,,,2.1938935212974022,,,24,,scanloc_state:AEC,,auto_confirm,,aka2026trlohg,
matched,onsite,2026-10-04 21:59:21.00,2026-10-04 21:59:21.19,0.192,58.24760437011719,58.252,-154.95680236816406,-154.959,0.5054038105457709,5.0,5.0,0.0,1.0142809890355797,0.9,0.1142809890355797,17,11.0,scanloc_state:AEC,unknown,auto_confirm,automatic,aka2026trmava,aka2026trmava
matched,onsite,2026-10-04 22:00:14.00,2026-10-04 22:00:14.09,0.091,61.58734893798828,61.595,-150.07266235351562,-150.072,0.8514805596309459,13.16191291809082,13.1,0.06191291809082067,2.454486804943097,2.4,0.05448680494309688,97,91.0,scanloc_state:AEC,unknown,auto_confirm,automatic,aka2026trmbpb,aka2026trmbpb
matched,onsite,2026-10-04 22:18:24.00,2026-10-04 22:18:24.77,0.778,63.09729385375977,63.097,-149.1227264404297,-149.126,0.16791372220962397,73.53715515136719,74.0,0.4628448486328125,2.171878390592025,2.1,0.07187839059202483,67,64.0,scanloc_state:AEC,unknown,auto_confirm,automatic,aka2026trmriq,aka2026trmriq
matched,onsite,2026-10-04 22:54:24.00,2026-10-04 22:54:24.45,0.45,64.45525360107422,64.455,-148.33155822753906,-148.332,0.03526892401812351,2.6201467514038086,2.6,0.020146751403808505,1.8695561173043427,1.8,0.06955611730434264,34,34.0,scanloc_state:AEC,unknown,auto_confirm,automatic,aka2026trnwoh,aka2026trnwoh
matched,onsite,2026-10-04 23:04:39.00,2026-10-04 23:04:39.56,0.56,58.2027702331543,58.203,-154.86395263671875,-154.864,0.025699171138583714,5.0,5.0,0.0,0.6825754355151059,0.6,0.08257543551510593,6,6.0,scanloc_state:AEC,unknown,auto_confirm,automatic,aka2026troflj,aka2026troflj
matched,onsite,2026-10-04 23:05:07.00,2026-10-04 23:05:07.63,0.635,64.95941925048828,64.96,-147.4007110595703,-147.383,0.8360485188130132,5.0,5.0,0.0,1.4279203110072256,1.3,0.12792031100722556,19,18.0,scanloc_state:AEC,unknown,auto_confirm,automatic,aka2026trofvo,aka2026trofvo
matched,onsite,2026-10-04 23:17:23.00,2026-10-04 23:17:23.10,0.106,61.4408187866211,61.436,-151.16062927246094,-151.159,0.5427802832067143,0.10905665904283524,5.0,4.890943340957165,2.163654246433697,2.1,0.0636542464336971,78,72.0,scanloc_state:AEC,unknown,auto_confirm,automatic,aka2026troqls,aka2026troqls
matched,onsite,2026-10-04 23:49:00.00,2026-10-04 23:49:00.66,0.668,61.54080963134766,61.541,-146.71522521972656,-146.715,0.02430028060559699,19.625505447387695,19.6,0.02550544738769389,1.9156872503629883,1.8,0.11568725036298821,38,38.0,scanloc_state:AEC,unknown,auto_confirm,automatic,aka2026trprwb,aka2026trprwb
root_only,onsite,2026-10-05 00:35:13.00,,,54.58454895019531,,-161.10708618164062,,,9.47618579864502,,,2.7452234300737106,,,20,,scanloc_state:AEC,,auto_confirm,,aka2026trrfzk,
matched,onsite,2026-10-05 00:43:50.00,2026-10-05 00:43:49.96,0.034,58.15962600708008,58.167,-155.33926391601562,-155.359,1.418596924712792,5.0,5.0,0.0,1.1676274728970804,1.2,0.0323725271029196,20,13.0,scanloc_state:AEC,unknown,auto_confirm,automatic,aka2026trrnlc,aka2026trrnlc
root_only,onsite,2026-10-05 00:48:56.00,,,51.07565689086914,,-176.74151611328125,,,21.937488555908203,,,2.7830825640005643,,,5,,scanloc_state:AEC,,auto_confirm,,aka2026trrrxb,
root_only,onsite,2026-10-05 01:18:01.00,,,51.38389205932617,,-175.31320190429688,,,27.703861236572266,,,2.8281872998052187,,,15,,scanloc_state:AEC,,auto_confirm,,aka2026trsrbr,
matched,onsite,2026-10-05 03:13:06.00,2026-10-05 03:13:06.00,0.001,58.14695358276367,58.163,-155.46881103515625,-155.508,2.9103061239474517,5.0,5.0,0.0,0.9307172217673788,1.0,0.06928277823262119,11,8.0,scanloc_state:AEC,unknown,auto_confirm,automatic,aka2026trwmwc,aka2026trwmwc
matched,onsite,2026-10-05 04:39:59.00,2026-10-05 04:39:59.00,0.006,62.09327697753906,62.093,-153.33514404296875,-153.335,0.0316977013539205,59.98165512084961,60.0,0.018344879150390625,1.7187460848039724,1.7,0.01874608480397244,15,15.0,scanloc_state:AEC,unknown,auto_confirm,automatic,aka2026trzkej,aka2026trzkej
matched,onsite,2026-10-05 05:23:38.00,2026-10-05 05:23:38.41,0.414,59.67829132080078,59.678,-153.18280029296875,-153.183,0.03427856307624996,107.18611145019531,107.2,0.013888549804690342,2.0091937078269355,1.9,0.1091937078269356,63,63.0,scanloc_state:AEC,unknown,auto_confirm,automatic,aka2026tsawar,aka2026tsawar
matched,onsite,2026-10-05 05:35:04.00,2026-10-05 05:35:04.18,0.185,62.59137344360352,62.587,-151.1858367919922,-151.207,1.1874979185857137,86.06112670898438,87.4,1.3388732910156307,2.1137867781350854,2.0,0.11378677813508542,46,41.0,scanloc_state:AEC,unknown,auto_confirm,automatic,aka2026tsbgab,aka2026tsbgab
matched,onsite,2026-10-05 05:44:13.00,2026-10-05 05:44:13.59,0.594,61.13286972045898,61.136,-151.64987182617188,-151.664,0.8344611449377352,85.2396240234375,86.8,1.5603759765624972,1.7108554268299179,1.7,0.010855426829917914,49,48.0,scanloc_state:AEC,unknown,auto_confirm,automatic,aka2026tsbnyn,aka2026tsbnyn
matched,onsite,2026-10-05 06:27:02.00,2026-10-05 06:27:02.77,0.776,59.73469924926758,59.735,-150.8105926513672,-150.811,0.040490990074756775,47.69718170166016,47.7,0.0028182983398394867,2.1797729230486307,2.1,0.0797729230486306,73,73.0,scanloc_state:AEC,unknown,auto_confirm,automatic,aka2026tsczai,aka2026tsczai
root_only,onsite,2026-10-05 07:12:54.00,,,54.48938369750977,,-160.5247802734375,,,5.48496675491333,,,2.7944360636621357,,,28,,scanloc_state:AEC,,auto_confirm,,aka2026tsemuc,
matched,onsite,2026-10-05 07:15:10.00,2026-10-05 07:15:10.31,0.317,58.06642150878906,58.046,-153.38034057617188,-153.412,2.9369362258154483,60.22636795043945,58.1,2.1263679504394517,1.932841691406022,1.9,0.03284169140602211,19,17.0,scanloc_state:AEC,unknown,auto_confirm,automatic,aka2026tseoxn,aka2026tseoxn
root_only,onsite,2026-10-05 07:30:28.00,,,51.30613708496094,,179.45082092285156,,,69.43473815917969,,,3.126434880707598,,,26,,scanloc_state:AEC,,auto_confirm,,aka2026tsfcab,
matched,onsite,2026-10-05 07:48:21.00,2026-10-05 07:48:21.95,0.955,63.17874145507812,63.178,-150.73504638671875,-150.732,0.1736638579043111,128.16488647460938,128.1,0.06488647460938068,2.225978665109439,2.2,0.025978665109438914,48,47.0,scanloc_state:AEC,unknown,auto_confirm,automatic,aka2026tsfrqx,aka2026tsfrqx
matched,onsite,2026-10-05 08:32:06.00,2026-10-05 08:32:06.50,0.506,60.05571365356445,60.058,-152.9773712158203,-152.978,0.2566142541168871,117.16534423828125,118.4,1.2346557617187557,1.4829906387607314,1.2,0.2829906387607315,41,40.0,scanloc_state:AEC,unknown,auto_confirm,automatic,aka2026tshdhn,aka2026tshdhn
matched,onsite,2026-10-05 08:33:15.00,2026-10-05 08:33:15.74,0.74,62.82101058959961,62.814,-148.8647003173828,-148.854,0.9503278061119552,5.0,5.0,0.0,2.3840983313099833,2.4,0.015901668690016635,75,68.0,scanloc_state:AEC,unknown,auto_confirm,automatic,aka2026tshelq,aka2026tshelq
matched,onsite,2026-10-05 08:50:28.00,2026-10-05 08:50:28.36,0.361,60.03463745117188,60.035,-153.09051513671875,-153.091,0.04848035948227318,5.0,5.0,0.0,0.43625257968880427,0.4,0.03625257968880424,6,6.0,scanloc_state:AEC,unknown,auto_confirm,automatic,aka2026tshtjs,aka2026tshtjs
matched,onsite,2026-10-05 09:14:52.00,2026-10-05 09:14:52.56,0.565,59.06916809082031,59.067,-152.381103515625,-152.374,0.47219137132700606,76.76499938964844,74.8,1.9649993896484403,2.122524978625042,2.0,0.12252497862504219,57,56.0,scanloc_state:AEC,unknown,auto_confirm,automatic,aka2026tsilpa,aka2026tsilpa
matched,onsite,2026-10-05 09:39:40.00,2026-10-05 09:39:40.32,0.326,61.67312240600586,61.673,-149.208740234375,-149.209,0.01931596891395921,5.0,5.0,0.0,1.1886747993921192,0.9,0.28867479939211915,10,10.0,scanloc_state:AEC,unknown,auto_confirm,automatic,aka2026tsjkav,aka2026tsjkav
matched,onsite,2026-10-05 10:38:03.00,2026-10-05 10:38:03.54,0.542,55.40519332885742,55.405,-158.4838409423828,-158.484,0.023726929377455977,14.338579177856445,14.3,0.0385791778564446,2.8309973897870027,2.7,0.13099738978700248,45,45.0,scanloc_state:AEC,unknown,auto_confirm,automatic,aka2026tslhrt,aka2026tslhrt
matched,onsite,2026-10-05 11:06:22.00,2026-10-05 11:06:22.79,0.798,60.24100112915039,60.241,-152.49160766601562,-152.492,0.021654030062030972,104.70137786865234,104.7,0.0013778686523409078,3.0386979929185807,3.0,0.03869799291858067,210,210.0,scanloc_global_assoc:AEC,unknown,auto_confirm,automatic,aka2026tsmher,aka2026tsmher
matched,onsite,2026-10-05 11:19:00.00,2026-10-05 11:19:00.68,0.686,65.99432373046875,65.994,-148.13609313964844,-148.136,0.03624293149403857,11.002245903015137,11.0,0.0022459030151367188,1.443735348436446,1.2,0.24373534843644595,14,14.0,scanloc_state:AEC,unknown,auto_confirm,automatic,aka2026tsmsef,aka2026tsmsef
matched,onsite,2026-10-05 11:59:21.00,2026-10-05 11:59:21.56,0.561,57.59347534179688,57.593,-155.66647338867188,-155.666,0.05991273849591657,19.04231834411621,19.0,0.04231834411621094,1.523921850814232,1.5,0.023921850814232037,7,7.0,scanloc_state:AEC,unknown,auto_confirm,automatic,aka2026tsobdx,aka2026tsobdx
matched,onsite,2026-10-05 12:10:11.00,2026-10-05 12:10:11.43,0.438,60.13255310058594,60.132,-152.94253540039062,-152.939,0.20520593754493005,125.10332489013672,125.3,0.1966751098632784,2.6572975286507607,2.6,0.057297528650760654,141,140.0,scanloc_state:AEC,unknown,auto_confirm,automatic,aka2026tsoksi,aka2026tsoksi
matched,onsite,2026-10-05 12:47:24.00,2026-10-05 12:47:24.09,0.096,60.01278686523438,60.013,-153.01614379882812,-153.016,0.025010684269730746,5.0,5.0,0.0,0.6567665607310408,0.7,0.04323343926895917,7,7.0,scanloc_state:AEC,unknown,auto_confirm,automatic,aka2026tspquy,aka2026tspquy
matched,onsite,2026-10-05 13:03:25.00,2026-10-05 13:03:25.61,0.618,56.78426361083984,56.784,-157.70245361328125,-157.702,0.04028211683404114,89.35438537597656,89.4,0.045614624023443184,2.1380816228834285,2.1,0.03808162288342842,22,22.0,scanloc_state:AEC,unknown,auto_confirm,automatic,aka2026tsqesh,aka2026tsqesh
matched,onsite,2026-10-05 13:17:33.00,2026-10-05 13:17:33.29,0.293,59.93600082397461,59.936,-153.20716857910156,-153.207,0.009391144691733584,5.0,5.0,0.0,0.5189886491529051,0.5,0.0189886491529051,6,6.0,scanloc_state:AEC,unknown,auto_confirm,automatic,aka2026tsqqys,aka2026tsqqys
matched,onsite,2026-10-05 13:29:12.00,2026-10-05 13:29:12.93,0.934,61.36502456665039,61.365,-147.1276092529297,-147.128,0.021000441042640143,17.55531120300293,17.6,0.044688796997071734,1.8524562151031174,1.8,0.052456215103117376,44,44.0,scanloc_state:AEC,unknown,auto_confirm,automatic,aka2026tsrbbn,aka2026tsrbbn
matched,onsite,2026-10-05 14:14:24.00,2026-10-05 14:14:24.85,0.859,65.4738998413086,65.473,-147.70872497558594,-147.703,0.2825658321078109,5.0,5.0,0.0,1.3197471323842653,1.2,0.11974713238426538,25,24.0,scanloc_state:AEC,unknown,auto_confirm,automatic,aka2026tssogi,aka2026tssogi
matched,onsite,2026-10-05 14:41:10.00,2026-10-05 14:41:10.78,0.788,58.27227401733398,58.277,-155.0011444091797,-154.996,0.6055061766210977,5.0,5.0,0.0,0.8748684207297188,0.7,0.17486842072971887,14,11.0,scanloc_state:AEC,unknown,auto_confirm,automatic,aka2026tstlly,aka2026tstlly
root_only,onsite,2026-10-05 15:01:51.00,,,61.02073287963867,,-140.27001953125,,,7.767677783966064,,,1.7551900852873503,,,17,,scanloc_state:AEC,,auto_confirm,,aka2026tsudkh,
matched,onsite,2026-10-05 15:19:52.00,2026-10-05 15:19:52.22,0.226,65.57243347167969,65.572,-148.44058227539062,-148.441,0.051886427136205275,2.199077844619751,2.2,0.0009221553802492011,0.9429279196232485,1.0,0.05707208037675149,8,8.0,scanloc_state:AEC,unknown,auto_confirm,automatic,aka2026tsutad,aka2026tsutad
matched,onsite,2026-10-05 15:51:56.00,2026-10-05 15:51:56.85,0.85,58.29386138916016,58.283,-155.187744140625,-155.173,1.4836702213040944,3.1961982250213623,3.4,0.2038017749786376,0.5817516495078167,0.6,0.01824835049218332,7,6.0,scanloc_state:AEC,unknown,auto_confirm,automatic,aka2026tsvuvg,aka2026tsvuvg
matched,onsite,2026-10-05 16:01:16.00,2026-10-05 16:01:16.14,0.149,59.87683868408203,59.877,-153.2813720703125,-153.281,0.027438295090924106,139.29847717285156,139.3,0.0015228271484488687,1.8874620442341778,1.8,0.0874620442341778,41,41.0,scanloc_state:AEC,unknown,auto_confirm,automatic,aka2026tswdbj,aka2026tswdbj
matched,onsite,2026-10-05 16:10:50.00,2026-10-05 16:10:50.12,0.126,61.35007858276367,61.35,-151.82009887695312,-151.817,0.16544200715448115,92.7295150756836,92.9,0.17048492431641193,2.8883481519945584,2.9,0.0116518480054415,161,159.0,scanloc_state:AEC,unknown,auto_confirm,automatic,aka2026tswjcq,aka2026tswjcq
matched,onsite,2026-10-05 16:15:23.00,2026-10-05 16:15:23.12,0.124,60.01369094848633,60.014,-153.0648651123047,-153.065,0.03517306690823771,5.0,5.0,0.0,0.28304899901468183,0.3,0.016951000985318154,6,6.0,scanloc_state:AEC,unknown,auto_confirm,automatic,aka2026tswpdq,aka2026tswpdq
matched,onsite,2026-10-05 16:43:46.00,2026-10-05 16:43:46.37,0.378,62.09703826904297,62.097,-150.226806640625,-150.227,0.0109245880558731,48.12148284912109,48.1,0.021482849121085223,2.291380001729045,2.3,0.00861999827095472,83,83.0,scanloc_state:AEC,unknown,auto_confirm,automatic,aka2026tsxnsm,aka2026tsxnsm
matched,onsite,2026-10-05 16:55:19.00,2026-10-05 16:55:19.14,0.142,57.64972305297852,57.65,-155.8485565185547,-155.849,0.04055376774586217,5.0,5.0,0.0,3.443219970455331,3.4,0.04321997045533088,127,127.0,scanloc_global_assoc:AEC,unknown,auto_confirm,automatic,aka2026tsxxtn,aka2026tsxxtn
root_only,onsite,2026-10-05 17:03:46.00,,,51.23928070068359,,-179.17486572265625,,,45.03810882568359,,,3.0502635062029535,,,50,,scanloc_state:AEC,,auto_confirm,,aka2026tsyezt,
root_only,onsite,2026-10-05 17:18:20.00,,,51.20522308349609,,-177.124267578125,,,28.90538024902344,,,2.4941727070453834,,,23,,scanloc_state:AEC,,auto_confirm,,aka2026tsyruk,
matched,onsite,2026-10-05 17:25:55.00,2026-10-05 17:25:55.75,0.753,60.03110885620117,60.031,-153.11158752441406,-153.112,0.025911964692531302,0.167281374335289,0.2,0.03271862566471101,0.34464870537761166,0.3,0.044648705377611675,6,6.0,scanloc_state:AEC,unknown,auto_confirm,automatic,aka2026tsyyhy,aka2026tsyyhy
matched,onsite,2026-10-05 17:36:10.00,2026-10-05 17:36:10.81,0.818,61.16980361938477,61.17,-152.0231475830078,-152.023,0.023226176505779603,20.44084930419922,20.4,0.04084930419922017,0.7272885676845267,0.6,0.12728856768452668,9,9.0,scanloc_state:AEC,unknown,auto_confirm,automatic,aka2026tszhfb,aka2026tszhfb
matched,onsite,2026-10-05 17:43:28.00,2026-10-05 17:43:28.92,0.922,57.61722946166992,57.617,-155.77333068847656,-155.773,0.032231191833029034,6.386374473571777,6.4,0.013625526428223012,1.8786736164279878,1.9,0.02132638357201211,37,37.0,scanloc_state:AEC,unknown,auto_confirm,automatic,aka2026tsznnh,aka2026tsznnh
matched,onsite,2026-10-05 18:05:53.00,2026-10-05 18:05:53.04,0.049,57.63786697387695,57.638,-155.80638122558594,-155.806,0.02708583985308357,0.9563906192779541,1.0,0.0436093807220459,2.721027378677367,2.7,0.021027378677366926,57,57.0,scolv:aaholland3,unknown,man_confirm,manual,aka2026ttagyp,aka2026ttagyp
matched,onsite,2026-10-05 18:35:02.00,2026-10-05 18:35:02.52,0.528,58.28360366821289,58.288,-154.9874725341797,-154.978,0.738618969624158,5.0,5.0,0.0,1.0440960755050406,1.0,0.04409607550504058,20,15.0,scanloc_state:AEC,unknown,auto_confirm,automatic,aka2026ttbgfy,aka2026ttbgfy
root_only,onsite,2026-10-05 18:46:24.00,,,53.09187698364258,,-164.803466796875,,,5.0,,,2.7364139293339957,,,7,,scanloc_state:AEC,,auto_confirm,,aka2026ttbqen,
root_only,onsite,2026-10-05 18:57:01.00,,,54.71699905395508,,-161.3927001953125,,,28.662046432495117,,,2.9328783782789345,,,42,,scanloc_state:AEC,,auto_confirm,,aka2026ttbzhj,
matched,onsite,2026-10-05 18:59:39.00,2026-10-05 18:59:39.95,0.958,62.96829605102539,62.968,-150.56130981445312,-150.561,0.03645305022773663,91.10681915283203,91.1,0.006819152832036934,1.9545303456674972,1.9,0.05453034566749726,40,40.0,scanloc_state:AEC,unknown,auto_confirm,automatic,aka2026ttcbtx,aka2026ttcbtx
matched,onsite,2026-10-05 20:00:17.00,2026-10-05 20:00:17.63,0.633,61.60061645507812,61.609,-149.78298950195312,-149.777,0.9845410983150107,19.36569595336914,22.4,3.034304046630858,2.020816768404282,1.9,0.12081676840428202,58,52.0,scanloc_state:AEC,unknown,auto_confirm,automatic,aka2026ttecdg,aka2026ttecdg
root_only,onsite,2026-10-05 20:11:31.00,,,60.4780158996582,,-139.7057647705078,,,0.4666406810283661,,,2.634438039632301,,,24,,scanloc_state:AEC,,auto_confirm,,aka2026ttelxb,
matched,onsite,2026-10-05 20:50:08.00,2026-10-05 20:50:08.26,0.26,64.72823333740234,64.728,-140.7681121826172,-140.768,0.02648681363736872,2.814049243927002,2.8,0.01404924392700213,3.2121066903101956,3.2,0.0121066903101954,65,65.0,scolv:aaholland3,unknown,man_confirm,manual,aka2026ttftim,aka2026ttftim
matched,onsite,2026-10-05 21:40:18.00,2026-10-05 21:40:18.60,0.606,60.9811897277832,60.988,-151.30075073242188,-151.308,0.8522465891011671,65.78099822998047,65.4,0.38099822998046307,1.6985116129813758,1.5,0.19851161298137576,43,40.0,scanloc_state:AEC,unknown,auto_confirm,automatic,aka2026tthjua,aka2026tthjua
matched,onsite,2026-10-05 21:42:49.00,2026-10-05 21:42:49.85,0.85,61.853271484375,61.85,-150.58876037597656,-150.587,0.375310270915772,56.16568756103516,55.5,0.6656875610351634,1.963664610419885,1.9,0.06366461041988503,42,41.0,scanloc_state:AEC,unknown,auto_confirm,automatic,aka2026tthnbf,aka2026tthnbf
matched,onsite,2026-10-05 22:04:20.00,2026-10-05 22:04:20.93,0.938,58.16658782958984,58.167,-155.35511779785156,-155.355,0.04634906348001724,5.0,5.0,0.0,0.6523011365722625,0.6,0.05230113657226254,9,9.0,scanloc_state:AEC,unknown,auto_confirm,automatic,aka2026ttifsn,aka2026ttifsn
matched,onsite,2026-10-05 22:14:04.00,2026-10-05 22:14:04.65,0.652,62.26945495605469,62.269,-149.88848876953125,-149.888,0.05655776564003903,18.13068199157715,18.1,0.030681991577147016,1.6001399004159225,1.4,0.20013990041592256,15,15.0,scanloc_state:AEC,unknown,auto_confirm,automatic,aka2026ttiodu,aka2026ttiodu
matched,onsite,2026-10-05 23:27:53.00,2026-10-05 23:27:53.08,0.082,60.31680679321289,60.319,-149.2946319580078,-149.297,0.27654255074740597,15.8525972366333,15.0,0.8525972366333008,2.0819823950361753,2.1,0.018017604963824763,55,54.0,scanloc_state:AEC,unknown,auto_confirm,automatic,aka2026ttlabs,aka2026ttlabs
matched,onsite,2026-10-05 23:42:07.00,2026-10-05 23:42:09.96,2.96,53.70375823974609,53.704,-166.952880859375,-167.05116666667,6.469501841433949,43.50407791137695,13.79,29.714077911376954,1.6284912797439566,1.34,0.2884912797439565,7,10.0,scanloc_state:AEC,unknown,auto_confirm,manual,aka2026ttlmmp,av94461731
matched,onsite,2026-10-06 00:40:14.00,2026-10-06 00:40:14.39,0.399,61.99692153930664,61.997,-148.5165557861328,-148.517,0.0247782868445684,5.211832523345947,5.2,0.011832523345947088,1.5809540931999593,1.6,0.019045906800040813,29,29.0,scolv:abakken,unknown,man_confirm,manual,aka2026ttnkwz,aka2026ttnkwz
matched,onsite,2026-10-06 00:57:31.00,2026-10-06 00:57:31.90,0.904,53.61359024047852,53.614,-164.99559020996094,-164.996,0.052978212225071694,38.24958801269531,38.2,0.04958801269530966,3.3490439938981287,3.3,0.04904399389812886,56,56.0,scolv:abakken,unknown,man_confirm,manual,aka2026ttnzzs,aka2026ttnzzs
matched,onsite,2026-10-06 01:00:12.00,2026-10-06 01:00:12.64,0.641,64.25892639160156,64.259,-153.60035705566406,-153.6,0.019087074102258707,11.40184497833252,11.4,0.001844978332519176,2.318897147357861,2.3,0.018897147357860966,22,22.0,scolv:abakken,unknown,man_confirm,manual,aka2026ttobld,aka2026ttobld
matched,onsite,2026-10-06 01:02:51.00,2026-10-06 01:02:51.48,0.483,53.56363677978516,53.564,-165.00753784179688,-165.008,0.05062395303032956,28.86497116088867,28.9,0.03502883911133026,2.915549429923904,2.9,0.015549429923904068,48,48.0,scolv:abakken,unknown,man_confirm,manual,aka2026ttoemp,aka2026ttoemp
matched,onsite,2026-10-06 01:49:17.00,2026-10-06 01:49:17.50,0.504,61.25310134887695,61.253,-146.8922119140625,-146.892,0.01598229456443348,27.986583709716797,28.0,0.013416290283203125,1.5152424898756545,1.5,0.015242489875654464,29,29.0,scolv:abakken,unknown,man_confirm,manual,aka2026ttpstl,aka2026ttpstl
matched,onsite,2026-10-06 02:04:08.00,2026-10-06 02:04:08.07,0.072,60.88418960571289,60.884,-151.60203552246094,-151.602,0.021170614176394154,80.76496124267578,80.8,0.03503875732421591,1.4296783779614954,1.4,0.029678377961495528,34,34.0,scolv:abakken,unknown,man_confirm,manual,aka2026ttqfqc,aka2026ttqfqc
matched,onsite,2026-10-06 02:24:31.00,2026-10-06 02:24:31.76,0.769,60.56117630004883,60.561,-139.89308166503906,-139.893,0.020105311166481198,4.899898052215576,4.9,0.0001019477844241834,2.104549097681749,2.1,0.004549097681748826,26,26.0,scolv:abakken,unknown,man_confirm,manual,aka2026ttqxhr,aka2026ttqxhr
matched,onsite,2026-10-06 02:26:23.00,2026-10-06 02:26:23.74,0.742,61.26940155029297,61.269,-146.86337280273438,-146.863,0.04889503414859294,0.0,0.0,0.0,1.521469286962163,1.5,0.021469286962163103,14,14.0,scolv:abakken,unknown,man_confirm,manual,aka2026ttqyyd,aka2026ttqyyd
matched,onsite,2026-10-06 02:33:44.00,2026-10-06 02:33:44.70,0.709,63.8518180847168,63.852,-148.6083221435547,-148.608,0.02565872281340149,8.235252380371094,8.2,0.03525238037109446,1.422968167548425,1.4,0.02296816754842501,31,31.0,scolv:abakken,unknown,man_confirm,manual,aka2026ttrfhu,aka2026ttrfhu
matched,onsite,2026-10-06 02:48:31.00,2026-10-06 02:48:31.73,0.737,61.9283561706543,61.928,-149.15992736816406,-149.16,0.039786305392255604,16.681438446044922,16.7,0.018561553955077414,1.4504686821665655,1.5,0.04953131783343445,35,35.0,scolv:abakken,unknown,man_confirm,manual,aka2026ttrrwf,aka2026ttrrwf
matched,onsite,2026-10-06 03:08:07.00,2026-10-06 03:08:07.67,0.672,58.13566970825195,58.136,-156.3948516845703,-156.395,0.03774458125379749,4.175832271575928,4.2,0.024167728424072443,2.2283633782567778,2.2,0.028363378256777594,62,62.0,scolv:abakken,unknown,man_confirm,manual,aka2026ttsjcp,aka2026ttsjcp
matched,onsite,2026-10-06 03:10:22.00,2026-10-06 03:10:22.34,0.341,59.99249649047852,59.992,-141.47393798828125,-141.474,0.055314822293476125,11.509681701660156,11.5,0.00968170166015625,2.0721380736890205,2.1,0.027861926310979612,32,32.0,scolv:abakken,unknown,man_confirm,manual,aka2026ttsleu,aka2026ttsleu
matched,onsite,2026-10-06 03:29:08.00,2026-10-06 03:29:08.14,0.144,61.46307754516602,61.463,-146.23812866210938,-146.238,0.01100280471535868,11.555171012878418,11.6,0.044828987121581676,2.4153153795146456,2.4,0.015315379514645677,96,96.0,scolv:abakken,unknown,man_confirm,manual,aka2026tttbik,aka2026tttbik
matched,onsite,2026-10-06 03:56:13.00,2026-10-06 03:56:13.82,0.822,61.52228546142578,61.522,-146.4133758544922,-146.413,0.03747881010039811,33.918724060058594,33.9,0.01872406005859517,1.8575169188642464,1.9,0.0424830811357535,38,38.0,scolv:abakken,unknown,man_confirm,manual,aka2026tttypy,aka2026tttypy
matched,onsite,2026-10-06 03:58:19.00,2026-10-06 03:58:19.81,0.811,69.61801147460938,69.618,-145.1814727783203,-145.181,0.01835354286724418,12.14598560333252,12.1,0.045985603332519887,2.6641670551253314,2.7,0.035832944874668815,27,27.0,scolv:abakken,unknown,man_confirm,manual,aka2026ttubgz,aka2026ttubgz
matched,onsite,2026-10-06 04:01:16.00,2026-10-06 04:01:16.68,0.687,60.37231063842773,60.372,-140.51512145996094,-140.515,0.03518079764975498,27.18038749694824,27.2,0.019612503051760655,2.2216250996167055,2.2,0.021625099616705334,21,21.0,scolv:abakken,unknown,man_confirm,manual,aka2026ttudev,aka2026ttudev
matched,onsite,2026-10-06 04:01:29.00,2026-10-06 04:01:29.03,0.033,61.54843521118164,61.548,-149.9036407470703,-149.903,0.059110844102875926,32.74760437011719,32.8,0.05239562988280966,3.3560025455762386,3.4,0.04399745442376135,216,214.0,scolv:aaholland3,unknown,man_confirm,automatic,aka2026ttudjl,aka2026ttudjl
matched,onsite,2026-10-06 04:01:31.00,2026-10-06 04:01:31.27,0.276,51.40969085693359,51.41,-178.3264923095703,-178.326,0.04845151865193829,13.03984546661377,13.0,0.03984546661376953,2.4061882379907673,2.4,0.006188237990767398,18,18.0,scolv:abakken,unknown,man_confirm,manual,aka2026ttudkn,aka2026ttudkn
matched,onsite,2026-10-06 04:24:05.00,2026-10-06 04:24:05.02,0.029,60.1878776550293,60.188,-152.59913635253906,-152.599,0.015552820418150306,86.88378143310547,86.9,0.016218566894536934,1.2053233202372273,1.2,0.005323320237227369,36,36.0,scolv:abakken,unknown,man_confirm,manual,aka2026ttuwza,aka2026ttuwza
matched,onsite,2026-10-06 04:32:30.00,2026-10-06 04:32:30.92,0.925,58.15517044067383,58.155,-155.3624267578125,-155.362,0.031401512561634606,5.0,5.0,0.0,0.7351793227515234,0.7,0.03517932275152347,11,11.0,scolv:abakken,unknown,man_confirm,manual,aka2026ttvehg,aka2026ttvehg
matched,onsite,2026-10-06 04:49:40.00,2026-10-06 04:49:40.16,0.168,59.16885375976562,59.169,-152.7960968017578,-152.796,0.017171438517296387,66.4295425415039,66.4,0.029542541503900566,1.829926705337962,1.8,0.029926705337961934,54,54.0,scolv:abakken,unknown,man_confirm,manual,aka2026ttvsxm,aka2026ttvsxm
matched,onsite,2026-10-06 05:22:17.00,2026-10-06 05:22:17.21,0.211,61.55561828613281,61.556,-151.5938720703125,-151.594,0.04298202964070487,80.62332153320312,80.6,0.023321533203130684,2.4205089541234845,2.4,0.020508954123484635,119,119.0,scolv:abakken,unknown,man_confirm,manual,aka2026ttwvms,aka2026ttwvms
matched,onsite,2026-10-06 05:30:42.00,2026-10-06 05:30:42.01,0.013,63.03653335571289,63.037,-150.8304901123047,-150.83,0.0574718926904019,109.29476928710938,109.3,0.005230712890622158,1.9266360667624665,1.9,0.026636066762466548,64,64.0,scolv:abakken,unknown,man_confirm,manual,aka2026ttxcwj,aka2026ttxcwj
matched,onsite,2026-10-06 05:47:32.00,2026-10-06 05:47:32.23,0.236,60.69718170166016,60.697,-152.08372497558594,-152.084,0.025144271223443235,87.20225524902344,87.2,0.002255249023434658,1.293111857874233,1.3,0.006888142125766938,42,42.0,scolv:abakken,unknown,man_confirm,manual,aka2026ttxriv,aka2026ttxriv
matched,onsite,2026-10-06 05:51:58.00,2026-10-06 05:51:58.05,0.056,59.39217758178711,59.392,-152.307373046875,-152.307,0.028913404905169766,76.86402893066406,76.9,0.035971069335943184,1.6278068505135515,1.6,0.027806850513551362,30,30.0,scolv:abakken,unknown,man_confirm,manual,aka2026ttxvgz,aka2026ttxvgz
matched,onsite,2026-10-06 06:01:02.00,2026-10-06 06:01:02.73,0.736,61.65600967407227,61.656,-151.80038452148438,-151.8,0.020327896095592872,87.4863510131836,87.5,0.01364898681640625,1.5807588177733534,1.6,0.019241182226646725,34,34.0,scolv:abakken,unknown,man_confirm,manual,aka2026ttydad,aka2026ttydad
matched,onsite,2026-10-06 06:04:50.00,2026-10-06 06:04:50.97,0.976,63.83810806274414,63.838,-147.66392517089844,-147.664,0.012563593494337581,5.0,5.0,0.0,3.125868591741034,3.1,0.025868591741033953,135,135.0,scolv:abakken,unknown,man_confirm,manual,aka2026ttygip,aka2026ttygip
matched,onsite,2026-10-06 06:25:41.00,2026-10-06 06:25:41.35,0.352,55.54139709472656,55.541,-158.77122497558594,-158.771,0.04636815660194266,37.644718170166016,37.6,0.044718170166014204,2.4779109258678047,2.5,0.022089074132195297,28,28.0,scolv:abakken,unknown,man_confirm,manual,aka2026ttyyki,aka2026ttyyki
matched,onsite,2026-10-06 06:47:01.00,2026-10-06 06:47:01.85,0.857,64.74103546142578,64.741,-149.0709686279297,-149.071,0.004214740888176246,14.511625289916992,14.5,0.011625289916992188,1.2333629192999762,1.2,0.03336291929997626,27,27.0,scolv:abakken,unknown,man_confirm,manual,aka2026ttzqxu,aka2026ttzqxu
matched,onsite,2026-10-06 07:01:14.00,2026-10-06 07:01:14.47,0.479,64.88556671142578,64.886,-148.7397918701172,-148.74,0.04917055758825136,11.48378562927246,11.5,0.01621437072754084,1.469361089266565,1.5,0.030638910733435054,36,36.0,scolv:abakken,unknown,man_confirm,manual,aka2026tuadfz,aka2026tuadfz
matched,onsite,2026-10-06 07:26:02.00,2026-10-06 07:26:02.68,0.688,60.42792892456055,60.428,-152.18121337890625,-152.181,0.014127058735735616,81.5862808227539,81.6,0.013719177246088066,1.342495281385364,1.3,0.04249528138536385,32,32.0,scolv:abakken,unknown,man_confirm,manual,aka2026tuaytk,aka2026tuaytk
matched,onsite,2026-10-06 08:09:37.00,2026-10-06 08:09:37.02,0.023,63.03946304321289,63.039,-149.6978759765625,-149.698,0.05186630177417878,87.66143035888672,87.7,0.03856964111328409,1.7452354968547847,1.7,0.045235496854784785,36,36.0,scolv:abakken,unknown,man_confirm,manual,aka2026tucikh,aka2026tucikh
matched,onsite,2026-10-06 08:20:44.00,2026-10-06 08:20:44.26,0.263,61.98960876464844,61.99,-144.22291564941406,-144.223,0.04372581626859615,12.742199897766113,12.7,0.04219989776611399,1.5162111238097065,1.5,0.016211123809706462,24,24.0,scolv:abakken,unknown,man_confirm,manual,aka2026tucued,aka2026tucued
matched,onsite,2026-10-06 08:21:34.00,2026-10-06 08:21:34.54,0.543,62.0050277709961,62.005,-144.216064453125,-144.216,0.004566482621176236,13.90135955810547,13.9,0.001359558105470171,0.8463495336206804,0.8,0.046349533620680394,8,8.0,scolv:aaholland3,unknown,man_confirm,manual,aka2026tucuxa,aka2026tucuxa
matched,onsite,2026-10-06 08:57:54.00,2026-10-06 08:57:54.86,0.869,62.08077621459961,62.081,-151.36097717285156,-151.361,0.02491216648906092,85.41761016845703,85.4,0.017610168457025566,1.6226103349584666,1.6,0.022610334958466538,32,32.0,scolv:abakken,unknown,man_confirm,manual,aka2026tueakr,aka2026tueakr
matched,onsite,2026-10-06 09:07:26.00,2026-10-06 09:07:26.54,0.545,61.07816696166992,61.078,-150.25975036621094,-150.26,0.022910272027260703,27.28737258911133,27.3,0.012627410888669033,1.698479953248761,1.7,0.001520046751238846,43,43.0,scolv:abakken,unknown,man_confirm,manual,aka2026tueiqw,aka2026tueiqw
matched,onsite,2026-10-06 09:10:21.00,2026-10-06 09:10:21.34,0.343,64.99164581298828,64.992,-151.28253173828125,-151.283,0.0451176374959326,0.7934715747833252,0.8,0.006528425216674849,1.5970153747414833,1.6,0.0029846252585168376,33,33.0,scolv:abakken,unknown,man_confirm,manual,aka2026tuelet,aka2026tuelet
matched,onsite,2026-10-06 09:13:08.00,2026-10-06 09:13:08.98,0.988,61.19710159301758,61.197,-151.77198791503906,-151.772,0.011315165878792714,93.66950988769531,93.7,0.030490112304690342,1.6933286434875676,1.7,0.006671356512432336,34,34.0,scolv:abakken,unknown,man_confirm,manual,aka2026tuenpu,aka2026tuenpu
matched,onsite,2026-10-06 09:22:50.00,2026-10-06 09:22:50.09,0.09,61.73426055908203,61.734,-150.10385131835938,-150.104,0.030012051241198597,6.686569690704346,6.7,0.013430309295654475,1.538712826538596,1.5,0.03871282653859609,33,33.0,scolv:abakken,unknown,man_confirm,manual,aka2026tuevzw,aka2026tuevzw
matched,onsite,2026-10-06 09:31:37.00,2026-10-06 09:31:37.24,0.244,61.63812637329102,61.638,-149.95681762695312,-149.957,0.01703705695307797,37.01005935668945,37.0,0.010059356689453125,1.7380508750824726,1.7,0.038050875082472624,39,39.0,scolv:abakken,unknown,man_confirm,manual,aka2026tufdqa,aka2026tufdqa
matched,onsite,2026-10-06 09:41:42.00,2026-10-06 09:41:42.62,0.628,60.14739990234375,60.147,-152.4477081298828,-152.448,0.04731075220603421,97.61356353759766,97.6,0.013563537597661934,1.28387064277125,1.3,0.016129357228749974,26,26.0,scolv:abakken,unknown,man_confirm,manual,aka2026tufmjn,aka2026tufmjn
matched,onsite,2026-10-06 09:45:31.00,2026-10-06 09:45:31.83,0.833,60.51788711547852,60.518,-152.2278289794922,-152.228,0.015657237495501238,109.30552673339844,109.3,0.005526733398440342,2.192561864840789,2.2,0.00743813515921099,83,83.0,scolv:abakken,unknown,man_confirm,manual,aka2026tufprt,aka2026tufprt
matched,onsite,2026-10-06 09:57:36.00,2026-10-06 09:57:36.94,0.945,54.52485656738281,54.525,-160.2991180419922,-160.299,0.017674720024677043,2.332261323928833,2.3,0.032261323928833185,2.719338229855478,2.7,0.019338229855477618,25,25.0,scolv:abakken,unknown,man_confirm,manual,aka2026tugact,aka2026tugact
matched,onsite,2026-10-06 10:31:36.00,2026-10-06 10:31:36.93,0.938,58.70679473876953,58.707,-151.40565490722656,-151.406,0.0303017061003513,25.769838333129883,25.8,0.030161666870117898,1.959842216999079,2.0,0.04015778300092099,29,29.0,scolv:abakken,unknown,man_confirm,manual,aka2026tuhdsa,aka2026tuhdsa
matched,onsite,2026-10-06 10:41:21.00,2026-10-06 10:41:21.82,0.827,56.64057922363281,56.641,-135.79562377929688,-135.796,0.052137438886418044,1.9961892366409302,2.0,0.0038107633590698242,2.3204622637593264,2.3,0.020462263759326582,20,20.0,scolv:abakken,unknown,man_confirm,manual,aka2026tuhmda,aka2026tuhmda
matched,onsite,2026-10-06 10:56:30.00,2026-10-06 10:56:30.75,0.756,62.74091720581055,62.741,-149.6898193359375,-149.69,0.013015932630563476,71.47254943847656,71.5,0.0274505615234375,2.323205577154271,2.3,0.023205577154270962,162,162.0,scolv:abakken,unknown,man_confirm,manual,aka2026tuhzfq,aka2026tuhzfq
matched,onsite,2026-10-06 11:09:05.00,2026-10-06 11:09:05.19,0.19,51.12367248535156,51.124,-176.217041015625,-176.217,0.03653029164308575,18.528074264526367,18.5,0.028074264526367188,2.6300011391968336,2.6,0.03000113919683356,28,28.0,scolv:abakken,unknown,man_confirm,manual,aka2026tuikby,aka2026tuikby
matched,onsite,2026-10-06 11:12:01.00,2026-10-06 11:12:01.24,0.243,60.47356033325195,60.474,-152.4578094482422,-152.458,0.049991435188092494,95.1640625,95.2,0.03593750000000284,1.3586910282307623,1.4,0.041308971769237646,42,42.0,scolv:abakken,unknown,man_confirm,manual,aka2026tuimro,aka2026tuimro
matched,onsite,2026-10-06 11:22:45.00,2026-10-06 11:22:45.68,0.683,62.71124267578125,62.711,-149.7086639404297,-149.709,0.03196362460419386,61.79945373535156,61.8,0.0005462646484346578,1.6312119752975935,1.6,0.031211975297593453,40,40.0,scolv:abakken,unknown,man_confirm,manual,aka2026tuiwal,aka2026tuiwal
matched,onsite,2026-10-06 11:26:00.00,2026-10-06 11:26:00.68,0.681,61.6192626953125,61.619,-146.3861083984375,-146.386,0.02976695892085076,35.894996643066406,35.9,0.005003356933592329,1.704995549263327,1.7,0.004995549263327126,43,43.0,scolv:abakken,unknown,man_confirm,manual,aka2026tuiyuq,aka2026tuiyuq
matched,onsite,2026-10-06 11:50:52.00,2026-10-06 11:50:52.12,0.121,59.86418914794922,59.864,-141.58811950683594,-141.588,0.02206506234565375,5.020487308502197,5.0,0.020487308502197266,2.011013773718025,2.0,0.011013773718024922,29,29.0,scolv:abakken,unknown,man_confirm,manual,aka2026tujulm,aka2026tujulm
matched,onsite,2026-10-06 11:53:41.00,2026-10-06 11:53:41.22,0.228,52.01003646850586,52.01,-171.01031494140625,-171.01,0.021933684516093902,88.1218490600586,88.1,0.021849060058599434,3.1773597962140534,3.2,0.022640203785946778,27,27.0,scolv:abakken,unknown,man_confirm,manual,aka2026tujwzt,aka2026tujwzt
matched,onsite,2026-10-06 11:54:11.00,2026-10-06 11:54:11.45,0.452,62.78586959838867,62.786,-151.95236206054688,-151.952,0.02343551431465148,1.6790695190429688,1.7,0.020930480957031206,2.405826651713723,2.4,0.005826651713722875,72,72.0,scolv:abakken,unknown,man_confirm,manual,aka2026tujxgg,aka2026tujxgg
matched,onsite,2026-10-06 11:56:42.00,2026-10-06 11:56:42.55,0.553,50.98282241821289,50.983,-179.191650390625,-179.192,0.03144637498672276,12.149038314819336,12.1,0.04903831481933629,2.751655717644624,2.8,0.04834428235537569,29,29.0,scolv:abakken,unknown,man_confirm,manual,aka2026tujpyx,aka2026tujpyx
matched,onsite,2026-10-06 12:09:09.00,2026-10-06 12:09:09.31,0.312,60.22811126708984,60.228,-152.62811279296875,-152.628,0.013851324704230927,110.59413146972656,110.6,0.005868530273431816,1.2051324367836007,1.2,0.005132436783600758,34,34.0,scolv:abakken,unknown,man_confirm,manual,aka2026tukkfl,aka2026tukkfl
matched,onsite,2026-10-06 12:20:07.00,2026-10-06 12:20:07.45,0.459,57.89904403686523,57.899,-154.27870178222656,-154.279,0.018289502242325336,60.42188262939453,60.4,0.02188262939453267,1.7351839324470595,1.7,0.03518393244705953,38,38.0,scolv:abakken,unknown,man_confirm,manual,aka2026tuktsn,aka2026tuktsn
matched,onsite,2026-10-06 12:52:59.00,2026-10-06 12:52:59.83,0.838,55.89641952514648,55.896,-159.8332061767578,-159.833,0.048387705762227014,11.991494178771973,12.0,0.008505821228027344,2.164492044366053,2.2,0.03550795563394704,28,28.0,scolv:abakken,unknown,man_confirm,manual,aka2026tulwhi,aka2026tulwhi
root_only,onsite,2026-10-06 12:56:32.00,,,61.76084518432617,,-149.4730987548828,,,33.58002471923828,,,1.6433736621343276,,,14,,scolv:aaholland3,,man_confirm,,aka2026tulxbz,
matched,onsite,2026-10-06 12:58:24.00,2026-10-06 12:58:24.72,0.728,62.46858978271484,62.469,-152.12831115722656,-152.128,0.04833646722012342,115.8114776611328,115.8,0.011477661132801131,2.2489181680349795,2.2,0.04891816803497928,98,98.0,scolv:abakken,unknown,man_confirm,manual,aka2026tumayv,aka2026tumayv
matched,onsite,2026-10-06 13:02:34.00,2026-10-06 13:02:34.78,0.788,58.10469055175781,58.105,-153.9488525390625,-153.949,0.035482981707740044,9.783368110656738,9.8,0.01663188934326243,1.715229552876265,1.7,0.015229552876265151,38,38.0,scolv:abakken,unknown,man_confirm,manual,aka2026tumenp,aka2026tumenp
matched,onsite,2026-10-06 13:13:37.00,2026-10-06 13:13:37.30,0.302,61.63873291015625,61.639,-154.16567993164062,-154.166,0.03417386131186762,4.560318470001221,4.6,0.03968152999877894,1.6701790524809708,1.7,0.029820947519029195,16,16.0,scanloc_state:AEC,unknown,auto_confirm,automatic,aka2026tumocv,aka2026tumocv
matched,onsite,2026-10-06 13:28:40.00,2026-10-06 13:28:40.75,0.753,59.71099472045898,59.71,-152.81454467773438,-152.801,0.7676409472960695,87.00181579589844,87.5,0.4981842041015625,1.7870379483085381,1.7,0.08703794830853817,75,73.0,scanloc_state:AEC,unknown,auto_confirm,automatic,aka2026tunbea,aka2026tunbea
matched,onsite,2026-10-06 13:35:38.00,2026-10-06 13:35:38.57,0.579,63.15510177612305,63.155,-149.8322296142578,-149.832,0.01615571542849238,95.55364990234375,95.6,0.046350097656244316,2.1900288751699555,2.1,0.09002887516995539,74,74.0,scanloc_state:AEC,unknown,auto_confirm,automatic,aka2026tunhfd,aka2026tunhfd
matched,onsite,2026-10-06 13:44:28.00,2026-10-06 13:44:28.05,0.052,60.61532592773438,60.615,-152.35012817382812,-152.35,0.03691005401382642,88.98180389404297,89.0,0.01819610595703125,1.243907081765737,1.1,0.14390708176573686,35,35.0,scanloc_state:AEC,unknown,auto_confirm,automatic,aka2026tunowe,aka2026tunowe
matched,onsite,2026-10-06 13:46:12.00,2026-10-06 13:46:12.57,0.571,61.77548599243164,61.775,-151.7001495361328,-151.7,0.0546090513213038,89.74905395507812,89.7,0.04905395507812216,1.923955905545971,1.9,0.023955905545971046,48,48.0,scanloc_state:AEC,unknown,auto_confirm,automatic,aka2026tunqhz,aka2026tunqhz
matched,onsite,2026-10-06 14:19:38.00,2026-10-06 14:19:38.95,0.953,61.73910903930664,61.739,-150.18801879882812,-150.188,0.012164947830956107,5.0,5.0,0.0,2.2015927837341582,2.2,0.0015927837341580542,76,76.0,scanloc_state:AEC,unknown,auto_confirm,automatic,aka2026tuotiz,aka2026tuotiz
matched,onsite,2026-10-06 14:22:32.00,2026-10-06 14:22:26.01,5.986,50.80227279663086,50.5237,-172.92794799804688,-172.833,31.690570057370785,64.50993347167969,10.0,54.50993347167969,3.7529424269409093,3.9,0.14705757305909062,53,50.0,scolv:aaholland3,unknown,man_confirm,manual,aka2026tuowca,us6000u0jh
matched,onsite,2026-10-06 14:40:01.00,2026-10-06 14:40:01.76,0.763,61.22880172729492,61.229,-154.07275390625,-154.073,0.025681440443615228,11.716498374938965,11.7,0.016498374938965554,1.6446589020418965,1.7,0.05534109795810349,16,16.0,scanloc_state:AEC,unknown,auto_confirm,automatic,aka2026tupkzu,aka2026tupkzu
matched,onsite,2026-10-06 14:51:28.00,2026-10-06 14:51:28.86,0.863,64.47115325927734,64.471,-146.95904541015625,-146.956,0.1469316590981261,6.32463264465332,6.0,0.3246326446533203,2.328308975874843,2.3,0.028308975874843156,65,63.0,scanloc_state:AEC,unknown,auto_confirm,automatic,aka2026tupuyx,aka2026tupuyx
root_only,onsite,2026-10-06 14:52:42.00,,,51.31733322143555,,-176.1154022216797,,,26.86007308959961,,,2.314614830918181,,,10,,scanloc_state:AEC,,auto_confirm,,aka2026tupwan,
matched,onsite,2026-10-06 15:38:28.00,2026-10-06 15:38:28.07,0.07,59.34605026245117,59.347,-153.45960998535156,-153.454,0.3351169003991478,28.24060821533203,28.7,0.45939178466796804,1.4660815130225393,1.5,0.03391848697746069,20,19.0,scanloc_state:AEC,unknown,auto_confirm,automatic,aka2026turjpf,aka2026turjpf
matched,onsite,2026-10-06 15:45:11.00,2026-10-06 15:45:11.31,0.316,60.79828643798828,60.79,-150.751708984375,-150.754,0.9297568403950723,56.62276840209961,60.4,3.777231597900389,1.9287887745847243,1.9,0.028788774584724397,67,55.0,scanloc_state:AEC,unknown,auto_confirm,automatic,aka2026turpnq,aka2026turpnq
matched,onsite,2026-10-06 16:17:38.00,2026-10-06 16:17:38.57,0.572,57.62793731689453,57.628,-155.84237670898438,-155.842,0.023485631763376588,17.7331485748291,17.7,0.03314857482910227,1.3215203339615653,1.4,0.07847966603843459,8,8.0,scanloc_state:AEC,unknown,auto_confirm,automatic,aka2026tusrrg,aka2026tusrrg
matched,onsite,2026-10-06 16:20:09.00,2026-10-06 16:20:09.23,0.232,64.47431182861328,64.476,-146.9776153564453,-146.978,0.18861864178320575,6.488003253936768,6.5,0.011996746063232422,1.7931793622745613,1.8,0.006820637725438727,47,44.0,scanloc_state:AEC,unknown,auto_confirm,automatic,aka2026tustvy,aka2026tustvy
root_only,onsite,2026-10-06 16:37:59.00,,,51.29333877563477,,-177.47959899902344,,,21.278886795043945,,,2.5670078715351345,,,34,,scanloc_state:AEC,,auto_confirm,,aka2026tutjir,
matched,onsite,2026-10-06 17:29:38.00,2026-10-06 17:29:38.35,0.354,56.06460952758789,56.065,-157.48272705078125,-157.483,0.04660737897031832,26.122745513916016,26.1,0.022745513916014204,2.5159503144687156,2.5,0.015950314468715643,25,25.0,scanloc_state:AEC,unknown,auto_confirm,automatic,aka2026tuvccy,aka2026tuvccy
matched,onsite,2026-10-06 18:11:07.00,2026-10-06 18:11:07.85,0.851,61.60395812988281,61.604,-151.61773681640625,-151.618,0.01467530196981839,86.37553405761719,86.4,0.024465942382818184,1.8079912603556918,1.8,0.007991260355691754,39,39.0,scolv:abakken,unknown,man_confirm,manual,aka2026tuwmbx,aka2026tuwmbx
matched,onsite,2026-10-06 18:14:30.00,2026-10-06 18:14:30.55,0.557,59.27903366088867,59.279,-154.78158569335938,-154.782,0.0238303798045451,6.995528697967529,7.0,0.004471302032470703,1.8106755485795492,1.8,0.01067554857954911,37,37.0,scolv:abakken,unknown,man_confirm,manual,aka2026tuworu,aka2026tuworu
matched,onsite,2026-10-06 18:17:15.00,2026-10-06 18:17:15.62,0.628,51.06169509887695,51.062,-177.947509765625,-177.948,0.04819914522073899,27.785951614379883,27.8,0.014048385620117898,2.4627148363008877,2.5,0.03728516369911228,27,27.0,scolv:abakken,unknown,man_confirm,manual,aka2026tuwrij,aka2026tuwrij
matched,onsite,2026-10-06 18:34:31.00,2026-10-06 18:34:31.76,0.76,58.80206680297852,58.802,-153.60906982421875,-153.609,0.008447019512554551,87.57779693603516,87.6,0.022203063964838066,5.546107152727913,5.5,0.0461071527279131,148,148.0,scolv:aaholland3,unknown,man_confirm,manual,aka2026tuxgky,aka2026tuxgky
matched,onsite,2026-10-06 18:53:23.00,2026-10-06 18:53:23.67,0.676,52.95799255371094,52.958,-168.2569122314453,-168.257,0.005937096112100711,73.71592712402344,73.7,0.015927124023434658,2.4606111173214087,2.5,0.03938888267859131,20,20.0,scolv:abakken,unknown,man_confirm,manual,aka2026tuxwsq,aka2026tuxwsq
matched,onsite,2026-10-06 18:55:28.00,2026-10-06 18:55:28.97,0.978,58.81972122192383,58.82,-153.7577667236328,-153.758,0.03378270303932551,83.58296966552734,83.6,0.017030334472650566,1.8553549420191062,1.9,0.04464505798089369,36,36.0,scolv:abakken,unknown,man_confirm,manual,aka2026tuxynj,aka2026tuxynj
matched,onsite,2026-10-06 19:11:21.00,2026-10-06 19:11:21.57,0.577,59.8647346496582,59.865,-152.85366821289062,-152.854,0.03483732400125405,96.60977935791016,96.6,0.009779357910161934,0.9692852621323971,1.0,0.030714737867602926,28,28.0,scolv:abakken,unknown,man_confirm,manual,aka2026tuymhn,aka2026tuymhn
matched,onsite,2026-10-06 19:12:56.00,2026-10-06 19:12:56.38,0.384,58.49910736083984,58.499,-155.01382446289062,-155.014,0.01570132776635236,5.0,5.0,0.0,0.6514690314521089,0.6,0.051469031452108904,6,6.0,scanloc_state:AEC,unknown,auto_confirm,automatic,aka2026tuynrd,aka2026tuynrd
matched,onsite,2026-10-06 19:18:33.00,2026-10-06 19:18:33.30,0.306,58.53610229492188,58.536,-154.30491638183594,-154.305,0.012366746046374418,5.0,5.0,0.0,1.1938013351328227,1.2,0.006198664867177239,6,6.0,scanloc_state:AEC,unknown,auto_confirm,automatic,aka2026tuysns,aka2026tuysns
matched,onsite,2026-10-06 19:21:53.00,2026-10-06 19:21:53.56,0.567,58.80447387695312,58.804,-153.6934814453125,-153.693,0.0595433386158515,85.56114196777344,85.6,0.038858032226556816,1.8164401931559127,1.8,0.016440193155912608,54,54.0,scolv:abakken,unknown,man_confirm,manual,aka2026tuyupr,aka2026tuyupr
matched,onsite,2026-10-06 19:26:27.00,2026-10-06 19:26:27.50,0.502,60.07757949829102,60.078,-151.11248779296875,-151.112,0.054021469917365394,52.46258163452148,52.5,0.03741836547852273,1.8174101267964597,1.8,0.017410126796459702,57,57.0,scolv:abakken,unknown,man_confirm,manual,aka2026tuyzkk,aka2026tuyzkk
matched,onsite,2026-10-06 19:38:37.00,2026-10-06 19:38:37.03,0.032,63.15866088867188,63.159,-149.70095825195312,-149.701,0.0377656697861011,85.1707534790039,85.2,0.029246520996096592,2.016312169998992,2.0,0.016312169998991877,76,76.0,scolv:abakken,unknown,man_confirm,manual,aka2026tuzjyj,aka2026tuzjyj
matched,onsite,2026-10-06 19:41:31.00,2026-10-06 19:41:31.62,0.621,64.51467895507812,64.515,-147.47186279296875,-147.472,0.0362971338816587,0.3900320827960968,0.4,0.00996791720390322,1.8130938876036355,1.8,0.013093887603635501,57,57.0,scolv:abakken,unknown,man_confirm,manual,aka2026tuzmlo,aka2026tuzmlo
matched,onsite,2026-10-06 20:08:43.00,2026-10-06 20:08:43.29,0.291,64.66382598876953,64.664,-149.32273864746094,-149.323,0.023000977082156645,16.67085838317871,16.7,0.029141616821288352,1.1459966718768286,1.1,0.04599667187682854,21,21.0,scolv:abakken,unknown,man_confirm,manual,aka2026tvakas,aka2026tvakas
matched,onsite,2026-10-06 20:13:36.00,2026-10-06 20:13:36.40,0.408,60.34756469726562,60.348,-140.6729278564453,-140.673,0.048565888608290836,0.19693057239055634,0.2,0.0030694276094436757,2.027791952774702,2.0,0.027791952774701922,28,28.0,scolv:abakken,unknown,man_confirm,manual,aka2026tvaohb,aka2026tvaohb
matched,onsite,2026-10-06 20:32:59.00,2026-10-06 20:32:59.56,0.569,51.82610702514648,51.826,-170.35317993164062,-170.353,0.01716201489914605,22.678749084472656,22.7,0.02125091552734304,3.413892137371906,3.4,0.013892137371906088,46,46.0,scolv:abakken,unknown,man_confirm,manual,aka2026tvbfeo,aka2026tvbfeo
matched,onsite,2026-10-06 20:34:34.00,2026-10-06 20:34:34.73,0.739,54.71106338500977,54.711,-156.8323211669922,-156.832,0.021801616163864005,32.76737976074219,32.8,0.03262023925780966,3.52297660478291,3.5,0.02297660478290986,78,78.0,scolv:abakken,unknown,man_confirm,manual,aka2026tvbgrt,aka2026tvbgrt
matched,onsite,2026-10-06 20:36:34.00,2026-10-06 20:36:34.97,0.972,56.17501831054688,56.175,-150.36827087402344,-150.368,0.01688960892770142,5.0,5.0,0.0,2.9801782629614446,3.0,0.019821737038555387,34,34.0,scolv:abakken,unknown,man_confirm,manual,aka2026tvbicf,aka2026tvbicf
matched,onsite,2026-10-06 20:42:27.00,2026-10-06 20:42:27.45,0.455,61.4078254699707,61.408,-150.93418884277344,-150.934,0.02185434360524938,64.24774169921875,64.2,0.04774169921874716,1.6261145525010825,1.6,0.02611455250108241,42,42.0,scolv:abakken,unknown,man_confirm,manual,aka2026tvbnhs,aka2026tvbnhs
matched,onsite,2026-10-06 20:44:34.00,2026-10-06 20:44:34.39,0.392,61.40750885009766,61.408,-150.1287078857422,-150.129,0.056782591446651036,38.53461456298828,38.5,0.03461456298828125,1.6799985787413103,1.7,0.020001421258689644,59,59.0,scolv:abakken,unknown,man_confirm,manual,aka2026tvbpcm,aka2026tvbpcm
matched,onsite,2026-10-06 20:54:00.00,2026-10-06 20:54:00.06,0.061,63.27669906616211,63.277,-151.09930419921875,-151.099,0.03675716511950713,5.0,5.0,0.0,1.9233251637537205,1.9,0.023325163753720624,53,53.0,scolv:abakken,unknown,man_confirm,manual,aka2026tvbxjn,aka2026tvbxjn
matched,onsite,2026-10-06 21:01:25.00,2026-10-06 21:01:25.03,0.033,58.36566925048828,58.366,-154.8113555908203,-154.811,0.04222178518583907,107.47125244140625,107.5,0.02874755859375,1.2696748858264357,1.3,0.030325114173564316,33,33.0,scolv:abakken,unknown,man_confirm,manual,aka2026tvcdse,aka2026tvcdse
matched,onsite,2026-10-06 21:07:20.00,2026-10-06 21:07:20.12,0.129,64.6601333618164,64.66,-149.24440002441406,-149.244,0.024131279838960337,16.190837860107422,16.2,0.009162139892577414,1.6476094520701172,1.6,0.04760945207011713,40,40.0,scolv:abakken,unknown,man_confirm,manual,aka2026tvciwd,aka2026tvciwd
matched,onsite,2026-10-06 21:09:07.00,2026-10-06 21:09:07.96,0.967,61.38621520996094,61.386,-146.55543518066406,-146.555,0.033312130786695024,18.717010498046875,18.7,0.01701049804687571,1.863457662391384,1.9,0.036542337608615805,47,47.0,scolv:abakken,unknown,man_confirm,manual,aka2026tvckkk,aka2026tvckkk
matched,onsite,2026-10-06 21:28:22.00,2026-10-06 21:28:22.35,0.357,51.49288940429688,51.493,-175.4647216796875,-175.465,0.02285838861551744,60.44196319580078,60.4,0.04196319580078267,2.410054851336116,2.4,0.010054851336116055,23,23.0,scolv:abakken,unknown,man_confirm,manual,aka2026tvdbbp,aka2026tvdbbp
matched,onsite,2026-10-06 21:33:18.00,2026-10-06 21:33:18.44,0.447,57.76087188720703,57.761,-155.35494995117188,-155.355,0.014551549638409506,77.4588394165039,77.5,0.04116058349609375,1.3493214477854782,1.3,0.0493214477854782,24,24.0,scolv:abakken,unknown,man_confirm,manual,aka2026tvdfhn,aka2026tvdfhn
matched,onsite,2026-10-06 21:34:04.00,2026-10-06 21:34:04.02,0.026,61.3250961303711,61.325,-150.6729278564453,-150.673,0.011361167180356803,59.39654922485352,59.4,0.0034507751464758485,1.6808767400199347,1.7,0.019123259980065255,51,51.0,scolv:abakken,unknown,man_confirm,manual,aka2026tvdgao,aka2026tvdgao
matched,onsite,2026-10-06 21:54:50.00,2026-10-06 21:54:50.80,0.803,61.40409851074219,61.404,-150.95077514648438,-150.951,0.016223326078842627,60.79434967041016,60.8,0.005650329589833802,2.311191698050307,2.3,0.011191698050307064,97,97.0,scolv:abakken,unknown,man_confirm,manual,aka2026tvdybl,aka2026tvdybl
matched,onsite,2026-10-06 22:10:39.00,2026-10-06 22:10:39.82,0.827,58.77058410644531,58.771,-153.84217834472656,-153.842,0.04737442210903021,87.75546264648438,87.8,0.04453735351562216,1.694082009053902,1.7,0.005917990946098017,25,25.0,scolv:abakken,unknown,man_confirm,manual,aka2026tvekzj,aka2026tvekzj
matched,onsite,2026-10-06 22:11:48.00,2026-10-06 22:11:48.01,0.011,59.89347076416016,59.893,-152.84327697753906,-152.843,0.054578698295069755,97.3949966430664,97.4,0.005003356933599434,1.552495300970884,1.6,0.04750469902911614,42,42.0,scolv:abakken,unknown,man_confirm,manual,aka2026tvemti,aka2026tvemti
matched,onsite,2026-10-06 22:33:02.00,2026-10-06 22:33:02.38,0.384,55.76358413696289,55.764,-156.01315307617188,-156.013,0.047223032127061186,40.399112701416016,40.4,0.0008872985839829539,2.5292251355257735,2.5,0.02922513552577355,40,40.0,scolv:abakken,unknown,man_confirm,manual,aka2026tvffdw,aka2026tvffdw
matched,onsite,2026-10-06 23:07:13.00,2026-10-06 23:07:13.33,0.33,61.72289276123047,61.723,-147.22702026367188,-147.227,0.011972087959288613,27.13646697998047,27.1,0.03646697998046733,1.7577457038490558,1.8,0.042254296150944226,44,44.0,scolv:abakken,unknown,man_confirm,manual,aka2026tvgiug,aka2026tvgiug
matched,onsite,2026-10-06 23:37:37.00,2026-10-06 23:37:37.61,0.612,57.78071594238281,57.781,-154.97808837890625,-154.978,0.032017386305151385,80.4469223022461,80.4,0.046922302246088066,1.5697558820668192,1.6,0.030244117933180936,31,31.0,scolv:abakken,unknown,man_confirm,manual,aka2026tvhjdv,aka2026tvhjdv
matched,onsite,2026-10-06 23:47:33.00,2026-10-06 23:47:33.60,0.609,56.60223770141602,56.602,-157.59605407714844,-157.596,0.02663763139782029,91.66333770751953,91.7,0.03666229248047159,2.1807305425029617,2.2,0.019269457497038456,35,35.0,scolv:abakken,unknown,man_confirm,manual,aka2026tvhrve,aka2026tvhrve
matched,onsite,2026-10-07 00:40:17.00,2026-10-07 00:40:16.82,0.171,60.46020126342773,60.466,-151.27565002441406,-151.266,0.8340162092890749,54.13446426391602,56.8,2.6655357360839744,1.7472491801946874,1.7,0.04724918019468749,51,46.0,scanloc_state:AEC,unknown,auto_confirm,automatic,aka2026tvjlmn,aka2026tvjlmn
matched,onsite,2026-10-07 00:47:10.00,2026-10-07 00:47:10.51,0.514,57.98362731933594,57.984,-154.1294403076172,-154.129,0.04889819214216617,62.21158218383789,62.2,0.011582183837887783,1.6872727172473376,1.7,0.012727282752662328,38,38.0,scanloc_state:AEC,unknown,auto_confirm,automatic,aka2026tvjrmc,aka2026tvjrmc
matched,onsite,2026-10-07 00:51:17.00,2026-10-07 00:51:17.57,0.578,60.04139709472656,60.042,-153.41653442382812,-153.413,0.20739158181015266,172.56253051757812,172.1,0.4625305175781307,2.0382296430627442,2.0,0.038229643062744234,44,41.0,scanloc_state:AEC,unknown,auto_confirm,automatic,aka2026tvjupx,aka2026tvjupx
root_only,onsite,2026-10-07 01:03:32.00,,,56.1883544921875,,-149.69839477539062,,,5.0,,,3.206493642547779,,,81,,scanloc_state:AEC,,auto_confirm,,aka2026tvkfms,
matched,onsite,2026-10-07 01:08:13.00,2026-10-07 01:08:13.71,0.711,63.16572570800781,63.166,-150.4866943359375,-150.487,0.03414145376070124,112.7169647216797,112.7,0.01696472167969887,2.066877931883048,2.0,0.06687793188304791,48,48.0,scanloc_state:AEC,unknown,auto_confirm,automatic,aka2026tvkjsp,aka2026tvkjsp
matched,onsite,2026-10-07 01:15:35.00,2026-10-07 01:15:35.76,0.769,62.68751525878906,62.688,-151.033203125,-151.033,0.05488802893558822,93.12007141113281,93.1,0.020071411132818184,2.187583602771984,2.2,0.01241639722801624,60,60.0,scanloc_state:AEC,unknown,auto_confirm,automatic,aka2026tvkqco,aka2026tvkqco
root_only,onsite,2026-10-07 01:33:16.00,,,53.00199127197266,,-166.38539123535156,,,148.22120666503906,,,2.4093224283213814,,,8,,scanloc_state:AEC,,auto_confirm,,aka2026tvlflo,
matched,onsite,2026-10-07 01:34:50.00,2026-10-07 01:34:50.42,0.429,58.04117584228516,58.041,-151.7188720703125,-151.719,0.020952433399136883,25.75521469116211,25.8,0.044785308837891336,2.064536260889239,1.9,0.16453626088923912,14,14.0,scanloc_state:AEC,unknown,auto_confirm,automatic,aka2026tvlgwc,aka2026tvlgwc
matched,onsite,2026-10-07 01:45:02.00,2026-10-07 01:45:02.70,0.706,57.08638381958008,57.086,-156.2321319580078,-156.231,0.08061751073549829,11.035802841186523,11.0,0.03580284118652344,2.018964252386407,2.0,0.018964252386406866,43,42.0,scanloc_state:AEC,unknown,auto_confirm,automatic,aka2026tvlpqc,aka2026tvlpqc
root_only,onsite,2026-10-07 02:13:24.00,,,52.13606262207031,,-169.36236572265625,,,13.430127143859863,,,3.1866665322329775,,,34,,scanloc_state:AEC,,auto_confirm,,aka2026tvmogz,
matched,onsite,2026-10-07 02:25:37.00,2026-10-07 02:25:37.06,0.068,60.54264068603516,60.543,-150.6147003173828,-150.615,0.04318404311184559,43.47529983520508,43.5,0.024700164794921875,2.4755777853234844,2.5,0.02442221467651562,107,107.0,scanloc_state:AEC,unknown,auto_confirm,automatic,aka2026tvmyss,aka2026tvmyss
root_only,onsite,2026-10-07 02:26:56.00,,,54.54617691040039,,-160.00758361816406,,,4.207272052764893,,,2.969048251771971,,,41,,scanloc_state:AEC,,auto_confirm,,aka2026tvnahf,
matched,onsite,2026-10-07 02:30:23.00,2026-10-07 02:30:23.20,0.209,61.2220344543457,61.222,-152.44573974609375,-152.446,0.014448856954928032,14.684541702270508,14.7,0.015458297729491477,0.9617225579483856,1.0,0.03827744205161443,12,12.0,scanloc_state:AEC,unknown,auto_confirm,automatic,aka2026tvncze,aka2026tvncze
matched,onsite,2026-10-07 03:16:01.00,2026-10-07 03:16:01.07,0.073,61.94149780273438,61.966,-154.10092163085938,-154.077,2.9978645468012526,1.2397191524505615,2.4,1.1602808475494384,1.8539674179514773,1.6,0.25396741795147726,27,23.0,scanloc_state:AEC,unknown,auto_confirm,automatic,aka2026tvoqmw,aka2026tvoqmw
root_only,onsite,2026-10-07 03:45:59.00,,,52.03815841674805,,-169.8420867919922,,,5.0,,,2.9986780273194285,,,9,,scanloc_state:AEC,,auto_confirm,,aka2026tvpqmh,
matched,onsite,2026-10-07 03:50:26.00,2026-10-07 03:50:26.63,0.63,62.2672348022461,62.267,-150.39743041992188,-150.397,0.034317745740644605,59.37650299072266,59.4,0.023497009277335223,1.6439421470915505,1.6,0.04394214709155042,30,30.0,scanloc_state:AEC,unknown,auto_confirm,automatic,aka2026tvpujf,aka2026tvpujf
matched,onsite,2026-10-07 04:24:04.00,2026-10-07 04:24:04.95,0.959,62.28059387207031,62.281,-149.87356567382812,-149.874,0.05043799411647942,16.88146209716797,16.9,0.01853790283202983,1.4124322453502767,1.2,0.21243224535027672,16,16.0,scanloc_state:AEC,unknown,auto_confirm,automatic,aka2026tvqxnx,aka2026tvqxnx
root_only,onsite,2026-10-07 05:09:14.00,,,54.49699020385742,,-160.10665893554688,,,19.631528854370117,,,2.805297420032864,,,29,,scanloc_state:AEC,,auto_confirm,,aka2026tvskwe,
matched,onsite,2026-10-07 05:30:18.00,2026-10-07 05:30:18.01,0.017,58.37277221679688,58.373,-153.0819854736328,-153.082,0.025342495572400658,61.32494354248047,61.3,0.024943542480471592,2.23843209288605,2.2,0.03843209288604976,86,86.0,scanloc_state:AEC,unknown,auto_confirm,automatic,aka2026tvtczh,aka2026tvtczh
matched,onsite,2026-10-07 05:43:32.00,2026-10-07 05:43:32.34,0.34,60.17198944091797,60.171,-152.8280487060547,-152.815,0.7300485127013667,106.75061798095703,105.6,1.150617980957037,1.7976242277463221,1.7,0.09762422774632218,75,74.0,scanloc_state:AEC,unknown,auto_confirm,automatic,aka2026tvtoob,aka2026tvtoob
matched,onsite,2026-10-07 06:03:51.00,2026-10-07 06:03:51.81,0.815,54.62925720214844,54.629,-155.90126037597656,-155.901,0.0331484669241877,5.0,5.0,0.0,3.104569404046152,3.1,0.004569404046151693,43,43.0,scanloc_state:AEC,unknown,auto_confirm,automatic,aka2026tvuggp,aka2026tvuggp
matched,onsite,2026-10-07 07:12:37.00,2026-10-07 07:12:35.94,1.06,53.38212585449219,53.315666666667,-168.1756134033203,-168.17966666667,7.394820361805455,5.0,7.45,2.45,1.8319060279347605,1.45,0.3819060279347606,10,19.0,scanloc_state:AEC,unknown,auto_confirm,manual,aka2026tvwnfz,av94463576
root_only,onsite,2026-10-07 08:47:54.00,,,51.626953125,,178.88882446289062,,,100.0974349975586,,,3.518276312109452,,,73,,scanloc_state:AEC,,auto_confirm,,aka2026tvzrwv,
matched,onsite,2026-10-07 09:14:17.00,2026-10-07 09:14:17.42,0.428,61.15843200683594,61.158,-149.99273681640625,-149.993,0.050068372001764574,47.7186279296875,47.7,0.018627929687497158,1.7759274379341226,1.8,0.02407256206587749,64,64.0,scanloc_state:AEC,unknown,auto_confirm,automatic,aka2026twapdz,aka2026twapdz
matched,onsite,2026-10-07 10:08:54.00,2026-10-07 10:08:54.19,0.195,58.18494033813477,58.185,-155.38844299316406,-155.388,0.026802098962142404,5.0,5.0,0.0,0.36185016122119357,0.4,0.038149838778806455,6,6.0,scanloc_state:AEC,unknown,auto_confirm,automatic,aka2026twcknj,aka2026twcknj
matched,onsite,2026-10-07 10:17:11.00,2026-10-07 10:17:11.86,0.864,65.04708862304688,65.055,-150.55877685546875,-150.572,1.0763543368294557,5.0,5.0,0.0,1.4566959079143782,1.3,0.15669590791437815,29,22.0,scanloc_state:AEC,unknown,auto_confirm,automatic,aka2026twcrsj,aka2026twcrsj
matched,onsite,2026-10-07 10:20:10.00,2026-10-07 10:20:10.22,0.224,60.79991912841797,60.8,-149.96243286132812,-149.962,0.025144674498662194,34.62873077392578,34.6,0.02873077392577983,1.6272153331112444,1.6,0.027215333111244355,33,33.0,scolv:abakken,unknown,man_confirm,manual,aka2026twcuek,aka2026twcuek
matched,onsite,2026-10-07 10:26:20.00,2026-10-07 10:26:20.79,0.798,60.5976448059082,60.598,-151.32118225097656,-151.321,0.040729593606645166,76.79403686523438,76.8,0.005963134765622158,1.5090646692206944,1.5,0.009064669220694377,40,40.0,scanloc_state:AEC,unknown,auto_confirm,automatic,aka2026twczkw,aka2026twczkw
root_only,onsite,2026-10-07 10:28:21.00,,,52.36349105834961,,-166.6314239501953,,,1.1945295333862305,,,2.592420427989216,,,13,,scanloc_state:AEC,,auto_confirm,,aka2026twdbjk,
matched,onsite,2026-10-07 10:35:57.00,2026-10-07 10:35:57.61,0.618,58.7839469909668,58.784,-153.67587280273438,-153.676,0.009406114315827462,0.2032078057527542,0.2,0.0032078057527542003,1.9826336407583252,2.0,0.017366359241674845,68,68.0,scanloc_state:AEC,unknown,auto_confirm,automatic,aka2026twdhzd,aka2026twdhzd
matched,onsite,2026-10-07 10:44:46.00,2026-10-07 10:44:46.65,0.659,63.15926742553711,63.159,-150.60726928710938,-150.607,0.03266554120531079,111.00814819335938,111.0,0.008148193359375,1.7988646687915564,1.7,0.09886466879155642,25,25.0,scanloc_state:AEC,unknown,auto_confirm,automatic,aka2026twdpqc,aka2026twdpqc
matched,onsite,2026-10-07 10:57:40.00,2026-10-07 10:57:40.03,0.03,63.84192276000977,63.842,-148.48532104492188,-148.485,0.017928740560664534,104.46577453613281,104.5,0.0342254638671875,2.366758896881935,2.2,0.16675889688193468,97,97.0,scanloc_state:AEC,unknown,auto_confirm,automatic,aka2026tweaut,aka2026tweaut
matched,onsite,2026-10-07 11:04:39.00,2026-10-07 11:04:39.30,0.306,62.2790756225586,62.274,-142.5134735107422,-142.506,0.6840925345241448,5.0,5.0,0.0,1.7753518528745789,1.8,0.024648147125421183,30,27.0,scanloc_state:AEC,unknown,auto_confirm,automatic,aka2026twegwf,aka2026twegwf
root_only,onsite,2026-10-07 11:17:12.00,,,54.65845108032227,,-161.59548950195312,,,5.0,,,2.25852158274233,,,8,,scanloc_state:AEC,,auto_confirm,,aka2026twertj,
matched,onsite,2026-10-07 11:48:10.00,2026-10-07 11:48:10.84,0.844,58.87910079956055,58.881,-154.26043701171875,-154.274,0.8075535664594069,130.0377960205078,130.1,0.062203979492181816,1.8178516277595582,1.8,0.017851627759558175,60,59.0,scanloc_state:AEC,unknown,auto_confirm,automatic,aka2026twfspc,aka2026twfspc
matched,onsite,2026-10-07 11:50:02.00,2026-10-07 11:50:02.07,0.071,67.2082290649414,67.208,-156.8659210205078,-156.866,0.025697056203815908,20.909912109375,20.9,0.009912109375001421,2.7114381774825627,2.7,0.011438177482562484,56,56.0,scanloc_state:AEC,unknown,auto_confirm,automatic,aka2026twfueg,aka2026twfueg
matched,onsite,2026-10-07 12:15:27.00,2026-10-07 12:15:27.05,0.052,59.86904525756836,59.869,-151.31124877929688,-151.311,0.01476998518207416,58.08863067626953,58.1,0.011369323730470171,2.098152905708837,2.1,0.0018470942911630317,60,60.0,scanloc_state:AEC,unknown,auto_confirm,automatic,aka2026twgqke,aka2026twgqke
matched,onsite,2026-10-07 12:26:19.00,2026-10-07 12:26:19.04,0.043,50.17009353637695,50.17,-169.5879364013672,-169.588,0.011344305763231987,2.547126293182373,2.5,0.04712629318237305,3.512342059675027,3.5,0.012342059675026995,18,18.0,scolv:abakken,unknown,man_confirm,manual,aka2026twhacm,aka2026twhacm
matched,onsite,2026-10-07 12:27:51.00,2026-10-07 12:27:51.44,0.442,62.23407745361328,62.234,-148.13612365722656,-148.136,0.010733414411208158,5.0,5.0,0.0,1.510757967561748,1.4,0.11075796756174805,26,26.0,scanloc_state:AEC,unknown,auto_confirm,automatic,aka2026twhazm,aka2026twhazm
matched,onsite,2026-10-07 13:18:20.00,2026-10-07 13:18:20.03,0.038,68.92015838623047,68.92,-147.59671020507812,-147.597,0.021083154338806146,2.516721487045288,2.5,0.016721487045288086,2.204813914010163,2.0,0.2048139140101628,29,29.0,scanloc_state:AEC,unknown,auto_confirm,automatic,aka2026twitdr,aka2026twitdr
matched,onsite,2026-10-07 14:04:43.00,2026-10-07 14:04:43.08,0.084,60.34329605102539,60.343,-152.05809020996094,-152.058,0.03329143560096798,83.09613800048828,83.1,0.0038619995117130657,1.8243722204411121,1.7,0.12437222044111218,84,84.0,scanloc_state:AEC,unknown,auto_confirm,automatic,aka2026twkgzq,aka2026twkgzq
matched,onsite,2026-10-07 14:18:20.00,2026-10-07 14:18:20.57,0.578,60.04588317871094,60.046,-153.05758666992188,-153.058,0.02636963086176631,5.0,5.0,0.0,0.12559125823079068,0.1,0.02559125823079067,6,6.0,scanloc_state:AEC,unknown,auto_confirm,automatic,aka2026twksuq,aka2026twksuq
matched,onsite,2026-10-07 14:23:10.00,2026-10-07 14:23:10.53,0.535,61.59231185913086,61.592,-153.62698364257812,-153.627,0.03468794777554477,5.0,5.0,0.0,1.470102837475906,1.3,0.17010283747590593,13,13.0,scanloc_state:AEC,unknown,auto_confirm,automatic,aka2026twkxbj,aka2026twkxbj
matched,onsite,2026-10-07 14:41:36.00,2026-10-07 14:41:36.28,0.287,62.95516204833984,62.955,-151.0387725830078,-151.039,0.02137490669434438,116.05809020996094,116.1,0.041909790039056816,2.4004884070959793,2.4,0.0004884070959794151,102,102.0,scanloc_state:AEC,unknown,auto_confirm,automatic,aka2026twlmvc,aka2026twlmvc
matched,onsite,2026-10-07 15:03:36.00,2026-10-07 15:03:36.81,0.815,62.12672424316406,62.126,-148.00791931152344,-147.992,0.8314935851336743,26.10801124572754,27.0,0.8919887542724609,1.8408451466410054,1.8,0.04084514664100536,49,46.0,scanloc_state:AEC,unknown,auto_confirm,automatic,aka2026twmgao,aka2026twmgao
root_only,onsite,2026-10-07 15:28:37.00,,,51.31892013549805,,-176.78456115722656,,,16.37955093383789,,,3.1493265040629397,,,40,,scanloc_state:AEC,,auto_confirm,,aka2026twnbti,
matched,onsite,2026-10-07 15:29:26.00,2026-10-07 15:29:26.02,0.028,61.50213241577148,61.494,-150.6782684326172,-150.678,0.9043955405309722,54.34242248535156,58.5,4.1575775146484375,1.803077552597113,1.7,0.10307755259711304,63,52.0,scanloc_state:AEC,unknown,auto_confirm,automatic,aka2026twncle,aka2026twncle
root_only,onsite,2026-10-07 15:50:44.00,,,51.35809707641602,,-176.7718963623047,,,31.82254981994629,,,2.5011634587948057,,,19,,scanloc_state:AEC,,auto_confirm,,aka2026twnuxs,
matched,onsite,2026-10-07 15:57:00.00,2026-10-07 15:57:00.18,0.183,59.86103820800781,59.861,-153.2312774658203,-153.231,0.016063193439273846,127.4229965209961,127.4,0.022996520996088066,1.5468169022813658,1.3,0.24681690228136577,40,40.0,scanloc_state:AEC,unknown,auto_confirm,automatic,aka2026twnzut,aka2026twnzut
matched,onsite,2026-10-07 16:20:49.00,2026-10-07 16:20:49.05,0.053,64.8221435546875,64.822,-149.13037109375,-149.13,0.023727121621905115,15.89875602722168,15.9,0.0012439727783206678,1.3677449243984114,1.3,0.0677449243984114,25,25.0,scanloc_state:AEC,unknown,auto_confirm,automatic,aka2026twouzj,aka2026twouzj
matched,onsite,2026-10-07 16:27:02.00,2026-10-07 16:27:02.20,0.2,59.58441162109375,59.586,-152.5576171875,-152.581,1.3280886757020038,79.06883239746094,79.4,0.3311676025390682,1.9819383727032616,1.9,0.08193837270326165,101,96.0,scanloc_state:AEC,unknown,auto_confirm,automatic,aka2026twpajj,aka2026twpajj
matched,onsite,2026-10-07 16:29:01.00,2026-10-07 16:29:01.71,0.715,59.99632263183594,59.996,-153.18214416503906,-153.182,0.036759703596054474,0.18677659332752228,0.2,0.013223406672477733,0.32950326286165815,0.3,0.029503262861658164,6,6.0,scanloc_state:AEC,unknown,auto_confirm,automatic,aka2026twpcct,aka2026twpcct
matched,onsite,2026-10-07 17:02:35.00,2026-10-07 17:02:35.94,0.94,53.74641799926758,53.746,-164.6593780517578,-164.659,0.05270980431075925,75.78762817382812,75.8,0.012371826171872158,2.4554215430190784,2.5,0.044578456980921555,31,31.0,scolv:abakken,unknown,man_confirm,manual,aka2026twqenx,aka2026twqenx
matched,onsite,2026-10-07 17:06:09.00,2026-10-07 17:06:09.09,0.096,60.5425910949707,60.543,-142.6201171875,-142.62,0.04591751430952685,22.55595016479492,22.6,0.0440498352050831,0.9169437191087029,0.9,0.016943719108702848,8,8.0,scanloc_state:AEC,unknown,auto_confirm,automatic,aka2026twqihq,aka2026twqihq
matched,onsite,2026-10-07 17:14:41.00,2026-10-07 17:14:41.66,0.664,63.81635665893555,63.816,-147.62615966796875,-147.626,0.04042502936707359,0.1260213553905487,0.1,0.0260213553905487,1.6195545499407296,1.6,0.01955454994072947,33,33.0,scanloc_state:AEC,unknown,auto_confirm,automatic,aka2026twqpse,aka2026twqpse
matched,onsite,2026-10-07 17:45:15.00,2026-10-07 17:45:15.49,0.499,60.77276992797852,60.773,-149.93275451660156,-149.933,0.02884650938396546,22.924407958984375,22.9,0.02440795898437642,3.260153429806653,3.3,0.03984657019334703,196,196.0,scolv:abakken,unknown,man_confirm,manual,aka2026twrpqs,aka2026twrpqs
matched,onsite,2026-10-07 17:51:07.00,2026-10-07 17:51:07.96,0.96,58.79954528808594,58.808,-153.6999053955078,-153.726,1.772751591650948,84.45757293701172,82.4,2.057572937011713,1.8224943737596413,1.7,0.12249437375964134,54,50.0,scanloc_state:AEC,unknown,auto_confirm,automatic,aka2026twrvhm,aka2026twrvhm
matched,onsite,2026-10-07 17:54:55.00,2026-10-07 17:54:56.52,1.525,61.44522094726562,61.429,-140.1510772705078,-140.1039,3.089371831038198,5.0,10.0,5.0,2.539714630805779,2.6,0.060285369194220895,28,61.0,scanloc_state:AEC,unknown,auto_confirm,manual,aka2026twrypg,us6000u0ti
matched,onsite,2026-10-07 18:23:16.00,2026-10-07 18:23:16.36,0.366,60.27104187011719,60.271,-152.44435119628906,-152.444,0.01991722687496479,103.40055084228516,103.4,0.0005508422851505657,1.8406805049596464,1.8,0.04068050495964637,68,68.0,scanloc_state:AEC,unknown,auto_confirm,automatic,aka2026twsxej,aka2026twsxej
root_only,onsite,2026-10-07 18:23:44.00,,,53.49132919311523,,-164.77723693847656,,,13.42197036743164,,,2.5076006795151864,,,37,,scanloc_state:AEC,,auto_confirm,,aka2026twsxlw,
root_only,onsite,2026-10-07 18:58:58.00,,,54.64847946166992,,-160.09536743164062,,,5.0,,,3.415876073870616,,,65,,scanloc_state:AEC,,auto_confirm,,aka2026twucdv,
matched,onsite,2026-10-07 18:59:56.00,2026-10-07 18:59:56.11,0.119,59.73401260375977,59.734,-152.11468505859375,-152.115,0.017706103218366482,73.68810272216797,73.7,0.011897277832034092,2.7830025957503826,2.8,0.016997404249617265,168,168.0,scanloc_global_assoc:AEC,unknown,auto_confirm,automatic,aka2026twucys,aka2026twucys
matched,onsite,2026-10-07 19:03:47.00,2026-10-07 19:03:47.02,0.029,57.53211975097656,57.532,-155.8600311279297,-155.86,0.013444718128131788,30.769697189331055,30.8,0.030302810668946023,1.4790096505503973,1.4,0.07900965055039744,10,10.0,scanloc_state:AEC,unknown,auto_confirm,automatic,aka2026twughm,aka2026twughm
matched,onsite,2026-10-07 19:11:44.00,2026-10-07 19:11:44.59,0.593,60.9921760559082,60.98,-151.0177001953125,-151.02,1.3595851429091155,70.41035461425781,70.7,0.28964538574219034,1.7590843141337793,1.7,0.05908431413377935,67,63.0,scanloc_state:AEC,unknown,auto_confirm,automatic,aka2026twunex,aka2026twunex
matched,onsite,2026-10-07 19:19:07.00,2026-10-07 19:19:07.12,0.127,60.03338241577148,60.033,-153.06915283203125,-153.069,0.043361675372640296,5.0,5.0,0.0,0.43949191150568734,0.5,0.06050808849431266,7,7.0,scanloc_state:AEC,unknown,auto_confirm,automatic,aka2026twutpf,aka2026twutpf
matched,onsite,2026-10-07 19:42:17.00,2026-10-07 19:42:17.15,0.158,64.9087142944336,64.909,-147.43572998046875,-147.436,0.03422545014485131,13.995699882507324,14.0,0.004300117492675781,1.0782475582867028,0.9,0.1782475582867028,16,16.0,scanloc_state:AEC,unknown,auto_confirm,automatic,aka2026twvnrc,aka2026twvnrc
matched,onsite,2026-10-07 20:07:11.00,2026-10-07 20:07:11.17,0.177,60.15216445922852,60.152,-152.98495483398438,-152.985,0.018457067640396528,8.86462116241455,8.9,0.035378837585449574,0.5526694990743007,0.5,0.05266949907430074,7,7.0,scanloc_state:AEC,unknown,auto_confirm,automatic,aka2026twwjgv,aka2026twwjgv
matched,onsite,2026-10-07 20:20:37.00,2026-10-07 20:20:37.12,0.128,59.07989883422852,59.08,-152.34068298339844,-152.341,0.02132210581337419,66.87189483642578,66.9,0.028105163574224434,1.593801672619526,1.6,0.006198327380473989,25,25.0,scanloc_state:AEC,unknown,auto_confirm,automatic,aka2026twwujh,aka2026twwujh
matched,onsite,2026-10-07 20:23:44.00,2026-10-07 20:23:44.92,0.926,60.13883590698242,60.139,-153.2327117919922,-153.234,0.07361716315875905,17.213855743408203,17.2,0.013855743408203836,0.8514235812316461,0.7,0.15142358123164612,12,11.0,scanloc_state:AEC,unknown,auto_confirm,automatic,aka2026twwxqk,aka2026twwxqk
matched,onsite,2026-10-07 20:27:33.00,2026-10-07 20:27:33.30,0.307,62.24405288696289,62.244,-151.25196838378906,-151.252,0.006104412704069609,126.58220672607422,126.6,0.017793273925775566,1.1711890733650243,1.2,0.028810926634975642,7,7.0,scanloc_state:AEC,unknown,auto_confirm,automatic,aka2026twxaxz,aka2026twxaxz
matched,onsite,2026-10-07 20:36:54.00,2026-10-07 20:36:54.34,0.345,60.17012023925781,60.17,-153.4846649169922,-153.485,0.022853064807088253,5.0,5.0,0.0,1.0045310853621916,1.0,0.0045310853621916,8,8.0,scanloc_state:AEC,unknown,auto_confirm,automatic,aka2026twxjau,aka2026twxjau
matched,onsite,2026-10-07 20:49:50.00,2026-10-07 20:49:50.87,0.875,56.82764053344727,56.828,-156.2162322998047,-156.216,0.042396008053710056,5.0,5.0,0.0,2.2974401630200947,2.2,0.0974401630200945,7,7.0,scanloc_state:AEC,unknown,auto_confirm,automatic,aka2026twxsvx,aka2026twxsvx
matched,onsite,2026-10-07 21:20:37.00,2026-10-07 21:20:37.04,0.04,61.83002853393555,61.83,-151.57470703125,-151.575,0.015702953657885883,17.46419906616211,17.5,0.035800933837890625,1.3522973010251835,1.2,0.15229730102518357,15,15.0,scanloc_state:AEC,unknown,auto_confirm,automatic,aka2026twyuyd,aka2026twyuyd
root_only,onsite,2026-10-07 21:21:10.00,,,52.79189682006836,,-169.69564819335938,,,17.077741622924805,,,2.575094609104599,,,18,,scanloc_state:AEC,,auto_confirm,,aka2026twyvkz,
matched,onsite,2026-10-07 21:22:42.00,2026-10-07 21:22:42.45,0.452,57.56284713745117,57.563,-156.33114624023438,-156.331,0.019104727111648317,5.0,5.0,0.0,1.637989092458012,1.5,0.13798909245801205,14,14.0,scanloc_state:AEC,unknown,auto_confirm,automatic,aka2026twywti,aka2026twywti
matched,onsite,2026-10-07 21:45:27.00,2026-10-07 21:45:27.87,0.874,58.26753997802734,58.269,-154.9488067626953,-154.954,0.3443797224354053,5.0,5.0,0.0,0.710324688705264,0.6,0.11032468870526402,14,11.0,scanloc_state:AEC,unknown,auto_confirm,automatic,aka2026twzqmi,aka2026twzqmi
matched,onsite,2026-10-07 21:55:53.00,2026-10-07 21:55:53.73,0.734,60.58019638061523,60.58,-152.1851806640625,-152.185,0.023962629300024994,89.71796417236328,89.7,0.017964172363278408,1.8429877679357618,1.7,0.14298776793576184,71,71.0,scanloc_state:AEC,unknown,auto_confirm,automatic,aka2026twzznl,aka2026twzznl
matched,onsite,2026-10-07 22:09:58.00,2026-10-07 22:09:58.95,0.956,58.17013931274414,58.17,-155.40357971191406,-155.404,0.029111229120061772,5.0,5.0,0.0,0.38333377324641627,0.4,0.016666226753583757,5,5.0,scanloc_state:AEC,unknown,auto_confirm,automatic,aka2026txaltd,aka2026txaltd
matched,onsite,2026-10-07 22:16:10.00,2026-10-07 22:16:10.86,0.86,65.05358123779297,65.054,-149.1415252685547,-149.142,0.0516131708293847,11.23619270324707,11.2,0.03619270324707102,1.2948444184614771,1.1,0.19484441846147704,28,28.0,scanloc_state:AEC,unknown,auto_confirm,automatic,aka2026txarcv,aka2026txarcv
matched,onsite,2026-10-07 22:41:15.00,2026-10-07 22:41:15.78,0.786,60.80817413330078,60.808,-149.9404754638672,-149.947,0.35437987605285737,32.4081916809082,31.8,0.6081916809082024,2.3325240417799527,2.3,0.03252404177995283,98,97.0,scanloc_state:AEC,unknown,auto_confirm,automatic,aka2026txbmwc,aka2026txbmwc
matched,onsite,2026-10-07 23:17:13.00,2026-10-07 23:17:12.69,0.306,57.63115310668945,57.608,-155.38995361328125,-155.352,3.4258087199316773,16.59326171875,19.5,2.90673828125,1.472656611339285,1.4,0.07265661133928503,27,24.0,scanloc_state:AEC,unknown,auto_confirm,automatic,aka2026txcsaq,aka2026txcsaq
root_only,onsite,2026-10-07 23:17:33.00,,,53.38506698608398,,-168.16432189941406,,,5.0,,,1.0014771283451958,,,6,,scanloc_state:AEC,,auto_confirm,,aka2026txcsim,
matched,onsite,2026-10-07 23:35:14.00,2026-10-07 23:35:14.01,0.019,64.64022827148438,64.64,-151.31932067871094,-151.319,0.029623007094908595,14.085144996643066,14.1,0.014855003356933238,2.61109608397885,2.6,0.011096083978849869,55,55.0,scanloc_state:AEC,unknown,auto_confirm,automatic,aka2026txdhrc,aka2026txdhrc
test_only,usgs,,2026-10-06 21:18:55.18,,,61.245,,-152.162,,,32.1,,,0.4,,,12.0,,unknown,,automatic,,aka2026tvcswb
test_only,usgs,,2026-10-06 09:51:27.88,,,58.172,,-155.373,,,5.0,,,0.6,,,9.0,,unknown,,automatic,,aka2026tufuvl
test_only,usgs,,2026-10-06 02:57:06.99,,,58.142,,-155.405,,,5.0,,,0.6,,,9.0,,unknown,,automatic,,aka2026ttrzor
test_only,usgs,,2026-10-06 02:47:11.20,,,58.164,,-155.409,,,5.0,,,0.8,,,9.0,,unknown,,automatic,,aka2026ttrqys
