match_type,source,root_time,test_time,time_diff_s,root_latitude,test_latitude,root_longitude,test_longitude,loc_diff_km,root_depth,test_depth,depth_diff_km,root_magnitude,test_magnitude,mag_diff,root_numPhases,test_numPhases,root_author,test_author,root_eval,test_eval,root_evid,test_evid
matched,onsite,2026-09-29 00:31:11.00,2026-09-29 00:31:11.35,0.359,51.87052154541016,51.871,-176.804931640625,-176.805,0.05340833418075033,84.04105377197266,84.0,0.04105377197265625,1.7905685933386672,1.8,0.009431406661332797,27,27.0,scolv:abakken,unknown,man_confirm,manual,aka2026tgozat,aka2026tgozat
matched,onsite,2026-09-29 00:44:16.00,2026-09-29 00:44:16.77,0.778,53.39624404907227,53.3853,-165.3404083251953,-165.3494,1.3551447665059095,6.497831344604492,10.006,3.508168655395508,2.882296974775045,2.8,0.08229697477504505,59,54.0,scolv:abakken,unknown,man_confirm,manual,aka2026tgpkkt,us6000tzrx
matched,onsite,2026-09-29 00:44:26.00,2026-09-29 00:44:26.56,0.569,58.81967544555664,58.82,-157.62892150878906,-157.629,0.03637059733074418,3.3541996479034424,3.4,0.04580035209655753,2.19167016065232,2.2,0.008329839347680057,50,50.0,scolv:abakken,unknown,man_confirm,manual,aka2026tgpkof,aka2026tgpkof
matched,onsite,2026-09-29 00:47:41.00,2026-09-29 00:47:43.38,2.381,56.44607162475586,56.2947,-150.01844787597656,-150.1038,17.633355900677522,5.0,33.344,28.344,2.929857151855662,2.8,0.12985715185566216,28,36.0,scolv:abakken,unknown,man_confirm,manual,aka2026tgpnbe,us6000tzrz
matched,onsite,2026-09-29 01:05:23.00,2026-09-29 01:05:23.85,0.858,51.83599853515625,51.836,-169.20240783691406,-169.202,0.028022523262192366,7.976572513580322,8.0,0.023427486419677734,2.733542356247878,2.7,0.0335423562478776,15,15.0,scolv:abakken,unknown,man_confirm,manual,aka2026tgqcsr,aka2026tgqcsr
matched,onsite,2026-09-29 01:28:20.00,2026-09-29 01:28:20.35,0.354,51.6713752746582,51.671,179.0376739501953,179.038,0.04740073355088447,81.67424774169922,81.7,0.025752258300784092,2.5744436540301305,2.6,0.025556345969869554,34,34.0,scolv:abakken,unknown,man_confirm,manual,aka2026tgqwha,aka2026tgqwha
matched,onsite,2026-09-29 01:38:24.00,2026-09-29 01:38:24.63,0.633,51.92774200439453,51.928,-169.1442413330078,-169.144,0.033118311807736646,7.213763236999512,7.2,0.013763236999511541,2.805394907958211,2.8,0.005394907958211181,18,18.0,scolv:abakken,unknown,man_confirm,manual,aka2026tgrfpp,aka2026tgrfpp
matched,onsite,2026-09-29 01:47:09.00,2026-09-29 01:47:09.22,0.228,55.03194808959961,55.032,-160.5244903564453,-160.524,0.03177803726021324,11.737671852111816,11.7,0.03767185211181712,2.5550387358813773,2.6,0.04496126411862278,27,27.0,scolv:abakken,unknown,man_confirm,manual,aka2026tgrmyb,aka2026tgrmyb
matched,onsite,2026-09-29 02:09:28.00,2026-09-29 02:09:28.82,0.829,61.56090545654297,61.561,-149.78578186035156,-149.786,0.015618907337890335,57.95251083374023,58.0,0.04748916625977273,1.6468058212407002,1.6,0.046805821240700096,28,28.0,scolv:abakken,unknown,man_confirm,manual,aka2026tgsggy,aka2026tgsggy
matched,onsite,2026-09-29 02:14:16.00,2026-09-29 02:14:16.65,0.658,62.51153182983398,62.512,-149.797119140625,-149.797,0.05241603694824006,69.03617095947266,69.0,0.03617095947265625,1.824820369221034,1.8,0.024820369221034033,66,66.0,scolv:abakken,unknown,man_confirm,manual,aka2026tgsklo,aka2026tgsklo
matched,onsite,2026-09-29 02:26:32.00,2026-09-29 02:26:32.34,0.341,64.79388427734375,64.7884,-140.5591278076172,-140.7479,8.961031516389331,13.99932861328125,8.676,5.32332861328125,2.9888619101643377,3.0,0.011138089835662335,28,32.0,scolv:abakken,unknown,man_confirm,manual,aka2026tgsvbw,us6000ty9x
matched,onsite,2026-09-29 02:47:50.00,2026-09-29 02:47:50.89,0.896,61.05508422851562,61.055,-150.8946075439453,-150.895,0.0231035037801103,59.96517562866211,60.0,0.034824371337890625,1.676018862042658,1.7,0.023981137957342025,54,54.0,scolv:abakken,unknown,man_confirm,manual,aka2026tgtnnx,aka2026tgtnnx
matched,onsite,2026-09-29 03:00:31.00,2026-09-29 03:00:31.63,0.634,60.49458312988281,60.495,-149.7501983642578,-149.75,0.04760974023188165,6.32290506362915,6.3,0.022905063629150568,1.8510179777879319,1.9,0.048982022212068044,63,63.0,scolv:abakken,unknown,man_confirm,manual,aka2026tgtynz,aka2026tgtynz
matched,onsite,2026-09-29 03:03:35.00,2026-09-29 03:03:35.99,0.99,62.24021530151367,62.24,-150.057373046875,-150.057,0.03076401331885959,62.04846954345703,62.0,0.04846954345703125,2.2452183526651064,2.2,0.04521835266510621,113,113.0,scolv:abakken,unknown,man_confirm,manual,aka2026tgubfh,aka2026tgubfh
matched,onsite,2026-09-29 03:47:45.00,2026-09-29 03:47:45.74,0.74,53.3644905090332,53.364,-165.78892517089844,-165.789,0.054767644562985225,16.81379508972168,16.8,0.013795089721678977,2.709801014531866,2.7,0.009801014531865881,54,54.0,scolv:abakken,unknown,man_confirm,manual,aka2026tgvnpx,aka2026tgvnpx
matched,onsite,2026-09-29 04:26:48.00,2026-09-29 04:26:48.18,0.187,57.42337799072266,57.423,-153.98611450195312,-153.986,0.04258604040345055,29.07325553894043,29.1,0.026744461059571734,1.97261127703186,2.0,0.02738872296813999,21,21.0,scolv:abakken,unknown,man_confirm,manual,aka2026tgwvca,aka2026tgwvca
matched,onsite,2026-09-29 04:37:46.00,2026-09-29 04:37:46.66,0.667,61.60951614379883,61.61,-150.63531494140625,-150.635,0.05632007770575596,57.79127502441406,57.8,0.008724975585934658,1.6587848150672626,1.7,0.04121518493273735,42,42.0,scolv:abakken,unknown,man_confirm,manual,aka2026tgxewd,aka2026tgxewd
matched,onsite,2026-09-29 04:49:36.00,2026-09-29 04:49:36.59,0.59,62.0405044555664,62.041,-150.78797912597656,-150.788,0.05511277173576467,5.406706809997559,5.4,0.0067068099975582385,1.574653305866791,1.6,0.025346694133209002,47,47.0,scolv:abakken,unknown,man_confirm,manual,aka2026tgxpdh,aka2026tgxpdh
matched,onsite,2026-09-29 05:45:25.00,2026-09-29 05:45:25.48,0.484,61.08592987060547,61.086,-151.1657257080078,-151.166,0.016681467326528046,66.00140380859375,66.0,0.00140380859375,1.5114548387160225,1.5,0.011454838716022486,45,45.0,scolv:abakken,unknown,man_confirm,manual,aka2026tgzlnj,aka2026tgzlnj
matched,onsite,2026-09-29 06:01:40.00,2026-09-29 06:01:40.92,0.927,61.21892547607422,61.219,-147.17312622070312,-147.173,0.010692588040858602,8.509599685668945,8.5,0.009599685668945312,1.3472117178291614,1.3,0.04721171782916134,26,26.0,scolv:abakken,unknown,man_confirm,manual,aka2026tgzzpk,aka2026tgzzpk
matched,onsite,2026-09-29 06:31:44.00,2026-09-29 06:31:44.99,0.993,61.12545013427734,61.125,-147.5202178955078,-147.52,0.0514019329095201,10.9613618850708,11.0,0.03863811492919922,1.216661386948161,1.2,0.016661386948161105,17,17.0,scolv:abakken,unknown,man_confirm,manual,aka2026thazru,aka2026thazru
matched,onsite,2026-09-29 07:01:21.00,2026-09-29 07:01:21.64,0.649,61.66165542602539,61.662,-149.92324829101562,-149.923,0.04049413385058382,32.560516357421875,32.6,0.03948364257812642,2.1313180406842265,2.1,0.03131804068422639,112,112.0,scolv:abakken,unknown,man_confirm,manual,aka2026thbzin,aka2026thbzin
matched,onsite,2026-09-29 07:06:13.00,2026-09-29 07:06:13.33,0.333,51.15668487548828,51.157,179.04734802246094,179.047,0.04262524645717875,33.050048828125,33.1,0.04995117187500142,2.663150773492144,2.7,0.03684922650785616,35,35.0,scolv:abakken,unknown,man_confirm,manual,aka2026thcdom,aka2026thcdom
matched,onsite,2026-09-29 07:07:29.00,2026-09-29 07:07:29.23,0.233,53.94425201416016,53.944,-166.59280395507812,-166.593,0.030820313224461507,13.291387557983398,13.3,0.008612442016602273,1.7570814473707164,1.8,0.04291855262928368,28,28.0,scolv:abakken,unknown,man_confirm,manual,aka2026thcern,aka2026thcern
matched,onsite,2026-09-29 07:08:47.00,2026-09-29 07:08:47.18,0.183,59.95241928100586,59.952,-141.0166473388672,-141.017,0.050588059769962314,0.300362229347229,0.3,0.000362229347229015,1.834120500393581,1.8,0.034120500393580944,32,32.0,scolv:abakken,unknown,man_confirm,manual,aka2026thcfup,aka2026thcfup
matched,onsite,2026-09-29 07:09:42.00,2026-09-29 07:09:42.88,0.885,62.30827713012695,62.308,-150.45947265625,-150.459,0.03932084233834889,1.1866062879562378,1.2,0.013393712043762163,2.0313702320946603,2.0,0.03137023209466028,69,69.0,scolv:abakken,unknown,man_confirm,manual,aka2026thcgpn,aka2026thcgpn
matched,onsite,2026-09-29 07:19:41.00,2026-09-29 07:19:41.34,0.346,60.06618118286133,60.066,-152.66490173339844,-152.665,0.020871400479074344,102.24890899658203,102.2,0.04890899658202841,1.6497783065890492,1.6,0.04977830658904914,49,49.0,scolv:abakken,unknown,man_confirm,manual,aka2026thcpft,aka2026thcpft
matched,onsite,2026-09-29 07:22:17.00,2026-09-29 07:22:17.69,0.695,61.2489242553711,61.249,-150.27120971679688,-150.271,0.014026862028125768,45.85226440429688,45.9,0.047735595703116473,1.8140981325266965,1.8,0.01409813252669645,73,73.0,scolv:abakken,unknown,man_confirm,manual,aka2026thcrlf,aka2026thcrlf
matched,onsite,2026-09-29 07:39:12.00,2026-09-29 07:39:12.21,0.218,59.13786697387695,59.138,-152.0622100830078,-152.062,0.01903664240736426,63.68486022949219,63.7,0.015139770507815342,1.883711841013805,1.9,0.016288158986194956,25,25.0,scolv:abakken,unknown,man_confirm,manual,aka2026thdgem,aka2026thdgem
matched,onsite,2026-09-29 07:40:16.00,2026-09-29 07:40:16.23,0.235,52.29225921630859,52.292,-175.1498260498047,-175.15,0.031156971314697187,242.1317138671875,242.1,0.031713867187505684,2.112168979913896,2.1,0.012168979913895761,24,24.0,scolv:abakken,unknown,man_confirm,manual,aka2026thdhig,aka2026thdhig
matched,onsite,2026-09-29 07:50:16.00,2026-09-29 07:50:16.25,0.251,60.15498352050781,60.155,-152.58694458007812,-152.587,0.0035725107396636724,102.25595092773438,102.3,0.04404907226562216,1.446476016839457,1.4,0.046476016839457124,38,38.0,scolv:abakken,unknown,man_confirm,manual,aka2026thdpuc,aka2026thdpuc
matched,onsite,2026-09-29 08:00:04.00,2026-09-29 08:00:04.46,0.466,60.41594314575195,60.416,-148.41944885253906,-148.419,0.025438666492395654,2.969496250152588,3.0,0.03050374984741211,1.542477384508775,1.5,0.04247738450877492,26,26.0,scolv:abakken,unknown,man_confirm,manual,aka2026thdygt,aka2026thdygt
matched,onsite,2026-09-29 08:05:26.00,2026-09-29 08:05:26.60,0.606,51.56390380859375,51.564,-178.39915466308594,-178.399,0.015122764786235433,20.53913116455078,20.5,0.03913116455078125,1.5773332511335276,1.6,0.022666748866472464,22,22.0,scolv:abakken,unknown,man_confirm,manual,aka2026thecye,aka2026thecye
matched,onsite,2026-09-29 08:06:16.00,2026-09-29 08:06:16.42,0.421,60.06339263916016,60.063,-151.3783721923828,-151.378,0.048298174516322116,55.94399642944336,55.9,0.043996429443360796,1.6927323662935376,1.7,0.007267633706462329,22,22.0,scolv:abakken,unknown,man_confirm,manual,aka2026thedql,aka2026thedql
matched,onsite,2026-09-29 08:16:52.00,2026-09-29 08:16:52.26,0.268,51.40869140625,51.409,-178.08441162109375,-178.084,0.044637785285769185,9.013702392578125,9.0,0.013702392578125,1.9389294857231918,1.9,0.03892948572319188,35,35.0,scolv:abakken,unknown,man_confirm,manual,aka2026themvs,aka2026themvs
matched,onsite,2026-09-29 08:17:48.00,2026-09-29 08:17:48.19,0.199,57.69128036499023,57.691,-154.48175048828125,-154.482,0.034522283954715426,56.6556282043457,56.7,0.04437179565429972,2.6102884321433097,2.6,0.010288432143309656,67,67.0,scolv:abakken,unknown,man_confirm,manual,aka2026thenke,aka2026thenke
matched,onsite,2026-09-29 08:18:03.00,2026-09-29 08:18:03.79,0.799,54.49676895141602,54.497,-161.73004150390625,-161.73,0.02583085099271955,20.768939971923828,20.8,0.031060028076172586,2.3442805932117676,2.3,0.044280593211767805,18,18.0,scolv:abakken,unknown,man_confirm,manual,aka2026thenwt,aka2026thenwt
matched,onsite,2026-09-29 08:19:40.00,2026-09-29 08:19:40.91,0.915,62.10504531860352,62.105,-151.56118774414062,-151.561,0.010990330594310479,79.17871856689453,79.2,0.021281433105471592,1.9666749366428808,2.0,0.033325063357119156,48,48.0,scolv:abakken,unknown,man_confirm,manual,aka2026thepgr,aka2026thepgr
matched,onsite,2026-09-29 08:35:58.00,2026-09-29 08:35:58.19,0.197,57.23342514038086,57.233,-154.78829956054688,-154.788,0.050594298653071135,26.363853454589844,26.4,0.03614654541015483,1.987028117268736,2.0,0.012971882731263928,32,32.0,scolv:abakken,unknown,man_confirm,manual,aka2026thfdhb,aka2026thfdhb
matched,onsite,2026-09-29 08:41:32.00,2026-09-29 08:41:32.44,0.445,51.31771087646484,51.318,-176.43136596679688,-176.431,0.04099300011329715,30.81224250793457,30.8,0.012242507934569602,2.116531927807547,2.1,0.016531927807546865,30,30.0,scolv:abakken,unknown,man_confirm,manual,aka2026thfifn,aka2026thfifn
matched,onsite,2026-09-29 08:45:18.00,2026-09-29 08:45:18.74,0.744,60.64146041870117,60.641,-150.51364135742188,-150.514,0.05480263261397891,55.85057830810547,55.9,0.04942169189452983,1.784101641402844,1.8,0.015898358597155937,49,49.0,scolv:abakken,unknown,man_confirm,manual,aka2026thfljq,aka2026thfljq
matched,onsite,2026-09-29 08:46:02.00,2026-09-29 08:46:02.12,0.122,64.99964141845703,65.0,-141.39111328125,-141.391,0.040226252486023385,2.7236268520355225,2.7,0.023626852035522283,1.8385445618355105,1.8,0.03854456183551047,23,23.0,scolv:abakken,unknown,man_confirm,manual,aka2026thfmdb,aka2026thfmdb
root_only,onsite,2026-09-29 09:11:53.00,,,51.23884201049805,,-176.31396484375,,,15.523224830627441,,,2.56881624015098,,,41,,scanloc_state:AEC,,auto_confirm,,aka2026thgilm,
matched,onsite,2026-09-29 09:20:27.00,2026-09-29 09:20:26.80,0.197,58.28056335449219,58.283,-155.0067596435547,-154.985,1.3006002852192127,5.0,5.0,0.0,0.9078100419942763,0.8,0.10781004199427624,13,6.0,scanloc_state:AEC,unknown,auto_confirm,automatic,aka2026thgpyt,aka2026thgpyt
matched,onsite,2026-09-29 09:44:46.00,2026-09-29 09:44:46.30,0.301,58.3042984008789,58.29,-154.95664978027344,-154.988,2.4256534899658377,5.0,5.0,0.0,0.8556647949784313,0.9,0.044335205021568735,13,6.0,scanloc_state:AEC,unknown,auto_confirm,automatic,aka2026thhlbd,aka2026thhlbd
root_only,onsite,2026-09-29 09:55:11.00,,,51.83660888671875,,178.84327697753906,,,109.19523620605469,,,1.698528755428352,,,8,,scanloc_state:AEC,,auto_confirm,,aka2026thhueo,
matched,onsite,2026-09-29 09:57:41.00,2026-09-29 09:57:41.02,0.02,53.93997192382812,53.945166666667,-166.59378051757812,-166.57966666667,1.089469092497897,14.692842483520508,10.5,4.192842483520508,1.2423683120310767,0.55,0.6923683120310766,13,19.0,scanloc_state:AEC,unknown,auto_confirm,manual,aka2026thhwgw,av93067504
matched,onsite,2026-09-29 10:14:35.00,2026-09-29 10:14:35.59,0.593,58.1948127746582,58.195,-136.8332061767578,-136.833,0.02407072900021173,8.030189514160156,8.0,0.03018951416015625,2.913707466952699,3.2,0.28629253304730096,23,23.0,scanloc_state:AEC,unknown,auto_confirm,automatic,aka2026thikql,aka2026thikql
matched,onsite,2026-09-29 10:22:49.00,2026-09-29 10:22:49.15,0.156,61.54370498657227,61.544,-149.84568786621094,-149.846,0.03673688477252261,68.94144439697266,69.0,0.05855560302734375,1.861068343220735,1.9,0.0389316567792648,46,46.0,scanloc_state:AEC,unknown,auto_confirm,automatic,aka2026thisbh,aka2026thisbh
matched,onsite,2026-09-29 10:24:34.00,2026-09-29 10:24:37.59,3.599,54.52182388305664,54.66,-161.40142822265625,-161.5901,19.591493644802142,11.185226440429688,49.875,38.68977355957031,3.855794285024332,4.0,0.14420571497566792,230,41.0,scolv:afozkos,unknown,man_confirm,manual,aka2026thitnz,us6000tybl
matched,onsite,2026-09-29 10:26:03.00,2026-09-29 10:26:03.08,0.088,59.16204071044922,59.162,-153.11709594726562,-153.117,0.0070994109211449915,74.49867248535156,74.5,0.0013275146484375,2.641750256260196,2.5,0.14175025626019622,55,55.0,scanloc_state:AEC,unknown,auto_confirm,automatic,aka2026thiuub,aka2026thiuub
root_only,onsite,2026-09-29 11:14:33.00,,,51.32701110839844,,-176.05029296875,,,22.756975173950195,,,2.514498618108457,,,39,,scanloc_state:AEC,,auto_confirm,,aka2026thkkvm,
root_only,onsite,2026-09-29 11:19:48.00,,,51.31703948974609,,-176.08316040039062,,,16.693668365478516,,,2.1992937220105624,,,22,,scanloc_state:AEC,,auto_confirm,,aka2026thkpni,
matched,onsite,2026-09-29 11:39:45.00,2026-09-29 11:39:45.31,0.314,61.74880599975586,61.749,-149.4761505126953,-149.476,0.022980438473013245,12.718476295471191,12.7,0.018476295471192117,1.1512391847659886,1.1,0.051239184765988544,8,8.0,scanloc_state:AEC,unknown,auto_confirm,automatic,aka2026thlgth,aka2026thlgth
matched,onsite,2026-09-29 12:23:28.00,2026-09-29 12:23:28.72,0.728,64.02483367919922,64.024,-147.40719604492188,-147.41,0.16505042928533523,5.0,5.0,0.0,1.4048314578078707,1.2,0.2048314578078707,29,22.0,scanloc_state:AEC,unknown,auto_confirm,automatic,aka2026thmsqy,aka2026thmsqy
matched,onsite,2026-09-29 12:27:05.00,2026-09-29 12:27:04.05,0.95,54.10973358154297,54.113333333333,-165.99021911621094,-165.97983333333,0.7864626850602223,4.744367122650146,6.06,1.315632877349854,1.6106577369656918,0.81,0.8006577369656918,13,20.0,scanloc_state:AEC,unknown,auto_confirm,manual,aka2026thmvul,av93067464
matched,onsite,2026-09-29 12:36:25.00,2026-09-29 12:36:25.00,0.009,58.18254852294922,58.185,-155.24659729003906,-155.29,2.558895655021846,5.0,5.0,0.0,0.8942167296041448,0.9,0.0057832703958552445,13,10.0,scanloc_state:AEC,unknown,auto_confirm,automatic,aka2026thndwq,aka2026thndwq
matched,onsite,2026-09-29 13:17:20.00,2026-09-29 13:17:20.83,0.834,62.19436645507812,62.194,-148.64918518066406,-148.649,0.041864741665484845,34.75331497192383,34.8,0.04668502807616903,1.603915581052919,1.6,0.003915581052919004,25,25.0,scanloc_state:AEC,unknown,auto_confirm,automatic,aka2026thonjf,aka2026thonjf
matched,onsite,2026-09-29 14:07:43.00,2026-09-29 14:07:43.21,0.21,61.50543212890625,61.505,-146.59690856933594,-146.597,0.0482947183201305,2.78580379486084,2.8,0.014196205139159979,1.992332081830395,2.0,0.0076679181696051035,67,67.0,scanloc_state:AEC,unknown,auto_confirm,automatic,aka2026thqfau,aka2026thqfau
matched,onsite,2026-09-29 14:26:48.00,2026-09-29 14:26:48.17,0.175,58.28128814697266,58.281,-155.0087127685547,-155.009,0.03617398821617681,5.0,5.0,0.0,0.728730181570639,0.7,0.028730181570639002,10,10.0,scanloc_state:AEC,unknown,auto_confirm,automatic,aka2026thqvpb,aka2026thqvpb
root_only,onsite,2026-09-29 14:32:08.00,,,51.60952758789062,,-176.28515625,,,69.73005676269531,,,1.8081039961081187,,,12,,scanloc_state:AEC,,auto_confirm,,aka2026thrafk,
matched,onsite,2026-09-29 14:36:20.00,2026-09-29 14:36:20.73,0.739,62.51392364501953,62.513,-150.81454467773438,-150.814,0.10644075269452552,80.58724212646484,80.7,0.11275787353515909,2.063112530524522,2.0,0.06311253052452193,71,68.0,scanloc_state:AEC,unknown,auto_confirm,automatic,aka2026thrdwf,aka2026thrdwf
matched,onsite,2026-09-29 14:40:27.00,2026-09-29 14:40:27.66,0.667,58.2726058959961,58.273,-154.9794464111328,-154.979,0.051007896140325776,3.8005032539367676,3.8,0.0005032539367677558,1.3084207666650296,1.3,0.008420766665029555,22,22.0,scanloc_state:AEC,unknown,auto_confirm,automatic,aka2026thrhkz,aka2026thrhkz
matched,onsite,2026-09-29 14:43:19.00,2026-09-29 14:43:19.79,0.79,52.0673942565918,52.084833333333,-175.44790649414062,-175.47316666667,2.596240893594116,17.56601333618164,14.26,3.306013336181641,1.7919697075245642,1.32,0.47196970752456413,9,10.0,scanloc_state:AEC,unknown,auto_confirm,manual,aka2026thrjxp,av93067549
matched,onsite,2026-09-29 14:45:11.00,2026-09-29 14:45:11.39,0.394,61.59285736083984,61.593,-152.2692108154297,-152.264,0.2761032292584982,133.51316833496094,132.9,0.6131683349609318,2.1094416598924375,2.1,0.009441659892437393,64,63.0,scanloc_state:AEC,unknown,auto_confirm,automatic,aka2026thrlmk,aka2026thrlmk
matched,onsite,2026-09-29 16:03:54.00,2026-09-29 16:03:54.08,0.082,61.52319717407227,61.521,-146.59249877929688,-146.591,0.25691310707829285,43.18359375,44.2,1.0164062500000028,1.2974764792400435,1.3,0.0025235207599565435,21,20.0,scanloc_state:AEC,unknown,auto_confirm,automatic,aka2026thubtz,aka2026thubtz
root_only,onsite,2026-09-29 16:05:26.00,,,51.10700607299805,,-178.47518920898438,,,20.430540084838867,,,2.7731626677187955,,,46,,scanloc_state:AEC,,auto_confirm,,aka2026thuddl,
root_only,onsite,2026-09-29 16:11:59.00,,,51.35036468505859,,-177.48374938964844,,,27.748491287231445,,,2.652007236741949,,,48,,scanloc_state:AEC,,auto_confirm,,aka2026thuiug,
matched,onsite,2026-09-29 17:08:11.00,2026-09-29 17:08:11.57,0.572,58.17665100097656,58.177,-155.3263397216797,-155.326,0.04362040966716209,5.0,5.0,0.0,0.7974128496229297,0.8,0.0025871503770703574,10,10.0,scanloc_state:AEC,unknown,auto_confirm,automatic,aka2026thwepl,aka2026thwepl
matched,onsite,2026-09-29 17:30:56.00,2026-09-29 17:30:56.97,0.979,57.54956817626953,57.55,-155.90447998046875,-155.904,0.05590787019387749,5.0,5.0,0.0,1.815203053869269,1.8,0.015203053869268901,28,28.0,scanloc_state:AEC,unknown,auto_confirm,automatic,aka2026thwzfz,aka2026thwzfz
matched,onsite,2026-09-29 18:13:46.00,2026-09-29 18:13:46.32,0.322,58.12339782714844,58.123,-153.16465759277344,-153.165,0.04859148801634592,48.12894821166992,48.1,0.028948211669920454,1.953227127361959,1.9,0.053227127361959115,26,26.0,scanloc_state:AEC,unknown,auto_confirm,automatic,aka2026thykim,aka2026thykim
matched,onsite,2026-09-29 18:15:21.00,2026-09-29 18:15:21.43,0.438,60.37210464477539,60.374,-151.67701721191406,-151.677,0.2107560088552016,70.41251373291016,70.6,0.18748626708983807,2.186924694288972,2.1,0.08692469428897187,88,85.0,scanloc_state:AEC,unknown,auto_confirm,automatic,aka2026thylub,aka2026thylub
matched,onsite,2026-09-29 20:39:45.00,2026-09-29 20:39:45.99,0.994,61.29587936401367,61.296,-152.3487091064453,-152.349,0.020525175290304787,2.3672142028808594,2.4,0.032785797119140536,0.4546908004460546,0.4,0.054690800446054566,9,9.0,scanloc_state:AEC,unknown,auto_confirm,automatic,aka2026tidgzc,aka2026tidgzc
matched,onsite,2026-09-29 21:07:43.00,2026-09-29 21:07:43.12,0.123,60.02396774291992,60.024,-152.04403686523438,-152.044,0.00413039094373326,53.93120193481445,53.9,0.031201934814454546,1.3672639866504832,1.4,0.0327360133495167,5,5.0,scanloc_state:AEC,unknown,auto_confirm,automatic,aka2026tiefdx,aka2026tiefdx
root_only,onsite,2026-09-29 22:53:21.00,,,61.37686538696289,,-140.27684020996094,,,4.871431827545166,,,1.5853131597306271,,,17,,scanloc_state:AEC,,auto_confirm,,aka2026tihsvo,
matched,onsite,2026-09-29 22:59:28.00,2026-09-29 22:59:28.78,0.78,55.79222869873047,55.792,-159.9434051513672,-159.943,0.03589108778437452,5.0,5.0,0.0,1.9920268334160145,2.2,0.20797316658398568,8,8.0,scanloc_state:AEC,unknown,auto_confirm,automatic,aka2026tihycs,aka2026tihycs
matched,onsite,2026-09-29 23:02:27.00,2026-09-29 23:02:27.75,0.752,64.95942687988281,64.953,-147.4984893798828,-147.476,1.2772184148849937,4.374938011169434,5.1,0.725061988830566,1.0909650575686531,1.1,0.009034942431346948,17,15.0,scanloc_state:AEC,unknown,auto_confirm,automatic,aka2026tiiart,aka2026tiiart
matched,onsite,2026-09-29 23:14:16.00,2026-09-29 23:14:16.12,0.12,60.68252563476562,60.686,-152.37014770507812,-152.357,0.8134074074463499,104.2074966430664,104.7,0.4925033569335966,1.6069595542729223,1.5,0.10695955427292225,41,40.0,scanloc_state:AEC,unknown,auto_confirm,automatic,aka2026tiikly,aka2026tiikly
root_only,onsite,2026-09-29 23:30:50.00,,,60.89971542358398,,-140.42642211914062,,,5.0,,,1.2718609370377372,,,5,,scanloc_state:AEC,,auto_confirm,,aka2026tiizes,
matched,onsite,2026-09-30 00:08:03.00,2026-09-30 00:08:03.68,0.684,65.87574005126953,65.876,-146.87319946289062,-146.873,0.030293101233274264,6.190845966339111,6.2,0.00915403366088885,1.213144750576587,1.0,0.2131447505765871,6,6.0,scanloc_state:AEC,unknown,auto_confirm,automatic,aka2026tikfou,aka2026tikfou
matched,onsite,2026-09-30 00:23:16.00,2026-09-30 00:23:16.29,0.296,57.53826141357422,57.538,-155.83631896972656,-155.836,0.03474687664919789,5.0,5.0,0.0,1.589410149175921,1.5,0.08941014917592094,7,7.0,scanloc_state:AEC,unknown,auto_confirm,automatic,aka2026tikstr,aka2026tikstr
matched,onsite,2026-09-30 00:27:34.00,2026-09-30 00:27:34.16,0.162,60.04391479492188,60.044,-153.06216430664062,-153.062,0.013152599341995539,5.0,5.0,0.0,0.44765453165998864,0.5,0.05234546834001136,6,6.0,scanloc_state:AEC,unknown,auto_confirm,automatic,aka2026tikwmo,aka2026tikwmo
matched,onsite,2026-09-30 00:48:23.00,2026-09-30 00:48:23.56,0.56,52.36304473876953,52.344833333333,-174.1981658935547,-174.17983333333,2.377160496988731,4.278698921203613,1.04,3.2386989212036132,1.3724877798481978,0.35,1.022487779848198,6,9.0,scanloc_state:AEC,unknown,auto_confirm,manual,aka2026tilooe,av94455051
matched,onsite,2026-09-30 00:49:31.00,2026-09-30 00:49:31.91,0.911,63.22776412963867,63.233,-150.5633544921875,-150.572,0.7255616976273072,122.42603302001953,122.0,0.42603302001953125,1.9669096202223832,1.9,0.06690962022238334,52,50.0,scanloc_state:AEC,unknown,auto_confirm,automatic,aka2026tilpqd,aka2026tilpqd
matched,onsite,2026-09-30 01:59:51.00,2026-09-30 01:59:51.13,0.136,64.5519790649414,64.552,-146.5795440673828,-146.58,0.021908286233613544,5.0,5.0,0.0,0.8844601164232825,0.8,0.08446011642328244,11,11.0,scanloc_state:AEC,unknown,auto_confirm,automatic,aka2026tinymu,aka2026tinymu
matched,onsite,2026-09-30 02:16:30.00,2026-09-30 02:16:30.05,0.052,63.15835189819336,63.158,-142.92698669433594,-142.927,0.03913499610381728,2.336890697479248,2.3,0.036890697479248225,1.504378893733114,1.4,0.10437889373311404,13,13.0,scanloc_state:AEC,unknown,auto_confirm,automatic,aka2026tiomyi,aka2026tiomyi
matched,onsite,2026-09-30 02:27:22.00,2026-09-30 02:27:22.67,0.678,58.98962783813477,58.986,-153.93646240234375,-153.927,0.6757231009298308,13.547124862670898,13.7,0.15287513732910085,2.415763641313788,2.4,0.015763641313788046,96,93.0,scanloc_state:AEC,unknown,auto_confirm,automatic,aka2026tiowjc,aka2026tiowjc
root_only,onsite,2026-09-30 02:27:34.00,,,53.51077270507812,,-167.0472412109375,,,105.53237915039062,,,2.2839656568436855,,,43,,scanloc_state:AEC,,auto_confirm,,aka2026tiowpb,
matched,onsite,2026-09-30 02:32:48.00,2026-09-30 02:32:48.77,0.779,64.62568664550781,64.622,-151.06842041015625,-151.087,0.9756809857202313,14.966848373413086,17.5,2.533151626586914,1.5556892288932482,1.5,0.05568922889324823,26,19.0,scanloc_state:AEC,unknown,auto_confirm,automatic,aka2026tipbcb,aka2026tipbcb
root_only,onsite,2026-09-30 02:51:48.00,,,51.49517440795898,,178.28857421875,,,50.86559295654297,,,2.792750038784235,,,25,,scanloc_state:AEC,,auto_confirm,,aka2026tiprol,
root_only,onsite,2026-09-30 03:27:27.00,,,51.94229125976562,,-178.53060913085938,,,5.0,,,1.697436547575154,,,6,,scanloc_state:AEC,,auto_confirm,,aka2026tiqwlu,
matched,onsite,2026-09-30 03:59:10.00,2026-09-30 03:59:10.35,0.35,58.29283142089844,58.291,-154.97454833984375,-154.981,0.4285344809534857,5.0,5.0,0.0,0.7632645516308797,0.7,0.06326455163087974,11,10.0,scanloc_state:AEC,unknown,auto_confirm,automatic,aka2026tirxyv,aka2026tirxyv
root_only,onsite,2026-09-30 04:45:13.00,,,51.78905487060547,,-169.37281799316406,,,2.0779433250427246,,,2.8889669908499576,,,20,,scanloc_state:AEC,,auto_confirm,,aka2026titluo,
matched,onsite,2026-09-30 04:52:42.00,2026-09-30 04:52:42.79,0.79,64.46263885498047,64.459,-146.9371795654297,-146.94,0.4266154752322179,5.0,5.0,0.0,1.2687149660056158,1.0,0.26871496600561584,29,22.0,scanloc_state:AEC,unknown,auto_confirm,automatic,aka2026titsjx,aka2026titsjx
root_only,onsite,2026-09-30 04:56:11.00,,,51.8319206237793,,-169.2869110107422,,,5.0,,,2.9528225483369823,,,23,,scanloc_state:AEC,,auto_confirm,,aka2026titvla,
matched,onsite,2026-09-30 04:58:48.00,2026-09-30 04:58:47.98,0.018,58.17544174194336,58.177,-155.3288116455078,-155.328,0.17968706276536175,5.0,5.0,0.0,0.6901690889484436,0.7,0.009830911051556313,12,9.0,scanloc_state:AEC,unknown,auto_confirm,automatic,aka2026titxrc,aka2026titxrc
root_only,onsite,2026-09-30 05:12:32.00,,,51.10146331787109,,-178.37510681152344,,,17.661914825439453,,,2.635577052810871,,,46,,scanloc_state:AEC,,auto_confirm,,aka2026tiujou,
matched,onsite,2026-09-30 05:15:15.00,2026-09-30 05:15:15.36,0.368,58.28078079223633,58.293,-154.9727020263672,-154.976,1.3723207535240873,5.0,5.0,0.0,0.8362966360538249,0.9,0.06370336394617515,16,12.0,scanloc_state:AEC,unknown,auto_confirm,automatic,aka2026tiulya,aka2026tiulya
matched,onsite,2026-09-30 05:19:02.00,2026-09-30 05:19:02.00,0.003,58.04813003540039,58.048,-155.78366088867188,-155.784,0.024642965518095528,14.99222469329834,15.0,0.007775306701660156,1.0014965067008414,1.0,0.001496506700841449,12,12.0,scanloc_state:AEC,unknown,auto_confirm,automatic,aka2026tiupgg,aka2026tiupgg
matched,onsite,2026-09-30 05:29:30.00,2026-09-30 05:29:30.32,0.327,61.56192398071289,61.558,-146.42620849609375,-146.428,0.4465213200140084,7.769774913787842,9.0,1.2302250862121582,1.769949518303592,1.6,0.16994951830359195,55,52.0,scanloc_state:AEC,unknown,auto_confirm,automatic,aka2026tiuyhu,aka2026tiuyhu
matched,onsite,2026-09-30 05:30:41.00,2026-09-30 05:30:41.76,0.764,57.63677978515625,57.637,-155.1053924560547,-155.105,0.03384166329532999,64.28868103027344,64.3,0.011318969726559658,1.9802566770502723,2.0,0.019743322949727693,51,51.0,scanloc_state:AEC,unknown,auto_confirm,automatic,aka2026tiuzhv,aka2026tiuzhv
matched,onsite,2026-09-30 06:34:01.00,2026-09-30 06:34:01.70,0.708,58.08342361450195,58.084,-156.42027282714844,-156.421,0.07703934937960888,2.1876983642578125,4.2,2.0123016357421877,1.9680582275149647,1.9,0.06805822751496482,53,52.0,scanloc_state:AEC,unknown,auto_confirm,automatic,aka2026tixcfs,aka2026tixcfs
matched,onsite,2026-09-30 07:10:46.00,2026-09-30 07:10:46.34,0.346,62.15106964111328,62.167,-150.0402069091797,-150.042,1.7738207885239299,14.552462577819824,16.3,1.7475374221801765,1.471314855152322,1.4,0.07131485515232217,21,19.0,scanloc_state:AEC,unknown,auto_confirm,automatic,aka2026tiygwf,aka2026tiygwf
root_only,onsite,2026-09-30 07:13:06.00,,,53.44122314453125,,-167.05624389648438,,,92.67198181152344,,,2.294897144079981,,,49,,scanloc_state:AEC,,auto_confirm,,aka2026tiykct,
matched,onsite,2026-09-30 07:29:49.00,2026-09-30 07:29:49.11,0.119,58.26065444946289,58.261,-155.13925170898438,-155.139,0.041147862041957695,5.0,5.0,0.0,0.7706705347591386,0.7,0.07067053475913865,11,11.0,scanloc_state:AEC,unknown,auto_confirm,automatic,aka2026tiyypp,aka2026tiyypp
matched,onsite,2026-09-30 07:33:56.00,2026-09-30 07:33:56.05,0.052,64.2326431274414,64.233,-148.5087127685547,-148.509,0.042041244026374436,15.930684089660645,15.9,0.030684089660644176,0.8837160474387055,0.8,0.08371604743870542,12,12.0,scanloc_state:AEC,unknown,auto_confirm,automatic,aka2026tizcep,aka2026tizcep
matched,onsite,2026-09-30 08:05:02.00,2026-09-30 08:05:02.29,0.294,58.25973892211914,58.268,-155.14854431152344,-155.168,1.462443994218329,5.0,0.7,4.3,0.604041002549293,0.6,0.004041002549293071,9,7.0,scanloc_state:AEC,unknown,auto_confirm,automatic,aka2026tjaddo,aka2026tjaddo
matched,onsite,2026-09-30 08:07:03.00,2026-09-30 08:07:03.66,0.661,64.42122650146484,64.424,-146.1227264404297,-146.122,0.31036444943000313,0.50497967004776,4.6,4.09502032995224,1.691808524011268,1.7,0.008191475988732044,52,43.0,scanloc_state:AEC,unknown,auto_confirm,automatic,aka2026tjaexe,aka2026tjaexe
matched,onsite,2026-09-30 08:08:34.00,2026-09-30 08:08:34.91,0.915,61.51618957519531,61.516,-151.36807250976562,-151.368,0.021427635765367388,9.695697784423828,9.7,0.0043022155761711645,0.7647556146525673,0.7,0.0647556146525673,6,6.0,scanloc_state:AEC,unknown,auto_confirm,automatic,aka2026tjagfl,aka2026tjagfl
matched,onsite,2026-09-30 08:22:22.00,2026-09-30 08:22:22.63,0.63,61.73106002807617,61.731,-150.17434692382812,-150.174,0.019451223470273758,5.0,5.0,0.0,2.4736415755379184,2.5,0.026358424462081587,94,94.0,scolv:aaholland3,unknown,man_confirm,manual,aka2026tjasea,aka2026tjasea
root_only,onsite,2026-09-30 08:38:36.00,,,51.87164306640625,,-177.90518188476562,,,25.20713233947754,,,1.3014125100319818,,,7,,scanloc_state:AEC,,auto_confirm,,aka2026tjbggi,
matched,onsite,2026-09-30 09:37:21.00,2026-09-30 09:37:21.29,0.291,59.20486068725586,59.205,-152.60508728027344,-152.605,0.016268228615021803,74.0450439453125,74.0,0.0450439453125,1.8991088558429838,1.9,0.0008911441570160772,51,51.0,scanloc_state:AEC,unknown,auto_confirm,automatic,aka2026tjdfed,aka2026tjdfed
matched,onsite,2026-09-30 10:08:47.00,2026-09-30 10:08:47.61,0.616,63.44884872436523,63.449,-147.63963317871094,-147.64,0.024806598051978494,0.1126081570982933,0.1,0.012608157098293299,1.6356423204465058,1.6,0.035642320446505726,45,44.0,scanloc_state:AEC,unknown,auto_confirm,automatic,aka2026tjeglo,aka2026tjeglo
matched,onsite,2026-09-30 10:31:47.00,2026-09-30 10:31:47.88,0.887,62.0494384765625,62.048,-147.6351776123047,-147.635,0.16021894334703418,20.391328811645508,20.8,0.4086711883544929,3.051376241962771,3.1,0.04862375803722907,202,200.0,scanloc_global_assoc:AEC,unknown,auto_confirm,automatic,aka2026tjfajm,aka2026tjfajm
root_only,onsite,2026-09-30 10:47:21.00,,,52.94805908203125,,-168.382568359375,,,65.80713653564453,,,2.265502894342231,,,33,,scanloc_state:AEC,,auto_confirm,,aka2026tjfnuw,
root_only,onsite,2026-09-30 11:24:54.00,,,51.81943893432617,,-169.14601135253906,,,5.0,,,2.556074583666234,,,7,,scanloc_state:AEC,,auto_confirm,,aka2026tjgull,
matched,onsite,2026-09-30 11:32:08.00,2026-09-30 11:32:08.12,0.129,60.97277069091797,60.981,-151.4744415283203,-151.481,0.981078126583115,70.28533935546875,72.4,2.1146606445312557,2.029594771899689,1.9,0.12959477189968904,83,78.0,scanloc_state:AEC,unknown,auto_confirm,automatic,aka2026tjhahd,aka2026tjhahd
root_only,onsite,2026-09-30 12:13:33.00,,,51.76847076416016,,-169.2913818359375,,,5.0,,,2.687367581904878,,,16,,scanloc_state:AEC,,auto_confirm,,aka2026tjikvn,
root_only,onsite,2026-09-30 12:16:22.00,,,51.40651702880859,,-176.0007781982422,,,19.935348510742188,,,2.469188593240917,,,23,,scanloc_state:AEC,,auto_confirm,,aka2026tjinaz,
root_only,onsite,2026-09-30 12:23:05.00,,,55.11941909790039,,-159.45240783691406,,,5.0,,,3.07468507624358,,,50,,scanloc_state:AEC,,auto_confirm,,aka2026tjiszx,
matched,onsite,2026-09-30 13:27:00.00,2026-09-30 13:27:00.22,0.22,60.04938507080078,60.049,-153.0618438720703,-153.062,0.04368636102066678,5.0,5.0,0.0,0.38808812889661937,0.5,0.11191187110338063,6,6.0,scanloc_state:AEC,unknown,auto_confirm,automatic,aka2026tjkwhv,aka2026tjkwhv
matched,onsite,2026-09-30 13:47:32.00,2026-09-30 13:47:31.97,0.029,59.75061798095703,59.748,-153.3069305419922,-153.287,1.15380155500951,125.6205062866211,126.3,0.6794937133789034,1.8735251485592,1.8,0.0735251485591999,42,41.0,scanloc_state:AEC,unknown,auto_confirm,automatic,aka2026tjlofm,aka2026tjlofm
matched,onsite,2026-09-30 14:19:23.00,2026-09-30 14:19:23.17,0.179,57.62743759155273,57.627,-155.74761962890625,-155.748,0.053669719179902556,97.5841064453125,97.6,0.015893554687494316,1.3446803281186108,1.4,0.05531967188138909,14,14.0,scanloc_state:AEC,unknown,auto_confirm,automatic,aka2026tjmpuo,aka2026tjmpuo
matched,onsite,2026-09-30 14:20:34.00,2026-09-30 14:20:34.05,0.053,60.01005554199219,60.01,-153.0949249267578,-153.095,0.00745342559417806,5.0,5.0,0.0,0.5198728043284022,0.5,0.019872804328402216,6,6.0,scanloc_state:AEC,unknown,auto_confirm,automatic,aka2026tjmqti,aka2026tjmqti
matched,onsite,2026-09-30 14:41:02.00,2026-09-30 14:41:02.06,0.063,61.6906623840332,61.688,-149.9303741455078,-149.929,0.30478345829553155,26.888851165771484,27.2,0.3111488342285149,2.1315083973385205,2.1,0.0315083973385204,78,75.0,scanloc_state:AEC,unknown,auto_confirm,automatic,aka2026tjnimm,aka2026tjnimm
root_only,onsite,2026-09-30 14:48:39.00,,,65.29899597167969,,-136.02206420898438,,,88.09541320800781,,,2.874560216173995,,,13,,scanloc_state:AEC,,auto_confirm,,aka2026tjnpge,
matched,onsite,2026-09-30 15:18:25.00,2026-09-30 15:18:25.33,0.331,63.82145309448242,63.822,-147.74009704589844,-147.732,0.40183199156517396,5.0,5.0,0.0,1.4585443523471842,1.3,0.15854435234718411,27,17.0,scanloc_state:AEC,unknown,auto_confirm,automatic,aka2026tjooxs,aka2026tjooxs
matched,onsite,2026-09-30 15:30:44.00,2026-09-30 15:30:44.91,0.913,65.46295928955078,65.453,-144.7504119873047,-144.756,1.1370988783775158,5.0,5.0,0.0,1.3696461173452836,1.2,0.16964611734528368,26,20.0,scanloc_state:AEC,unknown,auto_confirm,automatic,aka2026tjozpk,aka2026tjozpk
root_only,onsite,2026-09-30 15:43:33.00,,,51.92084884643555,,-174.90267944335938,,,89.162353515625,,,2.7138903021724654,,,22,,scanloc_state:AEC,,auto_confirm,,aka2026tjpksh,
matched,onsite,2026-09-30 15:43:56.00,2026-09-30 15:43:56.87,0.878,58.21780014038086,58.218,-155.09335327148438,-155.093,0.03036332574325331,37.41463851928711,37.4,0.014638519287110796,0.5358062529207762,0.4,0.1358062529207762,19,19.0,scanloc_state:AEC,unknown,auto_confirm,automatic,aka2026tjplbb,aka2026tjplbb
matched,onsite,2026-09-30 16:25:40.00,2026-09-30 16:25:40.84,0.841,61.66331481933594,61.663,-141.77468872070312,-141.775,0.038669830993064314,11.816560745239258,11.8,0.016560745239257102,1.3750954233922839,1.4,0.024904576607716056,17,17.0,scanloc_state:AEC,unknown,auto_confirm,automatic,aka2026tjquoj,aka2026tjquoj
matched,onsite,2026-09-30 16:44:58.00,2026-09-30 16:44:58.55,0.554,57.51033401489258,57.504,-154.614501953125,-154.573,2.57715471741183,30.13623809814453,32.2,2.0637619018554716,1.7705734182773831,1.7,0.07057341827738317,30,26.0,scanloc_state:AEC,unknown,auto_confirm,automatic,aka2026tjrlyv,aka2026tjrlyv
matched,onsite,2026-09-30 16:50:16.00,2026-09-30 16:50:15.66,0.338,62.16692733764648,62.177,-153.27056884765625,-153.313,2.4709377846554346,2.8141653537750244,5.0,2.1858346462249756,1.762387342525164,1.6,0.16238734252516385,31,24.0,scanloc_state:AEC,unknown,auto_confirm,automatic,aka2026tjrqmh,aka2026tjrqmh
matched,onsite,2026-09-30 17:25:06.00,2026-09-30 17:25:06.39,0.399,61.18787384033203,61.193,-150.63641357421875,-150.637,0.5708684602234653,49.31858062744141,49.3,0.018580627441416198,2.4662319785570963,2.4,0.0662319785570964,123,119.0,scanloc_state:AEC,unknown,auto_confirm,automatic,aka2026tjsunq,aka2026tjsunq
matched,onsite,2026-09-30 17:34:30.00,2026-09-30 17:34:30.92,0.923,59.89202880859375,59.892,-152.58291625976562,-152.583,0.0056638507757779365,87.24981689453125,87.2,0.04981689453124716,2.0728603483721995,2.0,0.07286034837219946,99,99.0,scanloc_state:AEC,unknown,auto_confirm,automatic,aka2026tjtcxh,aka2026tjtcxh
matched,onsite,2026-09-30 17:39:22.00,2026-09-30 17:39:22.29,0.29,58.65377807617188,58.665,-155.10203552246094,-155.108,1.2946244528510942,150.95285034179688,151.9,0.9471496582031307,2.0173242654274404,1.8,0.21732426542744032,47,46.0,scanloc_state:AEC,unknown,auto_confirm,automatic,aka2026tjthav,aka2026tjthav
root_only,onsite,2026-09-30 17:50:23.00,,,53.54579162597656,,-166.54931640625,,,75.93669891357422,,,1.8029123777023175,,,22,,scanloc_state:AEC,,auto_confirm,,aka2026tjtqsi,
matched,onsite,2026-09-30 18:16:07.00,2026-09-30 18:16:07.82,0.823,64.78561401367188,64.789,-149.09593200683594,-149.106,0.6076004021066042,1.5946831703186035,5.0,3.4053168296813965,1.3220895867862528,1.2,0.12208958678625281,24,19.0,scanloc_state:AEC,unknown,auto_confirm,automatic,aka2026tjumzo,aka2026tjumzo
matched,onsite,2026-09-30 18:17:29.00,2026-09-30 18:17:29.93,0.933,59.94112014770508,59.941,-153.28921508789062,-153.289,0.017944260258987446,153.50637817382812,153.5,0.006378173828125,2.0727458092407764,2.0,0.07274580924077645,87,87.0,scanloc_state:AEC,unknown,auto_confirm,automatic,aka2026tjuoem,aka2026tjuoem
matched,onsite,2026-09-30 18:36:04.00,2026-09-30 18:36:04.87,0.87,52.06990814208984,52.0895,-176.98223876953125,-176.982,2.1785763066729995,19.811540603637695,4.2,15.611540603637696,1.9682371371954364,1.65,0.31823713719543645,19,18.0,scanloc_state:AEC,unknown,auto_confirm,manual,aka2026tjvehn,av94456096
matched,onsite,2026-09-30 19:09:24.00,2026-09-30 19:09:24.09,0.095,55.75412368774414,55.754,-160.2152862548828,-160.215,0.022583327321284586,88.30276489257812,88.3,0.002764892578127842,2.5284526634189386,2.4,0.12845266341893868,42,42.0,scanloc_state:AEC,unknown,auto_confirm,automatic,aka2026tjwhfb,aka2026tjwhfb
matched,onsite,2026-09-30 19:10:09.00,2026-09-30 19:10:09.16,0.166,51.75315093994141,51.8805,179.21939086914062,179.2118,14.170179324828766,113.99634552001953,119.22,5.223654479980468,4.250206923823449,4.2,0.050206923823449046,96,130.0,scolv:aaholland3,unknown,man_confirm,manual,aka2026tjwhtq,us6000tyl5
root_only,onsite,2026-09-30 19:51:37.00,,,51.6507682800293,,-179.86114501953125,,,102.32630157470703,,,2.9392060519403107,,,48,,scanloc_state:AEC,,auto_confirm,,aka2026tjxrvj,
root_only,onsite,2026-09-30 19:51:54.00,,,53.86389923095703,,-167.08213806152344,,,30.042131423950195,,,1.2186927019196576,,,7,,scanloc_state:AEC,,auto_confirm,,aka2026tjxsbn,
root_only,onsite,2026-09-30 22:07:21.00,,,61.22155380249023,,-139.9044952392578,,,5.0,,,1.7992006513325134,,,18,,scanloc_state:AEC,,auto_confirm,,aka2026tkcfmj,
matched,onsite,2026-09-30 22:27:18.00,2026-09-30 22:27:18.46,0.469,61.12916564941406,61.129,-147.2367706298828,-147.237,0.022156821675399806,23.48335647583008,23.5,0.016643524169918322,1.158045644212403,1.1,0.05804564421240288,11,11.0,scanloc_state:AEC,unknown,auto_confirm,automatic,aka2026tkcwtp,aka2026tkcwtp
matched,onsite,2026-09-30 22:30:11.00,2026-09-30 22:30:11.30,0.3,60.08068084716797,60.081,-153.106201171875,-153.106,0.03720075267359818,5.0,5.0,0.0,0.8006834054028193,0.8,0.0006834054028193037,6,6.0,scanloc_state:AEC,unknown,auto_confirm,automatic,aka2026tkczhe,aka2026tkczhe
root_only,onsite,2026-09-30 22:35:04.00,,,60.5555419921875,,-139.95742797851562,,,17.005836486816406,,,1.4620923234911907,,,12,,scanloc_state:AEC,,auto_confirm,,aka2026tkddnn,
matched,onsite,2026-09-30 23:56:48.00,2026-09-30 23:56:47.05,0.95,53.92804718017578,53.944833333333,-166.65235900878906,-166.60816666667,3.44267864944307,0.11579688638448715,9.17,9.054203113615513,0.7151612265837757,0.09,0.6251612265837757,6,11.0,scanloc_state:AEC,unknown,auto_confirm,manual,aka2026tkfwjv,av94456371
matched,onsite,2026-10-01 00:14:36.00,2026-10-01 00:14:36.33,0.334,62.22766494750977,62.228,-152.2785186767578,-152.279,0.044832360434436155,5.0,5.0,0.0,1.3772452957390506,1.3,0.07724529573905059,8,8.0,scanloc_state:AEC,unknown,auto_confirm,automatic,aka2026tkglvc,aka2026tkglvc
matched,onsite,2026-10-01 00:27:18.00,2026-10-01 00:27:18.83,0.839,60.17947769165039,60.18,-152.62452697753906,-152.625,0.06369604182698119,106.01436614990234,106.0,0.01436614990234375,2.1504244494122995,2.1,0.0504244494122994,79,78.0,scanloc_state:AEC,unknown,auto_confirm,automatic,aka2026tkgwuq,aka2026tkgwuq
matched,onsite,2026-10-01 00:29:28.00,2026-10-01 00:29:28.87,0.877,59.63496398925781,59.635,-152.37939453125,-152.379,0.02253513323466455,75.94834899902344,75.9,0.048348999023431816,1.4145500320473092,1.5,0.08544996795269078,20,20.0,scanloc_state:AEC,unknown,auto_confirm,automatic,aka2026tkgysi,aka2026tkgysi
matched,onsite,2026-10-01 00:30:53.00,2026-10-01 00:30:53.98,0.989,62.64585876464844,62.645,-151.33197021484375,-151.332,0.09550239804107755,89.33085632324219,89.7,0.36914367675781534,2.290634684972328,2.2,0.09063468497232785,73,71.0,scanloc_state:AEC,unknown,auto_confirm,automatic,aka2026tkgzql,aka2026tkgzql
root_only,onsite,2026-10-01 00:36:51.00,,,51.62403106689453,,179.45556640625,,,84.18130493164062,,,2.642682044036087,,,18,,scanloc_state:AEC,,auto_confirm,,aka2026tkhfcj,
matched,onsite,2026-10-01 00:39:02.00,2026-10-01 00:39:02.15,0.151,57.61057662963867,57.603,-155.3714141845703,-155.362,1.0120663169938138,17.463245391845703,19.6,2.1367546081542983,1.5039233278985822,1.5,0.003923327898582185,24,20.0,scanloc_state:AEC,unknown,auto_confirm,automatic,aka2026tkhgzz,aka2026tkhgzz
matched,onsite,2026-10-01 01:04:13.00,2026-10-01 01:04:13.80,0.803,57.28786849975586,57.287,-155.48960876464844,-155.491,0.12773304128868695,76.0299301147461,76.1,0.07006988525390057,1.7761547906627793,1.8,0.023845209337220785,28,27.0,scanloc_state:AEC,unknown,auto_confirm,automatic,aka2026tkicbp,aka2026tkicbp
matched,onsite,2026-10-01 01:15:51.00,2026-10-01 01:15:51.64,0.646,61.02074432373047,61.037,-152.26513671875,-152.25,1.9828946825114508,25.604753494262695,30.4,4.795246505737303,0.8316074884270876,0.8,0.031607488427087604,13,12.0,scanloc_state:AEC,unknown,auto_confirm,automatic,aka2026tkimfc,aka2026tkimfc
matched,onsite,2026-10-01 01:16:51.00,2026-10-01 01:16:50.89,0.103,61.88094329833984,61.89,-150.53797912597656,-150.544,1.0553202970884612,60.55942153930664,61.9,1.340578460693358,1.7393875851239868,1.7,0.03938758512398688,43,41.0,scanloc_state:AEC,unknown,auto_confirm,automatic,aka2026tkinuj,aka2026tkinuj
matched,onsite,2026-10-01 01:48:02.00,2026-10-01 01:48:02.65,0.655,60.16351318359375,60.164,-153.40261840820312,-153.403,0.05810224530642996,32.87904357910156,32.9,0.02095642089843608,0.7581477482526843,0.8,0.04185225174731577,7,7.0,scanloc_state:AEC,unknown,auto_confirm,automatic,aka2026tkjovv,aka2026tkjovv
matched,onsite,2026-10-01 02:10:23.00,2026-10-01 02:10:23.10,0.107,59.87907409667969,59.879,-153.24989318847656,-153.249,0.05051691376603038,128.9161376953125,128.9,0.016137695312494316,2.2514156318399374,2.2,0.05141563183993725,104,102.0,scanloc_state:AEC,unknown,auto_confirm,automatic,aka2026tkkife,aka2026tkkife
matched,onsite,2026-10-01 02:23:40.00,2026-10-01 02:23:40.56,0.567,60.27858352661133,60.277,-152.5599822998047,-152.575,0.8464416515386692,96.21479034423828,96.9,0.6852096557617244,1.5023608240272632,1.3,0.2023608240272632,49,45.0,scanloc_state:AEC,unknown,auto_confirm,automatic,aka2026tkktsl,aka2026tkktsl
root_only,onsite,2026-10-01 03:01:59.00,,,53.63011932373047,,-165.20932006835938,,,29.03382682800293,,,2.0339624543018004,,,28,,scanloc_state:AEC,,auto_confirm,,aka2026tkmayp,
matched,onsite,2026-10-01 03:22:33.00,2026-10-01 03:22:33.46,0.462,59.93829727172852,59.94,-152.44174194335938,-152.443,0.20188592063171956,93.35552978515625,93.5,0.14447021484375,3.00505709819197,3.0,0.0050570981919699776,203,200.0,scanloc_global_assoc:AEC,unknown,auto_confirm,automatic,aka2026tkmsuy,aka2026tkmsuy
matched,onsite,2026-10-01 03:23:05.00,2026-10-01 03:23:05.71,0.714,63.49356842041016,63.494,-146.0401611328125,-146.04,0.04865110169058765,7.225406169891357,7.2,0.025406169891357244,1.5093649054182676,1.4,0.10936490541826771,23,23.0,scanloc_state:AEC,unknown,auto_confirm,automatic,aka2026tkmtgk,aka2026tkmtgk
matched,onsite,2026-10-01 03:29:08.00,2026-10-01 03:29:08.12,0.123,59.5147819519043,59.514,-152.2021484375,-152.202,0.08735136235860139,78.03562927246094,77.9,0.13562927246093182,3.3883505889820746,3.4,0.01164941101792527,274,269.0,scanloc_global_assoc:AEC,unknown,auto_confirm,automatic,aka2026tkmymd,aka2026tkmymd
root_only,onsite,2026-10-01 03:38:11.00,,,52.12301254272461,,-169.3782958984375,,,22.481399536132812,,,3.006232006384456,,,25,,scanloc_state:AEC,,auto_confirm,,aka2026tknggs,
root_only,onsite,2026-10-01 04:23:51.00,,,51.39384460449219,,-175.9642791748047,,,25.954450607299805,,,2.260131263650803,,,12,,scanloc_state:AEC,,auto_confirm,,aka2026tkotyj,
matched,onsite,2026-10-01 05:02:33.00,2026-10-01 05:02:33.26,0.262,61.16328430175781,61.163,-147.20606994628906,-147.202,0.22055361673011706,5.0,1.3,3.7,1.776208649593636,1.7,0.07620864959363605,44,41.0,scanloc_state:AEC,unknown,auto_confirm,automatic,aka2026tkqbmi,aka2026tkqbmi
matched,onsite,2026-10-01 05:11:31.00,2026-10-01 05:11:31.03,0.034,64.993408203125,64.993,-147.31541442871094,-147.315,0.04939373500376889,1.97578763961792,2.0,0.024212360382080078,1.3274476739024994,1.3,0.02744767390249936,19,19.0,scanloc_state:AEC,unknown,auto_confirm,automatic,aka2026tkqjgl,aka2026tkqjgl
root_only,onsite,2026-10-01 05:33:10.00,,,54.57779312133789,,-160.24598693847656,,,7.751326560974121,,,2.57254395025967,,,24,,scanloc_state:AEC,,auto_confirm,,aka2026tkrbzm,
matched,onsite,2026-10-01 05:34:48.00,2026-10-01 05:34:47.97,0.027,57.88556671142578,57.887,-154.77490234375,-154.767,0.49355831254131527,69.22063446044922,69.1,0.12063446044922443,1.5802920494728965,1.5,0.08029204947289648,33,30.0,scanloc_state:AEC,unknown,auto_confirm,automatic,aka2026tkrdlb,aka2026tkrdlb
root_only,onsite,2026-10-01 05:47:26.00,,,54.78757095336914,,-161.05540466308594,,,70.6404037475586,,,2.3250504522575257,,,23,,scanloc_state:AEC,,auto_confirm,,aka2026tkroge,
matched,onsite,2026-10-01 06:08:55.00,2026-10-01 06:08:55.92,0.923,59.7515640258789,59.752,-152.9082794189453,-152.908,0.05094206253361891,99.40524291992188,99.4,0.005242919921869316,1.673727412073993,1.5,0.1737274120739929,41,41.0,scanloc_state:AEC,unknown,auto_confirm,automatic,aka2026tksgxh,aka2026tksgxh
matched,onsite,2026-10-01 07:34:28.00,2026-10-01 07:34:28.43,0.43,59.71235275268555,59.712,-150.77357482910156,-150.774,0.045902867160724385,41.63773727416992,41.6,0.037737274169920454,1.9439038774183885,1.9,0.04390387741838864,46,46.0,scanloc_state:AEC,unknown,auto_confirm,automatic,aka2026tkvdfi,aka2026tkvdfi
matched,onsite,2026-10-01 07:42:27.00,2026-10-01 07:42:27.13,0.133,60.40486526489258,60.405,-152.97462463378906,-152.975,0.025482728382312456,132.4202423095703,132.4,0.020242309570306816,2.0127228026871515,1.9,0.11272280268715162,77,77.0,scanloc_state:AEC,unknown,auto_confirm,automatic,aka2026tkvjlk,aka2026tkvjlk
root_only,onsite,2026-10-01 08:09:21.00,,,53.64276504516602,,-166.37937927246094,,,74.44672393798828,,,2.2867623387158837,,,41,,scanloc_state:AEC,,auto_confirm,,aka2026tkwhmb,
matched,onsite,2026-10-01 08:09:58.00,2026-10-01 08:09:58.76,0.763,55.8364372253418,55.836,-158.9772186279297,-158.977,0.05049757666874365,71.81181335449219,71.8,0.011813354492190342,1.7535352239102073,1.7,0.053535223910207375,19,19.0,scanloc_state:AEC,unknown,auto_confirm,automatic,aka2026tkwhzs,aka2026tkwhzs
matched,onsite,2026-10-01 08:22:11.00,2026-10-01 08:22:11.00,0.003,59.87591934204102,59.876,-152.2823944091797,-152.282,0.02376747591456234,74.90678405761719,74.9,0.006784057617181816,2.0069196437684984,2.0,0.006919643768498407,52,52.0,scanloc_state:AEC,unknown,auto_confirm,automatic,aka2026tkwscd,aka2026tkwscd
matched,onsite,2026-10-01 08:25:11.00,2026-10-01 08:25:11.31,0.317,59.99532699584961,59.998,-152.63916015625,-152.65,0.6720298865623634,97.37198638916016,98.8,1.428013610839841,1.9380108895463188,1.8,0.1380108895463188,63,61.0,scanloc_state:AEC,unknown,auto_confirm,automatic,aka2026tkwupd,aka2026tkwupd
root_only,onsite,2026-10-01 08:54:53.00,,,51.26565933227539,,-176.7539520263672,,,29.054569244384766,,,2.468482226644533,,,31,,scanloc_state:AEC,,auto_confirm,,aka2026tkxuyg,
matched,onsite,2026-10-01 08:57:13.00,2026-10-01 08:57:13.15,0.152,57.1307144165039,57.131,-155.13978576660156,-155.14,0.03428636816115005,32.944889068603516,32.9,0.044889068603517046,2.4408034308035815,2.4,0.04080343080358162,62,62.0,scanloc_state:AEC,unknown,auto_confirm,automatic,aka2026tkxwyo,aka2026tkxwyo
matched,onsite,2026-10-01 09:23:37.00,2026-10-01 09:23:37.66,0.666,62.72778701782227,62.728,-149.3715057373047,-149.372,0.03456971032034061,66.21764373779297,66.1,0.11764373779297443,2.6501426094344107,2.6,0.05014260943441062,139,137.0,scanloc_state:AEC,unknown,auto_confirm,automatic,aka2026tkytvy,aka2026tkytvy
matched,onsite,2026-10-01 09:57:28.00,2026-10-01 09:57:28.90,0.908,64.60791778564453,64.61,-151.32540893554688,-151.342,0.8242439915714667,7.39894962310791,7.2,0.19894962310790998,1.4775108868798776,1.3,0.1775108868798776,26,19.0,scanloc_state:AEC,unknown,auto_confirm,automatic,aka2026tkzxfh,aka2026tkzxfh
root_only,onsite,2026-10-01 10:01:39.00,,,54.2397575378418,,-162.65074157714844,,,18.006372451782227,,,3.375040305322327,,,90,,scanloc_state:AEC,,auto_confirm,,aka2026tlaavd,
matched,onsite,2026-10-01 10:18:48.00,2026-10-01 10:18:48.92,0.924,61.83617401123047,61.836,-151.99559020996094,-151.996,0.028930102246338157,115.61190795898438,115.6,0.011907958984380684,3.216180129040998,3.2,0.01618012904099775,231,231.0,scanloc_global_assoc:AEC,unknown,auto_confirm,automatic,aka2026tlapkt,aka2026tlapkt
root_only,onsite,2026-10-01 10:57:21.00,,,54.55701446533203,,-160.0800018310547,,,5.0,,,3.305654737096844,,,57,,scanloc_state:AEC,,auto_confirm,,aka2026tlbxee,
matched,onsite,2026-10-01 11:23:19.00,2026-10-01 11:23:19.82,0.828,58.22800064086914,58.228,-155.3009796142578,-155.301,0.0011956825179850724,11.067014694213867,11.1,0.03298530578613246,0.7315322447298223,0.7,0.0315322447298223,11,11.0,scanloc_state:AEC,unknown,auto_confirm,automatic,aka2026tlctpv,aka2026tlctpv
root_only,onsite,2026-10-01 11:34:47.00,,,54.5031623840332,,-160.2056427001953,,,5.0,,,2.5543058421338514,,,8,,scanloc_state:AEC,,auto_confirm,,aka2026tlddlg,
matched,onsite,2026-10-01 11:53:43.00,2026-10-01 11:53:43.82,0.826,60.15764236450195,60.158,-153.19467163085938,-153.195,0.043721375284743215,25.74755859375,25.7,0.04755859375000071,0.6139680989598164,0.6,0.013968098959816433,7,7.0,scanloc_state:AEC,unknown,auto_confirm,automatic,aka2026tldtzx,aka2026tldtzx
matched,onsite,2026-10-01 12:14:15.00,2026-10-01 12:14:15.42,0.424,63.24407196044922,63.244,-150.57594299316406,-150.575,0.04787865837275268,131.3187713623047,131.3,0.01877136230467613,2.879740734076751,2.9,0.020259265923249004,161,160.0,scanloc_global_assoc:AEC,unknown,auto_confirm,automatic,aka2026tlelut,aka2026tlelut
matched,onsite,2026-10-01 12:29:59.00,2026-10-01 12:29:59.51,0.518,58.22129821777344,58.221,-156.4430389404297,-156.443,0.033238617811642855,0.02827220782637596,0.0,0.02827220782637596,2.8726278451752734,2.9,0.027372154824726547,100,100.0,scanloc_state:AEC,unknown,auto_confirm,automatic,aka2026tlezlc,aka2026tlezlc
matched,onsite,2026-10-01 12:36:31.00,2026-10-01 12:36:31.90,0.902,62.90385437011719,62.904,-148.5845947265625,-148.577,0.3849946002581768,0.10050548613071442,0.1,0.000505486130714411,2.057654403669774,2.0,0.057654403669773924,51,49.0,scanloc_state:AEC,unknown,auto_confirm,automatic,aka2026tlffcq,aka2026tlffcq
matched,onsite,2026-10-01 13:00:04.00,2026-10-01 13:00:04.35,0.352,61.66987609863281,61.675,-151.8719482421875,-151.885,0.8937903113013552,101.12648010253906,101.3,0.17351989746093466,2.0032900026647567,1.9,0.10329000266475674,56,52.0,scanloc_state:AEC,unknown,auto_confirm,automatic,aka2026tlfznj,aka2026tlfznj
matched,onsite,2026-10-01 13:29:37.00,2026-10-01 13:29:37.99,0.997,60.41229248046875,60.412,-147.79739379882812,-147.797,0.03905335844762577,30.23949432373047,30.2,0.03949432373046946,1.6749362497826428,1.7,0.025063750217357184,10,10.0,scanloc_state:AEC,unknown,auto_confirm,automatic,aka2026tlgzdw,aka2026tlgzdw
matched,onsite,2026-10-01 13:38:13.00,2026-10-01 13:38:13.73,0.735,56.34632110595703,56.346,-156.8439483642578,-156.844,0.035846847999317664,5.0,5.0,0.0,2.2047408399741286,2.3,0.0952591600258712,8,8.0,scanloc_state:AEC,unknown,auto_confirm,automatic,aka2026tlhgua,aka2026tlhgua
matched,onsite,2026-10-01 13:47:40.00,2026-10-01 13:47:40.10,0.108,59.59954833984375,59.6,-152.13438415527344,-152.134,0.05467659652830503,67.2852783203125,67.3,0.014721679687497158,1.6991119228068432,1.7,0.0008880771931567555,41,41.0,scanloc_state:AEC,unknown,auto_confirm,automatic,aka2026tlhovr,aka2026tlhovr
root_only,onsite,2026-10-01 14:21:33.00,,,54.53973388671875,,-160.15286254882812,,,7.241475582122803,,,2.545322914252496,,,32,,scanloc_state:AEC,,auto_confirm,,aka2026tlisgm,
matched,onsite,2026-10-01 14:33:10.00,2026-10-01 14:33:10.06,0.067,63.21696472167969,63.22,-151.2955780029297,-151.299,0.37855986086380866,5.0,5.0,0.0,1.7703340077539196,1.9,0.12966599224608033,30,27.0,scanloc_state:AEC,unknown,auto_confirm,automatic,aka2026tljcje,aka2026tljcje
matched,onsite,2026-10-01 14:46:19.00,2026-10-01 14:46:19.87,0.877,53.6805534362793,53.7226,-163.54835510253906,-163.7238,12.45937959268953,24.60044860839844,35.0,10.399551391601559,4.454901874205682,4.8,0.3450981257943182,276,69.0,scolv:aaholland3,unknown,man_confirm,manual,aka2026tljnqz,us6000tyuf
matched,onsite,2026-10-01 15:13:16.00,2026-10-01 15:13:16.78,0.78,58.97660064697266,58.977,-150.99424743652344,-150.994,0.04661514816382392,54.54122924804688,54.5,0.041229248046882105,3.006603412421921,3.0,0.006603412421921195,200,200.0,scanloc_state:AEC,unknown,auto_confirm,automatic,aka2026tlkkpe,aka2026tlkkpe
matched,onsite,2026-10-01 15:17:19.00,2026-10-01 15:17:19.25,0.251,63.54145431518555,63.541,-143.73594665527344,-143.736,0.05058662877637814,18.622241973876953,18.6,0.022241973876951704,1.1295241340253395,1.1,0.029524134025339377,7,7.0,scanloc_state:AEC,unknown,auto_confirm,automatic,aka2026tlkono,aka2026tlkono
root_only,onsite,2026-10-01 15:27:01.00,,,51.78396987915039,,-178.78811645507812,,,6.342918395996094,,,3.1482722396842626,,,11,,scanloc_state:AEC,,auto_confirm,,aka2026tlkwyg,
root_only,onsite,2026-10-01 16:41:32.00,,,54.20401382446289,,-163.80496215820312,,,60.25257873535156,,,2.82373831809488,,,54,,scanloc_state:AEC,,auto_confirm,,aka2026tlnjow,
matched,onsite,2026-10-01 18:23:31.00,2026-10-01 18:23:31.95,0.958,57.6943359375,57.709,-155.2245635986328,-155.242,1.9318390042402753,85.39154815673828,86.1,0.7084518432617131,2.0012129084490233,1.8,0.2012129084490233,51,48.0,scanloc_state:AEC,unknown,auto_confirm,automatic,aka2026tlqtva,aka2026tlqtva
matched,onsite,2026-10-01 18:30:40.00,2026-10-01 18:30:40.71,0.714,59.23445892333984,59.234,-152.45230102539062,-152.452,0.0538258703168227,66.34920501708984,66.3,0.04920501708984659,1.9036521892604372,1.9,0.0036521892604373107,48,48.0,scanloc_state:AEC,unknown,auto_confirm,automatic,aka2026tlraem,aka2026tlraem
root_only,onsite,2026-10-01 18:34:13.00,,,53.94551086425781,,-164.92428588867188,,,63.16261672973633,,,2.9238456390716054,,,54,,scanloc_state:AEC,,auto_confirm,,aka2026tlrdao,
matched,onsite,2026-10-01 19:01:32.00,2026-10-01 19:01:32.74,0.746,64.56359100341797,64.564,-147.06817626953125,-147.068,0.04625094473244763,5.0,5.0,0.0,1.1888102677803625,1.1,0.08881026778036238,12,12.0,scanloc_state:AEC,unknown,auto_confirm,automatic,aka2026tlsayj,aka2026tlsayj
root_only,onsite,2026-10-01 19:03:45.00,,,56.12836837768555,,-149.926025390625,,,5.0,,,3.1287194788412984,,,46,,scanloc_state:AEC,,auto_confirm,,aka2026tlscws,
matched,onsite,2026-10-01 19:28:58.00,2026-10-01 19:28:58.58,0.587,59.97707748413086,59.977,-152.55946350097656,-152.559,0.027188616302376914,100.3415756225586,100.3,0.04157562255859659,2.580306682755429,2.6,0.01969331724457124,153,153.0,scanloc_state:AEC,unknown,auto_confirm,automatic,aka2026tlsylt,aka2026tlsylt
matched,onsite,2026-10-01 20:39:49.00,2026-10-01 20:39:49.62,0.621,60.09010696411133,60.09,-152.69125366210938,-152.692,0.04305683505678556,111.56224822998047,111.6,0.037751770019525566,2.127400607577588,2.1,0.027400607577587888,98,97.0,scanloc_state:AEC,unknown,auto_confirm,automatic,aka2026tlvihr,aka2026tlvihr
matched,onsite,2026-10-01 22:12:27.00,2026-10-01 22:12:27.77,0.775,64.90634155273438,64.908,-149.2975616455078,-149.303,0.3158720354148894,19.416166305541992,19.6,0.18383369445800923,1.6529309527917293,1.6,0.05293095279172921,32,30.0,scanloc_state:AEC,unknown,auto_confirm,automatic,aka2026tlykmb,aka2026tlykmb
matched,onsite,2026-10-01 22:22:45.00,2026-10-01 22:22:45.54,0.543,61.0195541381836,61.02,-150.09918212890625,-150.099,0.05053923313667901,35.07990646362305,35.1,0.020093536376954546,1.9632519143412244,2.0,0.03674808565877563,68,68.0,scanloc_state:AEC,unknown,auto_confirm,automatic,aka2026tlysmg,aka2026tlysmg
matched,onsite,2026-10-01 22:30:55.00,2026-10-01 22:30:55.14,0.143,66.58375549316406,66.584,-148.8217010498047,-148.822,0.03022746384205722,0.940328598022461,0.9,0.040328598022461026,1.788283103423062,1.7,0.088283103423062,20,20.0,scanloc_state:AEC,unknown,auto_confirm,automatic,aka2026tlzamk,aka2026tlzamk
matched,onsite,2026-10-01 23:05:48.00,2026-10-01 23:05:48.15,0.151,61.57871627807617,61.611,-150.44699096679688,-150.452,3.599550834910517,65.94815063476562,63.5,2.448150634765625,2.0664728853892633,2.1,0.03352711461073676,62,46.0,scanloc_state:AEC,unknown,auto_confirm,automatic,aka2026tmaess,aka2026tmaess
matched,onsite,2026-10-01 23:13:19.00,2026-10-01 23:13:18.76,0.236,64.97847747802734,64.97,-147.25872802734375,-147.219,2.0930314160203687,5.0,5.0,0.0,1.1726697643816926,1.1,0.07266976438169248,13,10.0,scanloc_state:AEC,unknown,auto_confirm,automatic,aka2026tmalgh,aka2026tmalgh
matched,onsite,2026-10-01 23:18:05.00,2026-10-01 23:18:05.57,0.571,59.88776016235352,59.888,-153.05352783203125,-153.054,0.03748374037938835,33.17115020751953,33.2,0.028849792480471592,0.4473114228421371,0.4,0.047311422842137074,5,5.0,scanloc_state:AEC,unknown,auto_confirm,automatic,aka2026tmaouu,aka2026tmaouu
matched,onsite,2026-10-01 23:21:51.00,2026-10-01 23:21:51.33,0.331,59.97894668579102,59.979,-153.0625,-153.062,0.028441105280046102,45.66039657592773,45.7,0.03960342407227557,0.9395782890146026,1.0,0.06042171098539739,7,7.0,scanloc_state:AEC,unknown,auto_confirm,automatic,aka2026tmasqr,aka2026tmasqr
root_only,onsite,2026-10-01 23:34:37.00,,,51.81120300292969,,-177.40126037597656,,,12.584388732910156,,,1.7695486884179294,,,8,,scanloc_state:AEC,,auto_confirm,,aka2026tmbdsp,
matched,onsite,2026-10-01 23:46:34.00,2026-10-01 23:46:34.80,0.808,60.23046112060547,60.23,-153.48207092285156,-153.482,0.051423567696893345,5.0,5.0,0.0,0.8028156965166641,0.8,0.0028156965166640235,5,5.0,scanloc_state:AEC,unknown,auto_confirm,automatic,aka2026tmboaw,aka2026tmboaw
matched,onsite,2026-10-02 00:15:39.00,2026-10-02 00:15:39.33,0.332,60.09571075439453,60.095,-153.13623046875,-153.105,1.7331301863836561,142.96835327148438,144.5,1.531646728515625,2.00067064253485,1.9,0.10067064253485025,61,60.0,scanloc_state:AEC,unknown,auto_confirm,automatic,aka2026tmcngo,aka2026tmcngo
matched,onsite,2026-10-02 00:33:01.00,2026-10-02 00:33:01.75,0.755,64.80061340332031,64.801,-147.38552856445312,-147.393,0.3563233350252315,4.005133628845215,4.3,0.294866371154785,1.749067466155124,1.7,0.04906746615512403,39,34.0,scanloc_state:AEC,unknown,auto_confirm,automatic,aka2026tmdciz,aka2026tmdciz
matched,onsite,2026-10-02 00:36:57.00,2026-10-02 00:36:57.77,0.771,64.81076049804688,64.818,-147.34996032714844,-147.372,1.3174445397420909,5.0,5.0,0.0,1.101448804003219,0.9,0.20144880400321907,18,14.0,scanloc_state:AEC,unknown,auto_confirm,automatic,aka2026tmdftu,aka2026tmdftu
matched,onsite,2026-10-02 01:23:08.00,2026-10-02 01:23:08.41,0.413,58.67787551879883,58.677,-152.6780548095703,-152.705,1.5606142580930475,49.68500900268555,49.1,0.5850090026855455,2.042049390618415,2.0,0.04204939061841495,64,64.0,scanloc_state:AEC,unknown,auto_confirm,automatic,aka2026tmetse,aka2026tmetse
matched,onsite,2026-10-02 01:42:17.00,2026-10-02 01:42:17.78,0.781,62.83111190795898,62.83,-150.89683532714844,-150.893,0.23066966719485169,89.94397735595703,89.6,0.34397735595703693,2.117684133649301,2.1,0.017684133649300993,62,60.0,scanloc_state:AEC,unknown,auto_confirm,automatic,aka2026tmfkno,aka2026tmfkno
matched,onsite,2026-10-02 02:05:06.00,2026-10-02 02:05:06.28,0.284,64.69950866699219,64.7,-147.86288452148438,-147.863,0.05490864200192793,11.511505126953125,11.5,0.011505126953125,0.8864753401160957,0.7,0.1864753401160958,10,10.0,scanloc_state:AEC,unknown,auto_confirm,automatic,aka2026tmgeex,aka2026tmgeex
matched,onsite,2026-10-02 02:52:04.00,2026-10-02 02:52:04.43,0.433,59.51792526245117,59.517,-152.83309936523438,-152.83,0.2028515633127026,82.65399169921875,82.9,0.24600830078125568,1.9294860124446767,1.9,0.029486012444676746,86,81.0,scanloc_state:AEC,unknown,auto_confirm,automatic,aka2026tmhsxl,aka2026tmhsxl
matched,onsite,2026-10-02 04:23:22.00,2026-10-02 04:23:22.42,0.421,64.07626342773438,64.076,-150.0263214111328,-150.026,0.03319837787915053,5.0,5.0,0.0,2.063874210795452,1.9,0.16387421079545206,40,40.0,scanloc_state:AEC,unknown,auto_confirm,automatic,aka2026tmkuby,aka2026tmkuby
matched,onsite,2026-10-02 04:31:58.00,2026-10-02 04:31:58.55,0.552,60.21063613891602,60.219,-152.73202514648438,-152.74,1.0290649878602236,125.4171371459961,125.4,0.017137145996088066,1.7317699529081965,1.7,0.03176995290819651,66,64.0,scanloc_state:AEC,unknown,auto_confirm,automatic,aka2026tmlale,aka2026tmlale
matched,onsite,2026-10-02 04:42:27.00,2026-10-02 04:42:27.49,0.491,61.35275268554688,61.356,-150.16159057617188,-150.162,0.3617438541466079,46.48667907714844,46.4,0.08667907714843892,2.1197473854802595,2.1,0.01974738548025945,83,79.0,scanloc_state:AEC,unknown,auto_confirm,automatic,aka2026tmlkqc,aka2026tmlkqc
matched,onsite,2026-10-02 06:02:57.00,2026-10-02 06:02:57.32,0.32,51.32791137695312,51.328,-175.9931640625,-175.993,0.015068309328031373,17.301864624023438,17.3,0.0018646240234367895,4.0482693020717715,4.0,0.04826930207177149,59,59.0,scolv:aaholland3,unknown,man_confirm,manual,aka2026tmocjx,aka2026tmocjx
matched,onsite,2026-10-02 06:28:13.00,2026-10-02 06:28:13.49,0.493,60.49260711669922,60.493,-152.838623046875,-152.839,0.04831897386750833,3.877540111541748,3.9,0.022459888458251864,0.4577838265800447,0.5,0.042216173419955316,6,6.0,scanloc_state:AEC,unknown,auto_confirm,automatic,aka2026tmoyip,aka2026tmoyip
matched,onsite,2026-10-02 06:36:20.00,2026-10-02 06:36:20.79,0.798,55.89554977416992,55.896,-159.7606201171875,-159.761,0.055382712784821965,13.90284538269043,13.9,0.0028453826904293322,2.1968330741811806,2.2,0.0031669258188196103,21,21.0,scanloc_state:AEC,unknown,auto_confirm,automatic,aka2026tmpfko,aka2026tmpfko
matched,onsite,2026-10-02 06:53:11.00,2026-10-02 06:53:11.28,0.287,64.68742370605469,64.688,-151.00035095214844,-150.996,0.21654970285003813,1.0701041221618652,2.1,1.0298958778381349,1.6654980269537265,1.6,0.06549802695372642,30,29.0,scanloc_state:AEC,unknown,auto_confirm,automatic,aka2026tmptzm,aka2026tmptzm
matched,onsite,2026-10-02 07:55:48.00,2026-10-02 07:55:48.50,0.5,64.76853942871094,64.773,-149.83287048339844,-149.811,1.149123683266777,0.5728887915611267,0.4,0.1728887915611267,1.7598647460655246,1.7,0.05986474606552461,39,34.0,scanloc_state:AEC,unknown,auto_confirm,automatic,aka2026tmrwgm,aka2026tmrwgm
matched,onsite,2026-10-02 08:07:45.00,2026-10-02 08:07:44.56,0.434,55.83582305908203,55.804,-159.7439422607422,-159.782,4.263046680769382,8.586772918701172,9.3,0.7132270812988288,1.880514212406515,1.7,0.1805142124065151,10,9.0,scanloc_state:AEC,unknown,auto_confirm,automatic,aka2026tmsgrj,aka2026tmsgrj
matched,onsite,2026-10-02 08:11:45.00,2026-10-02 08:11:45.30,0.3,58.2279281616211,58.228,-155.09666442871094,-155.097,0.02120905053490444,5.0,5.0,0.0,0.8227693171985226,0.8,0.0227693171985226,14,14.0,scanloc_state:AEC,unknown,auto_confirm,automatic,aka2026tmsjmn,aka2026tmsjmn
matched,onsite,2026-10-02 08:16:49.00,2026-10-02 08:16:49.27,0.278,59.20780944824219,59.208,-152.01100158691406,-152.011,0.021188581287744063,66.37744140625,66.4,0.022558593750005684,1.658834165458019,1.8,0.14116583454198106,35,35.0,scanloc_state:AEC,unknown,auto_confirm,automatic,aka2026tmsomw,aka2026tmsomw
matched,onsite,2026-10-02 09:05:07.00,2026-10-02 09:05:07.71,0.713,60.46332550048828,60.464,-151.88568115234375,-151.895,0.5163019594546915,78.76888275146484,80.0,1.2311172485351562,1.4684237679693184,1.4,0.06842376796931848,53,51.0,scanloc_state:AEC,unknown,auto_confirm,automatic,aka2026tmuekb,aka2026tmuekb
matched,onsite,2026-10-02 09:05:24.00,2026-10-02 09:05:24.46,0.464,64.97079467773438,64.971,-148.86256408691406,-148.863,0.030688589041941775,13.449163436889648,13.4,0.04916343688964808,0.9419359477792321,0.9,0.04193594777923204,12,12.0,scanloc_state:AEC,unknown,auto_confirm,automatic,aka2026tmueqb,aka2026tmueqb
matched,onsite,2026-10-02 09:43:29.00,2026-10-02 09:43:29.58,0.586,56.56352233886719,56.564,-156.575439453125,-156.575,0.05954829759330506,11.443449020385742,11.4,0.04344902038574183,2.151043450988312,2.1,0.05104345098831198,12,12.0,scanloc_state:AEC,unknown,auto_confirm,automatic,aka2026tmvlqp,aka2026tmvlqp
matched,onsite,2026-10-02 09:52:57.00,2026-10-02 09:52:57.58,0.586,56.39961624145508,56.4,-156.49923706054688,-156.499,0.04509648715046015,18.17264747619629,18.2,0.027352523803710227,2.615910009278157,2.6,0.015910009278156778,61,61.0,scanloc_state:AEC,unknown,auto_confirm,automatic,aka2026tmvtvv,aka2026tmvtvv
matched,onsite,2026-10-02 09:55:20.00,2026-10-02 09:55:20.20,0.2,64.63941955566406,64.641,-149.9158477783203,-149.925,0.46996756682568464,14.498610496520996,14.0,0.4986104965209961,1.4449905278165267,1.5,0.055009472183473296,25,24.0,scanloc_state:AEC,unknown,auto_confirm,automatic,aka2026tmvvxx,aka2026tmvvxx
matched,onsite,2026-10-02 10:09:37.00,2026-10-02 10:09:37.66,0.665,62.05790710449219,62.055,-148.2837677001953,-148.285,0.3295708369399303,26.55148696899414,26.7,0.14851303100585866,2.0343631577634533,1.9,0.13436315776345342,63,59.0,scanloc_state:AEC,unknown,auto_confirm,automatic,aka2026tmwihu,aka2026tmwihu
matched,onsite,2026-10-02 10:43:55.00,2026-10-02 10:43:55.95,0.951,59.49829864501953,59.499,-153.51898193359375,-153.523,0.23980673746196046,126.8767318725586,127.2,0.3232681274414091,1.6782469811211933,1.6,0.07824698112119322,56,54.0,scanloc_state:AEC,unknown,auto_confirm,automatic,aka2026tmxicf,aka2026tmxicf
matched,onsite,2026-10-02 10:55:54.00,2026-10-02 10:55:54.25,0.259,61.50767517089844,61.508,-141.09312438964844,-141.093,0.03671706676342201,10.251381874084473,10.3,0.048618125915528054,1.4288318279497136,1.3,0.1288318279497136,10,10.0,scanloc_state:AEC,unknown,auto_confirm,automatic,aka2026tmxwlc,aka2026tmxwlc
matched,onsite,2026-10-02 11:01:54.00,2026-10-02 11:01:54.25,0.253,60.03033447265625,60.03,-153.08485412597656,-153.085,0.03806409838079499,5.0,5.0,0.0,0.2834091174217406,0.3,0.016590882578259414,6,6.0,scanloc_state:AEC,unknown,auto_confirm,automatic,aka2026tmybqi,aka2026tmybqi
matched,onsite,2026-10-02 11:36:07.00,2026-10-02 11:36:07.36,0.36,51.89863967895508,51.898,-177.03750610351562,-177.021,1.1347783070900632,5.0,-1.77,6.77,2.266997474023124,1.79,0.47699747402312376,17,21.0,scanloc_state:AEC,unknown,auto_confirm,manual,aka2026tmzfhu,av94458286
matched,onsite,2026-10-02 12:16:38.00,2026-10-02 12:16:38.53,0.534,66.2420654296875,66.229,-142.68670654296875,-142.697,1.5242697025270933,3.144751787185669,5.0,1.855248212814331,1.8949828644925029,1.8,0.09498286449250282,20,18.0,scanloc_state:AEC,unknown,auto_confirm,automatic,aka2026tnaomz,aka2026tnaomz
matched,onsite,2026-10-02 12:18:19.00,2026-10-02 12:18:19.61,0.615,65.58419036865234,65.584,-144.8417510986328,-144.842,0.024061714508571978,3.3904762268066406,3.4,0.009523773193359286,1.4301661761377544,1.4,0.03016617613775452,23,23.0,scolv:aaholland3,unknown,man_confirm,manual,aka2026tnapxe,aka2026tnapxe
matched,onsite,2026-10-02 12:26:52.00,2026-10-02 12:26:52.89,0.892,58.31945037841797,58.322,-153.68600463867188,-153.691,0.4067775746750432,62.45745468139648,62.0,0.45745468139647727,2.177785309455257,2.1,0.07778530945525697,81,79.0,scanloc_state:AEC,unknown,auto_confirm,automatic,aka2026tnaxhv,aka2026tnaxhv
matched,onsite,2026-10-02 14:25:50.00,2026-10-02 14:25:50.44,0.449,62.63489151000977,62.635,-151.2805938720703,-151.281,0.024008710822221144,89.1795425415039,89.2,0.020457458496096592,1.7107569115923058,1.7,0.010756911592305851,16,16.0,scanloc_state:AEC,unknown,auto_confirm,automatic,aka2026tnewlt,aka2026tnewlt
matched,onsite,2026-10-02 14:31:03.00,2026-10-02 14:31:03.93,0.936,63.27550888061523,63.275,-150.5531005859375,-150.553,0.05680804973719478,134.96990966796875,135.0,0.03009033203125,2.556512779786728,2.5,0.056512779786728196,128,127.0,scanloc_state:AEC,unknown,auto_confirm,automatic,aka2026tnfazg,aka2026tnfazg
matched,onsite,2026-10-02 14:46:19.00,2026-10-02 14:46:19.77,0.777,63.41943359375,63.422,-149.72596740722656,-149.726,0.2853759618337142,5.0,5.0,0.0,1.6321518219285258,1.4,0.2321518219285259,34,22.0,scanloc_state:AEC,unknown,auto_confirm,automatic,aka2026tnfofp,aka2026tnfofp
matched,onsite,2026-10-02 14:47:28.00,2026-10-02 14:47:28.84,0.841,61.51721572875977,61.517,-146.88136291503906,-146.881,0.0307536120404098,38.13228225708008,38.1,0.032282257080076704,1.4504245972850347,1.6,0.1495754027149654,13,13.0,scanloc_state:AEC,unknown,auto_confirm,automatic,aka2026tnfpfq,aka2026tnfpfq
matched,onsite,2026-10-02 14:52:40.00,2026-10-02 14:52:40.22,0.228,58.06444549560547,58.064,-155.2886505126953,-155.289,0.05363266986823233,0.33686840534210205,0.3,0.03686840534210206,0.6764732575674245,0.6,0.07647325756742451,10,10.0,scanloc_state:AEC,unknown,auto_confirm,automatic,aka2026tnftsq,aka2026tnftsq
root_only,onsite,2026-10-02 14:59:06.00,,,53.75626754760742,,-164.2666473388672,,,6.722360610961914,,,3.147780193793418,,,64,,scanloc_state:AEC,,auto_confirm,,aka2026tnfzhh,
matched,onsite,2026-10-02 15:18:39.00,2026-10-02 15:18:39.18,0.18,66.07544708251953,66.075,-148.2841339111328,-148.284,0.050078707735912144,6.995055198669434,7.0,0.004944801330566406,2.0642919245808726,2.0,0.06429192458087263,47,47.0,scanloc_state:AEC,unknown,auto_confirm,automatic,aka2026tngqgl,aka2026tngqgl
root_only,onsite,2026-10-02 16:54:12.00,,,60.00859069824219,,-153.112060546875,,,5.0,,,0.40499138912219806,,,6,,scanloc_state:AEC,,auto_confirm,,aka2026tnjvcp,
matched,onsite,2026-10-02 17:18:55.00,2026-10-02 17:18:55.43,0.432,62.00137710571289,62.001,-150.9436798095703,-150.944,0.04514064133721051,69.89567565917969,69.9,0.004324340820318184,1.646816528836668,1.7,0.053183471163331886,20,20.0,scanloc_state:AEC,unknown,auto_confirm,automatic,aka2026tnkqnr,aka2026tnkqnr
matched,onsite,2026-10-02 17:59:07.00,2026-10-02 17:59:07.72,0.722,58.1815299987793,58.182,-150.7860565185547,-150.786,0.052366680464051255,9.448649406433105,9.4,0.048649406433105113,2.1769458513624644,2.2,0.023054148637535743,26,26.0,scanloc_state:AEC,unknown,auto_confirm,automatic,aka2026tnlzjr,aka2026tnlzjr
matched,onsite,2026-10-02 18:03:30.00,2026-10-02 18:03:30.50,0.509,60.98629379272461,60.991,-150.98016357421875,-150.988,0.6726368062987179,49.9852180480957,52.2,2.2147819519042997,1.7970991839592625,1.8,0.0029008160407375527,66,62.0,scanloc_state:AEC,unknown,auto_confirm,automatic,aka2026tnmdet,aka2026tnmdet
root_only,onsite,2026-10-02 18:05:09.00,,,53.02571105957031,,-167.04417419433594,,,36.845542907714844,,,2.747108347072068,,,39,,scanloc_state:AEC,,auto_confirm,,aka2026tnmepl,
matched,onsite,2026-10-02 18:12:36.00,2026-10-02 18:12:36.44,0.446,63.04922866821289,63.049,-151.22183227539062,-151.222,0.026794925849176348,5.0,5.0,0.0,1.7187662555515082,1.5,0.2187662555515082,20,20.0,scanloc_state:AEC,unknown,auto_confirm,automatic,aka2026tnmlby,aka2026tnmlby
matched,onsite,2026-10-02 19:03:57.00,2026-10-02 19:03:57.97,0.97,61.19137191772461,61.191,-150.1676483154297,-150.168,0.04544647026780904,47.48611831665039,47.5,0.013881683349609375,1.6405722747833933,1.6,0.0405722747833932,46,46.0,scanloc_state:AEC,unknown,auto_confirm,automatic,aka2026tnodpl,aka2026tnodpl
root_only,onsite,2026-10-02 19:12:04.00,,,51.33913803100586,,-175.95870971679688,,,23.47335624694824,,,3.0114739060607207,,,30,,scanloc_state:AEC,,auto_confirm,,aka2026tnokqs,
root_only,onsite,2026-10-02 20:36:10.00,,,60.54395294189453,,-139.76168823242188,,,5.0,,,1.4328145661179437,,,13,,scanloc_state:AEC,,auto_confirm,,aka2026tnrfol,
root_only,onsite,2026-10-02 20:51:55.00,,,51.30849838256836,,-176.01853942871094,,,4.146235942840576,,,2.527317103047338,,,16,,scanloc_state:AEC,,auto_confirm,,aka2026tnrtfq,
matched,onsite,2026-10-02 21:38:18.00,2026-10-02 21:38:18.16,0.169,62.61643600463867,62.616,-152.1548614501953,-152.155,0.048996605568584393,0.014868637546896935,0.0,0.014868637546896935,2.1225429153676507,2.0,0.12254291536765072,53,53.0,scanloc_state:AEC,unknown,auto_confirm,automatic,aka2026tnthlg,aka2026tnthlg
matched,onsite,2026-10-02 21:48:38.00,2026-10-02 21:48:39.23,1.23,54.07463073730469,54.106166666667,-165.916748046875,-165.99283333333,6.076039646271249,18.733983993530273,14.5,4.233983993530273,1.6017430507837578,0.39,1.2117430507837579,19,14.0,scanloc_state:AEC,unknown,auto_confirm,manual,aka2026tntqhz,av94458826
matched,onsite,2026-10-02 22:28:37.00,2026-10-02 22:28:37.07,0.07,58.16465759277344,58.171,-155.31787109375,-155.352,2.1221971516425793,5.0,5.0,0.0,0.8053040759798931,0.8,0.005304075979893019,10,9.0,scanloc_state:AEC,unknown,auto_confirm,automatic,aka2026tnuzbh,aka2026tnuzbh
root_only,onsite,2026-10-02 22:32:32.00,,,51.33156585693359,,-176.10459899902344,,,18.79780387878418,,,2.708785294279354,,,16,,scanloc_state:AEC,,auto_confirm,,aka2026tnvcko,
matched,onsite,2026-10-02 23:10:06.00,2026-10-02 23:10:06.41,0.419,60.69025039672852,60.69,-152.67877197265625,-152.679,0.03048426214071293,130.6439971923828,130.6,0.043997192382818184,1.3462722017147715,1.3,0.04627220171477142,20,20.0,scanloc_state:AEC,unknown,auto_confirm,automatic,aka2026tnwjbm,aka2026tnwjbm
matched,onsite,2026-10-02 23:57:42.00,2026-10-02 23:57:42.66,0.666,63.2611083984375,63.261,-150.68240356445312,-150.682,0.02351435181974361,132.50123596191406,132.7,0.19876403808592613,2.2770056000958823,2.2,0.07700560009588209,84,82.0,scanloc_state:AEC,unknown,auto_confirm,automatic,aka2026tnxwuh,aka2026tnxwuh
matched,onsite,2026-10-03 00:08:27.00,2026-10-03 00:08:27.67,0.678,64.8359146118164,64.837,-147.38182067871094,-147.376,0.3005053460084878,5.0,5.0,0.0,1.122774992706869,1.0,0.12277499270686909,20,18.0,scanloc_state:AEC,unknown,auto_confirm,automatic,aka2026tnyhqc,aka2026tnyhqc
matched,onsite,2026-10-03 00:56:27.00,2026-10-03 00:56:27.09,0.094,64.97376251220703,64.974,-147.4600067138672,-147.46,0.02640932609651913,1.4667720794677734,1.5,0.03322792053222656,1.4605201871285443,1.4,0.060520187128544345,30,30.0,scanloc_state:AEC,unknown,auto_confirm,automatic,aka2026tnzxfw,aka2026tnzxfw
matched,onsite,2026-10-03 01:03:10.00,2026-10-03 01:03:12.09,2.099,51.40035247802734,51.5689,-176.66905212402344,-176.6858,18.777474229118184,18.56022071838379,49.148,30.587779281616214,4.527691633019427,4.1,0.42769163301942736,79,40.0,scolv:aaholland3,unknown,man_confirm,manual,aka2026toadbl,us6000tza4
root_only,onsite,2026-10-03 01:04:24.00,,,52.99549865722656,,-168.7569580078125,,,5.0,,,2.144875330227695,,,6,,scanloc_state:AEC,,auto_confirm,,aka2026toaedn,
matched,onsite,2026-10-03 03:27:29.00,2026-10-03 03:27:29.69,0.696,60.0411605834961,60.041,-153.0765380859375,-153.077,0.031252655100784614,5.0,5.0,0.0,0.7148331765615038,0.7,0.014833176561503847,6,6.0,scanloc_state:AEC,unknown,auto_confirm,automatic,aka2026toeyfb,aka2026toeyfb
matched,onsite,2026-10-03 04:33:08.00,2026-10-03 04:33:08.62,0.629,63.73004150390625,63.726,-147.78501892089844,-147.799,0.8218732431240747,0.04538929834961891,0.9,0.8546107016503811,1.706661567140591,1.6,0.10666156714059083,31,28.0,scanloc_state:AEC,unknown,auto_confirm,automatic,aka2026tohdcy,aka2026tohdcy
matched,onsite,2026-10-03 04:45:49.00,2026-10-03 04:45:49.29,0.292,63.71833801269531,63.718,-147.76849365234375,-147.768,0.04475937869518511,5.868682861328125,5.9,0.031317138671875355,1.551264745335109,1.5,0.05126474533510894,16,16.0,scanloc_state:AEC,unknown,auto_confirm,automatic,aka2026tohocv,aka2026tohocv
matched,onsite,2026-10-03 05:17:21.00,2026-10-03 05:17:21.83,0.838,57.5507926940918,57.551,-155.90660095214844,-155.907,0.03313879174728916,21.701223373413086,21.7,0.001223373413086648,1.455033025441832,1.5,0.044966974558168005,11,11.0,scanloc_state:AEC,unknown,auto_confirm,automatic,aka2026toiplx,aka2026toiplx
matched,onsite,2026-10-03 05:29:35.00,2026-10-03 05:29:35.33,0.339,56.75811004638672,56.759,-156.4036407470703,-156.407,0.22741753561915223,5.0,5.0,0.0,2.5632644987634476,2.5,0.06326449876344764,51,48.0,scanloc_state:AEC,unknown,auto_confirm,automatic,aka2026tojacd,aka2026tojacd
matched,onsite,2026-10-03 05:31:10.00,2026-10-03 05:31:10.15,0.15,62.01775360107422,62.018,-148.46334838867188,-148.463,0.03287920392346063,19.45667839050293,19.5,0.04332160949707031,2.230895300649948,2.2,0.03089530064994772,88,88.0,scanloc_state:AEC,unknown,auto_confirm,automatic,aka2026tojble,aka2026tojble
matched,onsite,2026-10-03 07:08:41.00,2026-10-03 07:08:41.73,0.736,60.04151916503906,60.042,-153.037353515625,-153.037,0.05695598378034817,5.0,5.0,0.0,0.5173201764517181,0.5,0.017320176451718128,6,6.0,scanloc_state:AEC,unknown,auto_confirm,automatic,aka2026tomhzs,aka2026tomhzs
matched,onsite,2026-10-03 07:12:22.00,2026-10-03 07:12:22.59,0.596,56.07107925415039,56.0389,-149.2622528076172,-149.2204,4.422265242411204,5.0,10.0,5.0,3.328898913706848,3.0,0.3288989137068481,64,25.0,scanloc_state:AEC,unknown,auto_confirm,manual,aka2026tomlay,us6000tzbe
matched,onsite,2026-10-03 07:31:07.00,2026-10-03 07:31:07.10,0.104,65.4814224243164,65.481,-149.95339965820312,-149.953,0.05046217866121282,5.0,5.0,0.0,1.2902465736621354,1.2,0.0902465736621354,20,20.0,scanloc_state:AEC,unknown,auto_confirm,automatic,aka2026tonbli,aka2026tonbli
matched,onsite,2026-10-03 07:32:27.00,2026-10-03 07:32:27.70,0.703,60.02148818969727,60.021,-152.8742218017578,-152.874,0.05566551653271694,103.22574615478516,103.2,0.025746154785153408,1.7174067811523386,1.5,0.21740678115233858,43,41.0,scanloc_state:AEC,unknown,auto_confirm,automatic,aka2026toncpq,aka2026toncpq
matched,onsite,2026-10-03 07:38:29.00,2026-10-03 07:38:29.18,0.181,64.80268859863281,64.803,-149.0787353515625,-149.079,0.03682304001543968,7.217536449432373,7.2,0.01753644943237287,1.4206540776240086,1.3,0.1206540776240086,29,29.0,scanloc_state:AEC,unknown,auto_confirm,automatic,aka2026tonhvi,aka2026tonhvi
matched,onsite,2026-10-03 07:44:23.00,2026-10-03 07:44:23.18,0.18,59.97473526000977,59.975,-153.13790893554688,-153.138,0.02987060777000286,5.0,5.0,0.0,0.5439920952211531,0.6,0.05600790477884687,6,6.0,scanloc_state:AEC,unknown,auto_confirm,automatic,aka2026tonmyi,aka2026tonmyi
root_only,onsite,2026-10-03 07:55:53.00,,,51.95605850219727,,-175.9919891357422,,,136.72450256347656,,,3.282838234818515,,,50,,scanloc_state:AEC,,auto_confirm,,aka2026tonwtm,
matched,onsite,2026-10-03 08:19:27.00,2026-10-03 08:19:26.81,0.19,54.10482025146484,54.1195,-165.98629760742188,-165.98016666667,1.6805212868111161,5.368707180023193,5.09,0.2787071800231935,1.0094972401082813,-0.59,1.5994972401082812,6,15.0,scanloc_state:AEC,unknown,auto_confirm,manual,aka2026toorjc,av94459281
matched,onsite,2026-10-03 08:24:43.00,2026-10-03 08:24:43.93,0.935,61.22261428833008,61.223,-147.1461639404297,-147.146,0.043777787039677246,5.0,5.0,0.0,1.6207910364496079,1.6,0.02079103644960778,38,34.0,scanloc_state:AEC,unknown,auto_confirm,automatic,aka2026toovxo,aka2026toovxo
matched,onsite,2026-10-03 08:41:26.00,2026-10-03 08:41:26.44,0.445,60.02862548828125,60.029,-152.7526092529297,-152.753,0.04696105103572677,96.20069885253906,96.2,0.0006988525390596578,1.0114850506796862,0.8,0.21148505067968615,23,23.0,scanloc_state:AEC,unknown,auto_confirm,automatic,aka2026topkkf,aka2026topkkf
matched,onsite,2026-10-03 09:15:35.00,2026-10-03 09:15:35.73,0.739,57.91429901123047,57.915,-155.47128295898438,-155.469,0.15575014474270682,5.0,5.0,0.0,1.5496197326405547,1.4,0.14961973264055484,15,14.0,scanloc_state:AEC,unknown,auto_confirm,automatic,aka2026toqoaq,aka2026toqoaq
matched,onsite,2026-10-03 10:04:47.00,2026-10-03 10:04:47.33,0.331,56.29940795898438,56.299,-156.28956604003906,-156.29,0.05267496096641132,63.93292236328125,63.9,0.03292236328125142,3.1758578289975716,3.2,0.024142171002428547,83,83.0,scanloc_state:AEC,unknown,auto_confirm,automatic,aka2026toserr,aka2026toserr
matched,onsite,2026-10-03 10:10:31.00,2026-10-03 10:10:31.52,0.52,56.73993301391602,56.74,-156.90328979492188,-156.903,0.019178297894376462,5.0,5.0,0.0,2.137431325499518,2.1,0.037431325499517776,6,6.0,scanloc_state:AEC,unknown,auto_confirm,automatic,aka2026tosjqv,aka2026tosjqv
matched,onsite,2026-10-03 10:20:10.00,2026-10-03 10:20:10.97,0.972,62.00863647460938,62.009,-148.50196838378906,-148.502,0.04045584008028809,32.1583366394043,32.2,0.04166336059570597,2.1413591746558396,2.1,0.04135917465583949,69,69.0,scanloc_state:AEC,unknown,auto_confirm,automatic,aka2026tosrbg,aka2026tosrbg
matched,onsite,2026-10-03 10:50:34.00,2026-10-03 10:50:34.27,0.274,61.8402214050293,61.84,-149.6960906982422,-149.696,0.0250749691099733,5.0,5.0,0.0,1.6134535857687622,1.4,0.21345358576876228,15,15.0,scanloc_state:AEC,unknown,auto_confirm,automatic,aka2026totsjp,aka2026totsjp
matched,onsite,2026-10-03 10:55:40.00,2026-10-03 10:55:40.55,0.55,61.16426467895508,61.164,-147.22329711914062,-147.223,0.03346767499678208,5.0,5.0,0.0,1.4474128118814464,1.3,0.1474128118814464,21,21.0,scanloc_state:AEC,unknown,auto_confirm,automatic,aka2026totwuq,aka2026totwuq
matched,onsite,2026-10-03 11:17:56.00,2026-10-03 11:17:56.96,0.969,62.15194702148438,62.152,-148.3463897705078,-148.346,0.021085206021028487,38.5483283996582,38.5,0.048328399658203125,1.4612443835282567,1.5,0.038755616471743304,12,12.0,scanloc_state:AEC,unknown,auto_confirm,automatic,aka2026touppm,aka2026touppm
matched,onsite,2026-10-03 11:35:02.00,2026-10-03 11:35:02.77,0.776,61.98048400878906,61.98,-148.35226440429688,-148.352,0.05556329705498222,18.011449813842773,18.0,0.011449813842773438,1.3146093302749162,1.2,0.11460933027491627,16,16.0,scanloc_state:AEC,unknown,auto_confirm,automatic,aka2026tovexy,aka2026tovexy
matched,onsite,2026-10-03 11:48:37.00,2026-10-03 11:48:37.42,0.424,63.31763076782227,63.318,-145.2423095703125,-145.242,0.043870045989598996,6.776908874511719,6.8,0.023091125488281072,0.9470810744387946,0.9,0.04708107443879461,11,11.0,scanloc_state:AEC,unknown,auto_confirm,automatic,aka2026tovqse,aka2026tovqse
root_only,onsite,2026-10-03 11:49:24.00,,,53.55835723876953,,-164.59161376953125,,,12.802574157714844,,,2.5429109440260937,,,8,,scanloc_state:AEC,,auto_confirm,,aka2026tovrjx,
matched,onsite,2026-10-03 11:50:41.00,2026-10-03 11:50:41.99,0.999,64.55331420898438,64.545,-149.3022003173828,-149.298,0.9460342817752595,4.311010360717773,0.9,3.4110103607177735,1.4812331347797105,1.3,0.18123313477971048,31,22.0,scanloc_state:AEC,unknown,auto_confirm,automatic,aka2026tovsna,aka2026tovsna
matched,onsite,2026-10-03 12:00:08.00,2026-10-03 12:00:08.78,0.786,63.33250427246094,63.333,-145.26913452148438,-145.269,0.05552968820944355,5.238263130187988,5.2,0.038263130187988104,1.5869566912992312,1.3,0.2869566912992312,25,25.0,scanloc_state:AEC,unknown,auto_confirm,automatic,aka2026towarr,aka2026towarr
root_only,onsite,2026-10-03 12:50:16.00,,,53.05644989013672,,-166.72874450683594,,,5.0,,,2.359220857602484,,,6,,scanloc_state:AEC,,auto_confirm,,aka2026toxseh,
root_only,onsite,2026-10-03 12:53:41.00,,,63.73056411743164,,-147.87498474121094,,,5.0,,,1.4412667221835935,,,7,,scanloc_state:AEC,,auto_confirm,,aka2026toxvdj,
matched,onsite,2026-10-03 13:01:40.00,2026-10-03 13:01:40.55,0.55,53.89907073974609,53.898833333333,-166.6723175048828,-166.63683333333,2.3249765707302097,11.851777076721191,8.95,2.901777076721192,1.7488952666438633,0.98,0.7688952666438633,15,25.0,scanloc_state:AEC,unknown,auto_confirm,manual,aka2026toycbk,av94459406
matched,onsite,2026-10-03 13:17:32.00,2026-10-03 13:17:32.14,0.149,61.32147979736328,61.321,-152.26185607910156,-152.262,0.05390096677332326,5.0,5.0,0.0,0.6635198216332959,0.6,0.06351982163329595,8,8.0,scanloc_state:AEC,unknown,auto_confirm,automatic,aka2026toypnn,aka2026toypnn
matched,onsite,2026-10-03 14:28:32.00,2026-10-03 14:28:32.04,0.041,61.41817855834961,61.418,-152.30670166015625,-152.307,0.025418435359195864,12.06962013244629,12.1,0.030379867553708806,0.9994153110855403,1.0,0.00058468891445973,19,19.0,scolv:aaholland3,unknown,man_confirm,manual,aka2026tpazjn,aka2026tpazjn
matched,onsite,2026-10-03 14:29:17.00,2026-10-03 14:29:17.16,0.163,61.31851959228516,61.319,-152.23097229003906,-152.231,0.05343936509507748,15.645136833190918,15.6,0.045136833190918324,0.6534170336533788,0.7,0.04658296634662118,14,14.0,scolv:aaholland3,unknown,man_confirm,manual,aka2026tpaypm,aka2026tpaypm
matched,onsite,2026-10-03 14:53:45.00,2026-10-03 14:53:45.18,0.188,61.53719711303711,61.537,-146.41111755371094,-146.411,0.022786099687444404,12.776445388793945,12.8,0.023554611206055398,2.01054902867355,2.0,0.010549028673549898,48,48.0,scanloc_state:AEC,unknown,auto_confirm,automatic,aka2026tpbvfs,aka2026tpbvfs
matched,onsite,2026-10-03 15:48:08.00,2026-10-03 15:48:08.97,0.979,63.72531509399414,63.713,-147.764892578125,-147.801,2.2439796778402488,5.0,2.8,2.2,1.6601903836214644,1.5,0.16019038362146443,26,16.0,scanloc_state:AEC,unknown,auto_confirm,automatic,aka2026tpdqkc,aka2026tpdqkc
matched,onsite,2026-10-03 15:55:14.00,2026-10-03 15:55:14.50,0.5,61.80202102661133,61.802,-151.42044067382812,-151.42,0.023271548013154876,76.65674591064453,76.7,0.04325408935547159,1.891611936477121,1.8,0.09161193647712085,40,40.0,scanloc_state:AEC,unknown,auto_confirm,automatic,aka2026tpdwnr,aka2026tpdwnr
matched,onsite,2026-10-03 16:06:49.00,2026-10-03 16:06:51.09,2.093,51.57663726806641,51.6964,-175.21755981445312,-175.2905,14.236641148457924,15.027071952819824,50.31,35.28292804718018,4.25509712413984,4.1,0.15509712413984023,71,120.0,scolv:aaholland3,unknown,man_confirm,manual,aka2026tpegok,us6000tzda
matched,onsite,2026-10-03 16:16:46.00,2026-10-03 16:16:46.46,0.466,63.72273254394531,63.723,-147.77259826660156,-147.773,0.03571492790056126,5.0,5.0,0.0,1.846552725835925,1.8,0.046552725835924846,47,47.0,scanloc_state:AEC,unknown,auto_confirm,automatic,aka2026tpepfk,aka2026tpepfk
matched,onsite,2026-10-03 16:26:16.00,2026-10-03 16:26:16.07,0.079,63.71654510498047,63.717,-147.78579711914062,-147.786,0.05155899523332924,6.069851398468018,6.1,0.030148601531982067,1.5904765095936415,1.6,0.009523490406358581,30,30.0,scolv:aaholland3,unknown,man_confirm,manual,aka2026tpexln,aka2026tpexln
matched,onsite,2026-10-03 16:31:08.00,2026-10-03 16:31:08.49,0.495,63.72793960571289,63.728,-147.8013458251953,-147.799,0.11565336926110709,0.16909116506576538,5.0,4.830908834934235,1.7475924159229805,1.7,0.04759241592298058,40,35.0,scanloc_state:AEC,unknown,auto_confirm,automatic,aka2026tpfbrq,aka2026tpfbrq
root_only,onsite,2026-10-03 16:55:56.00,,,51.70904922485352,,-173.60690307617188,,,42.226722717285156,,,3.207353339959329,,,21,,scanloc_state:AEC,,auto_confirm,,aka2026tpfxax,
root_only,onsite,2026-10-03 17:05:10.00,,,52.28025054931641,,-169.1333770751953,,,28.876434326171875,,,2.910175505300326,,,16,,scanloc_state:AEC,,auto_confirm,,aka2026tpgfbu,
root_only,onsite,2026-10-03 17:18:08.00,,,53.17085647583008,,-167.25039672851562,,,12.421775817871094,,,2.7294228227450086,,,46,,scanloc_state:AEC,,auto_confirm,,aka2026tpgqkh,
matched,onsite,2026-10-03 17:20:28.00,2026-10-03 17:20:28.44,0.442,57.87617111206055,57.876,-154.6721649169922,-154.672,0.021380024008462284,68.42411041259766,68.4,0.024110412597650566,2.9177621057932415,2.8,0.11776210579324164,104,104.0,scanloc_state:AEC,unknown,auto_confirm,automatic,aka2026tpgsir,aka2026tpgsir
matched,onsite,2026-10-03 17:31:09.00,2026-10-03 17:31:09.62,0.626,63.72454833984375,63.724,-147.80459594726562,-147.805,0.06413463619643736,1.174250602722168,1.1,0.07425060272216788,2.175522320716668,2.2,0.024477679283332332,64,62.0,scanloc_state:AEC,unknown,auto_confirm,automatic,aka2026tphbsj,aka2026tphbsj
root_only,onsite,2026-10-03 17:34:58.00,,,57.98117446899414,,-155.5046844482422,,,5.0,,,1.2739317873505231,,,6,,scanloc_state:AEC,,auto_confirm,,aka2026tphfae,
matched,onsite,2026-10-03 17:59:12.00,2026-10-03 17:59:11.52,0.48,54.10644149780273,54.119333333333,-165.99134826660156,-165.9765,1.7296349449495014,5.0,5.81,0.8099999999999996,1.8533072545949238,1.12,0.7333072545949237,14,23.0,scanloc_state:AEC,unknown,auto_confirm,manual,aka2026tpiaav,av94459581
root_only,onsite,2026-10-03 17:59:30.00,,,61.22393417358398,,-140.69476318359375,,,5.0,,,1.6271186888267983,,,13,,scanloc_state:AEC,,auto_confirm,,aka2026tpiahj,
matched,onsite,2026-10-03 18:15:18.00,2026-10-03 18:15:18.80,0.801,64.7999267578125,64.8,-149.74781799316406,-149.748,0.011856669368710852,7.626327037811279,7.6,0.026327037811279652,1.5897915908045188,1.4,0.1897915908045189,17,17.0,scanloc_state:AEC,unknown,auto_confirm,automatic,aka2026tpintz,aka2026tpintz
matched,onsite,2026-10-03 18:23:25.00,2026-10-03 18:23:25.37,0.375,61.41812515258789,61.418,-146.67083740234375,-146.671,0.01638544101617979,19.605436325073242,19.6,0.005436325073240766,2.1642037467403807,2.1,0.06420374674038065,66,66.0,scanloc_state:AEC,unknown,auto_confirm,automatic,aka2026tpivaf,aka2026tpivaf
matched,onsite,2026-10-03 18:36:43.00,2026-10-03 18:36:42.02,0.98,53.88629150390625,53.895166666667,-166.62100219726562,-166.6535,2.3471384410377696,5.0,6.97,1.9699999999999998,1.1190332023644398,0.13,0.9890332023644398,8,11.0,scanloc_state:AEC,unknown,auto_confirm,manual,aka2026tpjgoe,av94459611
matched,onsite,2026-10-03 21:06:45.00,2026-10-03 21:06:45.65,0.65,55.97957229614258,55.976,-158.02670288085938,-158.022,0.4933496235765696,50.80587387084961,49.8,1.0058738708496122,2.6371327197306336,2.5,0.13713271973063357,45,44.0,scanloc_state:AEC,unknown,auto_confirm,automatic,aka2026tpogqq,aka2026tpogqq
matched,onsite,2026-10-03 21:14:38.00,2026-10-03 21:14:38.92,0.922,65.77982330322266,65.778,-155.2505340576172,-155.258,0.3963628511982506,5.004457950592041,5.2,0.19554204940795916,2.731809669567866,2.7,0.03180966956786602,40,38.0,scanloc_global_assoc:AEC,unknown,auto_confirm,automatic,aka2026tponmw,aka2026tponmw
matched,onsite,2026-10-03 21:21:32.00,2026-10-03 21:21:32.59,0.594,58.23389434814453,58.234,-155.10720825195312,-155.107,0.016930164114072103,5.0,5.0,0.0,0.9186437044962659,0.9,0.018643704496265845,10,10.0,scanloc_state:AEC,unknown,auto_confirm,automatic,aka2026tpotlz,aka2026tpotlz
matched,onsite,2026-10-03 21:25:22.00,2026-10-03 21:25:25.06,3.062,51.66696929931641,51.7225,-173.35740661621094,-173.6127,18.647874150253593,24.85488510131836,35.0,10.14511489868164,3.598480522909669,3.5,0.0984805229096688,27,27.0,scolv:aaholland3,unknown,man_confirm,manual,aka2026tpowrn,us6000tzfa
matched,onsite,2026-10-03 22:48:05.00,2026-10-03 22:48:05.73,0.739,54.71043395996094,54.71,-157.05039978027344,-157.05,0.05466254791590927,5.0,5.0,0.0,3.094990320909043,3.1,0.005009679090957064,43,43.0,scanloc_state:AEC,unknown,auto_confirm,automatic,aka2026tprqrm,aka2026tprqrm
matched,onsite,2026-10-04 00:22:33.00,2026-10-04 00:22:33.24,0.243,57.76641082763672,57.766,-156.5858612060547,-156.586,0.04641767965506783,11.37358856201172,11.4,0.02641143798827983,1.7007290664583432,1.6,0.10072906645834312,15,15.0,scanloc_state:AEC,unknown,auto_confirm,automatic,aka2026tpuukt,aka2026tpuukt
matched,onsite,2026-10-04 01:51:07.00,2026-10-04 01:51:07.20,0.202,60.21813201904297,60.219,-153.07376098632812,-153.07,0.22904586849078565,127.99229431152344,128.4,0.4077056884765682,2.4707078663963906,2.2,0.27070786639639044,69,67.0,scanloc_state:AEC,unknown,auto_confirm,automatic,aka2026tpxtjs,aka2026tpxtjs
matched,onsite,2026-10-04 01:58:07.00,2026-10-04 01:58:07.58,0.58,62.03222274780273,62.032,-149.2334747314453,-149.233,0.03501920779632042,18.706066131591797,18.7,0.0060661315917975855,3.4999761690837237,3.5,2.3830916276335046e-05,219,219.0,scolv:aaholland3,unknown,man_confirm,manual,aka2026tpxzfg,aka2026tpxzfg
matched,onsite,2026-10-04 02:08:17.00,2026-10-04 02:08:17.38,0.387,58.59745407104492,58.597,-152.22694396972656,-152.227,0.05059464960852284,0.4415328800678253,0.4,0.041532880067825295,2.505561030267477,2.4,0.10556103026747721,60,60.0,scanloc_state:AEC,unknown,auto_confirm,automatic,aka2026tpyicf,aka2026tpyicf
matched,onsite,2026-10-04 02:37:41.00,2026-10-04 02:37:42.08,1.089,59.51509857177734,59.512,-152.75437927246094,-152.741,0.8296880625025737,82.1138916015625,79.9,2.2138916015624943,2.256510933850662,2.0,0.25651093385066215,44,42.0,scanloc_state:AEC,unknown,auto_confirm,automatic,aka2026tpzhqj,aka2026tpzhqj
matched,onsite,2026-10-04 03:13:34.00,2026-10-04 03:13:34.29,0.296,57.24699020385742,57.247,-156.07864379882812,-156.079,0.021456203734541608,82.07738494873047,82.1,0.022615051269525566,2.069677385661273,1.9,0.16967738566127322,21,21.0,scanloc_state:AEC,unknown,auto_confirm,automatic,aka2026tqamrr,aka2026tqamrr
matched,onsite,2026-10-04 03:54:31.00,2026-10-04 03:54:31.51,0.519,57.03893280029297,57.039,-157.8153533935547,-157.815,0.022647672711375008,4.583763122558594,4.6,0.016236877441405895,2.1879332260567304,2.2,0.012066773943269826,35,35.0,scanloc_state:AEC,unknown,auto_confirm,automatic,aka2026tqbwdz,aka2026tqbwdz
matched,onsite,2026-10-04 04:08:49.00,2026-10-04 04:08:49.62,0.629,58.2721061706543,58.279,-154.943359375,-154.964,1.4297287156048575,5.0,5.0,0.0,0.8408631319150238,0.7,0.14086313191502386,9,8.0,scanloc_state:AEC,unknown,auto_confirm,automatic,aka2026tqcipp,aka2026tqcipp
matched,onsite,2026-10-04 04:13:19.00,2026-10-04 04:13:19.74,0.744,64.5110855102539,64.511,-147.7659149169922,-147.766,0.01034328977562867,13.03535270690918,13.0,0.03535270690917969,1.3028000269144717,1.3,0.002800026914471676,25,25.0,scanloc_state:AEC,unknown,auto_confirm,automatic,aka2026tqcmnb,aka2026tqcmnb
matched,onsite,2026-10-04 04:31:28.00,2026-10-04 04:31:28.29,0.295,62.04588317871094,62.045,-151.25074768066406,-151.258,0.3905746985694501,90.92936706542969,90.1,0.8293670654296932,2.656411729095758,2.6,0.05641172909575776,109,101.0,scanloc_state:AEC,unknown,auto_confirm,automatic,aka2026tqdcgd,aka2026tqdcgd
matched,onsite,2026-10-04 05:04:22.00,2026-10-04 05:04:22.54,0.545,57.86144256591797,57.861,-155.99586486816406,-155.996,0.04985604503024782,35.37543487548828,35.4,0.02456512451171733,1.3045065312900008,1.3,0.0045065312900007815,9,9.0,scanloc_state:AEC,unknown,auto_confirm,automatic,aka2026tqeeud,aka2026tqeeud
matched,onsite,2026-10-04 05:27:58.00,2026-10-04 05:27:58.30,0.307,60.9620361328125,60.956,-147.1341552734375,-147.136,0.678533369496813,18.0166015625,19.6,1.5833984375000014,2.2215376182098177,2.0,0.22153761820981765,47,44.0,scanloc_state:AEC,unknown,auto_confirm,automatic,aka2026tqezfn,aka2026tqezfn
matched,onsite,2026-10-04 05:58:23.00,2026-10-04 05:58:23.34,0.34,58.24793243408203,58.252,-155.13308715820312,-155.143,0.7355245854689391,5.0,5.0,0.0,0.9049745086326322,0.8,0.10497450863263214,12,11.0,scanloc_state:AEC,unknown,auto_confirm,automatic,aka2026tqfzpp,aka2026tqfzpp
root_only,onsite,2026-10-04 06:09:16.00,,,54.58887100219727,,-161.28297424316406,,,21.74464225769043,,,2.4923815573996646,,,9,,scanloc_state:AEC,,auto_confirm,,aka2026tqgjax,
matched,onsite,2026-10-04 06:48:54.00,2026-10-04 06:48:54.74,0.74,61.27818298339844,61.278,-152.2415771484375,-152.242,0.03040631780416083,5.0,5.0,0.0,2.190870755530822,2.1,0.09087075553082169,49,49.0,scanloc_state:AEC,unknown,auto_confirm,automatic,aka2026tqhrkm,aka2026tqhrkm
matched,onsite,2026-10-04 07:16:02.00,2026-10-04 07:16:02.34,0.349,61.17841339111328,61.178,-147.21482849121094,-147.215,0.046877406050290275,33.05778884887695,33.1,0.042211151123048296,1.789026271177157,2.0,0.21097372882284304,10,10.0,scanloc_state:AEC,unknown,auto_confirm,automatic,aka2026tqioyb,aka2026tqioyb
root_only,onsite,2026-10-04 07:21:24.00,,,51.25864410400391,,-176.67750549316406,,,22.331745147705078,,,3.1011784367590263,,,8,,scanloc_state:AEC,,auto_confirm,,aka2026tqitpg,
matched,onsite,2026-10-04 07:54:01.00,2026-10-04 07:54:01.63,0.63,63.72472381591797,63.726,-147.76560974121094,-147.776,0.530762781313971,0.3359663486480713,0.6,0.2640336513519287,1.9729832888269065,1.9,0.07298328882690663,40,34.0,scanloc_state:AEC,unknown,auto_confirm,automatic,aka2026tqjvwk,aka2026tqjvwk
matched,onsite,2026-10-04 08:08:09.00,2026-10-04 08:08:09.62,0.628,60.33206939697266,60.332,-152.00375366210938,-152.004,0.015600219415517952,87.25208282470703,87.3,0.04791717529296591,1.8128706910755612,1.6,0.2128706910755611,25,25.0,scanloc_state:AEC,unknown,auto_confirm,automatic,aka2026tqkhwp,aka2026tqkhwp
matched,onsite,2026-10-04 08:23:12.00,2026-10-04 08:23:12.62,0.62,61.78909683227539,61.789,-152.8312225341797,-152.831,0.01589843509780618,47.97850799560547,48.0,0.02149200439453125,1.5945614058923714,1.6,0.0054385941076287025,8,8.0,scanloc_state:AEC,unknown,auto_confirm,automatic,aka2026tqkveh,aka2026tqkveh
matched,onsite,2026-10-04 08:52:22.00,2026-10-04 08:52:22.99,0.991,64.51809692382812,64.518,-147.15965270996094,-147.16,0.019803505074208055,10.25151252746582,10.3,0.0484874725341804,1.4673572132219515,1.5,0.03264278677804855,21,21.0,scanloc_state:AEC,unknown,auto_confirm,automatic,aka2026tqluma,aka2026tqluma
matched,onsite,2026-10-04 08:56:52.00,2026-10-04 08:56:52.95,0.956,63.72651290893555,63.73,-147.78810119628906,-147.787,0.3915164326213022,5.0,5.0,0.0,1.7349055613052695,1.8,0.06509443869473053,17,16.0,scanloc_state:AEC,unknown,auto_confirm,automatic,aka2026tqlyjl,aka2026tqlyjl
matched,onsite,2026-10-04 09:02:51.00,2026-10-04 09:02:51.65,0.65,57.56472396850586,57.565,-154.92308044433594,-154.923,0.031065990452159686,66.0711441040039,66.1,0.028855895996088066,1.89592153641717,1.8,0.09592153641716994,15,15.0,scanloc_state:AEC,unknown,auto_confirm,automatic,aka2026tqmdoc,aka2026tqmdoc
matched,onsite,2026-10-04 09:13:45.00,2026-10-04 09:13:45.97,0.974,67.40017700195312,67.4,-157.34483337402344,-157.345,0.020930052055457254,0.7626498341560364,0.8,0.03735016584396367,2.875535559781232,2.9,0.024464440218767702,47,47.0,scanloc_state:AEC,unknown,auto_confirm,automatic,aka2026tqmmzk,aka2026tqmmzk
matched,onsite,2026-10-04 09:27:10.00,2026-10-04 09:27:10.61,0.617,58.17616271972656,58.177,-155.32696533203125,-155.335,0.4802116415714728,5.0,5.0,0.0,0.8589526753653064,0.8,0.05895267536530635,10,9.0,scanloc_state:AEC,unknown,auto_confirm,automatic,aka2026tqmyqj,aka2026tqmyqj
matched,onsite,2026-10-04 11:13:34.00,2026-10-04 11:13:34.92,0.922,60.19645309448242,60.196,-152.43093872070312,-152.431,0.05049551052420485,160.15438842773438,160.2,0.04561157226561363,1.2546786445633185,1.3,0.04532135543668159,7,7.0,scanloc_state:AEC,unknown,auto_confirm,automatic,aka2026tqqmxd,aka2026tqqmxd
matched,onsite,2026-10-04 11:25:30.00,2026-10-04 11:25:30.32,0.323,63.72225189208984,63.727,-147.77911376953125,-147.778,0.5308044118968357,5.0,5.0,0.0,1.8114148038480733,1.5,0.3114148038480733,25,22.0,scanloc_state:AEC,unknown,auto_confirm,automatic,aka2026tqqxfx,aka2026tqqxfx
matched,onsite,2026-10-04 11:42:01.00,2026-10-04 11:42:01.08,0.084,60.97940826416016,60.988,-151.82382202148438,-151.836,1.1593687199513547,89.93091583251953,90.6,0.6690841674804631,1.8521900623940253,1.8,0.05219006239402524,44,41.0,scanloc_state:AEC,unknown,auto_confirm,automatic,aka2026tqrlpb,aka2026tqrlpb
matched,onsite,2026-10-04 12:46:30.00,2026-10-04 12:46:30.52,0.522,60.3813247680664,60.381,-150.66616821289062,-150.666,0.03727697825931519,68.16088104248047,68.2,0.03911895751953409,3.3862745765003224,3.4,0.013725423499677536,252,246.0,scanloc_global_assoc:AEC,unknown,auto_confirm,automatic,aka2026tqtplt,aka2026tqtplt
matched,onsite,2026-10-04 12:57:26.00,2026-10-04 12:57:26.42,0.428,59.29721450805664,59.297,-154.71775817871094,-154.716,0.10263012311556982,5.0,0.0,5.0,2.1833020188688774,2.1,0.08330201886887734,58,57.0,scanloc_state:AEC,unknown,auto_confirm,automatic,aka2026tqtyyr,aka2026tqtyyr
matched,onsite,2026-10-04 13:21:58.00,2026-10-04 13:21:58.69,0.698,58.2749252319336,58.275,-154.93482971191406,-154.935,0.01297151925093037,5.0,5.0,0.0,0.659098759508824,0.6,0.05909875950882404,9,9.0,scanloc_state:AEC,unknown,auto_confirm,automatic,aka2026tquufp,aka2026tquufp
matched,onsite,2026-10-04 13:24:48.00,2026-10-04 13:24:48.89,0.891,60.30077743530273,60.301,-151.69485473632812,-151.695,0.02600981073902399,70.36174774169922,70.4,0.038252258300786934,2.6530128853435433,2.6,0.053012885343543203,127,125.0,scanloc_state:AEC,unknown,auto_confirm,automatic,aka2026tquwqe,aka2026tquwqe
matched,onsite,2026-10-04 13:38:07.00,2026-10-04 13:38:07.20,0.206,57.03323364257812,57.033,-155.0838623046875,-155.084,0.027283116272373616,65.31291198730469,65.3,0.012911987304690342,3.449600482779952,3.4,0.04960048277995188,120,120.0,scanloc_state:AEC,unknown,auto_confirm,automatic,aka2026tqvifo,aka2026tqvifo
matched,onsite,2026-10-04 13:41:52.00,2026-10-04 13:41:52.65,0.658,65.53202056884766,65.521,-150.910888671875,-150.909,1.22851587634324,8.491938591003418,7.9,0.5919385910034176,1.9231245306726674,1.8,0.12312453067266738,30,25.0,scanloc_state:AEC,unknown,auto_confirm,automatic,aka2026tqvlmd,aka2026tqvlmd
matched,onsite,2026-10-04 13:49:35.00,2026-10-04 13:49:35.72,0.726,60.38118743896484,60.381,-152.99034118652344,-152.99,0.02803512393988415,5.0,5.0,0.0,0.8965475417055021,0.8,0.09654754170550206,9,9.0,scanloc_state:AEC,unknown,auto_confirm,automatic,aka2026tqvsdr,aka2026tqvsdr
matched,onsite,2026-10-04 15:03:30.00,2026-10-04 15:03:30.73,0.731,55.42791366577148,55.418,-158.76779174804688,-158.759,1.234089726296247,29.10235023498535,27.6,1.5023502349853501,2.6225331372107346,2.5,0.12253313721073456,21,19.0,scanloc_state:AEC,unknown,auto_confirm,automatic,aka2026tqyehr,aka2026tqyehr
matched,onsite,2026-10-04 15:56:41.00,2026-10-04 15:56:41.95,0.959,59.88896942138672,59.889,-153.24032592773438,-153.24,0.018496741840674003,132.7192840576172,132.7,0.01928405761719887,2.427022902522597,2.4,0.027022902522597203,87,87.0,scanloc_state:AEC,unknown,auto_confirm,automatic,aka2026tqzyhk,aka2026tqzyhk
matched,onsite,2026-10-04 16:30:36.00,2026-10-04 16:30:36.60,0.607,58.51031112670898,58.51,-137.23487854003906,-137.235,0.03530767377463415,5.0,5.0,0.0,3.050480090440405,3.0,0.0504800904404048,31,31.0,scanloc_state:AEC,unknown,auto_confirm,automatic,aka2026trbbuc,aka2026trbbuc
matched,onsite,2026-10-04 16:42:33.00,2026-10-04 16:42:32.72,0.28,52.07522964477539,52.037833333333,-176.1487274169922,-176.18416666667,4.8127399202008805,5.0,-1.78,6.78,1.8305458562553596,1.29,0.5405458562553596,9,7.0,scanloc_state:AEC,unknown,auto_confirm,manual,aka2026trbmdl,av94460411
root_only,onsite,2026-10-04 17:16:37.00,,,51.39253616333008,,-175.9488983154297,,,26.32891845703125,,,2.6039952012877525,,,12,,scanloc_state:AEC,,auto_confirm,,aka2026trcpru,
matched,onsite,2026-10-04 18:42:59.00,2026-10-04 18:42:59.10,0.102,57.79387283325195,57.794,-155.21746826171875,-155.217,0.031145561112492892,27.51176643371582,27.5,0.011766433715820312,1.5556220426075111,1.6,0.044377957392488954,9,9.0,scanloc_state:AEC,unknown,auto_confirm,automatic,aka2026trfmoh,aka2026trfmoh
matched,onsite,2026-10-04 19:10:55.00,2026-10-04 19:10:55.85,0.856,57.67754745483398,57.678,-154.61761474609375,-154.618,0.05528837560102107,59.7061996459961,59.7,0.006199645996098013,1.8774955739933248,1.6,0.2774955739933247,20,20.0,scanloc_state:AEC,unknown,auto_confirm,automatic,aka2026trgkus,aka2026trgkus
matched,onsite,2026-10-04 19:37:45.00,2026-10-04 19:37:45.08,0.087,63.26232147216797,63.262,-151.1537322998047,-151.154,0.038172477734252315,5.0,5.0,0.0,2.0434766771434667,2.0,0.0434766771434667,34,34.0,scanloc_state:AEC,unknown,auto_confirm,automatic,aka2026trhiav,aka2026trhiav
root_only,onsite,2026-10-04 19:44:31.00,,,51.5335807800293,,-173.77157592773438,,,5.0,,,3.245554879022026,,,20,,scanloc_state:AEC,,auto_confirm,,aka2026trhnvq,
matched,onsite,2026-10-04 19:53:51.00,2026-10-04 19:53:51.09,0.09,63.34790420532227,63.346,-151.79092407226562,-151.791,0.2117718399602313,5.0,5.0,0.0,1.8843640322703192,1.7,0.18436403227031928,23,22.0,scanloc_state:AEC,unknown,auto_confirm,automatic,aka2026trhvzy,aka2026trhvzy
matched,onsite,2026-10-04 20:03:00.00,2026-10-04 20:03:00.98,0.986,59.7441177368164,59.744,-152.6077423095703,-152.608,0.01948945898805608,93.81861877441406,93.8,0.018618774414065342,1.872467130377227,1.8,0.07246713037722685,56,56.0,scanloc_state:AEC,unknown,auto_confirm,automatic,aka2026tridfa,aka2026tridfa
matched,onsite,2026-10-04 20:07:12.00,2026-10-04 20:07:12.59,0.594,64.42414093017578,64.424,-150.6493682861328,-150.649,0.023624580253152814,5.073482036590576,5.1,0.026517963409423473,1.999309218068906,1.9,0.09930921806890614,32,32.0,scanloc_state:AEC,unknown,auto_confirm,automatic,aka2026trihoy,aka2026trihoy
matched,onsite,2026-10-04 20:16:32.00,2026-10-04 20:16:32.96,0.96,62.2566032409668,62.257,-150.34622192382812,-150.346,0.045588590878608594,58.40033340454102,58.4,0.0003334045410241515,2.3087631510125584,2.3,0.008763151012558534,70,70.0,scanloc_state:AEC,unknown,auto_confirm,automatic,aka2026triprg,aka2026triprg
matched,onsite,2026-10-04 20:35:03.00,2026-10-04 20:35:03.83,0.836,63.37264251708984,63.373,-151.77854919433594,-151.779,0.04565978558902308,2.1705527305603027,2.2,0.029447269439697443,2.390706858909885,2.4,0.009293141090114698,34,34.0,scanloc_state:AEC,unknown,auto_confirm,automatic,aka2026trjftv,aka2026trjftv
root_only,onsite,2026-10-04 21:44:54.00,,,55.27862548828125,,-161.7651824951172,,,112.18397521972656,,,2.1938935212974022,,,24,,scanloc_state:AEC,,auto_confirm,,aka2026trlohg,
matched,onsite,2026-10-04 21:59:21.00,2026-10-04 21:59:21.19,0.192,58.24760437011719,58.252,-154.95680236816406,-154.959,0.5054038105457709,5.0,5.0,0.0,1.0142809890355797,0.9,0.1142809890355797,17,11.0,scanloc_state:AEC,unknown,auto_confirm,automatic,aka2026trmava,aka2026trmava
matched,onsite,2026-10-04 22:00:14.00,2026-10-04 22:00:14.09,0.091,61.58734893798828,61.595,-150.07266235351562,-150.072,0.8514805596309459,13.16191291809082,13.1,0.06191291809082067,2.454486804943097,2.4,0.05448680494309688,97,91.0,scanloc_state:AEC,unknown,auto_confirm,automatic,aka2026trmbpb,aka2026trmbpb
matched,onsite,2026-10-04 22:18:24.00,2026-10-04 22:18:24.77,0.778,63.09729385375977,63.097,-149.1227264404297,-149.126,0.16791372220962397,73.53715515136719,74.0,0.4628448486328125,2.171878390592025,2.1,0.07187839059202483,67,64.0,scanloc_state:AEC,unknown,auto_confirm,automatic,aka2026trmriq,aka2026trmriq
matched,onsite,2026-10-04 22:54:24.00,2026-10-04 22:54:24.45,0.45,64.45525360107422,64.455,-148.33155822753906,-148.332,0.03526892401812351,2.6201467514038086,2.6,0.020146751403808505,1.8695561173043427,1.8,0.06955611730434264,34,34.0,scanloc_state:AEC,unknown,auto_confirm,automatic,aka2026trnwoh,aka2026trnwoh
matched,onsite,2026-10-04 23:04:39.00,2026-10-04 23:04:39.56,0.56,58.2027702331543,58.203,-154.86395263671875,-154.864,0.025699171138583714,5.0,5.0,0.0,0.6825754355151059,0.6,0.08257543551510593,6,6.0,scanloc_state:AEC,unknown,auto_confirm,automatic,aka2026troflj,aka2026troflj
matched,onsite,2026-10-04 23:05:07.00,2026-10-04 23:05:07.63,0.635,64.95941925048828,64.96,-147.4007110595703,-147.383,0.8360485188130132,5.0,5.0,0.0,1.4279203110072256,1.3,0.12792031100722556,19,18.0,scanloc_state:AEC,unknown,auto_confirm,automatic,aka2026trofvo,aka2026trofvo
matched,onsite,2026-10-04 23:17:23.00,2026-10-04 23:17:23.10,0.106,61.4408187866211,61.436,-151.16062927246094,-151.159,0.5427802832067143,0.10905665904283524,5.0,4.890943340957165,2.163654246433697,2.1,0.0636542464336971,78,72.0,scanloc_state:AEC,unknown,auto_confirm,automatic,aka2026troqls,aka2026troqls
matched,onsite,2026-10-04 23:49:00.00,2026-10-04 23:49:00.66,0.668,61.54080963134766,61.541,-146.71522521972656,-146.715,0.02430028060559699,19.625505447387695,19.6,0.02550544738769389,1.9156872503629883,1.8,0.11568725036298821,38,38.0,scanloc_state:AEC,unknown,auto_confirm,automatic,aka2026trprwb,aka2026trprwb
test_only,usgs,,2026-09-29 01:29:57.88,,,58.171,,-155.337,,,5.0,,,1.0,,,15.0,,unknown,,automatic,,aka2026tgqyaj
