match_type,source,root_time,test_time,time_diff_s,root_latitude,test_latitude,root_longitude,test_longitude,loc_diff_km,root_depth,test_depth,depth_diff_km,root_magnitude,test_magnitude,mag_diff,root_numPhases,test_numPhases,root_author,test_author,root_eval,test_eval,root_evid,test_evid
matched,onsite,2026-09-02 00:05:18.00,2026-09-02 00:05:18.52,0.524,69.43550872802734,69.436,-143.6328125,-143.633,0.055115657666876976,1.1306869983673096,1.1,0.03068699836730948,3.622693242600455,3.6,0.022693242600455132,93,93.0,scolv:djgossett,unknown,man_confirm,manual,aka2026rirnde,aka2026rirnde
matched,onsite,2026-09-02 00:18:10.00,2026-09-02 00:18:10.97,0.976,63.0442008972168,63.044,-150.46173095703125,-150.462,0.026132829093300104,110.28208923339844,110.3,0.017910766601559658,1.9375467154398414,1.9,0.03754671543984145,45,45.0,scolv:abakken,unknown,man_confirm,manual,aka2026rirymi,aka2026rirymi
matched,onsite,2026-09-02 01:16:09.00,2026-09-02 01:16:09.35,0.359,69.46916198730469,69.469,-143.49880981445312,-143.499,0.019479384891327618,4.919163227081299,4.9,0.019163227081298473,2.96465806381038,3.0,0.035341936189619894,70,70.0,scolv:abakken,unknown,man_confirm,manual,aka2026ritxhj,aka2026ritxhj
matched,onsite,2026-09-02 01:45:55.00,2026-09-02 01:45:55.66,0.66,62.01677703857422,62.017,-149.81297302246094,-149.813,0.02483210184202078,49.56705856323242,49.6,0.032941436767579546,1.8824345118433123,1.9,0.01756548815668757,66,66.0,scolv:abakken,unknown,man_confirm,manual,aka2026riuwnf,aka2026riuwnf
matched,onsite,2026-09-02 01:58:49.00,2026-09-02 01:58:48.34,0.658,52.01179122924805,52.0352,-169.25189208984375,-169.3499,7.193398101001174,15.030664443969727,10.0,5.030664443969727,2.8926139434304647,2.8,0.09261394343046492,33,22.0,scolv:abakken,unknown,man_confirm,manual,aka2026rivhtn,us7000tdr7
matched,onsite,2026-09-02 02:17:30.00,2026-09-02 02:17:30.84,0.842,55.91838455200195,55.918,-154.52716064453125,-154.527,0.04391623675285886,21.240352630615234,21.2,0.040352630615235086,2.415116349911616,2.4,0.015116349911616034,17,17.0,scolv:abakken,unknown,man_confirm,manual,aka2026rivxxi,aka2026rivxxi
matched,onsite,2026-09-02 03:08:11.00,2026-09-02 03:08:11.95,0.957,52.10733032226562,52.107,-169.18185424804688,-169.182,0.03805506126326008,9.78711986541748,9.8,0.012880134582520242,2.6724356811176513,2.7,0.027564318882348893,25,25.0,scolv:abakken,unknown,man_confirm,manual,aka2026rixpzf,aka2026rixpzf
matched,onsite,2026-09-02 03:24:51.00,2026-09-02 03:24:51.16,0.162,59.94541549682617,59.945,-141.39419555664062,-141.394,0.04746732884869361,12.854645729064941,12.9,0.04535427093505895,1.571663867445224,1.6,0.028336132554776183,32,32.0,scolv:abakken,unknown,man_confirm,manual,aka2026riyegn,aka2026riyegn
matched,onsite,2026-09-02 03:38:56.00,2026-09-02 03:38:56.85,0.857,61.37817764282227,61.378,-140.04605102539062,-140.046,0.019939086409248206,0.7783886790275574,0.8,0.02161132097244267,1.786100076840068,1.8,0.013899923159931937,34,34.0,scolv:abakken,unknown,man_confirm,manual,aka2026riyqnf,aka2026riyqnf
matched,onsite,2026-09-02 03:56:51.00,2026-09-02 03:56:51.28,0.286,61.77640914916992,61.776,-150.69644165039062,-150.696,0.05108038307786979,62.09924697875977,62.1,0.0007530212402286907,2.0088375504068354,2.0,0.008837550406835426,91,91.0,scolv:abakken,unknown,man_confirm,manual,aka2026rizgaz,aka2026rizgaz
matched,onsite,2026-09-02 04:06:39.00,2026-09-02 04:06:38.89,0.107,51.3043212890625,51.3029,-176.28538513183594,-176.202,5.798949794614312,13.675542831420898,17.85,4.174457168579103,4.043361612997632,3.8,0.24336161299763237,69,57.0,scolv:abakken,unknown,man_confirm,manual,aka2026rizonf,us7000tdrg
matched,onsite,2026-09-02 04:09:36.00,2026-09-02 04:09:36.31,0.319,65.77033996582031,65.77,-149.79885864257812,-149.799,0.03834891074726842,6.34454870223999,6.3,0.04454870223999041,1.5516388294624952,1.6,0.04836117053750488,25,25.0,scolv:abakken,unknown,man_confirm,manual,aka2026rizrcg,aka2026rizrcg
matched,onsite,2026-09-02 04:37:58.00,2026-09-02 04:37:58.81,0.819,57.2775650024414,57.278,-136.24642944335938,-136.246,0.05482632991074778,8.468118667602539,8.5,0.03188133239746094,2.085481771529515,2.1,0.014518228470485006,21,21.0,scolv:abakken,unknown,man_confirm,manual,aka2026rjaprw,aka2026rjaprw
matched,onsite,2026-09-02 04:38:02.00,2026-09-02 04:38:02.01,0.015,61.41275787353516,61.413,-147.95909118652344,-147.959,0.027356889456861464,20.75728988647461,20.8,0.042710113525391336,1.7871281659994926,1.8,0.012871834000507398,63,63.0,scolv:abakken,unknown,man_confirm,manual,aka2026rjapsw,aka2026rjapsw
matched,onsite,2026-09-02 05:07:20.00,2026-09-02 05:07:21.03,1.034,51.01774597167969,51.0484,-178.4966278076172,-178.4788,3.629394577719825,6.864677906036377,10.0,3.135322093963623,3.4972813136714533,3.3,0.19728131367145352,57,28.0,scolv:djgossett,unknown,man_confirm,manual,aka2026rjbpcn,us7000tdiw
matched,onsite,2026-09-02 05:10:27.00,2026-09-02 05:10:26.52,0.472,52.14958572387695,52.1309,-169.3094940185547,-169.4152,7.50703570204257,19.00689125061035,35.0,15.993108749389648,4.843335950712586,4.6,0.24333595071258607,132,122.0,scolv:djgossett,unknown,man_confirm,manual,aka2026rjbrtv,us7000tdim
matched,onsite,2026-09-02 05:14:00.00,2026-09-02 05:14:00.72,0.728,52.17296981811523,52.2356,-169.33230590820312,-169.2979,7.348244641767012,19.684825897216797,35.0,15.315174102783203,5.105357493247022,5.2,0.09464250675297858,152,133.0,scolv:djgossett,unknown,man_confirm,manual,aka2026rjbuwk,us7000tdin
matched,onsite,2026-09-02 05:16:05.00,2026-09-02 05:16:04.24,0.756,52.21771240234375,52.1188,-169.3163299560547,-169.1373,16.433253735245362,18.760696411132812,15.313,3.447696411132812,4.852588429384798,4.6,0.2525884293847982,91,84.0,scolv:djgossett,unknown,man_confirm,manual,aka2026rjbwrf,us7000tdis
matched,onsite,2026-09-02 05:18:15.00,2026-09-02 05:18:15.11,0.11,52.05413436889648,52.054,-169.1957550048828,-169.196,0.02244677407785873,12.009980201721191,12.0,0.009980201721191406,3.9206893359008936,3.9,0.020689335900893724,27,27.0,scolv:djgossett,unknown,man_confirm,manual,aka2026rjbyps,aka2026rjbyps
matched,onsite,2026-09-02 05:40:52.00,2026-09-02 05:40:54.49,2.49,52.10578536987305,52.1511,-169.17300415039062,-169.2852,9.167586391621928,12.288880348205566,33.318,21.02911965179443,4.315562490840356,4.6,0.28443750915964383,57,78.0,scolv:djgossett,unknown,man_confirm,manual,aka2026rjcseg,us7000tdj0
matched,onsite,2026-09-02 05:40:40.00,2026-09-02 05:40:40.68,0.688,69.42062377929688,69.421,-143.6844482421875,-143.684,0.04535424120298129,4.290064334869385,4.3,0.009935665130615057,3.3822037994699405,3.4,0.01779620053005937,70,70.0,scolv:djgossett,unknown,man_confirm,manual,aka2026rjcsqh,aka2026rjcsqh
matched,onsite,2026-09-02 05:44:51.00,2026-09-02 05:44:51.71,0.714,52.08651733398438,52.087,-169.31991577148438,-169.32,0.05397767955452457,18.227983474731445,18.2,0.027983474731446023,2.7472409109374345,2.7,0.04724091093743432,22,22.0,scolv:abakken,unknown,man_confirm,manual,aka2026rjcvsb,aka2026rjcvsb
matched,onsite,2026-09-02 05:46:34.00,2026-09-02 05:46:34.43,0.435,52.19545745849609,52.195,-169.17222595214844,-169.172,0.053147362906232974,8.731413841247559,8.7,0.031413841247559304,2.6789485434566154,2.7,0.021051456543384806,26,26.0,scolv:abakken,unknown,man_confirm,manual,aka2026rjcxcn,aka2026rjcxcn
matched,onsite,2026-09-02 05:54:59.00,2026-09-02 05:54:56.99,2.003,52.21283340454102,52.1241,-169.28709411621094,-169.1432,13.91615781683539,18.650104522705078,10.0,8.650104522705078,4.25819866544082,3.9,0.35819866544082,80,78.0,scolv:djgossett,unknown,man_confirm,manual,aka2026rjdejs,us7000tdj5
matched,onsite,2026-09-02 06:14:57.00,2026-09-02 06:14:56.62,0.376,53.51638031005859,53.5508,-158.7028045654297,-158.7092,3.8505627627746946,25.27511787414551,18.333,6.942117874145513,3.3353693722514994,3.2,0.13536937225149925,42,40.0,scolv:abakken,unknown,man_confirm,manual,aka2026rjdwdw,us7000tdrq
matched,onsite,2026-09-02 06:20:19.00,2026-09-02 06:20:19.90,0.901,52.05155181884766,52.052,-169.089599609375,-169.09,0.05686080277735656,1.8914424180984497,1.9,0.008557581901550204,2.7319160470957224,2.7,0.031916047095722266,26,26.0,scolv:abakken,unknown,man_confirm,manual,aka2026rjeamk,aka2026rjeamk
matched,onsite,2026-09-02 06:20:45.00,2026-09-02 06:20:47.16,2.16,50.9947509765625,51.0508,-178.4408416748047,-178.4795,6.793624452812225,4.7829909324646,10.0,5.2170090675354,3.5413705948964114,3.3,0.24137059489641155,56,28.0,scolv:djgossett,unknown,man_confirm,manual,aka2026rjeavt,us7000tdjl
matched,onsite,2026-09-02 06:23:20.00,2026-09-02 06:23:20.69,0.699,64.77653503417969,64.777,-149.80760192871094,-149.808,0.055035285242414994,6.266455173492432,6.3,0.03354482650756818,1.6768091548294788,1.7,0.023190845170521168,38,38.0,scolv:abakken,unknown,man_confirm,manual,aka2026rjedbb,aka2026rjedbb
matched,onsite,2026-09-02 06:25:27.00,2026-09-02 06:25:23.66,3.336,52.17082595825195,51.9724,-169.25209045410156,-169.4563,26.10801722672251,14.913500785827637,10.0,4.913500785827637,2.777921686446274,2.8,0.022078313553725692,41,25.0,scolv:abakken,unknown,man_confirm,manual,aka2026rjeett,us7000tdt8
matched,onsite,2026-09-02 06:37:03.00,2026-09-02 06:37:03.73,0.737,52.04629135131836,52.0226,-168.9996337890625,-169.162,11.414918691191737,2.087280035018921,10.0,7.912719964981079,2.7767018240311994,2.6,0.17670182403119927,25,22.0,scolv:abakken,unknown,man_confirm,manual,aka2026rjeoye,us7000tdt9
matched,onsite,2026-09-02 06:37:11.00,2026-09-02 06:37:11.20,0.205,63.82491302490234,63.825,-149.32945251464844,-149.329,0.02421120262120777,115.40251922607422,115.4,0.0025192260742130657,1.7251180776628519,1.7,0.0251180776628519,59,59.0,scolv:abakken,unknown,man_confirm,manual,aka2026rjepdc,aka2026rjepdc
matched,onsite,2026-09-02 06:41:20.00,2026-09-02 06:41:19.52,0.477,53.54815292358398,53.4197,-164.7203826904297,-164.7565,14.481848433385498,21.169578552246094,33.87,12.700421447753904,2.475027498431826,2.5,0.0249725015681741,29,22.0,scolv:djgossett,unknown,man_confirm,manual,aka2026rjesrd,us7000tdjm
matched,onsite,2026-09-02 06:42:20.00,2026-09-02 06:42:15.97,4.024,52.27965927124023,52.0793,-169.36181640625,-169.2515,23.514412913679713,22.790576934814453,10.0,12.790576934814453,4.329597357033578,4.0,0.3295973570335784,93,77.0,scolv:djgossett,unknown,man_confirm,manual,aka2026rjetkf,us7000tdje
matched,onsite,2026-09-02 06:42:36.00,2026-09-02 06:42:36.63,0.633,60.21856307983398,60.219,-141.29298400878906,-141.293,0.048591332742529116,6.241766452789307,6.2,0.04176645278930646,1.5536760652038464,1.6,0.04632393479615371,36,36.0,scolv:abakken,unknown,man_confirm,manual,aka2026rjettl,aka2026rjettl
matched,onsite,2026-09-02 07:03:53.00,2026-09-02 07:03:53.75,0.75,51.74526596069336,51.8426,-173.71617126464844,-173.8014,12.308328360574539,50.2275276184082,66.44,16.212472381591795,3.0352722758394024,3.1,0.06472772416059769,33,25.0,scolv:abakken,unknown,man_confirm,manual,aka2026rjfmfe,us7000tdta
matched,onsite,2026-09-02 07:09:30.00,2026-09-02 07:09:30.02,0.027,51.7762336730957,51.776,178.9140167236328,178.914,0.02600872549248953,19.913864135742188,19.9,0.013864135742188921,2.4579362303914096,2.5,0.04206376960859037,18,18.0,scolv:abakken,unknown,man_confirm,manual,aka2026rjfrcp,aka2026rjfrcp
matched,onsite,2026-09-02 07:12:41.00,2026-09-02 07:12:39.05,1.945,52.15481567382812,52.0552,-169.33984375,-169.2915,11.558382886228607,14.167142868041992,10.0,4.167142868041992,4.121146889963784,4.2,0.0788531100362162,86,60.0,scolv:djgossett,unknown,man_confirm,manual,aka2026rjfttp,us7000tdk5
matched,onsite,2026-09-02 07:15:05.00,2026-09-02 07:15:05.27,0.276,52.0723991394043,52.0767,-169.2578582763672,-169.255,0.5165928047764273,13.54606056213379,10.0,3.546060562133791,3.7891873235742146,3.7,0.08918732357421444,48,31.0,scolv:djgossett,unknown,man_confirm,manual,aka2026rjfvgz,us7000tdk6
matched,onsite,2026-09-02 07:15:31.00,2026-09-02 07:15:31.67,0.679,62.29511260986328,62.295,-150.2802734375,-150.28,0.018884171137552808,2.642838716506958,2.6,0.04283871650695792,2.264868758376785,2.3,0.035131241623215015,101,101.0,scolv:abakken,unknown,man_confirm,manual,aka2026rjfwix,aka2026rjfwix
matched,onsite,2026-09-02 07:55:32.00,2026-09-02 07:55:32.45,0.45,52.06427001953125,52.064,-169.14508056640625,-169.145,0.0305257559732134,10.303295135498047,10.3,0.0032951354980461645,2.717702096294814,2.7,0.017702096294813785,27,27.0,scolv:abakken,unknown,man_confirm,manual,aka2026rjhfbl,aka2026rjhfbl
matched,onsite,2026-09-02 07:56:04.00,2026-09-02 07:56:04.61,0.617,60.9215202331543,60.922,-150.9766387939453,-150.977,0.056806692101770404,69.5109634399414,69.5,0.01096343994140625,1.7941185615933517,1.8,0.005881438406648343,100,100.0,scolv:abakken,unknown,man_confirm,manual,aka2026rjhcnq,aka2026rjhcnq
matched,onsite,2026-09-02 08:04:32.00,2026-09-02 08:04:32.45,0.456,60.60294723510742,60.603,-139.83470153808594,-139.835,0.017314710222263018,8.013510704040527,8.0,0.013510704040527344,1.631216461168947,1.6,0.03121646116894694,29,29.0,scolv:abakken,unknown,man_confirm,manual,aka2026rjhmur,aka2026rjhmur
matched,onsite,2026-09-02 08:12:07.00,2026-09-02 08:12:07.44,0.444,52.17610931396484,52.1925,-169.18165588378906,-169.1519,2.7271091112274277,7.248764038085938,10.0,2.7512359619140616,2.768073512512002,2.5,0.26807351251200195,34,22.0,scolv:abakken,unknown,man_confirm,manual,aka2026rjhtjk,us7000tdtl
matched,onsite,2026-09-02 08:16:10.00,2026-09-02 08:16:10.43,0.433,52.19380187988281,52.194,-169.12225341796875,-169.122,0.02799441774732012,5.0,5.0,0.0,2.6889970336764506,2.7,0.011002966323549579,35,35.0,scolv:abakken,unknown,man_confirm,manual,aka2026rjhwxd,aka2026rjhwxd
matched,onsite,2026-09-02 08:25:08.00,2026-09-02 08:25:09.37,1.375,51.35594177246094,51.3945,-176.1305389404297,-176.1732,5.210620818451938,21.293949127197266,37.718,16.424050872802738,3.131600736226924,3.0,0.13160073622692403,49,22.0,scolv:abakken,unknown,man_confirm,manual,aka2026rjieqp,us7000tdtn
matched,onsite,2026-09-02 08:35:36.00,2026-09-02 08:35:37.80,1.806,52.17316436767578,52.2099,-169.1068115234375,-169.1519,5.111935978027652,3.9989538192749023,10.646,6.6470461807250985,3.3614677906723966,3.3,0.06146779067239683,39,34.0,scolv:djgossett,unknown,man_confirm,manual,aka2026rjinrp,us7000tdpg
matched,onsite,2026-09-02 08:42:31.00,2026-09-02 08:42:33.24,2.249,52.10625839233398,52.2128,-169.17601013183594,-169.1895,11.882570487104456,11.571467399597168,10.0,1.571467399597168,2.817648890348154,2.6,0.21764889034815393,37,23.0,scolv:abakken,unknown,man_confirm,manual,aka2026rjitsi,us7000te1p
matched,onsite,2026-09-02 08:55:53.00,2026-09-02 08:55:50.46,2.532,52.17594909667969,52.0576,-169.32257080078125,-169.1326,18.477855198512124,17.210708618164062,10.0,7.2107086181640625,3.784389544629777,3.6,0.18438954462977675,54,61.0,scolv:djgossett,unknown,man_confirm,manual,aka2026rjjffy,us7000tdph
matched,onsite,2026-09-02 09:04:05.00,2026-09-02 09:04:03.96,1.034,52.25609588623047,52.2384,-169.16958618164062,-169.1385,2.889757416290008,13.351235389709473,10.0,3.3512353897094727,2.9460803754625076,2.7,0.24608037546250738,34,23.0,scolv:abakken,unknown,man_confirm,manual,aka2026rjjmjz,us7000te1s
matched,onsite,2026-09-02 09:20:30.00,2026-09-02 09:20:28.49,1.504,52.0743293762207,52.0286,-169.2402801513672,-169.1844,6.360542835428095,9.139416694641113,10.0,0.8605833053588867,4.086981436220384,4.0,0.08698143622038401,50,103.0,scolv:djgossett,unknown,man_confirm,manual,aka2026rjkapx,us7000tdpi
matched,onsite,2026-09-02 09:22:18.00,2026-09-02 09:22:16.05,1.945,52.09468841552734,52.0042,-169.08018493652344,-169.4626,28.019508271744844,2.51964807510376,10.0,7.48035192489624,3.1047830787477557,2.8,0.3047830787477559,24,23.0,scolv:abakken,unknown,man_confirm,manual,aka2026rjkcfr,us7000te3r
matched,onsite,2026-09-02 09:27:13.00,2026-09-02 09:27:13.45,0.454,60.0472640991211,60.047,-153.3397216796875,-153.34,0.033183580042600545,156.35702514648438,156.4,0.042974853515630684,1.8152459974027502,1.8,0.015245997402750122,38,38.0,scolv:abakken,unknown,man_confirm,manual,aka2026rjkgkh,aka2026rjkgkh
root_only,onsite,2026-09-02 09:29:13.00,,,53.29813766479492,,-166.32496643066406,,,19.74390983581543,,,3.653164777829703,,,77,,scolv:djgossett,,man_confirm,,aka2026rjkigl,
matched,onsite,2026-09-02 09:59:30.00,2026-09-02 09:59:28.69,1.307,52.05476379394531,51.995,-169.13465881347656,-169.1733,7.152038762621507,5.117215156555176,6.906,1.788784843444824,3.6715324925084447,3.7,0.028467507491555466,34,63.0,scolv:djgossett,unknown,man_confirm,manual,aka2026rjlilh,us7000tdpm
matched,onsite,2026-09-02 09:59:47.00,2026-09-02 09:59:47.67,0.673,61.35467147827148,61.355,-150.3771209716797,-150.377,0.0370947312296659,53.17252731323242,53.2,0.027472686767580967,1.6507879921004298,1.7,0.04921200789957014,63,63.0,scolv:abakken,unknown,man_confirm,manual,aka2026rjlisu,aka2026rjlisu
matched,onsite,2026-09-02 10:03:25.00,2026-09-02 10:03:24.73,0.264,52.03194427490234,52.1171,-169.34368896484375,-169.4212,10.850008021330485,21.933256149291992,10.0,11.933256149291992,3.0714312562549595,2.9,0.17143125625495959,38,31.0,scolv:abakken,unknown,man_confirm,manual,aka2026rjlltn,us7000te3t
matched,onsite,2026-09-02 10:57:51.00,2026-09-02 10:57:51.31,0.313,61.06129837036133,61.061,-150.91920471191406,-150.919,0.03495781707855899,57.6029167175293,57.6,0.002916717529295454,1.7415458153601868,1.7,0.041545815360186866,78,78.0,scolv:abakken,unknown,man_confirm,manual,aka2026rjnhbp,aka2026rjnhbp
matched,onsite,2026-09-02 11:11:44.00,2026-09-02 11:11:44.64,0.649,63.31991195678711,63.32,-144.96202087402344,-144.962,0.009845275010783732,12.25417423248291,12.3,0.045825767517090554,1.1128569535221535,1.1,0.012856953522153436,29,29.0,scolv:abakken,unknown,man_confirm,manual,aka2026rjntnq,aka2026rjntnq
matched,onsite,2026-09-02 11:14:36.00,2026-09-02 11:14:36.91,0.916,60.73008728027344,60.73,-147.26129150390625,-147.261,0.018583469033994424,14.66881561279297,14.7,0.031184387207028763,1.1594854256895504,1.2,0.04051457431044958,26,26.0,scolv:abakken,unknown,man_confirm,manual,aka2026rjnvpn,aka2026rjnvpn
matched,onsite,2026-09-02 11:40:51.00,2026-09-02 11:40:52.49,1.492,52.1237678527832,52.1485,-169.13827514648438,-169.224,6.464825781398218,5.804253101348877,9.792,3.987746898651123,2.975918438932926,2.8,0.17591843893292625,29,23.0,scolv:abakken,unknown,man_confirm,manual,aka2026rjosjf,us7000te3z
matched,onsite,2026-09-02 11:49:23.00,2026-09-02 11:49:23.36,0.368,52.00289535522461,51.9977,-169.3774871826172,-169.4051,1.9766220331797857,28.155155181884766,35.0,6.844844818115234,2.8784732789913545,2.6,0.27847327899135443,34,32.0,scolv:abakken,unknown,man_confirm,manual,aka2026rjozug,us7000te42
matched,onsite,2026-09-02 12:27:09.00,2026-09-02 12:27:09.72,0.724,57.16080474853516,57.161,-155.23329162597656,-155.233,0.027939033955518215,56.54573822021484,56.5,0.045738220214836645,2.745233280582369,2.7,0.04523328058236897,74,74.0,scolv:abakken,unknown,man_confirm,manual,aka2026rjqgna,aka2026rjqgna
matched,onsite,2026-09-02 12:31:18.00,2026-09-02 12:31:17.96,0.031,51.60812759399414,51.5907,-176.45335388183594,-176.3959,4.416189944331421,71.45639038085938,74.86,3.4036096191406244,2.5671676443809703,2.9,0.3328323556190296,39,46.0,scolv:abakken,unknown,man_confirm,manual,aka2026rjqkcp,us7000te4n
matched,onsite,2026-09-02 12:32:01.00,2026-09-02 12:32:00.89,0.101,52.25032043457031,52.2033,-169.34400939941406,-169.3552,5.283698848536417,16.955503463745117,35.0,18.044496536254883,5.016489451807036,5.2,0.18351054819296397,118,313.0,scolv:djgossett,unknown,man_confirm,manual,aka2026rjqkri,us7000tdmm
matched,onsite,2026-09-02 13:32:11.00,2026-09-02 13:32:11.34,0.342,61.2770004272461,61.277,-152.48309326171875,-152.483,0.004983905555420551,5.0,5.0,0.0,2.336714238618706,2.3,0.03671423861870604,90,90.0,scolv:abakken,unknown,man_confirm,manual,aka2026rjskwq,aka2026rjskwq
matched,onsite,2026-09-02 14:21:03.00,2026-09-02 14:21:03.01,0.015,62.30974960327148,62.31,-148.76795959472656,-148.768,0.02792101203233245,27.60984802246094,27.6,0.009848022460939632,1.9579994887963141,2.0,0.042000511203685864,66,66.0,scolv:abakken,unknown,man_confirm,manual,aka2026rjubfw,aka2026rjubfw
matched,onsite,2026-09-02 14:53:13.00,2026-09-02 14:53:13.75,0.751,59.84149932861328,59.841,-153.07252502441406,-153.073,0.061537297040965167,124.0688705444336,124.1,0.031129455566400566,2.1145720270412802,2.1,0.014572027041280133,80,80.0,scolv:abakken,unknown,man_confirm,manual,aka2026rjvdes,aka2026rjvdes
matched,onsite,2026-09-02 15:07:16.00,2026-09-02 15:07:16.06,0.062,54.6822395324707,54.682,-161.46400451660156,-161.464,0.02663637794280569,34.39728927612305,34.4,0.002710723876951704,2.3796272542209977,2.4,0.020372745779002166,27,27.0,scolv:abakken,unknown,man_confirm,manual,aka2026rjvphl,aka2026rjvphl
matched,onsite,2026-09-02 15:13:32.00,2026-09-02 15:13:32.60,0.605,54.27602767944336,54.276,-161.48666381835938,-161.487,0.02204240260584014,6.150207996368408,6.2,0.049792003631591975,2.57505416453146,2.6,0.0249458354685399,23,23.0,scolv:abakken,unknown,man_confirm,manual,aka2026rjvuuo,aka2026rjvuuo
matched,onsite,2026-09-02 15:54:26.00,2026-09-02 15:54:26.12,0.124,53.48044204711914,53.48,-164.83111572265625,-164.831,0.04974631137024811,15.095943450927734,15.1,0.00405654907226527,2.495356694396744,2.5,0.004643305603256209,42,42.0,scolv:abakken,unknown,man_confirm,manual,aka2026rjxdmm,aka2026rjxdmm
matched,onsite,2026-09-02 16:04:21.00,2026-09-02 16:04:23.18,2.185,53.47794342041016,53.484,-164.8499755859375,-164.9503,6.6726347865376665,14.718924522399902,29.736,15.017075477600098,2.5661052902349524,2.6,0.033894709765047715,53,27.0,scolv:abakken,unknown,man_confirm,manual,aka2026rjxmwi,us7000te5r
matched,onsite,2026-09-02 16:27:45.00,2026-09-02 16:27:45.46,0.462,60.79552841186523,60.796,-149.62535095214844,-149.625,0.055788150998627495,26.793148040771484,26.8,0.0068519592285163355,2.247802208557687,2.2,0.04780220855768702,108,108.0,scolv:abakken,unknown,man_confirm,manual,aka2026rjygxz,aka2026rjygxz
matched,onsite,2026-09-02 16:59:07.00,2026-09-02 16:59:09.18,2.183,53.40647125244141,53.4699,-163.6280975341797,-163.6797,7.837542659204365,1.7815407514572144,6.069,4.287459248542786,2.630623349042735,2.5,0.1306233490427351,31,20.0,scolv:abakken,unknown,man_confirm,manual,aka2026rjziks,us7000te67
matched,onsite,2026-09-02 17:06:57.00,2026-09-02 17:06:57.40,0.409,56.43438339233398,56.434,-156.34373474121094,-156.344,0.04564397557001696,26.93018341064453,26.9,0.03018341064453267,2.840628494630089,2.8,0.04062849463008922,62,62.0,scolv:djgossett,unknown,man_confirm,manual,aka2026rjzpcc,aka2026rjzpcc
matched,onsite,2026-09-02 17:30:58.00,2026-09-02 17:30:58.75,0.75,61.52520751953125,61.525,-146.55288696289062,-146.553,0.023840571888210867,16.224884033203125,16.2,0.02488403320312571,1.7983980510663593,1.8,0.00160194893364074,66,66.0,scolv:djgossett,unknown,man_confirm,manual,aka2026rkajya,aka2026rkajya
matched,onsite,2026-09-02 18:35:05.00,2026-09-02 18:35:05.61,0.617,60.2112045288086,60.211,-152.6742706298828,-152.674,0.027216413683326418,95.63626861572266,95.6,0.036268615722661934,1.7649982282944285,1.8,0.035001771705571505,71,71.0,scolv:abakken,unknown,man_confirm,manual,aka2026rkcnlm,aka2026rkcnlm
matched,onsite,2026-09-02 18:39:39.00,2026-09-02 18:39:39.57,0.578,60.8129997253418,60.813,-151.7904815673828,-151.79,0.02611324737971272,90.8834457397461,90.9,0.016554260253911934,1.5528853591558551,1.6,0.04711464084414496,32,32.0,scolv:abakken,unknown,man_confirm,manual,aka2026rkcrmr,aka2026rkcrmr
matched,onsite,2026-09-02 18:43:35.00,2026-09-02 18:43:34.80,0.196,52.08279418945312,52.1279,-169.25852966308594,-169.2628,5.02400988002047,20.384565353393555,10.0,10.384565353393555,3.2070784683949745,3.2,0.00707846839497428,47,45.0,scolv:abakken,unknown,man_confirm,manual,aka2026rkcuvy,us7000te52
matched,onsite,2026-09-02 19:00:19.00,2026-09-02 19:00:20.09,1.094,52.15929412841797,52.1534,-169.3350830078125,-169.455,8.206837220025843,19.876161575317383,34.546,14.669838424682617,2.8613835671727377,2.7,0.1613835671727375,27,29.0,scolv:abakken,unknown,man_confirm,manual,aka2026rkdjhl,us7000te57
matched,onsite,2026-09-02 19:13:54.00,2026-09-02 19:13:54.52,0.52,56.8349380493164,56.835,-155.57691955566406,-155.577,0.008449736730373062,55.57827377319336,55.6,0.021726226806642046,2.9900110775178343,3.0,0.009988922482165652,90,90.0,scolv:abakken,unknown,man_confirm,manual,aka2026rkdvdo,aka2026rkdvdo
matched,onsite,2026-09-02 19:35:52.00,2026-09-02 19:35:52.15,0.154,52.12306213378906,52.1233,-169.2539520263672,-169.275,1.4371863061915267,10.501984596252441,10.0,0.5019845962524414,3.435260712314162,3.6,0.16473928768583823,47,51.0,scolv:djgossett,unknown,man_confirm,manual,aka2026rkeodu,us7000tdrb
matched,onsite,2026-09-02 21:30:59.00,2026-09-02 21:30:59.05,0.054,57.88271713256836,57.883,-156.13925170898438,-156.139,0.0347956980732995,124.71158599853516,124.7,0.011585998535153408,1.6924808647685818,1.7,0.007519135231418117,45,45.0,scolv:abakken,unknown,man_confirm,manual,aka2026rkijzu,aka2026rkijzu
matched,onsite,2026-09-02 21:31:54.00,2026-09-02 21:31:54.13,0.132,64.90968322753906,64.91,-147.79238891601562,-147.792,0.039711156392623514,0.0,0.0,0.0,1.2201604724445612,1.2,0.020160472444561206,19,19.0,scolv:djgossett,unknown,man_confirm,manual,aka2026rkikvi,aka2026rkikvi
matched,onsite,2026-09-02 21:58:14.00,2026-09-02 21:58:14.48,0.48,60.31649780273438,60.316,-146.3900146484375,-146.39,0.05535901532289709,26.12017059326172,26.1,0.02017059326171733,1.7637638359782781,1.8,0.03623616402172192,48,48.0,scolv:abakken,unknown,man_confirm,manual,aka2026rkjhsj,aka2026rkjhsj
matched,onsite,2026-09-02 22:21:54.00,2026-09-02 22:21:54.42,0.429,59.75112533569336,59.751,-153.29537963867188,-153.295,0.025425509362993773,114.89411163330078,114.9,0.005888366699224434,1.8020244115684845,1.8,0.00202441156848443,39,39.0,scolv:abakken,unknown,man_confirm,manual,aka2026rkkcep,aka2026rkkcep
matched,onsite,2026-09-02 22:33:17.00,2026-09-02 22:33:17.97,0.972,62.35580825805664,62.356,-152.11962890625,-152.12,0.028655234295291883,18.26729393005371,18.3,0.03270606994628977,1.5277973175325676,1.5,0.027797317532567645,25,25.0,scolv:abakken,unknown,man_confirm,manual,aka2026rkkmbq,aka2026rkkmbq
matched,onsite,2026-09-02 22:53:08.00,2026-09-02 22:53:08.17,0.175,54.87429428100586,54.874,-156.9793243408203,-156.979,0.03874746109964292,0.9242099523544312,0.9,0.02420995235443113,2.970465441705642,3.0,0.029534558294357804,32,32.0,scolv:abakken,unknown,man_confirm,manual,aka2026rkldvn,aka2026rkldvn
matched,onsite,2026-09-02 23:04:59.00,2026-09-02 23:04:59.27,0.274,57.58937072753906,57.589,-155.6838836669922,-155.684,0.041802015324881085,78.66852569580078,78.7,0.03147430419922159,2.354307612831912,2.4,0.0456923871680881,64,64.0,scolv:abakken,unknown,man_confirm,manual,aka2026rklnoo,aka2026rklnoo
matched,onsite,2026-09-02 05:47:15.00,2026-09-02 05:47:15.68,0.686,52.27763366699219,52.278,-169.23330688476562,-169.233,0.045773235174994015,26.267078399658203,26.3,0.032921600341797586,2.6875344999306217,2.7,0.012465500069378521,20,20.0,scolv:abakken,unknown,man_confirm,manual,aka2026rjcxtw,aka2026rjcxtw
matched,onsite,2026-09-03 00:24:29.00,2026-09-03 00:24:29.31,0.311,61.27074432373047,61.271,-146.8391571044922,-146.839,0.029644016389214368,13.025917053222656,13.0,0.02591705322265625,1.2366667684591677,1.2,0.03666676845916772,19,19.0,scolv:djgossett,unknown,man_confirm,manual,aka2026rkoemh,aka2026rkoemh
matched,onsite,2026-09-03 01:15:36.00,2026-09-03 01:15:36.09,0.094,58.32162094116211,58.322,-155.91339111328125,-155.913,0.047939275842350464,13.856952667236328,13.9,0.04304733276367223,1.272385240340036,1.3,0.027614759659964072,22,22.0,scolv:djgossett,unknown,man_confirm,manual,aka2026rkpwur,aka2026rkpwur
matched,onsite,2026-09-03 01:24:26.00,2026-09-03 01:24:26.48,0.481,62.48093795776367,62.481,-149.93869018554688,-149.939,0.017348009793959444,8.097463607788086,8.1,0.0025363922119137072,1.6270340145374038,1.6,0.027034014537403728,34,34.0,scolv:djgossett,unknown,man_confirm,manual,aka2026rkqelv,aka2026rkqelv
matched,onsite,2026-09-03 01:29:56.00,2026-09-03 01:29:56.31,0.319,61.04803848266602,61.048,-150.76290893554688,-150.763,0.006506710645133502,49.64887237548828,49.6,0.04887237548827983,1.5759454090450324,1.6,0.024054590954967647,34,34.0,scolv:djgossett,unknown,man_confirm,manual,aka2026rkqjew,aka2026rkqjew
matched,onsite,2026-09-03 02:29:52.00,2026-09-03 02:29:52.39,0.397,61.50674819946289,61.507,-141.60972595214844,-141.61,0.03154787709128781,2.848771572113037,2.8,0.04877157211303729,1.627087056366549,1.6,0.027087056366548845,31,31.0,scolv:djgossett,unknown,man_confirm,manual,aka2026rksjel,aka2026rksjel
matched,onsite,2026-09-03 02:37:26.00,2026-09-03 02:37:26.49,0.499,58.28464126586914,58.285,-155.00872802734375,-155.009,0.042940838935029264,0.8392741084098816,0.8,0.03927410840988155,2.101410302721944,2.1,0.001410302721943868,47,47.0,scolv:djgossett,unknown,man_confirm,manual,aka2026rkspsw,aka2026rkspsw
matched,onsite,2026-09-03 03:12:50.00,2026-09-03 03:12:50.91,0.919,53.650390625,53.65,-166.15391540527344,-166.154,0.04379188175399339,81.46038818359375,81.5,0.03961181640625,1.9833442210511827,2.0,0.016655778948817312,27,27.0,scolv:djgossett,unknown,man_confirm,manual,aka2026rktumt,aka2026rktumt
matched,onsite,2026-09-03 03:34:21.00,2026-09-03 03:34:23.29,2.293,52.10707855224609,52.2503,-169.2697296142578,-169.411,18.611990273043823,14.339950561523438,35.0,20.660049438476562,3.7487640704701657,3.7,0.04876407047016551,55,23.0,scolv:djgossett,unknown,man_confirm,manual,aka2026rkuncb,us7000tgbm
matched,onsite,2026-09-03 04:02:19.00,2026-09-03 04:02:19.80,0.808,62.20369720458984,62.204,-150.11524963378906,-150.115,0.03607184476692968,61.61429595947266,61.6,0.014295959472661934,1.5471234292633107,1.5,0.0471234292633107,42,42.0,scolv:djgossett,unknown,man_confirm,manual,aka2026rkvljb,aka2026rkvljb
matched,onsite,2026-09-03 04:52:27.00,2026-09-03 04:52:27.52,0.529,62.03231811523438,62.032,-151.01553344726562,-151.016,0.04293213134342275,70.37611389160156,70.4,0.023886108398443184,1.5274784636437373,1.5,0.027478463643737294,27,27.0,scolv:djgossett,unknown,man_confirm,manual,aka2026rkxcvc,aka2026rkxcvc
matched,onsite,2026-09-03 04:55:11.00,2026-09-03 04:55:11.07,0.072,60.64982604980469,60.65,-147.65921020507812,-147.659,0.022480642733653515,17.80171012878418,17.8,0.001710128784178977,1.6238198026216162,1.6,0.023819802621616093,31,31.0,scolv:djgossett,unknown,man_confirm,manual,aka2026rkxfep,aka2026rkxfep
matched,onsite,2026-09-03 05:12:16.00,2026-09-03 05:12:16.03,0.039,64.92867279052734,64.929,-145.71701049804688,-145.717,0.03638739557844935,0.9968752861022949,1.0,0.003124713897705078,2.428778515449787,2.4,0.028778515449787267,69,69.0,scolv:djgossett,unknown,man_confirm,manual,aka2026rkxtzt,aka2026rkxtzt
matched,onsite,2026-09-03 05:36:12.00,2026-09-03 05:36:12.85,0.859,61.7318344116211,61.732,-150.26220703125,-150.262,0.02139837045707081,29.05991554260254,29.1,0.04008445739746236,2.1023551863460592,2.1,0.002355186346059135,101,101.0,scolv:djgossett,unknown,man_confirm,manual,aka2026rkyotc,aka2026rkyotc
matched,onsite,2026-09-03 05:43:52.00,2026-09-03 05:43:52.40,0.403,60.16717529296875,60.167,-151.44406127929688,-151.444,0.019784244706052813,27.62134552001953,27.6,0.02134552001952983,1.6449015546815542,1.6,0.0449015546815541,34,34.0,scolv:djgossett,unknown,man_confirm,manual,aka2026rkyvhv,aka2026rkyvhv
matched,onsite,2026-09-03 05:47:14.00,2026-09-03 05:47:14.66,0.663,59.96054458618164,59.961,-151.9420928955078,-151.942,0.05090302364120055,67.4352035522461,67.4,0.035203552246088066,1.2694782658286228,1.3,0.03052173417137727,19,19.0,scolv:djgossett,unknown,man_confirm,manual,aka2026rkyyhy,aka2026rkyyhy
matched,onsite,2026-09-03 05:48:34.00,2026-09-03 05:48:34.71,0.713,64.9448013305664,64.945,-145.69992065429688,-145.7,0.0224047826789544,4.471281051635742,4.5,0.028718948364257812,1.440339510444347,1.4,0.04033951044434714,33,33.0,scolv:djgossett,unknown,man_confirm,manual,aka2026rkyzmh,aka2026rkyzmh
matched,onsite,2026-09-03 06:01:17.00,2026-09-03 06:01:17.25,0.257,60.5040283203125,60.504,-139.96182250976562,-139.962,0.010214798062878182,10.104578018188477,10.1,0.004578018188476918,1.7203801010711015,1.7,0.020380101071101553,24,24.0,scolv:djgossett,unknown,man_confirm,manual,aka2026rkzkmt,aka2026rkzkmt
matched,onsite,2026-09-03 06:03:56.00,2026-09-03 06:03:56.51,0.514,64.3700942993164,64.37,-147.57444763183594,-147.574,0.023947867383952656,7.594425201416016,7.6,0.00557479858398402,1.278329402994896,1.3,0.021670597005104097,27,27.0,scolv:djgossett,unknown,man_confirm,manual,aka2026rkzmuu,aka2026rkzmuu
matched,onsite,2026-09-03 06:07:14.00,2026-09-03 06:07:14.13,0.139,65.75929260253906,65.759,-147.24424743652344,-147.244,0.03444117104615629,3.1689553260803223,3.2,0.031044673919677912,1.7274080696777592,1.7,0.027408069677759217,31,31.0,scolv:djgossett,unknown,man_confirm,manual,aka2026rkzpqx,aka2026rkzpqx
matched,onsite,2026-09-03 06:13:14.00,2026-09-03 06:13:14.65,0.657,57.79254150390625,57.793,-153.62399291992188,-153.624,0.05098416620338214,29.99106025695801,30.0,0.008939743041988635,1.8959075118972266,1.9,0.004092488102773295,38,38.0,scolv:djgossett,unknown,man_confirm,manual,aka2026rkzuwj,aka2026rkzuwj
matched,onsite,2026-09-03 06:57:44.00,2026-09-03 06:57:44.52,0.52,51.7540397644043,51.754,-176.77745056152344,-176.777,0.03132754676634752,81.91062927246094,81.9,0.010629272460931816,1.8034352007320043,1.8,0.0034352007320042066,19,19.0,scolv:djgossett,unknown,man_confirm,manual,aka2026rlbhln,aka2026rlbhln
matched,onsite,2026-09-03 07:04:28.00,2026-09-03 07:04:28.14,0.143,62.47658157348633,62.477,-151.33079528808594,-151.331,0.0477011611405199,89.98958587646484,90.0,0.01041412353515625,1.800880426331857,1.8,0.0008804263318569205,43,43.0,scolv:djgossett,unknown,man_confirm,manual,aka2026rlbndn,aka2026rlbndn
matched,onsite,2026-09-03 07:08:16.00,2026-09-03 07:08:16.64,0.643,51.69538116455078,51.695,179.14915466308594,179.149,0.043703555895116195,14.831846237182617,14.8,0.03184623718261648,2.2565750265974005,2.3,0.04342497340259932,16,16.0,scolv:djgossett,unknown,man_confirm,manual,aka2026rlbqpf,aka2026rlbqpf
matched,onsite,2026-09-03 07:09:37.00,2026-09-03 07:09:37.48,0.481,61.81105041503906,61.811,-149.56846618652344,-149.568,0.02512058707976548,41.053958892822266,41.1,0.046041107177735796,1.5787155516238216,1.6,0.02128444837617849,53,53.0,scolv:djgossett,unknown,man_confirm,manual,aka2026rlbrsz,aka2026rlbrsz
matched,onsite,2026-09-03 07:11:30.00,2026-09-03 07:11:30.41,0.414,64.56184387207031,64.562,-149.79771423339844,-149.798,0.022083526247440467,12.173995971679688,12.2,0.02600402832031179,2.2598755255297434,2.3,0.040124474470256466,49,49.0,scolv:djgossett,unknown,man_confirm,manual,aka2026rlbtke,aka2026rlbtke
matched,onsite,2026-09-03 07:35:21.00,2026-09-03 07:35:21.05,0.056,54.55279159545898,54.5388,-160.0873565673828,-160.0182,4.7240577809239355,5.787370681762695,8.231,2.4436293182373046,3.1477101212362557,3.0,0.1477101212362557,42,35.0,scolv:djgossett,unknown,man_confirm,manual,aka2026rlcofm,us7000tecz
matched,onsite,2026-09-03 07:39:29.00,2026-09-03 07:39:29.86,0.864,61.25769805908203,61.258,-147.0447998046875,-147.045,0.035239456224017904,19.603708267211914,19.6,0.0037082672119126414,1.053286646563165,1.1,0.04671335343683514,22,22.0,scolv:djgossett,unknown,man_confirm,manual,aka2026rlcrqv,aka2026rlcrqv
matched,onsite,2026-09-03 07:48:46.00,2026-09-03 07:48:46.31,0.313,61.33674240112305,61.337,-152.15203857421875,-152.152,0.028717480571117802,112.33035278320312,112.3,0.030352783203127842,1.4474071570654605,1.4,0.047407157065460614,26,26.0,scolv:djgossett,unknown,man_confirm,manual,aka2026rlczsk,aka2026rlczsk
matched,onsite,2026-09-03 08:07:08.00,2026-09-03 08:07:08.06,0.063,62.2695426940918,62.27,-152.295166015625,-152.295,0.05157048041790453,1.144303321838379,1.1,0.04430332183837882,2.213131341617749,2.2,0.01313134161774876,80,80.0,scolv:djgossett,unknown,man_confirm,manual,aka2026rldppw,aka2026rldppw
matched,onsite,2026-09-03 08:14:44.00,2026-09-03 08:14:44.04,0.04,59.14189529418945,59.142,-153.02328491210938,-153.023,0.019989982222607533,78.78160858154297,78.8,0.018391418457028408,1.741374429655592,1.7,0.041374429655592015,23,23.0,scolv:djgossett,unknown,man_confirm,manual,aka2026rldwea,aka2026rldwea
matched,onsite,2026-09-03 08:22:49.00,2026-09-03 08:22:49.75,0.759,61.56169891357422,61.562,-151.8438720703125,-151.844,0.03415774390174139,16.53291893005371,16.5,0.03291893005371094,1.207171197347181,1.2,0.00717119734718108,23,23.0,scolv:djgossett,unknown,man_confirm,manual,aka2026rledfu,aka2026rledfu
matched,onsite,2026-09-03 08:41:41.00,2026-09-03 08:41:41.20,0.208,57.39323425292969,57.393,-155.29014587402344,-155.29,0.02747517560754292,83.20735168457031,83.2,0.007351684570309658,2.2013263855738625,2.2,0.001326385573862332,61,61.0,scolv:djgossett,unknown,man_confirm,manual,aka2026rletop,aka2026rletop
matched,onsite,2026-09-03 08:55:00.00,2026-09-03 08:55:00.30,0.306,64.00749969482422,64.007,-149.2922821044922,-149.292,0.05723897272921913,7.510150909423828,7.5,0.010150909423828125,1.6432290045371234,1.6,0.043229004537123306,25,25.0,scolv:djgossett,unknown,man_confirm,manual,aka2026rlffda,aka2026rlffda
matched,onsite,2026-09-03 09:14:10.00,2026-09-03 09:14:10.98,0.983,52.65227508544922,52.6442,-168.15452575683594,-168.1217,2.389626618274458,37.21393585205078,35.0,2.2139358520507812,2.687725024366876,2.5,0.187725024366876,22,18.0,scolv:djgossett,unknown,man_confirm,manual,aka2026rlfvsy,us7000te2v
matched,onsite,2026-09-03 09:13:19.00,2026-09-03 09:13:19.26,0.267,64.78085327148438,64.781,-149.79664611816406,-149.797,0.02339444848113571,10.951067924499512,11.0,0.04893207550048828,1.316219899353336,1.3,0.01621989935333601,20,20.0,scolv:djgossett,unknown,man_confirm,manual,aka2026rlfvaf,aka2026rlfvaf
matched,onsite,2026-09-03 09:51:09.00,2026-09-03 09:51:09.26,0.269,60.77476501464844,60.775,-143.27513122558594,-143.275,0.027082999596602306,22.895580291748047,22.9,0.004419708251951704,0.9501001420004536,1.0,0.04989985799954644,15,15.0,scolv:djgossett,unknown,man_confirm,manual,aka2026rlhbuy,aka2026rlhbuy
matched,onsite,2026-09-03 10:01:36.00,2026-09-03 10:01:36.82,0.827,60.00532150268555,60.005,-152.8006134033203,-152.801,0.04171167103440014,99.78961944580078,99.8,0.010380554199215908,1.2716295875598687,1.3,0.028370412440131387,33,33.0,scolv:djgossett,unknown,man_confirm,manual,aka2026rlhkwi,aka2026rlhkwi
matched,onsite,2026-09-03 10:28:58.00,2026-09-03 10:28:58.18,0.18,60.66231918334961,60.662,-151.09170532226562,-151.092,0.038953717024133895,68.35808563232422,68.4,0.041914367675786934,1.4898717131049788,1.5,0.01012828689502121,39,39.0,scolv:djgossett,unknown,man_confirm,manual,aka2026rliiqg,aka2026rliiqg
matched,onsite,2026-09-03 10:34:13.00,2026-09-03 10:34:13.64,0.647,60.12362289428711,60.124,-152.2735137939453,-152.274,0.049835422510002725,90.55870056152344,90.6,0.041299438476556816,2.5673469942935707,2.6,0.03265300570642937,178,178.0,scolv:djgossett,unknown,man_confirm,manual,aka2026rlindp,aka2026rlindp
matched,onsite,2026-09-03 10:48:45.00,2026-09-03 10:48:45.84,0.842,60.44288635253906,60.443,-150.76145935058594,-150.761,0.028187456530359725,49.25417709350586,49.3,0.04582290649413778,1.532074646393603,1.5,0.032074646393603023,21,21.0,scolv:djgossett,unknown,man_confirm,manual,aka2026rlizqn,aka2026rlizqn
matched,onsite,2026-09-03 10:49:18.00,2026-09-03 10:49:18.38,0.389,57.86082458496094,57.861,-156.03041076660156,-156.03,0.031158518304882074,6.55369234085083,6.6,0.04630765914916957,1.4872215311869077,1.5,0.012778468813092303,47,47.0,scolv:djgossett,unknown,man_confirm,manual,aka2026rljafo,aka2026rljafo
matched,onsite,2026-09-03 11:04:04.00,2026-09-03 11:04:04.02,0.024,60.47646713256836,60.476,-143.00830078125,-143.008,0.05449482967627936,16.28443145751953,16.3,0.01556854248046946,0.923757655808696,0.9,0.023757655808695932,19,19.0,scolv:djgossett,unknown,man_confirm,manual,aka2026rljnal,aka2026rljnal
matched,onsite,2026-09-03 11:10:29.00,2026-09-03 11:10:29.23,0.234,60.09211349487305,60.092,-152.9923553466797,-152.992,0.023396788364154562,128.01512145996094,128.0,0.0151214599609375,2.0863089688450267,2.1,0.013691031154973388,100,100.0,scolv:djgossett,unknown,man_confirm,manual,aka2026rljspc,aka2026rljspc
matched,onsite,2026-09-03 11:17:22.00,2026-09-03 11:17:21.71,0.283,52.17549514770508,52.1883,-169.36590576171875,-169.3496,1.8064435475194984,9.233999252319336,21.0,11.766000747680664,6.3,6.3,0.0,132,154.0,scolv:djgossett,unknown,man_confirm,manual,aka2026rljynh,us7000tdvt
matched,onsite,2026-09-03 11:22:44.00,2026-09-03 11:22:42.08,1.92,52.25045013427734,52.1457,-169.3546905517578,-169.2605,13.299597667237968,17.431528091430664,10.0,7.431528091430664,4.212595219825731,4.1,0.11259521982573162,56,42.0,scolv:djgossett,unknown,man_confirm,manual,aka2026rlkdfo,us7000tdwc
matched,onsite,2026-09-03 11:24:54.00,2026-09-03 11:24:55.74,1.742,52.15826034545898,52.2141,-169.3090362548828,-169.2683,6.8018513489775865,22.39641571044922,46.192,23.79558428955078,4.799053726371001,5.1,0.3009462736289983,77,71.0,scolv:djgossett,unknown,man_confirm,manual,aka2026rlkfau,us7000tdy7
matched,onsite,2026-09-03 11:29:01.00,2026-09-03 11:29:01.46,0.464,60.51431274414062,60.514,-143.00576782226562,-143.006,0.03702453494975857,8.747509002685547,8.7,0.047509002685547586,2.4129848500326685,2.4,0.012984850032668582,43,43.0,scolv:djgossett,unknown,man_confirm,manual,aka2026rlkghr,aka2026rlkghr
matched,onsite,2026-09-03 11:28:42.00,2026-09-03 11:28:42.89,0.898,52.02828979492188,52.028,-169.24346923828125,-169.243,0.045486025728978585,19.77254867553711,19.8,0.027451324462891336,3.3848425703450125,3.4,0.015157429654987453,19,19.0,scolv:djgossett,unknown,man_confirm,manual,aka2026rlkijp,aka2026rlkijp
matched,onsite,2026-09-03 11:29:44.00,2026-09-03 11:29:44.99,0.999,52.04936599731445,52.1329,-169.2703857421875,-169.2379,9.550025922691342,13.122297286987305,10.0,3.1222972869873047,3.396513489938044,3.2,0.19651348993804385,21,18.0,scolv:djgossett,unknown,man_confirm,manual,aka2026rlkjhn,us7000te2y
matched,onsite,2026-09-03 11:33:22.00,2026-09-03 11:33:22.28,0.281,52.16833877563477,52.1477,-169.21896362304688,-169.1984,2.6896985679543137,12.873675346374512,10.0,2.8736753463745117,3.754766115027272,3.5,0.2547661150272722,55,39.0,scolv:djgossett,unknown,man_confirm,manual,aka2026rlkmhs,us7000tdya
matched,onsite,2026-09-03 11:38:02.00,2026-09-03 11:38:02.06,0.067,62.77182388305664,62.772,-149.48489379882812,-149.485,0.020314989788384932,71.43555450439453,71.4,0.035554504394525566,3.332218855251748,3.3,0.03221885525174839,219,219.0,scolv:djgossett,unknown,man_confirm,manual,aka2026rlkqil,aka2026rlkqil
matched,onsite,2026-09-03 11:37:57.00,2026-09-03 11:37:56.45,0.544,52.09933471679688,52.0686,-169.26956176757812,-169.2532,3.595765829494239,12.82227325439453,10.0,2.8222732543945295,3.0696539350850705,3.1,0.030346064914929638,19,19.0,scolv:djgossett,unknown,man_confirm,manual,aka2026rlkqmx,us7000te31
matched,onsite,2026-09-03 11:38:53.00,2026-09-03 11:38:53.49,0.495,52.1561393737793,52.156,-169.16781616210938,-169.168,0.01993645687476606,3.959920644760132,4.0,0.040079355239868164,3.360447942076857,3.4,0.03955205792314276,26,26.0,scolv:djgossett,unknown,man_confirm,manual,aka2026rlkrhx,aka2026rlkrhx
matched,onsite,2026-09-03 11:39:42.00,2026-09-03 11:39:36.99,5.001,52.3710823059082,52.084,-169.45713806152344,-169.3289,33.09542169519532,23.264598846435547,10.0,13.264598846435547,4.7968422988081,4.9,0.10315770119190049,114,89.0,scolv:djgossett,unknown,man_confirm,manual,aka2026rlksco,us7000tdw5
matched,onsite,2026-09-03 11:53:09.00,2026-09-03 11:53:08.90,0.096,52.18568420410156,52.2013,-169.2501983642578,-169.1976,3.98357297756278,11.073040962219238,10.0,1.0730409622192383,3.599145851499144,3.6,0.0008541485008559668,30,53.0,scolv:djgossett,unknown,man_confirm,manual,aka2026rlldph,us7000tdyd
matched,onsite,2026-09-03 12:07:03.00,2026-09-03 12:07:02.21,0.789,52.18058776855469,52.1149,-169.12368774414062,-169.2194,9.797963521054662,10.219976425170898,10.0,0.21997642517089844,2.845382066738917,2.6,0.24538206673891683,18,18.0,scolv:djgossett,unknown,man_confirm,manual,aka2026rllpqw,us7000te32
matched,onsite,2026-09-03 12:15:38.00,2026-09-03 12:15:36.61,1.383,52.0724983215332,52.0729,-169.338134765625,-169.3936,3.7911563880135284,23.28004837036133,10.0,13.280048370361332,3.090121359870334,2.9,0.19012135987033396,23,20.0,scolv:djgossett,unknown,man_confirm,manual,aka2026rllxdm,us7000te34
matched,onsite,2026-09-03 12:24:52.00,2026-09-03 12:24:52.58,0.589,52.23139953613281,52.2187,-169.24208068847656,-169.238,1.4392188436077507,10.625876426696777,10.0,0.6258764266967773,2.917172080366773,2.7,0.21717208036677293,26,22.0,scolv:djgossett,unknown,man_confirm,manual,aka2026rlmfcq,us7000te35
matched,onsite,2026-09-03 12:37:01.00,2026-09-03 12:37:01.65,0.655,60.40775299072266,60.408,-152.28997802734375,-152.29,0.027492665848886048,85.4999008178711,85.5,9.918212890625e-05,1.3825475397247367,1.4,0.01745246027526326,28,28.0,scolv:djgossett,unknown,man_confirm,manual,aka2026rlmpqr,aka2026rlmpqr
matched,onsite,2026-09-03 12:39:35.00,2026-09-03 12:39:33.42,1.58,52.30668640136719,52.2088,-169.5441131591797,-169.5086,11.149633683870347,26.81798553466797,35.0,8.182014465332031,5.260442810056069,5.0,0.26044281005606873,119,130.0,scolv:djgossett,unknown,man_confirm,manual,aka2026rlmrvm,us7000tdyi
matched,onsite,2026-09-03 12:48:22.00,2026-09-03 12:48:21.99,0.001,52.22141647338867,52.2088,-169.18008422851562,-169.1231,4.1279744019889355,11.888225555419922,15.505,3.616774444580079,2.9937968200509046,2.9,0.09379682005090473,28,22.0,scolv:djgossett,unknown,man_confirm,manual,aka2026rlmzmf,us7000te37
matched,onsite,2026-09-03 12:58:25.00,2026-09-03 12:58:25.99,0.998,52.203125,52.2381,-169.27525329589844,-169.312,4.6250068083662,9.727635383605957,15.084,5.356364616394043,3.1184818828285517,3.2,0.08151811717144852,29,23.0,scolv:djgossett,unknown,man_confirm,manual,aka2026rlnihs,us7000te39
matched,onsite,2026-09-03 13:01:48.00,2026-09-03 13:01:43.97,4.025,52.07828140258789,51.7968,-169.16018676757812,-169.5603,41.61734728464866,1.6828128099441528,10.0,8.317187190055847,3.8970946828015673,3.1,0.7970946828015673,24,21.0,scolv:djgossett,unknown,man_confirm,manual,aka2026rlnlbg,us7000te3a
matched,onsite,2026-09-03 13:03:23.00,2026-09-03 13:03:18.58,4.419,52.22212600708008,52.0478,-169.32650756835938,-169.2257,20.569012792228982,16.600221633911133,10.0,6.600221633911133,5.285391831662202,5.2,0.08539183166220177,177,105.0,scolv:djgossett,unknown,man_confirm,manual,aka2026rlnnhn,us7000tdys
matched,onsite,2026-09-03 13:20:25.00,2026-09-03 13:20:25.86,0.867,52.13662338256836,52.1432,-169.33114624023438,-169.3423,1.0555449117147584,9.362760543823242,10.0,0.6372394561767578,3.682038245148903,3.6,0.08203824514890279,49,34.0,scolv:djgossett,unknown,man_confirm,manual,aka2026rlobff,us7000tdzc
matched,onsite,2026-09-03 13:24:55.00,2026-09-03 13:24:55.43,0.432,58.73674011230469,58.737,-153.85775756835938,-153.858,0.03210644739707609,97.37895965576172,97.4,0.021040344238286934,1.6007087308878232,1.6,0.0007087308878230836,44,44.0,scolv:djgossett,unknown,man_confirm,manual,aka2026rlofdr,aka2026rlofdr
matched,onsite,2026-09-03 13:27:18.00,2026-09-03 13:27:16.05,1.945,52.12047958374023,52.0171,-169.2982635498047,-169.2202,12.6733294027357,7.338722705841064,10.0,2.6612772941589364,3.8729631859255007,4.1,0.22703681407449894,48,38.0,scolv:djgossett,unknown,man_confirm,manual,aka2026rlohfh,us7000tdzd
matched,onsite,2026-09-03 13:34:35.00,2026-09-03 13:34:38.21,3.219,52.16394424438477,52.3318,-169.06741333007812,-169.1416,19.33595403907526,7.153079032897949,10.0,2.846920967102051,2.8815688325962157,2.4,0.48156883259621575,21,23.0,scolv:djgossett,unknown,man_confirm,manual,aka2026rlomui,us7000te3b
matched,onsite,2026-09-03 13:40:42.00,2026-09-03 13:40:42.89,0.897,59.82442474365234,59.824,-153.31959533691406,-153.32,0.052365737625990574,127.49115753173828,127.5,0.00884246826171875,2.335962032294722,2.3,0.03596203229472206,138,138.0,scolv:djgossett,unknown,man_confirm,manual,aka2026rlosve,aka2026rlosve
matched,onsite,2026-09-03 13:40:52.00,2026-09-03 13:40:53.32,1.32,52.10703277587891,52.155,-169.08946228027344,-169.1466,6.607515309431803,1.1994189023971558,10.0,8.800581097602844,3.619529576566288,3.4,0.21952957656628813,37,25.0,scolv:djgossett,unknown,man_confirm,manual,aka2026rloszb,us7000tdzf
matched,onsite,2026-09-03 13:45:50.00,2026-09-03 13:45:50.60,0.607,59.88391876220703,59.884,-152.9190673828125,-152.919,0.009784308729179987,95.98111724853516,96.0,0.01888275146484375,1.2819748512673748,1.3,0.018025148732625285,34,34.0,scolv:djgossett,unknown,man_confirm,manual,aka2026rloqqo,aka2026rloqqo
matched,onsite,2026-09-03 13:56:43.00,2026-09-03 13:56:41.78,1.22,52.29289245605469,52.2305,-169.1173858642578,-169.051,8.279181243857407,18.59720230102539,10.0,8.59720230102539,2.8801412466378924,2.6,0.2801412466378923,22,20.0,scolv:djgossett,unknown,man_confirm,manual,aka2026rlpgrs,us7000te3c
matched,onsite,2026-09-03 14:02:35.00,2026-09-03 14:02:35.49,0.492,52.17533493041992,52.1803,-169.27499389648438,-169.2432,2.2370988377172907,11.676971435546875,10.0,1.676971435546875,2.900123817478578,2.6,0.30012381747857786,21,20.0,scolv:djgossett,unknown,man_confirm,manual,aka2026rlplvh,us7000te3d
matched,onsite,2026-09-03 14:03:00.00,2026-09-03 14:03:00.14,0.146,64.50353240966797,64.504,-146.8548126220703,-146.855,0.05276152942347491,5.637003421783447,5.6,0.03700342178344762,1.234395604935334,1.2,0.034395604935334,26,26.0,scolv:djgossett,unknown,man_confirm,manual,aka2026rlpmel,aka2026rlpmel
matched,onsite,2026-09-03 14:06:50.00,2026-09-03 14:06:48.48,1.516,52.18008422851562,52.0448,-169.0901336669922,-169.1008,15.060542885513575,9.708600044250488,10.0,0.2913999557495117,3.1676513929086165,3.0,0.16765139290861653,19,19.0,scolv:djgossett,unknown,man_confirm,manual,aka2026rlppmp,us7000te3e
matched,onsite,2026-09-03 14:09:00.00,2026-09-03 14:09:00.86,0.862,52.27850723266602,52.279,-169.08509826660156,-169.085,0.05519954509906919,16.56454849243164,16.6,0.035451507568360796,2.782574862029463,2.8,0.01742513797053702,18,18.0,scolv:djgossett,unknown,man_confirm,manual,aka2026rlprmy,aka2026rlprmy
matched,onsite,2026-09-03 14:13:22.00,2026-09-03 14:13:22.56,0.566,64.50431060791016,64.504,-146.86581420898438,-146.866,0.0356644520863834,6.144385814666748,6.1,0.0443858146667484,1.4765366794087866,1.5,0.023463320591213366,38,38.0,scolv:djgossett,unknown,man_confirm,manual,aka2026rlpveh,aka2026rlpveh
matched,onsite,2026-09-03 14:15:42.00,2026-09-03 14:15:42.93,0.938,52.22421646118164,52.224,-169.21897888183594,-169.219,0.02411233073471428,7.254003524780273,7.3,0.045996475219726385,3.0461655626511366,3.0,0.04616556265113658,29,29.0,scolv:djgossett,unknown,man_confirm,manual,aka2026rlpxhx,aka2026rlpxhx
matched,onsite,2026-09-03 14:17:44.00,2026-09-03 14:17:44.30,0.308,52.12644195556641,52.0952,-169.31698608398438,-169.3274,3.5459903456120165,9.957138061523438,10.0,0.0428619384765625,3.391350303756689,3.2,0.19135030375668904,38,32.0,scolv:djgossett,unknown,man_confirm,manual,aka2026rlpyzj,us7000te3h
matched,onsite,2026-09-03 14:27:34.00,2026-09-03 14:27:35.43,1.432,52.12477493286133,52.179,-169.3935546875,-169.447,7.046374989057024,20.92144775390625,35.0,14.07855224609375,4.183057086382765,4.1,0.0830570863827651,48,43.0,scolv:djgossett,unknown,man_confirm,manual,aka2026rlqhkb,us7000tdzr
matched,onsite,2026-09-03 14:36:30.00,2026-09-03 14:36:24.93,5.061,52.0850830078125,51.8018,-169.3562774658203,-169.465,32.36918452450322,20.09718132019043,10.0,10.09718132019043,2.8256557023950677,2.7,0.12565570239506751,15,15.0,scolv:djgossett,unknown,man_confirm,manual,aka2026rlqpjd,us7000te3k
matched,onsite,2026-09-03 14:37:26.00,2026-09-03 14:37:26.25,0.258,60.26876449584961,60.269,-151.23548889160156,-151.235,0.03758441269305331,27.52360534667969,27.5,0.023605346679691053,1.6647390901101038,1.7,0.035260909889896164,58,58.0,scolv:djgossett,unknown,man_confirm,manual,aka2026rlqqal,aka2026rlqqal
matched,onsite,2026-09-03 14:39:38.00,2026-09-03 14:39:35.99,2.001,52.36808395385742,52.2337,-169.47320556640625,-169.4374,15.139859716026688,27.668174743652344,35.0,7.331825256347656,4.409455345230427,4.2,0.20945534523042664,110,65.0,scolv:djgossett,unknown,man_confirm,manual,aka2026rlqrwh,us7000tdzu
matched,onsite,2026-09-03 14:42:01.00,2026-09-03 14:42:01.63,0.639,61.75244140625,61.752,-149.62171936035156,-149.622,0.05125607821933525,31.96763038635254,32.0,0.03236961364746094,1.5721127025400532,1.6,0.02788729745994689,40,40.0,scolv:djgossett,unknown,man_confirm,manual,aka2026rlquab,aka2026rlquab
matched,onsite,2026-09-03 14:56:26.00,2026-09-03 14:56:27.06,1.062,52.13074493408203,52.1365,-169.14053344726562,-169.2576,8.015832545078053,3.0106210708618164,10.0,6.989378929138184,2.8749424189867105,2.7,0.17494241898671037,18,19.0,scolv:djgossett,unknown,man_confirm,manual,aka2026rlrgpc,us7000te3l
matched,onsite,2026-09-03 15:02:08.00,2026-09-03 15:02:08.09,0.099,51.40547943115234,51.405,-175.95298767089844,-175.953,0.053317170892186294,26.590333938598633,26.6,0.009666061401368609,2.601868934156824,2.6,0.001868934156823876,24,24.0,scolv:djgossett,unknown,man_confirm,manual,aka2026rlrllp,aka2026rlrllp
matched,onsite,2026-09-03 15:07:26.00,2026-09-03 15:07:26.20,0.206,59.85131072998047,59.851,-153.16506958007812,-153.165,0.03476942423573058,121.15115356445312,121.2,0.04884643554687784,1.3693561761836437,1.4,0.03064382381635622,25,25.0,scolv:djgossett,unknown,man_confirm,manual,aka2026rlrqay,aka2026rlrqay
matched,onsite,2026-09-03 15:22:14.00,2026-09-03 15:22:14.43,0.431,63.05194854736328,63.052,-151.27708435058594,-151.277,0.007127424865134241,1.269619345664978,1.3,0.030380654335022017,1.498877905619326,1.5,0.0011220943806740102,26,26.0,scolv:djgossett,unknown,man_confirm,manual,aka2026rlscwt,aka2026rlscwt
matched,onsite,2026-09-03 15:24:11.00,2026-09-03 15:24:10.48,0.515,52.24417114257812,52.1525,-168.9788818359375,-169.1363,14.799034715121369,3.8257906436920166,10.0,6.174209356307983,2.753203380242174,2.5,0.2532033802421738,15,16.0,scolv:djgossett,unknown,man_confirm,manual,aka2026rlseop,us7000te3n
matched,onsite,2026-09-03 15:26:28.00,2026-09-03 15:26:28.62,0.624,59.34017562866211,59.34,-152.7357940673828,-152.736,0.022753771659377448,74.93556213378906,74.9,0.035562133789056816,1.6208323958146555,1.6,0.020832395814655458,62,62.0,scolv:djgossett,unknown,man_confirm,manual,aka2026rlsgph,aka2026rlsgph
matched,onsite,2026-09-03 15:27:24.00,2026-09-03 15:27:24.53,0.533,51.39949798583984,51.399,-176.08367919921875,-176.084,0.059678396564656164,36.83892822265625,36.8,0.03892822265625284,2.3146822381274763,2.3,0.014682238127476488,16,16.0,scolv:djgossett,unknown,man_confirm,manual,aka2026rlshje,aka2026rlshje
matched,onsite,2026-09-03 15:36:58.00,2026-09-03 15:36:58.47,0.472,57.41199493408203,57.412,-155.5430450439453,-155.543,0.0027558205525593823,20.472362518310547,20.5,0.027637481689453125,1.4368369075413698,1.4,0.03683690754136992,15,15.0,scolv:djgossett,unknown,man_confirm,manual,aka2026rlspqu,aka2026rlspqu
matched,onsite,2026-09-03 15:42:01.00,2026-09-03 15:42:00.93,0.07,52.25788116455078,52.2476,-169.3563232421875,-169.3364,1.7737573497909698,24.33833122253418,35.0,10.66166877746582,4.382952018684382,4.5,0.11704798131561844,110,76.0,scolv:djgossett,unknown,man_confirm,manual,aka2026rlstyp,us7000te02
matched,onsite,2026-09-03 15:46:01.00,2026-09-03 15:46:01.69,0.697,63.16714096069336,63.167,-150.5640411376953,-150.564,0.01580952984723618,113.43102264404297,113.4,0.031022644042963066,1.9277221977444965,1.9,0.02772219774449658,62,62.0,scolv:djgossett,unknown,man_confirm,manual,aka2026rlsxnb,aka2026rlsxnb
matched,onsite,2026-09-03 15:52:36.00,2026-09-03 15:52:37.38,1.382,52.03841018676758,52.0762,-168.95713806152344,-169.0732,8.979151321206734,1.4336568117141724,10.0,8.566343188285828,2.811730217627682,2.5,0.31173021762768194,15,16.0,scolv:djgossett,unknown,man_confirm,manual,aka2026rltdhg,us7000te3p
matched,onsite,2026-09-03 15:55:39.00,2026-09-03 15:55:39.16,0.164,58.82805252075195,58.828,-152.36805725097656,-152.368,0.006705505221639706,53.29627990722656,53.3,0.003720092773434658,1.9076852106226359,1.9,0.007685210622635941,53,53.0,scolv:djgossett,unknown,man_confirm,manual,aka2026rltfwh,aka2026rltfwh
matched,onsite,2026-09-03 16:04:51.00,2026-09-03 16:04:51.67,0.677,52.2551383972168,52.255,-169.3572998046875,-169.357,0.025559135768478163,16.532989501953125,16.5,0.032989501953125,2.68127856198901,2.7,0.018721438010990354,19,19.0,scolv:djgossett,unknown,man_confirm,manual,aka2026rltnuv,aka2026rltnuv
matched,onsite,2026-09-03 16:07:26.00,2026-09-03 16:07:26.86,0.865,51.9577522277832,51.958,-169.0887451171875,-169.089,0.03262046588012255,19.511667251586914,19.5,0.011667251586914062,2.864778078146587,2.9,0.03522192185341311,17,17.0,scolv:djgossett,unknown,man_confirm,manual,aka2026rltqbh,aka2026rltqbh
matched,onsite,2026-09-03 16:08:28.00,2026-09-03 16:08:29.34,1.344,52.27071762084961,52.3079,-169.16253662109375,-169.203,4.966708647960981,10.445451736450195,10.0,0.4454517364501953,2.8367218016745195,2.6,0.2367218016745194,15,18.0,scolv:djgossett,unknown,man_confirm,manual,aka2026rltrbh,us7000te3s
matched,onsite,2026-09-03 16:11:25.00,2026-09-03 16:11:25.02,0.025,52.23671340942383,52.1567,-169.4068603515625,-169.3206,10.664137929271178,19.505382537841797,35.0,15.494617462158203,4.761118993207012,4.6,0.16111899320701273,161,98.0,scolv:djgossett,unknown,man_confirm,manual,aka2026rlttmh,us7000te09
matched,onsite,2026-09-03 16:13:08.00,2026-09-03 16:13:08.88,0.884,60.54878234863281,60.549,-150.72830200195312,-150.728,0.02929748120820402,63.04754257202148,63.0,0.04754257202147727,1.556144364530991,1.6,0.04385563546900917,27,27.0,scolv:djgossett,unknown,man_confirm,manual,aka2026rltvar,aka2026rltvar
matched,onsite,2026-09-03 16:15:48.00,2026-09-03 16:15:47.97,0.03,52.08322143554688,52.0576,-169.2741241455078,-169.3463,5.696823855723773,10.727511405944824,10.0,0.7275114059448242,2.975914163257358,2.7,0.2759141632573576,15,17.0,scolv:djgossett,unknown,man_confirm,manual,aka2026rltxgz,us7000te3w
matched,onsite,2026-09-03 16:20:56.00,2026-09-03 16:20:56.10,0.105,59.78042221069336,59.78,-152.0721435546875,-152.072,0.0476301841889545,66.25257110595703,66.3,0.04742889404296591,1.5430246024315586,1.5,0.04302460243155859,25,25.0,scolv:djgossett,unknown,man_confirm,manual,aka2026rlubtm,aka2026rlubtm
matched,onsite,2026-09-03 16:28:53.00,2026-09-03 16:28:53.22,0.225,51.97895431518555,51.979,-168.90736389160156,-168.907,0.0254355814120457,6.462038040161133,6.5,0.03796195983886719,3.6451044268965527,3.6,0.045104426896552585,15,15.0,scolv:djgossett,unknown,man_confirm,manual,aka2026rluipx,aka2026rluipx
matched,onsite,2026-09-03 16:30:26.00,2026-09-03 16:30:28.18,2.188,52.19466781616211,52.2855,-169.3174285888672,-169.374,10.809687673236434,20.0,46.55,26.549999999999997,4.159257055669021,4.2,0.04074294433097947,84,52.0,scolv:djgossett,unknown,man_confirm,manual,aka2026rlujxq,us7000te1q
matched,onsite,2026-09-03 16:31:22.00,2026-09-03 16:31:22.07,0.07,54.75943756103516,54.759,-160.00247192382812,-160.002,0.05730699133248271,18.692642211914062,18.7,0.0073577880859367895,2.580294742583517,2.6,0.01970525741648288,15,15.0,scolv:djgossett,unknown,man_confirm,manual,aka2026rlukus,aka2026rlukus
matched,onsite,2026-09-03 16:44:51.00,2026-09-03 16:44:51.94,0.947,57.89198684692383,57.892,-156.08920288085938,-156.089,0.012079530146246128,124.89309692382812,124.9,0.006903076171880684,1.7607938303987105,1.8,0.03920616960128953,49,49.0,scolv:djgossett,unknown,man_confirm,manual,aka2026rluwmp,aka2026rluwmp
matched,onsite,2026-09-03 16:46:27.00,2026-09-03 16:46:27.16,0.16,52.13150024414062,52.1142,-169.28659057617188,-169.2294,4.352601604873374,12.489249229431152,10.0,2.4892492294311523,2.8914584946049695,2.7,0.19145849460496933,24,21.0,scolv:djgossett,unknown,man_confirm,manual,aka2026rluxvz,us7000te40
matched,onsite,2026-09-03 16:52:15.00,2026-09-03 16:52:15.27,0.273,52.00637435913086,52.0118,-169.23692321777344,-169.1953,2.9120615528992375,15.13587760925293,10.0,5.13587760925293,3.1830535896540653,3.0,0.18305358965406526,26,24.0,scolv:djgossett,unknown,man_confirm,manual,aka2026rlvdbh,us7000te41
matched,onsite,2026-09-03 16:54:00.00,2026-09-03 16:54:00.39,0.391,52.13069915771484,52.1281,-169.25210571289062,-169.2226,2.0347013638267346,12.519265174865723,10.0,2.5192651748657227,3.0544982471644384,2.8,0.2544982471644386,29,22.0,scolv:djgossett,unknown,man_confirm,manual,aka2026rlveoa,us7000te43
matched,onsite,2026-09-03 16:59:23.00,2026-09-03 16:59:23.56,0.568,61.42798233032227,61.428,-151.7423553466797,-151.742,0.018999345216697366,87.67005157470703,87.7,0.029948425292971592,1.6281388948487965,1.6,0.028138894848796392,48,48.0,scolv:djgossett,unknown,man_confirm,manual,aka2026rlvjca,aka2026rlvjca
matched,onsite,2026-09-03 17:19:27.00,2026-09-03 17:19:27.24,0.246,51.99898147583008,51.999,-169.26060485839844,-169.261,0.027129691442052357,23.320301055908203,23.3,0.020301055908202414,2.774707808177425,2.8,0.025292191822575028,15,15.0,scolv:djgossett,unknown,man_confirm,manual,aka2026rlwaom,aka2026rlwaom
matched,onsite,2026-09-03 17:21:07.00,2026-09-03 17:21:07.75,0.755,60.27397537231445,60.274,-143.21725463867188,-143.217,0.014304420133322043,14.648377418518066,14.6,0.04837741851806676,1.09746468594852,1.1,0.0025353140514801087,21,21.0,scolv:djgossett,unknown,man_confirm,manual,aka2026rlwbyx,aka2026rlwbyx
matched,onsite,2026-09-03 17:22:26.00,2026-09-03 17:22:26.81,0.816,59.54438018798828,59.544,-153.4259796142578,-153.426,0.042290586402827415,124.64854431152344,124.6,0.048544311523443184,1.676893353765073,1.7,0.023106646234926975,69,69.0,scolv:djgossett,unknown,man_confirm,manual,aka2026rlwdem,aka2026rlwdem
matched,onsite,2026-09-03 17:38:42.00,2026-09-03 17:38:42.80,0.805,58.45087432861328,58.451,-151.62144470214844,-151.621,0.02940547027287534,10.0,10.0,0.0,1.6209965946440232,1.6,0.020996594644023148,16,16.0,scolv:djgossett,unknown,man_confirm,manual,aka2026rlwrfd,aka2026rlwrfd
matched,onsite,2026-09-03 17:40:07.00,2026-09-03 17:40:05.63,1.368,51.91769409179688,52.0757,176.2714385986328,176.3785,19.037107654661618,28.4328556060791,10.0,18.4328556060791,4.220706157106833,4.1,0.12070615710683352,64,69.0,scolv:djgossett,unknown,man_confirm,manual,aka2026rlwsmt,us7000te2d
matched,onsite,2026-09-03 17:40:55.00,2026-09-03 17:40:53.34,1.654,52.12981414794922,52.1233,-169.3491668701172,-169.1739,11.986447012933633,32.2026481628418,10.0,22.202648162841797,3.1853307475110806,3.1,0.0853307475110805,30,18.0,scolv:djgossett,unknown,man_confirm,manual,aka2026rlwtdf,us7000te45
matched,onsite,2026-09-03 17:45:40.00,2026-09-03 17:45:40.11,0.11,60.71040725708008,60.71,-149.6399688720703,-149.64,0.04531656986555071,24.49758720397949,24.5,0.002412796020511365,1.8133528040013234,1.8,0.013352804001323326,66,66.0,scolv:djgossett,unknown,man_confirm,manual,aka2026rlwxga,aka2026rlwxga
matched,onsite,2026-09-03 17:49:42.00,2026-09-03 17:49:42.88,0.884,64.82672882080078,64.827,-149.02061462402344,-149.021,0.03523466120846556,18.67577362060547,18.7,0.02422637939453054,1.3153971067439378,1.3,0.015397106743937794,24,24.0,scolv:djgossett,unknown,man_confirm,manual,aka2026rlxatj,aka2026rlxatj
matched,onsite,2026-09-03 17:59:58.00,2026-09-03 17:59:58.44,0.444,52.15495300292969,52.155,-169.21780395507812,-169.218,0.01435912040852347,10.812233924865723,10.8,0.012233924865721946,2.764509863576667,2.8,0.035490136423332874,17,17.0,scolv:djgossett,unknown,man_confirm,manual,aka2026rlxjqf,aka2026rlxjqf
matched,onsite,2026-09-03 18:07:47.00,2026-09-03 18:07:47.02,0.021,62.58477020263672,62.585,-148.13751220703125,-148.138,0.03572982074994597,46.95069122314453,47.0,0.04930877685546875,2.6981113515267796,2.7,0.0018886484732205666,163,163.0,scolv:djgossett,unknown,man_confirm,manual,aka2026rlxqkb,aka2026rlxqkb
matched,onsite,2026-09-03 18:08:24.00,2026-09-03 18:08:26.82,2.824,53.4977912902832,53.6048,-164.7889862060547,-164.8295,12.196110268913362,13.295302391052246,35.0,21.704697608947754,2.627929589061854,2.5,0.12792958906185392,19,18.0,scolv:djgossett,unknown,man_confirm,manual,aka2026rlxrdc,us7000tfxe
matched,onsite,2026-09-03 18:09:53.00,2026-09-03 18:09:50.59,2.406,53.42247772216797,53.4331,-165.0011749267578,-164.6247,24.97084462044275,6.915197849273682,3.64,3.2751978492736815,2.617438926665988,2.7,0.0825610733340123,21,22.0,scolv:djgossett,unknown,man_confirm,manual,aka2026rlxsfg,us7000te47
matched,onsite,2026-09-03 18:13:38.00,2026-09-03 18:13:38.41,0.416,59.05086517333984,59.051,-151.73916625976562,-151.739,0.01775259585339773,16.02657127380371,16.0,0.026571273803710938,1.3806900290347948,1.4,0.019309970965205148,16,16.0,scolv:djgossett,unknown,man_confirm,manual,aka2026rlxvmv,aka2026rlxvmv
matched,onsite,2026-09-03 18:33:55.00,2026-09-03 18:33:56.15,1.154,52.12780380249023,52.1519,-169.2633514404297,-169.3208,4.748650302488013,13.695929527282715,24.487,10.791070472717283,3.5361674491987247,3.7,0.16383255080127546,46,39.0,scolv:djgossett,unknown,man_confirm,manual,aka2026rlyncv,us7000te2u
matched,onsite,2026-09-03 18:39:49.00,2026-09-03 18:39:47.22,1.779,52.35727310180664,52.277,-169.2239227294922,-169.0975,12.39018673479868,22.217897415161133,10.0,12.217897415161133,2.811856674448364,2.6,0.21185667444836387,19,19.0,scolv:djgossett,unknown,man_confirm,manual,aka2026rlysga,us7000te48
matched,onsite,2026-09-03 18:40:58.00,2026-09-03 18:40:58.30,0.304,61.04425811767578,61.044,-148.36155700683594,-148.362,0.037316068269333036,0.0,0.0,0.0,1.0561020248244524,1.1,0.04389797517554772,15,15.0,scolv:djgossett,unknown,man_confirm,manual,aka2026rlytfc,aka2026rlytfc
matched,onsite,2026-09-03 18:42:40.00,2026-09-03 18:42:40.09,0.091,52.10586547851562,52.106,-169.15452575683594,-169.155,0.035676268077253756,7.108884334564209,7.1,0.00888433456420934,2.8015354275071775,2.8,0.0015354275071777224,16,16.0,scolv:djgossett,unknown,man_confirm,manual,aka2026rlyuvd,aka2026rlyuvd
matched,onsite,2026-09-03 18:45:41.00,2026-09-03 18:45:39.05,1.944,52.12405776977539,52.0027,-169.22268676757812,-169.3329,15.455228522724171,9.537185668945312,10.0,0.4628143310546875,5.324290498772745,5.3,0.024290498772745472,92,133.0,scolv:djgossett,unknown,man_confirm,manual,aka2026rlyxjh,us7000te2m
matched,onsite,2026-09-03 18:49:09.00,2026-09-03 18:49:09.00,0.0,52.4303092956543,52.4426,-169.32691955566406,-169.3996,5.112967670675231,29.620201110839844,35.0,5.379798889160156,3.4455035909401226,3.4,0.045503590940122685,26,25.0,scolv:djgossett,unknown,man_confirm,manual,aka2026rlzafv,us7000te4q
matched,onsite,2026-09-03 18:53:11.00,2026-09-03 18:53:13.96,2.967,52.25791168212891,52.4004,-169.06573486328125,-169.1233,16.319730132465853,9.06336784362793,23.865,14.801632156372069,2.95868847807181,2.6,0.35868847807181004,24,24.0,scolv:djgossett,unknown,man_confirm,manual,aka2026rlzdse,us7000te4x
matched,onsite,2026-09-03 18:53:52.00,2026-09-03 18:53:52.07,0.071,57.46662139892578,57.467,-155.72569274902344,-155.726,0.04593328754552781,73.70506286621094,73.7,0.005062866210934658,1.651410567157965,1.7,0.048589432842034874,25,25.0,scolv:djgossett,unknown,man_confirm,manual,aka2026rlzeje,aka2026rlzeje
matched,onsite,2026-09-03 18:57:08.00,2026-09-03 18:57:06.76,1.232,52.15311813354492,52.1318,-169.2172088623047,-169.1045,8.048297530006863,18.38004493713379,10.0,8.380044937133789,3.419466670831888,3.4,0.019466670831888244,33,31.0,scolv:djgossett,unknown,man_confirm,manual,aka2026rlzhhg,us7000te56
matched,onsite,2026-09-03 19:06:53.00,2026-09-03 19:06:53.00,0.002,52.14205932617188,52.142,-169.05221557617188,-169.052,0.016122497165066696,7.368775367736816,7.4,0.03122463226318395,2.7004130202645786,2.7,0.0004130202645784564,16,16.0,scolv:djgossett,unknown,man_confirm,manual,aka2026rlzprc,aka2026rlzprc
matched,onsite,2026-09-03 19:10:46.00,2026-09-03 19:10:46.04,0.045,64.95854187011719,64.959,-147.51133728027344,-147.511,0.05335776523680986,0.0,0.0,0.0,1.1615973350244346,1.2,0.038402664975565326,18,18.0,scolv:djgossett,unknown,man_confirm,manual,aka2026rlztao,aka2026rlztao
matched,onsite,2026-09-03 19:16:36.00,2026-09-03 19:16:36.52,0.52,51.99795913696289,52.0522,-169.17539978027344,-169.1236,6.995544374855365,13.702104568481445,10.0,3.7021045684814453,3.258324983541708,3.0,0.2583249835417081,30,20.0,scolv:djgossett,unknown,man_confirm,manual,aka2026rlzybf,us7000te58
matched,onsite,2026-09-03 19:17:28.00,2026-09-03 19:17:28.80,0.803,59.12443542480469,59.124,-153.62643432617188,-153.626,0.05439163388866398,105.95427703857422,106.0,0.04572296142578125,2.1337652567547924,2.1,0.03376525675479236,95,95.0,scolv:djgossett,unknown,man_confirm,manual,aka2026rlzykt,aka2026rlzykt
matched,onsite,2026-09-03 19:22:51.00,2026-09-03 19:22:51.21,0.216,52.00381851196289,52.0253,-169.19471740722656,-169.1578,3.4768800524224406,10.880809783935547,10.0,0.8808097839355469,2.849798140816173,2.5,0.3497981408161732,20,17.0,scolv:djgossett,unknown,man_confirm,manual,aka2026rmadmx,us7000te5a
matched,onsite,2026-09-03 19:23:35.00,2026-09-03 19:23:35.06,0.062,60.58231735229492,60.582,-139.84095764160156,-139.841,0.03536371801413063,0.990788996219635,1.0,0.00921100378036499,2.428009395048105,2.4,0.02800939504810529,38,38.0,scolv:djgossett,unknown,man_confirm,manual,aka2026rmaedn,aka2026rmaedn
matched,onsite,2026-09-03 19:25:23.00,2026-09-03 19:25:21.24,1.752,52.02853775024414,51.9219,-169.1104278564453,-169.1633,12.398294687929518,9.49566650390625,10.319,0.8233334960937508,3.3327709677258497,2.6,0.7327709677258496,28,18.0,scolv:djgossett,unknown,man_confirm,manual,aka2026rmafsx,us7000te5u
matched,onsite,2026-09-03 19:27:41.00,2026-09-03 19:27:43.02,2.02,52.31854248046875,52.4092,-169.29998779296875,-169.3281,10.259789359653112,15.546554565429688,37.358,21.81144543457031,4.204804589458254,4.0,0.20480458945825397,86,73.0,scolv:djgossett,unknown,man_confirm,manual,aka2026rmahsg,us7000te5z
matched,onsite,2026-09-03 19:39:53.00,2026-09-03 19:39:53.37,0.37,59.73416519165039,59.734,-153.06964111328125,-153.07,0.027238733296976892,94.53455352783203,94.5,0.03455352783203125,1.4271587081741974,1.4,0.02715870817419752,20,20.0,scolv:djgossett,unknown,man_confirm,manual,aka2026rmasgw,aka2026rmasgw
matched,onsite,2026-09-03 19:42:29.00,2026-09-03 19:42:29.20,0.207,51.88830947875977,51.9034,-169.22088623046875,-169.2974,5.5118186136661755,7.531621932983398,10.0,2.4683780670166016,2.803732395817935,2.4,0.4037323958179351,15,18.0,scolv:djgossett,unknown,man_confirm,manual,aka2026rmaund,us7000te60
matched,onsite,2026-09-03 19:57:08.00,2026-09-03 19:57:08.24,0.241,58.33970260620117,58.34,-153.71475219726562,-153.715,0.03609305822464918,81.8297119140625,81.8,0.029711914062502842,1.812276011508008,1.8,0.012276011508008056,61,61.0,scolv:djgossett,unknown,man_confirm,manual,aka2026rmbhfz,aka2026rmbhfz
matched,onsite,2026-09-03 20:08:38.00,2026-09-03 20:08:39.96,1.966,52.14322662353516,52.2458,-169.30870056152344,-169.3044,11.409405196641288,24.99622917175293,35.0,10.00377082824707,3.0564844438620553,3.0,0.05648444386205531,37,25.0,scolv:djgossett,unknown,man_confirm,manual,aka2026rmbrgz,us7000te62
matched,onsite,2026-09-03 20:14:56.00,2026-09-03 20:14:56.25,0.253,52.16743469238281,52.2159,-169.23895263671875,-169.3595,9.826652448732256,14.217022895812988,25.399,11.181977104187013,3.926334578732592,3.7,0.22633457873259166,60,71.0,scolv:djgossett,unknown,man_confirm,manual,aka2026rmbwsi,us7000te64
matched,onsite,2026-09-03 20:21:17.00,2026-09-03 20:21:14.88,2.117,52.12772369384766,52.015,-169.2467041015625,-169.1941,13.039784830122132,7.96735668182373,10.0,2.0326433181762704,5.165251235966591,5.4,0.2347487640334096,81,179.0,scolv:djgossett,unknown,man_confirm,manual,aka2026rmcccm,us7000te4b
matched,onsite,2026-09-03 20:31:31.00,2026-09-03 20:31:34.81,3.81,52.20312118530273,52.3436,-169.1885528564453,-169.3457,18.929458031379472,9.226486206054688,38.198,28.971513793945313,3.366786050028179,3.8,0.4332139499718206,28,36.0,scolv:djgossett,unknown,man_confirm,manual,aka2026rmcldd,us7000te4p
matched,onsite,2026-09-03 20:40:06.00,2026-09-03 20:40:03.78,2.218,52.1430549621582,52.1609,-169.3763427734375,-169.3437,2.9828234661227158,12.94343090057373,10.0,2.9434309005737305,4.474948904027886,4.4,0.07494890402788545,126,100.0,scolv:djgossett,unknown,man_confirm,manual,aka2026rmcskh,us7000te4t
matched,onsite,2026-09-03 20:49:50.00,2026-09-03 20:49:50.49,0.493,61.89819717407227,61.898,-151.01792907714844,-151.018,0.02223722874250248,71.62112426757812,71.6,0.021124267578130684,2.005483533137945,2.0,0.005483533137944807,72,72.0,scolv:djgossett,unknown,man_confirm,manual,aka2026rmdaxz,aka2026rmdaxz
matched,onsite,2026-09-03 20:53:18.00,2026-09-03 20:53:19.16,1.162,52.14955139160156,52.2395,-169.19566345214844,-169.2035,10.01608159035487,14.422693252563477,15.104,0.6813067474365226,2.8355479235760415,2.6,0.23554792357604137,27,21.0,scolv:djgossett,unknown,man_confirm,manual,aka2026rmddwt,us7000te65
matched,onsite,2026-09-03 20:56:51.00,2026-09-03 20:56:51.77,0.77,52.25190734863281,52.252,-169.20672607421875,-169.207,0.0213035643620972,11.796298027038574,11.8,0.003701972961426492,2.761970522248176,2.8,0.03802947775182375,22,22.0,scolv:djgossett,unknown,man_confirm,manual,aka2026rmdhbb,aka2026rmdhbb
matched,onsite,2026-09-03 21:00:11.00,2026-09-03 21:00:11.00,0.001,64.77739715576172,64.777,-149.07955932617188,-149.08,0.04884954020459476,19.172515869140625,19.2,0.02748413085937429,1.3186662731902627,1.3,0.018666273190262705,26,26.0,scolv:djgossett,unknown,man_confirm,manual,aka2026rmdjxp,aka2026rmdjxp
matched,onsite,2026-09-03 22:00:48.00,2026-09-03 22:00:48.65,0.657,52.49516296386719,52.495,-166.77203369140625,-166.772,0.018263737898325225,9.608819007873535,9.6,0.008819007873535512,2.6057532007663657,2.6,0.0057532007663656515,15,15.0,scolv:djgossett,unknown,man_confirm,manual,aka2026rmfkld,aka2026rmfkld
matched,onsite,2026-09-03 22:35:07.00,2026-09-03 22:35:07.82,0.823,59.80128479003906,59.801,-152.5457763671875,-152.546,0.03404796944737271,88.76017761230469,88.8,0.03982238769530966,2.2198990483811807,2.2,0.019899048381180506,127,127.0,scolv:djgossett,unknown,man_confirm,manual,aka2026rmgnym,aka2026rmgnym
matched,onsite,2026-09-03 22:36:21.00,2026-09-03 22:36:20.87,0.128,52.20635223388672,52.2013,-169.0409698486328,-169.0279,1.0530328007945882,11.473437309265137,10.0,1.4734373092651367,2.883386186671436,2.8,0.08338618667143605,20,19.0,scolv:djgossett,unknown,man_confirm,manual,aka2026rmgoyk,us7000tfxm
matched,onsite,2026-09-03 22:39:47.00,2026-09-03 22:39:47.93,0.933,52.12838745117188,52.1423,-169.10580444335938,-169.091,1.8477490079290617,5.291177272796631,8.492,3.20082272720337,2.986698624826762,2.8,0.18669862482676214,29,23.0,scolv:djgossett,unknown,man_confirm,manual,aka2026rmgshm,us7000tfxn
matched,onsite,2026-09-03 22:41:32.00,2026-09-03 22:41:30.86,1.139,52.32334518432617,52.1916,-169.5544891357422,-169.6213,15.338960952050758,12.47658920288086,18.04,5.56341079711914,3.1767320687898457,3.0,0.1767320687898457,35,20.0,scolv:djgossett,unknown,man_confirm,manual,aka2026rmgtua,us7000tfxq
matched,onsite,2026-09-03 22:42:16.00,2026-09-03 22:42:15.89,0.105,52.18552398681641,52.1742,-169.2255859375,-169.2418,1.6756168835773697,12.473878860473633,10.0,2.473878860473633,3.469422231764454,3.3,0.16942223176445426,47,29.0,scolv:djgossett,unknown,man_confirm,manual,aka2026rmguki,us7000te7d
matched,onsite,2026-09-03 22:53:07.00,2026-09-03 22:53:05.01,1.989,52.08862686157227,51.9819,-169.40309143066406,-169.5017,13.650486511954208,13.8524751663208,10.0,3.852475166320801,2.861932249971517,2.7,0.161932249971517,20,22.0,scolv:djgossett,unknown,man_confirm,manual,aka2026rmhduf,us7000tfy3
matched,onsite,2026-09-03 22:54:20.00,2026-09-03 22:54:19.51,0.488,52.11065673828125,52.0907,-169.37571716308594,-169.2923,6.1146355522332865,16.732498168945312,10.0,6.7324981689453125,3.38909717204289,3.3,0.08909717204289036,39,28.0,scolv:djgossett,unknown,man_confirm,manual,aka2026rmheuj,us7000te7e
matched,onsite,2026-09-03 23:01:02.00,2026-09-03 23:01:02.76,0.769,52.29323959350586,52.3341,-169.3633270263672,-169.5158,11.316862718087517,25.32542037963867,35.0,9.674579620361332,2.7593285372507763,2.5,0.2593285372507763,22,22.0,scolv:djgossett,unknown,man_confirm,manual,aka2026rmhkpf,us7000tfxr
matched,onsite,2026-09-03 23:12:40.00,2026-09-03 23:12:40.77,0.776,52.03973388671875,52.0704,-169.2624969482422,-169.2724,3.476494024736932,13.077208518981934,10.0,3.0772085189819336,2.9749721867305237,3.0,0.02502781326947634,35,25.0,scolv:djgossett,unknown,man_confirm,manual,aka2026rmhuvl,us7000te7g
matched,onsite,2026-09-03 23:21:30.00,2026-09-03 23:21:30.80,0.801,59.77479934692383,59.775,-152.85964965820312,-152.86,0.02970487727130583,112.09133911132812,112.1,0.008660888671869316,3.3975666854752387,3.4,0.002433314524761254,273,273.0,scolv:djgossett,unknown,man_confirm,manual,aka2026rmibwz,aka2026rmibwz
matched,onsite,2026-09-03 23:22:26.00,2026-09-03 23:22:27.78,1.785,52.21160888671875,52.2377,-169.11668395996094,-169.1544,3.875143215316337,10.734729766845703,22.65,11.915270233154295,2.8307069831692604,2.7,0.13070698316926022,32,27.0,scolv:djgossett,unknown,man_confirm,manual,aka2026rmidfq,us7000tfxs
matched,onsite,2026-09-03 23:25:36.00,2026-09-03 23:25:34.08,1.913,52.25743865966797,52.1378,-169.30992126464844,-169.2347,14.256897209111584,20.553802490234375,10.0,10.553802490234375,2.740607459495618,2.6,0.1406074594956177,21,22.0,scolv:djgossett,unknown,man_confirm,manual,aka2026rmigbx,us7000tfxu
matched,onsite,2026-09-03 23:31:00.00,2026-09-03 23:30:59.62,0.375,51.95718002319336,52.0031,-169.18905639648438,-169.3684,13.302052269095798,9.997883796691895,10.0,0.0021162033081054688,2.811672843502029,2.5,0.31167284350202884,23,19.0,scolv:djgossett,unknown,man_confirm,manual,aka2026rmikqs,us7000tfxv
matched,onsite,2026-09-02 00:46:29.00,2026-09-02 00:46:29.36,0.366,65.86000061035156,65.86,-150.83468627929688,-150.835,0.014266649966822231,8.563027381896973,8.6,0.03697261810302699,1.6655450588600433,1.7,0.03445494113995662,28,28.0,scolv:abakken,unknown,man_confirm,manual,aka2026riswzj,aka2026riswzj
matched,onsite,2026-09-03 23:45:57.00,2026-09-03 23:45:57.87,0.873,64.90859985351562,64.909,-146.9859619140625,-146.986,0.044530486931547826,17.145103454589844,17.1,0.04510345458984233,1.5014589936614262,1.5,0.0014589936614262111,32,32.0,scolv:djgossett,unknown,man_confirm,manual,aka2026rmixqy,aka2026rmixqy
matched,onsite,2026-09-02 01:09:01.00,2026-09-02 01:09:01.23,0.23,69.40320587158203,69.403,-143.43597412109375,-143.436,0.022914247604307762,0.5724955201148987,0.6,0.027504479885101296,1.998259122831997,2.0,0.0017408771680029744,12,12.0,scolv:abakken,unknown,man_confirm,manual,aka2026ritqnh,aka2026ritqnh
matched,onsite,2026-09-02 03:23:02.00,2026-09-02 03:23:02.03,0.034,64.44949340820312,64.449,-165.1636199951172,-165.164,0.05781226133152585,11.045584678649902,11.0,0.045584678649902344,2.121810100075024,2.1,0.02181010007502371,10,10.0,scolv:abakken,unknown,man_confirm,manual,aka2026riycsl,aka2026riycsl
matched,onsite,2026-09-03 23:54:25.00,2026-09-03 23:54:25.98,0.98,52.14822006225586,52.148,-169.15945434570312,-169.159,0.0394945531144034,10.645626068115234,10.6,0.04562606811523473,2.804683382780661,2.8,0.004683382780661383,26,26.0,scolv:djgossett,unknown,man_confirm,manual,aka2026rmjezv,aka2026rmjezv
matched,onsite,2026-09-02 04:35:13.00,2026-09-02 04:35:13.40,0.4,67.606689453125,67.607,-164.61050415039062,-164.611,0.04041780786584326,0.7487820982933044,0.7,0.04878209829330449,2.0888027483784337,2.1,0.011197251621566373,14,14.0,scolv:abakken,unknown,man_confirm,manual,aka2026rjanhw,aka2026rjanhw
matched,onsite,2026-09-03 23:57:24.00,2026-09-03 23:57:25.30,1.303,51.82633590698242,51.8467,-169.14907836914062,-169.1588,2.360847003201578,10.77168083190918,10.0,0.7716808319091797,3.207940735609032,3.0,0.20794073560903215,15,23.0,scolv:djgossett,unknown,man_confirm,manual,aka2026rmjhdn,us7000tfy0
matched,onsite,2026-09-04 00:01:44.00,2026-09-04 00:01:42.88,1.114,52.06482315063477,52.0009,-169.2078857421875,-169.2529,7.746290440406694,16.799654006958008,10.0,6.799654006958008,2.8313229550087327,2.6,0.23132295500873257,28,20.0,scolv:abakken,unknown,man_confirm,manual,aka2026rmjlix,us7000te87
matched,onsite,2026-09-02 13:51:01.00,2026-09-02 13:51:01.30,0.304,63.54804992675781,63.548,-150.5707550048828,-150.571,0.013344585103802323,4.625129699707031,4.6,0.025129699707031605,1.6163826181279193,1.6,0.01638261812791919,28,28.0,scolv:abakken,unknown,man_confirm,manual,aka2026rjtbfo,aka2026rjtbfo
matched,onsite,2026-09-02 16:42:46.00,2026-09-02 16:42:46.96,0.963,65.84059143066406,65.841,-150.8453826904297,-150.845,0.048654649476643504,8.306685447692871,8.3,0.006685447692870383,1.6180635957140241,1.6,0.01806359571402405,24,24.0,scolv:abakken,unknown,man_confirm,manual,aka2026rjyudr,aka2026rjyudr
matched,onsite,2026-09-02 18:27:30.00,2026-09-02 18:27:30.66,0.668,66.57617950439453,66.576,-148.801513671875,-148.802,0.029334916774876756,2.937356233596802,2.9,0.03735623359680229,1.7295127276459505,1.7,0.029512727645950587,26,26.0,scolv:abakken,unknown,man_confirm,manual,aka2026rkcgyp,aka2026rkcgyp
matched,onsite,2026-09-04 00:23:46.00,2026-09-04 00:23:41.19,4.801,52.0633544921875,51.7802,-169.3216094970703,-169.2672,31.705665302275193,24.608280181884766,10.0,14.608280181884766,2.943723841712965,2.8,0.14372384171296515,39,21.0,scolv:abakken,unknown,man_confirm,manual,aka2026rmkemu,us7000te88
matched,onsite,2026-09-04 00:36:30.00,2026-09-04 00:36:30.79,0.798,63.53400039672852,63.534,-147.8711700439453,-147.871,0.008426791511064017,0.451747328042984,0.5,0.04825267195701599,1.579164688645338,1.6,0.02083531135466199,44,44.0,scolv:abakken,unknown,man_confirm,manual,aka2026rmkpmc,aka2026rmkpmc
matched,onsite,2026-09-04 00:49:45.00,2026-09-04 00:49:45.48,0.48,59.9122543334961,59.912,-153.3972930908203,-153.397,0.03266090109648915,128.4064483642578,128.4,0.006448364257806816,1.675226756105837,1.7,0.024773243894163022,44,44.0,scolv:abakken,unknown,man_confirm,manual,aka2026rmlbbj,aka2026rmlbbj
matched,onsite,2026-09-04 01:15:33.00,2026-09-04 01:15:33.73,0.735,52.13552474975586,52.1417,-169.06143188476562,-169.1441,5.683421207207543,4.3680009841918945,15.976,11.607999015808106,3.044577319074969,2.9,0.14457731907496907,38,23.0,scolv:abakken,unknown,man_confirm,manual,aka2026rmlxkt,us7000te89
matched,onsite,2026-09-04 01:23:28.00,2026-09-04 01:23:28.17,0.171,60.36069107055664,60.361,-152.2257843017578,-152.226,0.03634152397603407,83.02490234375,83.0,0.02490234375,1.435332757801621,1.4,0.03533275780162115,42,42.0,scolv:abakken,unknown,man_confirm,manual,aka2026rmmeen,aka2026rmmeen
matched,onsite,2026-09-04 01:26:35.00,2026-09-04 01:26:35.85,0.859,56.83044052124023,56.83,-155.60891723632812,-155.609,0.049241829953949184,9.145527839660645,9.1,0.045527839660644887,2.163166790375049,2.2,0.03683320962495129,39,39.0,scolv:abakken,unknown,man_confirm,manual,aka2026rmmgxg,aka2026rmmgxg
matched,onsite,2026-09-04 01:27:46.00,2026-09-04 01:27:45.76,0.238,56.27251052856445,56.2955,-161.82510375976562,-161.8297,2.5720056016775317,216.69509887695312,221.892,5.196901123046871,3.106563165334755,2.8,0.30656316533475536,33,26.0,scolv:abakken,unknown,man_confirm,manual,aka2026rmmigw,us7000te8b
matched,onsite,2026-09-04 01:38:00.00,2026-09-04 01:37:59.97,0.026,51.96105194091797,52.0082,-169.31063842773438,-169.244,6.950604609031603,19.899782180786133,10.0,9.899782180786133,3.166390153125332,3.0,0.16639015312533179,38,27.0,scolv:abakken,unknown,man_confirm,manual,aka2026rmmqtp,us7000te8e
matched,onsite,2026-09-04 01:47:38.00,2026-09-04 01:47:38.40,0.401,52.01633453369141,52.0435,-169.34347534179688,-169.2462,7.3083259327708845,18.384740829467773,10.0,8.384740829467773,3.495919476458687,3.3,0.19591947645868713,42,24.0,scolv:abakken,unknown,man_confirm,manual,aka2026rmmzef,us7000te8f
matched,onsite,2026-09-04 01:49:58.00,2026-09-04 01:49:59.29,1.293,51.99557495117188,51.9688,-169.10728454589844,-169.1801,5.807948968353021,0.24448399245738983,10.0,9.75551600754261,2.8047053702797435,2.8,0.004705370279743715,27,13.0,scolv:abakken,unknown,man_confirm,manual,aka2026rmnbff,us7000te8h
matched,onsite,2026-09-04 01:59:08.00,2026-09-04 01:59:07.31,0.686,52.04217529296875,52.0274,-169.2142333984375,-169.294,5.698430207567763,13.710826873779297,10.0,3.710826873779297,2.805424701499024,2.5,0.3054247014990241,24,18.0,scolv:abakken,unknown,man_confirm,manual,aka2026rmnjdn,us7000te8l
matched,onsite,2026-09-04 02:05:48.00,2026-09-04 02:05:46.42,1.579,52.01018142700195,51.9816,-169.3314666748047,-169.229,7.701657535465424,27.61422920227051,10.0,17.61422920227051,3.143758166732801,3.0,0.14375816673280095,36,21.0,scolv:abakken,unknown,man_confirm,manual,aka2026rmnoyi,us7000ted1
matched,onsite,2026-09-04 02:06:57.00,2026-09-04 02:06:56.52,0.473,52.03657913208008,52.0303,-169.30177307128906,-169.3726,4.895127107292029,20.77945327758789,25.116,4.336546722412109,4.078328122703529,3.9,0.17832812270352916,58,52.0,scolv:djgossett,unknown,man_confirm,manual,aka2026rmnpwd,us7000te7h
matched,onsite,2026-09-04 02:15:05.00,2026-09-04 02:15:04.55,0.446,51.18721008300781,51.1753,-178.28585815429688,-178.3063,1.9452836819887842,16.74116325378418,24.182,7.440836746215819,3.0315983514199316,2.9,0.1315983514199317,45,24.0,scolv:abakken,unknown,man_confirm,manual,aka2026rmnwvu,us7000ted3
matched,onsite,2026-09-04 02:19:10.00,2026-09-04 02:19:09.04,0.959,52.03496170043945,51.9895,-169.25601196289062,-169.2637,5.08242003435942,12.432757377624512,10.0,2.4327573776245117,2.792018598736935,2.5,0.2920185987369348,31,18.0,scolv:abakken,unknown,man_confirm,manual,aka2026rmoank,us7000ted4
matched,onsite,2026-09-04 02:21:35.00,2026-09-04 02:21:34.61,0.385,51.96149444580078,51.955,-169.4025421142578,-169.2597,9.814467883184857,29.435791015625,10.0,19.435791015625,2.904207923400994,2.6,0.3042079234009938,35,17.0,scolv:abakken,unknown,man_confirm,manual,aka2026rmocwv,us7000ted5
matched,onsite,2026-09-04 02:24:24.00,2026-09-04 02:24:24.63,0.634,51.94652557373047,51.947,-169.11778259277344,-169.118,0.05481791820413936,8.437568664550781,8.4,0.037568664550780895,2.8307265307452227,2.8,0.030726530745222913,26,26.0,scolv:abakken,unknown,man_confirm,manual,aka2026rmofcn,aka2026rmofcn
matched,onsite,2026-09-04 02:28:40.00,2026-09-04 02:28:39.66,0.333,52.03548049926758,52.1808,176.4813232421875,176.4023,17.036170936480772,8.791107177734375,10.0,1.208892822265625,5.083392261149403,4.8,0.2833922611494035,176,130.0,scolv:djgossett,unknown,man_confirm,manual,aka2026rmoiws,us7000te7l
matched,onsite,2026-09-04 02:39:46.00,2026-09-04 02:39:46.93,0.932,52.16091156005859,52.1749,-169.14974975585938,-169.1326,1.9461383641950925,10.061868667602539,9.197,0.8648686676025399,2.9690342772211054,2.8,0.16903427722110553,39,24.0,scolv:abakken,unknown,man_confirm,manual,aka2026rmosja,us7000ted7
matched,onsite,2026-09-04 02:50:54.00,2026-09-04 02:50:54.46,0.464,51.9267692565918,52.0256,-169.25831604003906,-169.284,11.129396083661266,18.499670028686523,10.0,8.499670028686523,2.9664824438160413,2.7,0.26648244381604114,35,23.0,scolv:abakken,unknown,man_confirm,manual,aka2026rmpbyg,us7000tedf
matched,onsite,2026-09-04 03:00:03.00,2026-09-04 03:00:03.60,0.607,63.66846084594727,63.668,-148.2908935546875,-148.291,0.05151198015992559,86.17658996582031,86.2,0.023410034179690342,2.224297324884013,2.2,0.024297324884012816,97,97.0,scolv:abakken,unknown,man_confirm,manual,aka2026rmpjyd,aka2026rmpjyd
matched,onsite,2026-09-04 03:02:40.00,2026-09-04 03:02:40.66,0.669,59.0535888671875,59.054,-153.89004516601562,-153.89,0.0457887733227584,121.36046600341797,121.4,0.039533996582036934,2.2689297784671676,2.3,0.031070221532832232,130,130.0,scolv:abakken,unknown,man_confirm,manual,aka2026rmpmey,aka2026rmpmey
matched,onsite,2026-09-04 03:32:30.00,2026-09-04 03:32:29.50,0.491,51.96169281005859,52.0366,-169.31173706054688,-169.1994,11.336753048496155,24.12176513671875,10.0,14.12176513671875,2.8069067287265157,2.9,0.09309327127348421,32,17.0,scolv:abakken,unknown,man_confirm,manual,aka2026rmqmge,us7000tedh
matched,onsite,2026-09-04 03:33:10.00,2026-09-04 03:33:10.61,0.612,54.49376678466797,54.5349,-159.78399658203125,-159.8848,7.9534292000871085,41.90082931518555,41.881,0.019829315185546648,4.151692678439921,4.5,0.34830732156007915,308,67.0,scolv:djgossett,unknown,man_confirm,manual,aka2026rmqmuw,us7000te7s
matched,onsite,2026-09-04 03:33:17.00,2026-09-04 03:33:17.85,0.85,62.80109405517578,62.801,-148.82321166992188,-148.823,0.015003910220895207,4.654175281524658,4.7,0.045824718475341975,1.9183217012642273,1.9,0.018321701264227386,56,56.0,scolv:abakken,unknown,man_confirm,manual,aka2026rmqmtx,aka2026rmqmtx
matched,onsite,2026-09-04 03:34:45.00,2026-09-04 03:34:45.17,0.174,51.93938827514648,51.9456,-169.1524200439453,-169.2136,4.250162937009015,9.085079193115234,7.55,1.5350791931152346,3.7018618356750776,3.5,0.20186183567507765,39,25.0,scolv:djgossett,unknown,man_confirm,manual,aka2026rmqnyo,us7000teb5
matched,onsite,2026-09-04 03:41:05.00,2026-09-04 03:41:06.65,1.65,52.2637939453125,52.2884,-169.21502685546875,-169.2684,4.546662777451744,23.533124923706055,35.0,11.466875076293945,2.826783676383368,2.7,0.12678367638336763,20,20.0,scolv:abakken,unknown,man_confirm,manual,aka2026rmqtkk,us7000tedp
matched,onsite,2026-09-04 03:51:22.00,2026-09-04 03:51:22.74,0.74,62.2615966796875,62.262,-151.18341064453125,-151.183,0.049627939854620426,80.17828369140625,80.2,0.021716308593752842,1.6341452140485364,1.6,0.03414521404853632,44,44.0,scolv:abakken,unknown,man_confirm,manual,aka2026rmrcll,aka2026rmrcll
matched,onsite,2026-09-04 04:13:28.00,2026-09-04 04:13:28.53,0.53,51.90878677368164,51.909,-169.34634399414062,-169.346,0.03345111261220349,29.4765739440918,29.5,0.023426055908199572,2.834900304907198,2.8,0.03490030490719809,23,23.0,scolv:abakken,unknown,man_confirm,manual,aka2026rmrvtf,aka2026rmrvtf
matched,onsite,2026-09-04 04:38:51.00,2026-09-04 04:38:52.19,1.193,51.98374938964844,52.0557,-169.17518615722656,-169.2307,8.856574731210282,3.9236395359039307,10.0,6.076360464096069,3.4890265622769516,3.5,0.010973437723048374,44,25.0,scolv:djgossett,unknown,man_confirm,manual,aka2026rmsrrw,us7000teb9
matched,onsite,2026-09-04 04:47:18.00,2026-09-04 04:47:18.13,0.133,63.24769973754883,63.248,-150.73233032226562,-150.732,0.03725707791049235,129.67848205566406,129.7,0.02151794433592613,2.073257117444614,2.1,0.02674288255538615,75,75.0,scolv:abakken,unknown,man_confirm,manual,aka2026rmsyps,aka2026rmsyps
matched,onsite,2026-09-04 05:06:06.00,2026-09-04 05:06:06.27,0.271,52.23036575317383,52.2581,-169.18177795410156,-169.1366,4.355651981211759,10.147233963012695,11.614,1.4667660369873055,2.9118049517361464,2.8,0.11180495173614657,40,25.0,scolv:abakken,unknown,man_confirm,manual,aka2026rmtpfz,us7000tee4
matched,onsite,2026-09-04 05:11:01.00,2026-09-04 05:11:01.69,0.696,52.18813705444336,52.188,-169.07139587402344,-169.071,0.0309926374241716,9.558028221130371,9.6,0.04197177886962855,2.7096822225711037,2.7,0.009682222571103516,20,20.0,scolv:abakken,unknown,man_confirm,manual,aka2026rmttpu,aka2026rmttpu
matched,onsite,2026-09-04 05:13:09.00,2026-09-04 05:13:09.67,0.678,52.46926498413086,52.469,-168.49009704589844,-168.49,0.030189305379897443,4.1340227127075195,4.1,0.034022712707519887,2.631191403263977,2.6,0.03119140326397707,19,19.0,scolv:abakken,unknown,man_confirm,manual,aka2026rmtvjy,aka2026rmtvjy
matched,onsite,2026-09-04 05:28:31.00,2026-09-04 05:28:30.06,0.932,52.01498031616211,52.0005,-169.3796844482422,-169.3049,5.366008569706828,22.694448471069336,10.0,12.694448471069336,2.863455591300666,2.6,0.26345559130066576,32,21.0,scolv:abakken,unknown,man_confirm,manual,aka2026rmuiow,us7000tee9
matched,onsite,2026-09-04 05:31:07.00,2026-09-04 05:31:07.31,0.315,60.44561386108398,60.446,-139.61679077148438,-139.617,0.04444373164080371,1.4415627717971802,1.4,0.041562771797180265,1.5737256390975602,1.6,0.02627436090243984,24,24.0,scolv:abakken,unknown,man_confirm,manual,aka2026rmukxp,aka2026rmukxp
matched,onsite,2026-09-04 05:37:27.00,2026-09-04 05:37:27.46,0.463,52.04531478881836,52.0453,-169.08592224121094,-169.1385,3.5957470739531123,8.65313720703125,11.383,2.729862792968749,2.806443957513868,2.5,0.306443957513868,34,20.0,scolv:abakken,unknown,man_confirm,manual,aka2026rmuqlx,us7000teeb
matched,onsite,2026-09-04 05:53:52.00,2026-09-04 05:53:52.38,0.382,62.09629440307617,62.096,-151.91883850097656,-151.919,0.03379767522497413,108.06088256835938,108.1,0.039117431640619316,2.167552519934443,2.2,0.03244748006555698,122,122.0,scolv:abakken,unknown,man_confirm,manual,aka2026rmveqq,aka2026rmveqq
matched,onsite,2026-09-04 01:29:34.00,2026-09-04 01:29:34.88,0.886,51.98830413818359,51.988,-169.12490844726562,-169.125,0.03439480083484308,6.986109733581543,7.0,0.013890266418457031,2.8552901313396486,2.9,0.044709868660351315,30,30.0,scolv:abakken,unknown,man_confirm,manual,aka2026rmmjmj,aka2026rmmjmj
matched,onsite,2026-09-04 05:57:06.00,2026-09-04 05:57:06.73,0.736,62.60665893554688,62.607,-151.2508544921875,-151.251,0.0386483393906615,94.54338073730469,94.5,0.0433807373046875,1.96486913698847,2.0,0.0351308630115299,76,76.0,scolv:abakken,unknown,man_confirm,manual,aka2026rmvhlq,aka2026rmvhlq
matched,onsite,2026-09-04 06:04:25.00,2026-09-04 06:04:25.13,0.135,60.416015625,60.416,-151.6385498046875,-151.639,0.024775284159081958,72.66371154785156,72.7,0.03628845214844034,1.6192970340226605,1.6,0.019297034022660364,46,46.0,scolv:abakken,unknown,man_confirm,manual,aka2026rmvnup,aka2026rmvnup
matched,onsite,2026-09-04 01:50:33.00,2026-09-04 01:50:31.99,1.009,51.97099304199219,51.958,-169.27890014648438,-169.2582,2.0245220583129875,14.129413604736328,10.0,4.129413604736328,3.9058626868930895,3.8,0.10586268689308964,36,20.0,scolv:abakken,unknown,man_confirm,manual,aka2026rmnbri,us7000te8j
matched,onsite,2026-09-04 06:12:10.00,2026-09-04 06:12:08.08,1.917,52.00012588500977,51.9779,-169.41270446777344,-169.3076,7.609560115421383,29.7307186126709,10.0,19.7307186126709,2.872248460511295,2.6,0.2722484605112947,33,21.0,scolv:abakken,unknown,man_confirm,manual,aka2026rmvuqa,us7000teee
matched,onsite,2026-09-04 06:31:58.00,2026-09-04 06:31:58.04,0.048,59.80001449584961,59.8,-151.33839416503906,-151.338,0.022105776906175684,50.81307983398438,50.8,0.013079833984384948,1.8861245417071442,1.9,0.013875458292855747,57,57.0,scolv:abakken,unknown,man_confirm,manual,aka2026rmwlri,aka2026rmwlri
matched,onsite,2026-09-04 06:50:50.00,2026-09-04 06:50:50.73,0.73,62.11702346801758,62.117,-147.5152130126953,-147.515,0.011380360118547705,14.952235221862793,15.0,0.04776477813720703,2.4031545940797483,2.4,0.003154594079748385,141,141.0,scolv:abakken,unknown,man_confirm,manual,aka2026rmxbzu,aka2026rmxbzu
matched,onsite,2026-09-04 06:51:30.00,2026-09-04 06:51:30.30,0.306,52.21826934814453,52.218,-169.1029510498047,-169.103,0.03013522090286028,1.3192471265792847,1.3,0.019247126579284624,2.7617996019452975,2.8,0.03820039805470232,27,27.0,scolv:abakken,unknown,man_confirm,manual,aka2026rmxcpw,aka2026rmxcpw
matched,onsite,2026-09-04 07:07:11.00,2026-09-04 07:07:10.80,0.2,52.21406936645508,52.1527,-169.12152099609375,-169.1273,6.83532699187943,12.334213256835938,15.918,3.5837867431640618,2.8568152587228273,2.7,0.1568152587228271,26,22.0,scolv:abakken,unknown,man_confirm,manual,aka2026rmxqil,us7000teek
matched,onsite,2026-09-04 07:25:19.00,2026-09-04 07:25:19.75,0.757,52.15272903442383,52.1592,-169.130859375,-169.1728,2.9502642672001054,5.844373226165771,10.0,4.155626773834229,3.029271153509754,2.8,0.22927115350975402,36,25.0,scolv:abakken,unknown,man_confirm,manual,aka2026rmyfvk,us7000teel
matched,onsite,2026-09-04 07:27:15.00,2026-09-04 07:27:15.47,0.477,57.68790435791016,57.688,-154.16183471679688,-154.162,0.01447795836951362,48.6742057800293,48.7,0.025794219970705967,1.671063666914632,1.7,0.028936333085368027,26,26.0,scolv:abakken,unknown,man_confirm,manual,aka2026rmyhqb,aka2026rmyhqb
matched,onsite,2026-09-04 07:31:43.00,2026-09-04 07:31:43.82,0.826,59.88193893432617,59.882,-151.43760681152344,-151.438,0.02296503531200904,44.28310012817383,44.3,0.016899871826169033,1.6765546502043918,1.7,0.023445349795608195,47,47.0,scolv:abakken,unknown,man_confirm,manual,aka2026rmylmk,aka2026rmylmk
matched,onsite,2026-09-04 07:52:19.00,2026-09-04 07:52:19.62,0.623,60.18418502807617,60.184,-151.72665405273438,-151.727,0.028091384413673714,68.45657348632812,68.5,0.043426513671875,1.5574392213740655,1.6,0.04256077862593455,44,44.0,scolv:abakken,unknown,man_confirm,manual,aka2026rmzdje,aka2026rmzdje
matched,onsite,2026-09-04 07:56:29.00,2026-09-04 07:56:27.98,1.018,52.07470703125,52.0429,-169.3903045654297,-169.323,5.803680394492587,16.703203201293945,10.0,6.703203201293945,2.830318755370569,2.7,0.1303187553705687,26,24.0,scolv:abakken,unknown,man_confirm,manual,aka2026rmzhbg,us7000tees
matched,onsite,2026-09-04 07:59:56.00,2026-09-04 07:59:56.12,0.123,53.07027816772461,53.07,-166.80825805664062,-166.808,0.0354113109809435,37.063533782958984,37.1,0.036466217041017046,2.4783216197708264,2.5,0.021678380229173566,35,35.0,scolv:abakken,unknown,man_confirm,manual,aka2026rmzjyi,aka2026rmzjyi
matched,onsite,2026-09-04 08:09:20.00,2026-09-04 08:09:20.13,0.135,54.97971343994141,55.0016,-163.04183959960938,-162.9972,3.7459704486670287,105.39453887939453,103.403,1.9915388793945255,2.840659682404669,2.8,0.040659682404668995,54,27.0,scolv:abakken,unknown,man_confirm,manual,aka2026rmzsbs,us7000teev
matched,onsite,2026-09-04 08:09:13.00,2026-09-04 08:09:13.24,0.246,59.96224975585938,59.962,-152.7728729248047,-152.773,0.028658162899847246,94.40272521972656,94.4,0.0027252197265568157,1.0905736993576929,1.1,0.009426300642307206,36,36.0,scolv:abakken,unknown,man_confirm,manual,aka2026rmzrzo,aka2026rmzrzo
matched,onsite,2026-09-04 08:18:29.00,2026-09-04 08:18:29.12,0.125,52.30978393554688,52.31,-168.9934539794922,-168.993,0.03911196607952369,4.774431228637695,4.8,0.02556877136230451,2.693286871200755,2.7,0.006713128799245016,32,32.0,scolv:abakken,unknown,man_confirm,manual,aka2026rnaadr,aka2026rnaadr
matched,onsite,2026-09-04 08:27:09.00,2026-09-04 08:27:09.41,0.413,57.70557022094727,57.706,-154.5912322998047,-154.591,0.049741973343027386,60.60057067871094,60.6,0.0005706787109360789,1.5882731805228847,1.6,0.011726819477115402,28,28.0,scolv:abakken,unknown,man_confirm,manual,aka2026rnahlg,aka2026rnahlg
matched,onsite,2026-09-04 08:32:06.00,2026-09-04 08:32:07.49,1.497,52.15277862548828,52.1764,-169.3277130126953,-169.414,6.444842207890486,21.85367774963379,35.0,13.146322250366211,2.82659191946878,2.6,0.22659191946877977,20,20.0,scolv:abakken,unknown,man_confirm,manual,aka2026rnalvu,us7000teez
matched,onsite,2026-09-04 08:43:49.00,2026-09-04 08:43:48.76,0.238,52.21240615844727,52.1728,-169.1873016357422,-169.2353,5.486301681021095,9.294719696044922,10.894,1.5992803039550783,2.827576153762207,2.7,0.12757615376220688,28,25.0,scolv:abakken,unknown,man_confirm,manual,aka2026rnawak,us7000tef0
matched,onsite,2026-09-04 08:46:02.00,2026-09-04 08:46:02.71,0.715,63.54954528808594,63.55,-148.03993225097656,-148.04,0.05067287902640437,1.4191255569458008,1.4,0.01912555694580087,1.5810530883685912,1.6,0.018946911631408936,43,43.0,scolv:abakken,unknown,man_confirm,manual,aka2026rnaxxv,aka2026rnaxxv
matched,onsite,2026-09-04 08:51:55.00,2026-09-04 08:51:55.71,0.71,63.57172775268555,63.572,-148.0483856201172,-148.048,0.03578601221512043,1.5834405422210693,1.6,0.016559457778930753,1.6032952424132119,1.6,0.003295242413211774,35,35.0,scolv:abakken,unknown,man_confirm,manual,aka2026rnbdam,aka2026rnbdam
matched,onsite,2026-09-04 08:59:42.00,2026-09-04 08:59:42.99,0.99,52.22736358642578,52.2584,-169.1295623779297,-169.1749,4.6302080327331145,11.597628593444824,21.66,10.062371406555176,2.863704744147361,2.7,0.1637047441473607,25,24.0,scolv:abakken,unknown,man_confirm,manual,aka2026rnbjtz,us7000tef4
matched,onsite,2026-09-04 09:08:11.00,2026-09-04 09:08:11.54,0.543,59.31647872924805,59.316,-153.588134765625,-153.588,0.05377871261976462,105.10716247558594,105.1,0.007162475585943184,1.5335325305523972,1.5,0.033532530552397244,45,45.0,scolv:abakken,unknown,man_confirm,manual,aka2026rnbrcu,aka2026rnbrcu
matched,onsite,2026-09-04 09:25:21.00,2026-09-04 09:25:23.40,2.409,52.1873893737793,52.2576,-169.24635314941406,-169.3579,10.8942429123051,12.349855422973633,35.0,22.650144577026367,3.487898957313458,3.3,0.18789895731345796,48,47.0,scolv:djgossett,unknown,man_confirm,manual,aka2026rncfrf,us7000teca
matched,onsite,2026-09-04 10:05:01.00,2026-09-04 10:05:01.84,0.846,61.24724578857422,61.247,-149.58645629882812,-149.586,0.03664205161663872,41.71472930908203,41.7,0.014729309082028408,1.5343578596759861,1.5,0.03435785967598615,28,28.0,scolv:abakken,unknown,man_confirm,manual,aka2026rndnkt,aka2026rndnkt
matched,onsite,2026-09-04 10:04:45.00,2026-09-04 10:04:45.59,0.593,63.23414611816406,63.234,-150.705078125,-150.705,0.016711966666869176,130.52108764648438,130.5,0.021087646484375,2.037895591946022,2.0,0.03789559194602221,40,40.0,scolv:abakken,unknown,man_confirm,manual,aka2026rndnnk,aka2026rndnnk
matched,onsite,2026-09-04 10:08:42.00,2026-09-04 10:08:42.51,0.514,52.45502853393555,52.455,-169.88851928710938,-169.889,0.03272747090157777,13.075096130371094,13.1,0.024903869628905895,2.575697821590954,2.6,0.02430217840904625,19,19.0,scolv:abakken,unknown,man_confirm,manual,aka2026rndrmp,aka2026rndrmp
matched,onsite,2026-09-04 10:11:11.00,2026-09-04 10:11:11.30,0.301,52.43671417236328,52.437,-168.51864624023438,-168.519,0.03981470960014833,5.0,5.0,0.0,2.475743447681442,2.5,0.024256552318557834,15,15.0,scolv:abakken,unknown,man_confirm,manual,aka2026rndtuw,aka2026rndtuw
matched,onsite,2026-09-04 10:13:01.00,2026-09-04 10:13:01.00,0.002,58.40032196044922,58.4,-153.0193634033203,-153.019,0.04159304123494476,60.47077178955078,60.5,0.02922821044921875,1.9657239671149027,2.0,0.034276032885097285,35,35.0,scolv:abakken,unknown,man_confirm,manual,aka2026rndvib,aka2026rndvib
matched,onsite,2026-09-04 10:23:45.00,2026-09-04 10:23:46.27,1.279,52.21512985229492,52.2559,-169.22633361816406,-169.3335,8.59125252153958,14.728397369384766,27.786,13.057602630615236,3.1645039363517737,3.2,0.03549606364822644,34,45.0,scolv:abakken,unknown,man_confirm,manual,aka2026rneeni,us7000tefc
matched,onsite,2026-09-04 10:44:51.00,2026-09-04 10:44:51.68,0.683,53.89973449707031,53.9,-166.65785217285156,-166.658,0.031070601970946025,11.681753158569336,11.7,0.018246841430663352,1.8094615397119804,1.8,0.009461539711980382,24,24.0,scolv:abakken,unknown,man_confirm,manual,aka2026rnewym,aka2026rnewym
matched,onsite,2026-09-04 10:53:16.00,2026-09-04 10:53:16.47,0.471,53.60211944580078,53.602,-164.86549377441406,-164.865,0.03518344426759684,47.16028213500977,47.2,0.03971786499023011,2.412509156771919,2.4,0.012509156771919105,21,21.0,scolv:abakken,unknown,man_confirm,manual,aka2026rnfegc,aka2026rnfegc
matched,onsite,2026-09-04 11:37:25.00,2026-09-04 11:37:25.75,0.755,52.09920501708984,52.1035,-169.33070373535156,-169.3401,0.799990766209745,11.41494369506836,10.774,0.6409436950683602,2.940964686100715,2.7,0.24096468610071486,30,24.0,scolv:abakken,unknown,man_confirm,manual,aka2026rngqor,us7000teff
matched,onsite,2026-09-04 11:38:47.00,2026-09-04 11:38:47.33,0.333,66.093505859375,66.094,-148.8781280517578,-148.878,0.05524807206626488,9.915959358215332,9.9,0.015959358215331676,1.8006820339181844,1.8,0.0006820339181843327,29,29.0,scolv:abakken,unknown,man_confirm,manual,aka2026rngrts,aka2026rngrts
matched,onsite,2026-09-04 11:38:56.00,2026-09-04 11:38:56.44,0.444,60.33440017700195,60.334,-139.28863525390625,-139.289,0.048815940345881506,3.1215312480926514,3.1,0.02153124809265128,2.0920610984084127,2.1,0.007938901591587388,31,31.0,scolv:abakken,unknown,man_confirm,manual,aka2026rngrwu,aka2026rngrwu
matched,onsite,2026-09-04 11:43:56.00,2026-09-04 11:43:56.13,0.131,61.4627914428711,61.463,-149.92263793945312,-149.923,0.030128171380475067,30.306413650512695,30.3,0.006413650512694602,1.40177000015678,1.4,0.0017700001567801937,22,22.0,scolv:abakken,unknown,man_confirm,manual,aka2026rngwdx,aka2026rngwdx
matched,onsite,2026-09-04 11:50:55.00,2026-09-04 11:50:55.40,0.402,53.91020965576172,53.91,-163.64260864257812,-163.643,0.03464929084906259,18.814741134643555,18.8,0.014741134643553977,2.610681377459515,2.6,0.010681377459514696,29,29.0,scolv:abakken,unknown,man_confirm,manual,aka2026rnhcer,aka2026rnhcer
matched,onsite,2026-09-04 12:03:11.00,2026-09-04 12:03:12.75,1.75,53.4382438659668,53.455,-165.6018829345703,-165.6821,5.629602133031967,21.62720489501953,35.0,13.372795104980469,2.91807151331177,3.0,0.08192848668823016,51,37.0,scolv:abakken,unknown,man_confirm,manual,aka2026rnhmmg,us7000tefj
matched,onsite,2026-09-04 12:05:05.00,2026-09-04 12:05:05.63,0.634,61.86850357055664,61.869,-147.048828125,-147.049,0.05593108395343598,48.20409393310547,48.2,0.004093933105465908,2.06670842245883,2.1,0.03329157754117018,78,78.0,scolv:abakken,unknown,man_confirm,manual,aka2026rnhomv,aka2026rnhomv
matched,onsite,2026-09-04 12:04:30.00,2026-09-04 12:04:30.00,0.003,69.44795989990234,69.448,-143.66983032226562,-143.67,0.007984543585287628,5.0,5.0,0.0,2.679936689576883,2.7,0.020063310423117375,44,44.0,scolv:abakken,unknown,man_confirm,manual,aka2026rnhlam,aka2026rnhlam
matched,onsite,2026-09-04 12:09:48.00,2026-09-04 12:09:48.15,0.152,62.2439193725586,62.244,-152.2556610107422,-152.256,0.01971122718070567,5.559366703033447,5.6,0.04063329696655238,1.614872186926501,1.6,0.014872186926500941,30,30.0,scolv:abakken,unknown,man_confirm,manual,aka2026rnhsox,aka2026rnhsox
matched,onsite,2026-09-04 12:11:54.00,2026-09-04 12:11:54.19,0.197,63.53225326538086,63.532,-148.83106994628906,-148.831,0.028374370046989526,4.290052890777588,4.3,0.009947109222411932,2.9526665101928646,3.0,0.047333489807135365,135,135.0,scolv:djgossett,unknown,man_confirm,manual,aka2026rnhuko,aka2026rnhuko
matched,onsite,2026-09-04 13:39:42.00,2026-09-04 13:39:42.90,0.905,60.09749984741211,60.097,-151.16180419921875,-151.162,0.056630389842002284,64.89093017578125,64.9,0.009069824218755684,1.5056437580134856,1.5,0.0056437580134856,27,27.0,scolv:abakken,unknown,man_confirm,manual,aka2026rnksoj,aka2026rnksoj
matched,onsite,2026-09-04 13:48:05.00,2026-09-04 13:48:05.86,0.862,54.73036956787109,54.73,-163.6021728515625,-163.602,0.042566356113552486,7.979480266571045,8.0,0.020519733428955078,2.382821284672826,2.4,0.017178715327173855,33,33.0,scolv:abakken,unknown,man_confirm,manual,aka2026rnkzvk,aka2026rnkzvk
matched,onsite,2026-09-04 13:52:03.00,2026-09-04 13:52:03.44,0.447,53.88594818115234,53.886,-166.6542510986328,-166.654,0.017435998160553214,11.412757873535156,11.4,0.012757873535155895,1.8622624483480252,1.9,0.03773755165197468,31,31.0,scolv:abakken,unknown,man_confirm,manual,aka2026rnldgr,aka2026rnldgr
matched,onsite,2026-09-04 14:08:48.00,2026-09-04 14:08:48.05,0.052,52.06956481933594,52.0929,-169.1676025390625,-169.1745,2.6372145596072816,9.674331665039062,10.0,0.3256683349609375,3.0775363243744143,2.8,0.27753632437441444,45,23.0,scolv:abakken,unknown,man_confirm,manual,aka2026rnlrwj,us7000tefv
matched,onsite,2026-09-04 14:09:52.00,2026-09-04 14:09:52.78,0.78,62.8248062133789,62.825,-150.6344757080078,-150.634,0.03237199144384218,92.78560638427734,92.8,0.014393615722653408,2.474655907541144,2.5,0.02534409245885616,116,116.0,scolv:abakken,unknown,man_confirm,manual,aka2026rnlsie,aka2026rnlsie
matched,onsite,2026-09-04 14:39:51.00,2026-09-04 14:39:52.79,1.794,52.06600570678711,52.0669,-169.38450622558594,-169.404,1.3362365139913315,20.4736270904541,35.0,14.526372909545898,4.001148315068472,4.0,0.0011483150684723498,79,47.0,scolv:djgossett,unknown,man_confirm,manual,aka2026rnmsql,us7000tecc
matched,onsite,2026-09-04 14:52:33.00,2026-09-04 14:52:35.51,2.511,52.32077026367188,52.4258,-169.16506958007812,-169.2615,13.388336300647625,17.07404327392578,35.0,17.92595672607422,3.4420165106123517,3.1,0.3420165106123516,51,25.0,scolv:djgossett,unknown,man_confirm,manual,aka2026rnndqq,us7000tecd
matched,onsite,2026-09-04 14:58:33.00,2026-09-04 14:58:33.98,0.989,58.6794548034668,58.679,-152.59974670410156,-152.6,0.05264857486313793,57.72066116333008,57.7,0.020661163330075283,1.8983906843951923,1.9,0.001609315604807593,46,46.0,scolv:abakken,unknown,man_confirm,manual,aka2026rnniyx,aka2026rnniyx
matched,onsite,2026-09-04 15:04:54.00,2026-09-04 15:04:54.61,0.611,56.7005615234375,56.701,-148.74533081054688,-148.745,0.0527733363796466,5.0,5.0,0.0,2.680066441526651,2.7,0.019933558473349322,28,28.0,scolv:abakken,unknown,man_confirm,manual,aka2026rnnoli,aka2026rnnoli
matched,onsite,2026-09-04 15:16:33.00,2026-09-04 15:16:33.86,0.862,59.90800857543945,59.908,-152.7320098876953,-152.732,0.0011014241293768234,99.97196960449219,100.0,0.0280303955078125,1.662851915147893,1.7,0.037148084852106855,38,38.0,scolv:abakken,unknown,man_confirm,manual,aka2026rnnynn,aka2026rnnynn
matched,onsite,2026-09-04 15:23:31.00,2026-09-04 15:23:31.56,0.567,61.07314682006836,61.073,-150.46632385253906,-150.466,0.02387299148439981,61.96991729736328,62.0,0.03008270263671875,2.124809775428754,2.1,0.024809775428753955,108,108.0,scolv:abakken,unknown,man_confirm,manual,aka2026rnoelc,aka2026rnoelc
matched,onsite,2026-09-04 15:33:44.00,2026-09-04 15:33:41.79,2.206,52.0396842956543,51.96,-169.43630981445312,-169.4487,8.900996670324023,20.207395553588867,10.0,10.207395553588867,3.092997692383719,2.9,0.1929976923837189,40,27.0,scolv:abakken,unknown,man_confirm,manual,aka2026rnoniu,us7000teg1
matched,onsite,2026-09-04 16:07:25.00,2026-09-04 16:07:25.10,0.102,60.42269134521484,60.423,-139.53665161132812,-139.537,0.039288022636706145,0.6923518776893616,0.7,0.007648122310638383,2.1384104471262457,2.1,0.03841044712624564,30,30.0,scolv:abakken,unknown,man_confirm,manual,aka2026rnpqqh,aka2026rnpqqh
matched,onsite,2026-09-04 16:33:04.00,2026-09-04 16:33:04.00,0.004,50.180908203125,50.1696,179.5591278076172,179.4223,9.824828623899345,5.0,10.0,5.0,3.501775140259632,3.3,0.2017751402596324,28,20.0,scolv:djgossett,unknown,man_confirm,manual,aka2026rnqmvs,us7000tecs
matched,onsite,2026-09-04 16:39:19.00,2026-09-04 16:39:20.66,1.665,50.17409515380859,50.1571,179.5607147216797,179.4294,9.54231290937118,3.0694262981414795,10.0,6.9305737018585205,3.300949730013806,3.0,0.300949730013806,39,19.0,scolv:abakken,unknown,man_confirm,manual,aka2026rnqsqs,us7000teg6
matched,onsite,2026-09-04 17:01:54.00,2026-09-04 17:01:54.45,0.455,57.11105346679688,57.111,-157.70166015625,-157.702,0.021363764767250888,2.9233081340789795,2.9,0.02330813407897958,2.80289630281363,2.8,0.0028963028136299585,57,57.0,scolv:abakken,unknown,man_confirm,manual,aka2026rnrlvm,aka2026rnrlvm
matched,onsite,2026-09-04 17:27:34.00,2026-09-04 17:27:34.94,0.948,52.49106216430664,52.491,-169.87338256835938,-169.873,0.026808268169254825,23.98723030090332,24.0,0.012769699096679688,2.6193421427160355,2.6,0.019342142716035404,23,23.0,scolv:abakken,unknown,man_confirm,manual,aka2026rnsigz,aka2026rnsigz
matched,onsite,2026-09-04 17:57:40.00,2026-09-04 17:57:40.70,0.703,57.81095504760742,57.811,-156.19857788085938,-156.199,0.025498989842308036,131.6470489501953,131.6,0.047048950195318184,3.0198524082305154,3.0,0.019852408230515373,109,109.0,scolv:abakken,unknown,man_confirm,manual,aka2026rntifq,aka2026rntifq
matched,onsite,2026-09-04 18:04:44.00,2026-09-04 18:04:44.36,0.363,61.76024627685547,61.76,-148.0523223876953,-148.052,0.0322122759568571,31.967098236083984,32.0,0.032901763916015625,1.6710845468249114,1.7,0.02891545317508859,53,53.0,scolv:abakken,unknown,man_confirm,manual,aka2026rntoiq,aka2026rntoiq
matched,onsite,2026-09-04 18:13:00.00,2026-09-04 18:13:00.73,0.736,58.64579391479492,58.646,-153.91636657714844,-153.916,0.031224334602069304,99.39080810546875,99.4,0.009191894531255684,1.7030935375481557,1.7,0.003093537548155778,45,45.0,scolv:abakken,unknown,man_confirm,manual,aka2026rntvnn,aka2026rntvnn
matched,onsite,2026-09-04 18:43:19.00,2026-09-04 18:43:19.54,0.542,64.99220275878906,64.992,-147.08265686035156,-147.083,0.027721570126030257,7.691403388977051,7.7,0.008596611022949396,1.4349129868604782,1.4,0.03491298686047828,44,44.0,scolv:abakken,unknown,man_confirm,manual,aka2026rnuvun,aka2026rnuvun
matched,onsite,2026-09-04 19:11:03.00,2026-09-04 19:11:03.45,0.457,61.01409149169922,61.014,-150.9458465576172,-150.946,0.013109575413820776,56.07139587402344,56.1,0.02860412597656392,1.600723979314994,1.6,0.0007239793149940166,52,52.0,scolv:abakken,unknown,man_confirm,manual,aka2026rnvtvw,aka2026rnvtvw
matched,onsite,2026-09-04 19:23:14.00,2026-09-04 19:23:14.70,0.702,61.37975311279297,61.38,-146.89598083496094,-146.896,0.027471576177962642,23.71687126159668,23.7,0.016871261596680398,1.4910358037103426,1.5,0.008964196289657389,44,44.0,scolv:abakken,unknown,man_confirm,manual,aka2026rnwekc,aka2026rnwekc
matched,onsite,2026-09-04 19:40:20.00,2026-09-04 19:40:20.40,0.409,57.79450225830078,57.795,-153.2081298828125,-153.208,0.05587900991651405,41.987430572509766,42.0,0.012569427490234375,2.614958737049091,2.6,0.01495873704909112,71,71.0,scolv:abakken,unknown,man_confirm,manual,aka2026rnwtcx,aka2026rnwtcx
matched,onsite,2026-09-04 19:49:04.00,2026-09-04 19:49:04.12,0.12,54.79571914672852,54.796,-156.98321533203125,-156.983,0.03414400762848567,28.50127410888672,28.5,0.00127410888671875,3.5283017304888076,3.5,0.028301730488807575,67,67.0,scolv:djgossett,unknown,man_confirm,manual,aka2026rnwxzf,aka2026rnwxzf
matched,onsite,2026-09-04 20:03:51.00,2026-09-04 20:03:51.36,0.368,60.05900955200195,60.059,-153.19131469726562,-153.191,0.01749741865795491,145.65814208984375,145.7,0.04185791015623863,1.5024337561440952,1.5,0.002433756144095245,40,40.0,scolv:abakken,unknown,man_confirm,manual,aka2026rnxnqz,aka2026rnxnqz
matched,onsite,2026-09-04 20:05:35.00,2026-09-04 20:05:35.37,0.377,63.14615249633789,63.146,-147.6898193359375,-147.69,0.019232279858213124,6.225049018859863,6.2,0.025049018859863104,1.5876546383484085,1.6,0.012345361651591613,52,52.0,scolv:abakken,unknown,man_confirm,manual,aka2026rnxpdb,aka2026rnxpdb
matched,onsite,2026-09-04 20:55:54.00,2026-09-04 20:55:54.07,0.077,54.06293869018555,54.063,-164.46363830566406,-164.464,0.02456888712312906,16.572145462036133,16.6,0.02785453796386861,2.4276941289231453,2.4,0.027694128923145378,51,51.0,scolv:abakken,unknown,man_confirm,manual,aka2026rnzgtj,aka2026rnzgtj
matched,onsite,2026-09-04 21:15:42.00,2026-09-04 21:15:42.57,0.576,63.17820358276367,63.178,-147.73085021972656,-147.731,0.0238521520107627,1.1472933292388916,1.1,0.04729332923889151,2.164308700850718,2.2,0.03569129914928215,83,83.0,scolv:abakken,unknown,man_confirm,manual,aka2026rnzxxw,aka2026rnzxxw
matched,onsite,2026-09-04 22:09:03.00,2026-09-04 22:09:03.84,0.849,59.79837036132812,59.798,-151.7724609375,-151.772,0.0485875740358737,58.58608627319336,58.6,0.013913726806642046,1.6774127342658882,1.7,0.02258726573411174,42,42.0,scolv:abakken,unknown,man_confirm,manual,aka2026robses,aka2026robses
matched,onsite,2026-09-04 22:37:16.00,2026-09-04 22:37:16.38,0.385,59.88615417480469,59.886,-152.74282836914062,-152.743,0.01963619920813033,101.9425048828125,101.9,0.042504882812494316,1.353457003506233,1.4,0.04654299649376692,28,28.0,scolv:abakken,unknown,man_confirm,manual,aka2026rocqqx,aka2026rocqqx
matched,onsite,2026-09-04 22:39:35.00,2026-09-04 22:39:35.65,0.652,63.35721588134766,63.357,-151.76751708984375,-151.768,0.03400073168579599,1.179275631904602,1.2,0.020724368095397905,2.0134965173222192,2.0,0.013496517322219237,48,48.0,scolv:abakken,unknown,man_confirm,manual,aka2026rocqpx,aka2026rocqpx
matched,onsite,2026-09-04 12:02:52.00,2026-09-04 12:02:56.41,4.411,52.14952850341797,52.372,-169.12466430664062,-169.2242,25.64848115370336,15.13488006591797,35.0,19.86511993408203,3.0934245015080126,2.6,0.49342450150801254,24,18.0,scolv:abakken,unknown,man_confirm,manual,aka2026rnhmoy,us7000tefk
matched,onsite,2026-09-04 23:13:42.00,2026-09-04 23:13:42.19,0.194,59.69520568847656,59.695,-151.46484375,-151.465,0.0244942311678417,33.48406982421875,33.5,0.01593017578125,1.6858267939098577,1.7,0.014173206090142276,35,35.0,scolv:abakken,unknown,man_confirm,manual,aka2026rodwfo,aka2026rodwfo
matched,onsite,2026-09-04 23:23:26.00,2026-09-04 23:23:26.92,0.925,60.72686767578125,60.727,-151.41343688964844,-151.413,0.02794206934677194,76.82412719726562,76.8,0.024127197265627842,2.547345594499365,2.5,0.04734559449936482,132,132.0,scolv:abakken,unknown,man_confirm,manual,aka2026roeesm,aka2026roeesm
matched,onsite,2026-09-04 23:31:40.00,2026-09-04 23:31:40.66,0.665,64.62285614013672,64.623,-147.74354553222656,-147.744,0.0269248224747732,18.167457580566406,18.2,0.03254241943359304,2.7030115654124764,2.7,0.003011565412476269,87,87.0,scolv:djgossett,unknown,man_confirm,manual,aka2026roelvg,aka2026roelvg
matched,onsite,2026-09-04 23:54:25.00,2026-09-04 23:54:25.31,0.319,51.34782028198242,51.342,179.05767822265625,179.0249,2.3668383790955403,57.46934127807617,57.992,0.5226587219238255,2.6510698548504985,2.6,0.05106985485049842,30,24.0,scolv:abakken,unknown,man_confirm,manual,aka2026roffnx,us7000tfz4
matched,onsite,2026-09-05 00:22:03.00,2026-09-05 00:22:03.39,0.391,53.39651870727539,53.4202,-170.4339599609375,-170.4628,3.253968189282938,161.7589111328125,159.131,2.6279111328124998,3.159534613890295,3.4,0.24046538610970503,48,31.0,scolv:odsimonds,unknown,man_confirm,manual,aka2026rogdom,us7000tfrb
matched,onsite,2026-09-05 00:41:14.00,2026-09-05 00:41:14.55,0.551,51.57273101806641,51.5852,-178.43502807617188,-178.4377,1.3987266889539094,13.3153076171875,10.895,2.4203076171875004,2.6775949306095694,2.6,0.07759493060956935,52,25.0,scolv:odsimonds,unknown,man_confirm,manual,aka2026rogudd,us7000terv
matched,onsite,2026-09-05 01:03:23.00,2026-09-05 01:03:23.31,0.312,57.32229614257812,57.322,-151.4793701171875,-151.479,0.03972526202223308,47.40719985961914,47.4,0.007199859619142046,2.1479152145657765,2.1,0.04791521456577641,12,12.0,scolv:odsimonds,unknown,man_confirm,manual,aka2026rohngf,aka2026rohngf
matched,onsite,2026-09-05 01:13:48.00,2026-09-05 01:13:48.05,0.058,59.90266418457031,59.903,-152.82057189941406,-152.821,0.04431908972691553,110.31827545166016,110.3,0.018275451660159092,2.1758034972902016,2.2,0.024196502709798562,103,103.0,scolv:odsimonds,unknown,man_confirm,manual,aka2026rohwkh,aka2026rohwkh
matched,onsite,2026-09-05 01:35:20.00,2026-09-05 01:35:20.61,0.619,60.18616485595703,60.186,-150.01710510253906,-150.017,0.019230008009708352,40.419677734375,40.4,0.01967773437500142,2.0191729704248105,2.0,0.019172970424810476,66,66.0,scolv:odsimonds,unknown,man_confirm,manual,aka2026roipba,aka2026roipba
matched,onsite,2026-09-05 01:44:48.00,2026-09-05 01:44:48.06,0.063,60.37338638305664,60.373,-139.38560485839844,-139.386,0.04814222657928511,4.950021743774414,5.0,0.04997825622558594,2.074976736947827,2.1,0.02502326305217295,27,27.0,scolv:odsimonds,unknown,man_confirm,manual,aka2026roixge,aka2026roixge
matched,onsite,2026-09-05 02:00:38.00,2026-09-05 02:00:39.26,1.266,52.081787109375,52.1092,-169.31089782714844,-169.3135,3.0533531897862387,22.827144622802734,29.067,6.239855377197266,3.182304021472034,3.1,0.08230402147203408,51,30.0,scolv:odsimonds,unknown,man_confirm,manual,aka2026rojkyc,us7000tfrg
matched,onsite,2026-09-05 02:03:57.00,2026-09-05 02:03:57.49,0.491,53.37864685058594,53.379,-168.48265075683594,-168.483,0.045592136416745435,122.01527404785156,122.0,0.0152740478515625,2.163184270094957,2.2,0.03681572990504334,45,45.0,scolv:odsimonds,unknown,man_confirm,manual,aka2026rojnmf,aka2026rojnmf
matched,onsite,2026-09-05 02:26:58.00,2026-09-05 02:26:58.33,0.331,60.06378555297852,60.064,-153.0050506591797,-153.005,0.024010544880779475,123.8261260986328,123.8,0.02612609863280113,1.7526173052061813,1.8,0.047382694793818736,65,65.0,scolv:odsimonds,unknown,man_confirm,manual,aka2026rokhvq,aka2026rokhvq
matched,onsite,2026-09-05 02:43:59.00,2026-09-05 02:43:59.20,0.2,60.77886199951172,60.779,-151.37474060058594,-151.375,0.020826499759363012,70.42302703857422,70.4,0.023027038574213066,1.7678472319161291,1.8,0.03215276808387091,73,73.0,scolv:odsimonds,unknown,man_confirm,manual,aka2026rokwol,aka2026rokwol
matched,onsite,2026-09-05 02:50:18.00,2026-09-05 02:50:18.74,0.747,59.84442901611328,59.844,-152.58853149414062,-152.589,0.05441136238633519,88.43988800048828,88.4,0.039888000488275566,1.500011375689919,1.5,1.137568991893545e-05,34,34.0,scolv:odsimonds,unknown,man_confirm,manual,aka2026rolcay,aka2026rolcay
matched,onsite,2026-09-05 02:57:35.00,2026-09-05 02:57:35.10,0.105,52.05349349975586,52.0662,-169.26609802246094,-169.2938,2.36286468351377,11.978240966796875,17.281,5.302759033203124,3.51774850049588,3.2,0.31774850049587977,57,29.0,scolv:djgossett,unknown,man_confirm,manual,aka2026rolhwd,us7000tehp
matched,onsite,2026-09-05 03:16:26.00,2026-09-05 03:16:27.38,1.385,52.01296234130859,52.0606,-169.11285400390625,-169.223,9.2099633115359,5.735004425048828,10.0,4.264995574951172,3.141121604320226,3.0,0.1411216043202259,31,25.0,scolv:odsimonds,unknown,man_confirm,manual,aka2026rolyqa,us7000tfrk
matched,onsite,2026-09-05 03:43:19.00,2026-09-05 03:43:19.24,0.241,52.06212997436523,52.0882,-169.28646850585938,-169.2971,2.9885272004229435,14.803056716918945,10.0,4.803056716918945,2.9655614183451147,2.8,0.16556141834511484,35,26.0,scolv:odsimonds,unknown,man_confirm,manual,aka2026romvzf,us7000tfrl
matched,onsite,2026-09-05 04:02:46.00,2026-09-05 04:02:46.21,0.211,60.70989227294922,60.71,-151.96446228027344,-151.964,0.027855229759136804,90.0292739868164,90.0,0.02927398681640625,2.0453197205411024,2.0,0.04531972054110245,87,87.0,scolv:odsimonds,unknown,man_confirm,manual,aka2026ronmwt,aka2026ronmwt
matched,onsite,2026-09-05 04:08:09.00,2026-09-05 04:08:09.86,0.86,51.6153450012207,51.7149,-174.87063598632812,-174.8871,11.128096273667502,19.586200714111328,24.18,4.593799285888672,2.7216643377501653,2.5,0.22166433775016525,44,28.0,scolv:odsimonds,unknown,man_confirm,manual,aka2026ronrov,us7000tfrm
matched,onsite,2026-09-05 04:09:55.00,2026-09-05 04:09:58.79,3.791,52.1767692565918,52.3003,-169.43746948242188,-169.4851,14.11369870358652,17.710163116455078,35.0,17.289836883544922,2.7622512160440147,2.5,0.2622512160440147,34,19.0,scolv:odsimonds,unknown,man_confirm,manual,aka2026rontao,us7000tfrn
matched,onsite,2026-09-05 04:18:51.00,2026-09-05 04:18:54.16,3.169,52.0273323059082,52.093,-169.1835174560547,-169.2208,7.733996493122949,8.959165573120117,27.228,18.268834426879884,2.8121620959678046,2.7,0.11216209596780446,30,21.0,scolv:odsimonds,unknown,man_confirm,manual,aka2026rooaur,us7000tfrp
matched,onsite,2026-09-04 17:29:21.00,2026-09-04 17:29:21.99,0.99,52.26927185058594,52.269,-169.50474548339844,-169.505,0.034838188853369985,24.83119583129883,24.8,0.031195831298830967,2.641674275021391,2.6,0.04167427502139098,14,14.0,scolv:abakken,unknown,man_confirm,manual,aka2026rnsjrj,aka2026rnsjrj
matched,onsite,2026-09-05 04:24:54.00,2026-09-05 04:24:54.96,0.961,59.96625900268555,59.966,-150.84906005859375,-150.849,0.028993103654407305,45.87168884277344,45.9,0.02831115722656108,1.662476578603073,1.7,0.03752342139692688,35,35.0,scolv:odsimonds,unknown,man_confirm,manual,aka2026roogbs,aka2026roogbs
matched,onsite,2026-09-05 04:35:46.00,2026-09-05 04:35:46.54,0.549,64.78872680664062,64.789,-149.79637145996094,-149.796,0.03510483050117478,11.936055183410645,11.9,0.036055183410644176,1.9642244745669473,2.0,0.035775525433052735,42,42.0,scolv:odsimonds,unknown,man_confirm,manual,aka2026roopml,aka2026roopml
matched,onsite,2026-09-05 05:23:16.00,2026-09-05 05:23:16.83,0.838,51.00394439697266,51.004,-178.0608673095703,-178.061,0.011154770653358681,16.305585861206055,16.3,0.005585861206053977,2.6073861842542554,2.6,0.007386184254255301,46,46.0,scolv:odsimonds,unknown,man_confirm,manual,aka2026roqeps,aka2026roqeps
matched,onsite,2026-09-05 05:29:31.00,2026-09-05 05:29:31.86,0.868,62.26936340332031,62.269,-152.29150390625,-152.292,0.047871934461826804,17.565032958984375,17.6,0.03496704101562642,1.5579076359310788,1.6,0.04209236406892125,20,20.0,scolv:odsimonds,unknown,man_confirm,manual,aka2026roqkct,aka2026roqkct
matched,onsite,2026-09-05 05:41:29.00,2026-09-05 05:41:29.88,0.889,62.99401473999023,62.994,-150.98175048828125,-150.982,0.01270446509056002,111.02445983886719,111.0,0.0244598388671875,1.518982337682412,1.5,0.018982337682412087,32,32.0,scolv:odsimonds,unknown,man_confirm,manual,aka2026roqulz,aka2026roqulz
matched,onsite,2026-09-05 05:50:40.00,2026-09-05 05:50:40.94,0.941,57.86437606811523,57.864,-154.79798889160156,-154.798,0.04182202791794085,68.88882446289062,68.9,0.011175537109380684,1.743659164384226,1.7,0.04365916438422612,36,36.0,scolv:odsimonds,unknown,man_confirm,manual,aka2026rorclc,aka2026rorclc
matched,onsite,2026-09-05 05:52:15.00,2026-09-05 05:52:15.00,0.008,51.73363876342773,51.7188,-177.48312377929688,-177.4774,1.696438575944356,93.02328491210938,92.406,0.6172849121093691,2.5252847394401257,2.7,0.17471526055987452,66,33.0,scolv:odsimonds,unknown,man_confirm,manual,aka2026rordva,us7000tfrs
matched,onsite,2026-09-05 06:18:04.00,2026-09-05 06:18:02.33,1.663,52.08467864990234,52.0132,-169.28085327148438,-169.3227,8.447521532005325,12.094650268554688,10.0,2.0946502685546875,2.8041287724227675,2.7,0.1041287724227673,36,31.0,scolv:odsimonds,unknown,man_confirm,manual,aka2026rosaix,us7000tfrf
matched,onsite,2026-09-05 07:27:02.00,2026-09-05 07:27:02.90,0.904,53.42958068847656,53.43,-167.03524780273438,-167.035,0.04943118152668689,21.31424903869629,21.3,0.014249038696288352,2.1624264100620447,2.2,0.037573589937955454,42,42.0,scolv:odsimonds,unknown,man_confirm,manual,aka2026rouiaa,aka2026rouiaa
matched,onsite,2026-09-05 07:34:56.00,2026-09-05 07:34:56.84,0.848,63.63064575195312,63.631,-147.54212951660156,-147.542,0.039906560953991733,4.275693893432617,4.3,0.024306106567382635,2.0100803298601755,2.0,0.010080329860175485,55,55.0,scolv:odsimonds,unknown,man_confirm,manual,aka2026rouowa,aka2026rouowa
matched,onsite,2026-09-05 07:43:42.00,2026-09-05 07:43:42.21,0.219,51.37295532226562,51.373,-175.38702392578125,-175.387,0.005238181397114391,13.763648986816406,13.8,0.03635101318359446,2.3263893110262304,2.3,0.026389311026230544,16,16.0,scolv:odsimonds,unknown,man_confirm,manual,aka2026rouwlb,aka2026rouwlb
matched,onsite,2026-09-05 07:47:13.00,2026-09-05 07:47:13.23,0.232,63.00404739379883,63.004,-150.69725036621094,-150.697,0.01369192439205916,112.30432891845703,112.3,0.004328918457034092,1.939478914815656,1.9,0.03947891481565602,71,71.0,scolv:odsimonds,unknown,man_confirm,manual,aka2026rouzmv,aka2026rouzmv
matched,onsite,2026-09-05 08:11:13.00,2026-09-05 08:11:13.35,0.353,59.91503143310547,59.915,-141.2045135498047,-141.205,0.027339192716288277,14.969985008239746,15.0,0.030014991760253906,1.7303381227776506,1.7,0.03033812277765069,38,38.0,scolv:odsimonds,unknown,man_confirm,manual,aka2026rovuha,aka2026rovuha
matched,onsite,2026-09-05 08:50:13.00,2026-09-05 08:50:13.75,0.75,59.47368621826172,59.474,-152.91598510742188,-152.916,0.034901074489286234,104.21830749511719,104.2,0.018307495117184658,2.01509075432563,2.0,0.015090754325629785,69,69.0,scolv:odsimonds,unknown,man_confirm,manual,aka2026roxcdh,aka2026roxcdh
matched,onsite,2026-09-05 09:08:57.00,2026-09-05 09:08:57.39,0.391,52.15571594238281,52.156,-169.4268341064453,-169.427,0.03355205338264535,14.287907600402832,14.3,0.01209239959716868,2.685841587996453,2.7,0.014158412003547394,33,33.0,scolv:odsimonds,unknown,man_confirm,manual,aka2026roxsmb,aka2026roxsmb
matched,onsite,2026-09-05 09:46:36.00,2026-09-05 09:46:36.04,0.043,59.8985710144043,59.899,-152.5870819091797,-152.587,0.04791923324414605,97.6486587524414,97.6,0.048658752441411934,1.8121927965083084,1.8,0.012192796508308401,50,50.0,scolv:odsimonds,unknown,man_confirm,manual,aka2026royyza,aka2026royyza
matched,onsite,2026-09-05 09:58:33.00,2026-09-05 09:58:33.24,0.248,52.03330230712891,52.033,-169.3768310546875,-169.377,0.03554627331201326,19.777578353881836,19.8,0.022421646118164773,2.7157694597096627,2.7,0.01576945970966248,24,24.0,scolv:odsimonds,unknown,man_confirm,manual,aka2026rozjmg,aka2026rozjmg
matched,onsite,2026-09-05 10:22:07.00,2026-09-05 10:22:07.52,0.529,51.38332366943359,51.383,-177.07080078125,-177.071,0.03855449158926131,29.742313385009766,29.7,0.042313385009766336,2.1289277910427287,2.1,0.02892779104272858,29,29.0,scolv:odsimonds,unknown,man_confirm,manual,aka2026rpaduc,aka2026rpaduc
matched,onsite,2026-09-05 10:22:40.00,2026-09-05 10:22:40.42,0.423,63.18797302246094,63.188,-147.7283935546875,-147.728,0.019965806397193118,1.0720634460449219,1.1,0.027936553955078214,2.5637861842832677,2.6,0.036213815716732434,111,111.0,scolv:odsimonds,unknown,man_confirm,manual,aka2026rpaefz,aka2026rpaefz
matched,onsite,2026-09-05 10:55:25.00,2026-09-05 10:55:25.98,0.986,69.4524917602539,69.452,-144.01670837402344,-144.017,0.055853195509085615,5.0,5.0,0.0,2.623290026850753,2.6,0.023290026850752987,37,37.0,scolv:odsimonds,unknown,man_confirm,manual,aka2026rpbhgy,aka2026rpbhgy
matched,onsite,2026-09-05 11:32:16.00,2026-09-05 11:32:16.76,0.768,51.01255035400391,51.013,-179.8348846435547,-179.835,0.05064545297565721,6.517282009124756,6.5,0.01728200912475586,2.5879566997893733,2.6,0.012043300210626828,41,41.0,scolv:odsimonds,unknown,man_confirm,manual,aka2026rpcmgg,aka2026rpcmgg
matched,onsite,2026-09-05 11:33:38.00,2026-09-05 11:33:38.48,0.481,64.58950805664062,64.59,-149.43017578125,-149.43,0.055340847402334484,16.508705139160156,16.5,0.00870513916015625,1.8366907711719478,1.8,0.036690771171947745,41,41.0,scolv:odsimonds,unknown,man_confirm,manual,aka2026rpcnur,aka2026rpcnur
matched,onsite,2026-09-05 11:44:07.00,2026-09-05 11:44:07.29,0.298,51.34220504760742,51.342,-179.96800231933594,-179.968,0.02280082280995341,16.29343032836914,16.3,0.0065696716308600855,2.381216089358608,2.4,0.018783910641392065,22,22.0,scolv:odsimonds,unknown,man_confirm,manual,aka2026rpcvtl,aka2026rpcvtl
matched,onsite,2026-09-05 12:25:16.00,2026-09-05 12:25:16.54,0.549,63.63436889648438,63.634,-147.5118408203125,-147.512,0.04176578962184275,1.50448477268219,1.5,0.004484772682189941,1.8267700727067016,1.8,0.02677007270670151,63,63.0,scolv:odsimonds,unknown,man_confirm,manual,aka2026rpegoz,aka2026rpegoz
matched,onsite,2026-09-05 12:27:07.00,2026-09-05 12:27:08.20,1.204,52.03157043457031,52.1003,-169.2847137451172,-169.2302,8.502481876470277,15.117826461791992,10.0,5.117826461791992,2.7907201240362034,2.8,0.009279875963796425,27,27.0,scolv:odsimonds,unknown,man_confirm,manual,aka2026rpeieq,us7000tggr
matched,onsite,2026-09-05 12:36:56.00,2026-09-05 12:36:56.51,0.516,63.20344924926758,63.203,-150.42330932617188,-150.423,0.05230559656552396,116.08930206298828,116.1,0.010697937011713066,1.5797736683561214,1.6,0.02022633164387866,24,24.0,scolv:odsimonds,unknown,man_confirm,manual,aka2026rpeqsp,aka2026rpeqsp
matched,onsite,2026-09-05 12:38:20.00,2026-09-05 12:38:20.53,0.538,61.66044235229492,61.66,-151.68453979492188,-151.685,0.05485865879493424,104.65839385986328,104.7,0.04160614013672159,2.2499291248165387,2.2,0.04992912481653855,117,117.0,scolv:odsimonds,unknown,man_confirm,manual,aka2026rperxm,aka2026rperxm
matched,onsite,2026-09-05 12:55:23.00,2026-09-05 12:55:23.98,0.982,51.91555023193359,51.916,-169.08782958984375,-169.088,0.05135952704180127,6.671164989471436,6.7,0.028835010528563743,2.793827036844095,2.8,0.006172963155904654,27,27.0,scolv:odsimonds,unknown,man_confirm,manual,aka2026rpfgpw,aka2026rpfgpw
matched,onsite,2026-09-05 13:23:36.00,2026-09-05 13:23:36.07,0.074,51.26786422729492,51.268,-176.30848693847656,-176.308,0.03708920464036435,19.267765045166016,19.3,0.032234954833985086,2.5611674586252584,2.6,0.03883254137474168,55,55.0,scolv:odsimonds,unknown,man_confirm,manual,aka2026rpgfdk,aka2026rpgfdk
matched,onsite,2026-09-05 13:50:09.00,2026-09-05 13:50:09.10,0.103,57.45445251464844,57.454,-150.44338989257812,-150.443,0.05546000223462289,6.636825084686279,6.6,0.03682508468627965,2.3520494728742727,2.4,0.04795052712572723,18,18.0,scolv:odsimonds,unknown,man_confirm,manual,aka2026rphcbk,aka2026rphcbk
matched,onsite,2026-09-05 14:02:29.00,2026-09-05 14:02:29.10,0.102,51.77740859985352,51.777,-179.53854370117188,-179.539,0.05522475249265282,119.37044525146484,119.4,0.029554748535161934,2.534245157433549,2.5,0.03424515743354917,36,36.0,scolv:odsimonds,unknown,man_confirm,manual,aka2026rphmgf,aka2026rphmgf
matched,onsite,2026-09-05 14:17:49.00,2026-09-05 14:17:49.77,0.773,62.04420471191406,62.044,-151.45127868652344,-151.451,0.02700350723524439,87.88008117675781,87.9,0.019918823242193184,1.5810527951843976,1.6,0.018947204815602525,47,47.0,scolv:odsimonds,unknown,man_confirm,manual,aka2026rpiaeg,aka2026rpiaeg
matched,onsite,2026-09-05 14:40:59.00,2026-09-05 14:40:59.01,0.014,52.99995422363281,53.0,-166.6361846923828,-166.636,0.013366516396414844,15.047954559326172,15.0,0.047954559326171875,2.619652798823952,2.6,0.0196527988239521,54,54.0,scolv:odsimonds,unknown,man_confirm,manual,aka2026rpiugj,aka2026rpiugj
matched,onsite,2026-09-05 14:49:53.00,2026-09-05 14:49:56.46,3.464,52.25343322753906,52.2911,-169.04698181152344,-169.2677,15.591050777252756,7.313702583312988,35.0,27.68629741668701,2.9961331869877124,3.0,0.00386681301228764,35,48.0,scolv:odsimonds,unknown,man_confirm,manual,aka2026rpjbxj,us7000tgh6
matched,onsite,2026-09-05 15:01:08.00,2026-09-05 15:01:08.82,0.824,61.53082656860352,61.531,-150.75765991210938,-150.758,0.026397873512629157,65.93367004394531,65.9,0.033670043945306816,1.8836310280398114,1.9,0.016368971960188494,49,49.0,scolv:odsimonds,unknown,man_confirm,manual,aka2026rpjlsr,aka2026rpjlsr
matched,onsite,2026-09-05 15:05:45.00,2026-09-05 15:05:45.08,0.081,60.07474899291992,60.075,-140.1127471923828,-140.113,0.03123572191714858,5.381389617919922,5.4,0.01861038208007848,1.5939512946801337,1.6,0.006048705319866343,32,32.0,scolv:odsimonds,unknown,man_confirm,manual,aka2026rpjpsk,aka2026rpjpsk
matched,onsite,2026-09-05 15:13:24.00,2026-09-05 15:13:24.03,0.039,58.35076522827148,58.351,-151.8684844970703,-151.868,0.03847846580428914,30.64659309387207,30.6,0.04659309387206889,2.112485120612743,2.1,0.012485120612742762,40,40.0,scolv:odsimonds,unknown,man_confirm,manual,aka2026rpjwjj,aka2026rpjwjj
matched,onsite,2026-09-05 15:17:51.00,2026-09-05 15:17:51.39,0.394,62.19346618652344,62.193,-149.9698028564453,-149.97,0.052836614815527566,11.52294635772705,11.5,0.02294635772705078,1.5347809204376535,1.5,0.03478092043765346,33,33.0,scolv:odsimonds,unknown,man_confirm,manual,aka2026rpkafp,aka2026rpkafp
matched,onsite,2026-09-05 15:33:50.00,2026-09-05 15:33:50.26,0.265,61.62695693969727,61.627,-149.83523559570312,-149.835,0.013338133758692276,19.59821319580078,19.6,0.001786804199220171,1.815662273596564,1.8,0.015662273596563914,70,70.0,scolv:odsimonds,unknown,man_confirm,manual,aka2026rpkobp,aka2026rpkobp
matched,onsite,2026-09-05 15:35:45.00,2026-09-05 15:35:45.74,0.749,60.53918075561523,60.539,-150.82254028320312,-150.823,0.03218797624132578,42.79861831665039,42.8,0.0013816833496065328,1.7586735337834687,1.8,0.041326466216531355,50,50.0,scolv:odsimonds,unknown,man_confirm,manual,aka2026rpkpsx,aka2026rpkpsx
matched,onsite,2026-09-05 15:56:11.00,2026-09-05 15:56:11.54,0.545,60.0088119506836,60.009,-152.05874633789062,-152.059,0.025219441037855554,78.13235473632812,78.1,0.032354736328130684,1.7363512133045325,1.7,0.036351213304532504,37,37.0,scolv:odsimonds,unknown,man_confirm,manual,aka2026rplhid,aka2026rplhid
matched,onsite,2026-09-05 16:09:37.00,2026-09-05 16:09:37.79,0.797,52.25935363769531,52.259,-169.06005859375,-169.06,0.03952442323166186,5.0,5.0,0.0,2.6918946131616264,2.7,0.008105386838373807,16,16.0,scolv:odsimonds,unknown,man_confirm,manual,aka2026rpltcn,aka2026rpltcn
matched,onsite,2026-09-05 16:14:22.00,2026-09-05 16:14:20.80,1.199,52.02239608764648,51.9893,-169.2815399169922,-169.1452,10.031792804360196,19.7374324798584,10.0,9.737432479858398,3.015808178351439,2.9,0.1158081783514393,29,27.0,scolv:odsimonds,unknown,man_confirm,manual,aka2026rplxes,us7000tggp
matched,onsite,2026-09-05 17:27:09.00,2026-09-05 17:27:09.13,0.136,58.21596145629883,58.216,-151.48654174804688,-151.487,0.027179151501090883,19.226774215698242,19.2,0.026774215698242898,2.2513678264499837,2.3,0.048632173550016145,41,41.0,scolv:odsimonds,unknown,man_confirm,manual,aka2026rpoieo,aka2026rpoieo
matched,onsite,2026-09-05 17:45:02.00,2026-09-05 17:45:02.79,0.791,60.41045761108398,60.41,-152.68411254882812,-152.684,0.051257905949337414,123.71814727783203,123.7,0.018147277832028408,1.7894524303152248,1.8,0.010547569684775215,42,42.0,scolv:odsimonds,unknown,man_confirm,manual,aka2026rpoxwb,aka2026rpoxwb
matched,onsite,2026-09-05 18:00:08.00,2026-09-05 18:00:08.21,0.219,52.23506546020508,52.2263,-169.3241729736328,-169.32,1.0152639320827048,12.853346824645996,28.945,16.091653175354004,4.838452951806994,4.9,0.06154704819300605,136,126.0,scolv:djgossett,unknown,man_confirm,manual,aka2026rppkqq,us7000tek7
matched,onsite,2026-09-05 18:03:11.00,2026-09-05 18:03:11.75,0.755,63.37751770019531,63.378,-147.46044921875,-147.46,0.058112926035466146,67.76078033447266,67.8,0.03921966552734091,1.5870356744964427,1.6,0.012964325503557417,30,30.0,scolv:odsimonds,unknown,man_confirm,manual,aka2026rppntm,aka2026rppntm
matched,onsite,2026-09-05 18:11:38.00,2026-09-05 18:11:38.38,0.386,52.28204727172852,52.282,-169.09796142578125,-169.098,0.0058749631254997525,20.0,20.0,0.0,2.7576296240484854,2.8,0.04237037595151438,19,19.0,scolv:odsimonds,unknown,man_confirm,manual,aka2026rppuxz,aka2026rppuxz
matched,onsite,2026-09-05 18:31:08.00,2026-09-05 18:31:08.93,0.935,61.03173446655273,61.032,-147.08827209472656,-147.088,0.03296220583629893,12.29520034790039,12.3,0.0047996520996100855,1.596928342682305,1.6,0.003071657317694987,52,52.0,scolv:odsimonds,unknown,man_confirm,manual,aka2026rpqluu,aka2026rpqluu
matched,onsite,2026-09-05 18:32:22.00,2026-09-05 18:32:22.41,0.411,53.47647857666016,53.476,-164.81381225585938,-164.814,0.054646485366203965,15.644695281982422,15.6,0.04469528198242223,2.4680539090509725,2.5,0.03194609094902745,31,31.0,scolv:odsimonds,unknown,man_confirm,manual,aka2026rpqmxp,aka2026rpqmxp
matched,onsite,2026-09-05 18:36:16.00,2026-09-05 18:36:16.43,0.434,64.87953186035156,64.88,-150.39967346191406,-150.4,0.05428894609333365,18.521217346191406,18.5,0.02121734619140625,1.5731033013544415,1.6,0.026896698645558548,33,33.0,scolv:odsimonds,unknown,man_confirm,manual,aka2026rpqqhb,aka2026rpqqhb
matched,onsite,2026-09-05 19:16:43.00,2026-09-05 19:16:47.67,4.676,51.1209602355957,51.284,-176.2216796875,-176.3113,19.17432540616358,2.0761351585388184,35.0,32.92386484146118,3.3664747868540195,3.2,0.16647478685401929,56,27.0,scolv:odsimonds,unknown,man_confirm,manual,aka2026rprzjq,us7000tg5z
matched,onsite,2026-09-05 20:10:41.00,2026-09-05 20:10:41.23,0.237,51.41320037841797,51.413,-178.12506103515625,-178.125,0.02267958360003359,15.38298511505127,15.4,0.017014884948730824,2.1234373214552837,2.1,0.023437321455283655,35,35.0,scolv:odsimonds,unknown,man_confirm,manual,aka2026rptucv,aka2026rptucv
matched,onsite,2026-09-05 20:56:11.00,2026-09-05 20:56:11.14,0.141,51.25754165649414,51.258,-176.1369171142578,-176.137,0.051290810876147154,19.615427017211914,19.6,0.015427017211912641,2.3683319801979694,2.4,0.03166801980203049,34,34.0,scolv:odsimonds,unknown,man_confirm,manual,aka2026rpvhon,aka2026rpvhon
matched,onsite,2026-09-05 21:11:11.00,2026-09-05 21:11:11.07,0.078,60.10079574584961,60.101,-152.472412109375,-152.472,0.032211914528121936,97.8105239868164,97.8,0.010523986816409092,1.7357347492838935,1.7,0.03573474928389353,76,76.0,scolv:odsimonds,unknown,man_confirm,manual,aka2026rpvuor,aka2026rpvuor
matched,onsite,2026-09-05 22:09:40.00,2026-09-05 22:09:40.01,0.014,51.35549926757812,51.355,-176.5616455078125,-176.562,0.06072869799833029,26.470584869384766,26.5,0.029415130615234375,2.5219498132271077,2.5,0.02194981322710765,52,52.0,scolv:odsimonds,unknown,man_confirm,manual,aka2026rpxtgq,aka2026rpxtgq
matched,onsite,2026-09-05 22:23:09.00,2026-09-05 22:23:09.37,0.379,51.27591705322266,51.276,-176.75555419921875,-176.756,0.03235256742080986,36.68447494506836,36.7,0.015525054931643467,2.3756096415937753,2.4,0.02439035840622461,39,39.0,scolv:odsimonds,unknown,man_confirm,manual,aka2026rpyexk,aka2026rpyexk
matched,onsite,2026-09-05 22:37:26.00,2026-09-05 22:37:24.86,1.131,50.87490463256836,51.0158,175.31387329101562,175.2182,17.040482742733015,20.0,10.0,10.0,3.3663981473954543,3.2,0.1663981473954541,19,20.0,scolv:odsimonds,unknown,man_confirm,manual,aka2026rpyrso,us7000tg6c
matched,onsite,2026-09-05 22:47:43.00,2026-09-05 22:47:43.33,0.339,54.17654037475586,53.5548,-170.35202026367188,-169.9426,74.16328026389749,156.730712890625,190.722,33.99128710937501,3.456683622146272,3.0,0.4566836221462718,28,32.0,scolv:odsimonds,unknown,man_confirm,manual,aka2026rpzain,us7000tg6e
matched,onsite,2026-09-05 23:15:16.00,2026-09-05 23:15:16.21,0.215,69.31913757324219,69.319,-147.12374877929688,-147.124,0.01820271036911681,15.691773414611816,15.7,0.008226585388182883,3.851267632469926,3.9,0.048732367530073706,100,100.0,scolv:djgossett,unknown,man_confirm,manual,aka2026rpzydz,aka2026rpzydz
matched,onsite,2026-09-05 23:30:30.00,2026-09-05 23:30:30.13,0.137,60.5317268371582,60.532,-144.12765502929688,-144.128,0.03575874351648964,6.459792137145996,6.5,0.040207862854003906,1.5728478047867962,1.6,0.02715219521320389,32,32.0,scolv:odsimonds,unknown,man_confirm,manual,aka2026rqaljl,aka2026rqaljl
matched,onsite,2026-09-05 23:31:38.00,2026-09-05 23:31:38.29,0.296,61.25180435180664,61.252,-149.91439819335938,-149.914,0.03044308932372313,38.940731048583984,38.9,0.040731048583985796,2.90197322613666,2.9,0.0019732261366600667,175,175.0,scolv:djgossett,unknown,man_confirm,manual,aka2026rqamip,aka2026rqamip
matched,onsite,2026-09-05 23:41:00.00,2026-09-05 23:41:00.83,0.833,64.70431518554688,64.704,-149.06301879882812,-149.063,0.03505841343779069,2.9566922187805176,3.0,0.04330778121948242,1.5306629820509035,1.5,0.030662982050903453,38,38.0,scolv:odsimonds,unknown,man_confirm,manual,aka2026rqaumj,aka2026rqaumj
matched,onsite,2026-09-05 23:58:12.00,2026-09-05 23:58:12.70,0.702,51.80556106567383,51.7798,179.5006561279297,179.5341,3.673667797890713,111.55764770507812,111.327,0.23064770507812682,2.35362042178841,2.6,0.2463795782115903,40,21.0,scolv:odsimonds,unknown,man_confirm,manual,aka2026rqbjkb,us7000tggj
matched,onsite,2026-09-06 00:11:54.00,2026-09-06 00:11:54.09,0.093,59.72403717041016,59.724,-153.31097412109375,-153.311,0.004380388987034169,129.55982971191406,129.6,0.040170288085931816,2.2522132863727555,2.3,0.04778671362724429,121,121.0,scolv:abakken,unknown,man_confirm,manual,aka2026rqbvhd,aka2026rqbvhd
matched,onsite,2026-09-06 00:32:38.00,2026-09-06 00:32:38.34,0.346,60.3514404296875,60.351,-143.2679901123047,-143.268,0.0489765667961744,2.369088411331177,2.4,0.03091158866882271,1.6295668598282997,1.6,0.029566859828299652,30,30.0,scolv:abakken,unknown,man_confirm,manual,aka2026rqcnfk,aka2026rqcnfk
matched,onsite,2026-09-06 00:55:30.00,2026-09-06 00:55:30.14,0.142,51.3413200378418,51.341,-177.04412841796875,-177.044,0.036687506661260826,32.25750732421875,32.3,0.04249267578124716,2.198215765687687,2.2,0.0017842343123133375,17,17.0,scolv:abakken,unknown,man_confirm,manual,aka2026rqdhbt,aka2026rqdhbt
matched,onsite,2026-09-06 00:59:23.00,2026-09-06 00:59:23.44,0.448,55.91677474975586,55.917,-159.74217224121094,-159.742,0.027249423558227955,8.452564239501953,8.5,0.047435760498046875,2.7545377459101026,2.8,0.045462254089897236,36,36.0,scolv:abakken,unknown,man_confirm,manual,aka2026rqdkkp,aka2026rqdkkp
matched,onsite,2026-09-06 01:06:55.00,2026-09-06 01:06:55.14,0.144,51.46423721313477,51.441,-177.34568786621094,-177.3306,2.7873554929607924,60.02113342285156,61.755,1.73386657714844,2.5358541114182866,2.5,0.03585411141828665,54,28.0,scolv:abakken,unknown,man_confirm,manual,aka2026rqdnuw,us7000tg2g
matched,onsite,2026-09-06 01:06:51.00,2026-09-06 01:06:51.88,0.889,52.13048553466797,52.13,-169.19187927246094,-169.192,0.05461429480307192,7.804821968078613,7.8,0.004821968078613459,2.834797256756329,2.8,0.034797256756329276,19,19.0,scolv:abakken,unknown,man_confirm,manual,aka2026rqdqxm,aka2026rqdqxm
matched,onsite,2026-09-06 01:26:40.00,2026-09-06 01:26:40.01,0.016,54.48007965087891,54.48,-161.52264404296875,-161.523,0.024642432566571157,7.534847736358643,7.5,0.03484773635864258,2.3916395630960166,2.4,0.00836043690398336,24,24.0,scolv:abakken,unknown,man_confirm,manual,aka2026rqeicn,aka2026rqeicn
matched,onsite,2026-09-06 01:38:04.00,2026-09-06 01:38:04.44,0.445,59.96916961669922,59.969,-147.87351989746094,-147.874,0.0327038207982172,32.672855377197266,32.7,0.027144622802737217,1.9838222274899466,2.0,0.016177772510053368,59,59.0,scolv:abakken,unknown,man_confirm,manual,aka2026rqeryy,aka2026rqeryy
matched,onsite,2026-09-06 01:43:22.00,2026-09-06 01:43:22.36,0.368,61.33333206176758,61.333,-146.98858642578125,-146.989,0.04301200264205284,24.164220809936523,24.2,0.03577919006347585,1.4858419589464675,1.5,0.014158041053532466,43,43.0,scolv:abakken,unknown,man_confirm,manual,aka2026rqewdr,aka2026rqewdr
matched,onsite,2026-09-06 02:19:00.00,2026-09-06 02:19:01.46,1.469,53.27482604980469,53.4006,-167.22760009765625,-167.2095,14.036961759907328,77.61774444580078,73.145,4.472744445800785,2.690092882124188,2.7,0.009907117875812332,47,26.0,scolv:abakken,unknown,man_confirm,manual,aka2026rqgbnb,us7000tg2m
matched,onsite,2026-09-06 02:35:05.00,2026-09-06 02:35:08.80,3.804,51.06825637817383,51.1977,-179.51185607910156,-179.4675,14.722471487770884,17.683542251586914,35.0,17.316457748413086,3.142956858448118,3.0,0.14295685844811779,50,30.0,scolv:abakken,unknown,man_confirm,manual,aka2026rqgpjo,us7000tg2n
matched,onsite,2026-09-06 03:15:53.00,2026-09-06 03:15:53.50,0.503,59.87081909179688,59.871,-141.18569946289062,-141.186,0.026192219917933756,4.345251083374023,4.3,0.045251083374023615,1.9942529618784481,2.0,0.005747038121551862,43,43.0,scolv:abakken,unknown,man_confirm,manual,aka2026rqhyuy,aka2026rqhyuy
matched,onsite,2026-09-06 03:25:30.00,2026-09-06 03:25:30.66,0.663,50.99520874023438,50.995,-175.657470703125,-175.657,0.04029786269096196,7.858409404754639,7.9,0.04159059524536168,2.5716594185726196,2.6,0.028340581427380496,16,16.0,scolv:abakken,unknown,man_confirm,manual,aka2026rqihcq,aka2026rqihcq
matched,onsite,2026-09-06 04:12:58.00,2026-09-06 04:12:58.72,0.722,51.26914596557617,51.269,-178.61343383789062,-178.613,0.03426965896413593,1.0430172681808472,1.0,0.04301726818084717,2.5049242285329174,2.5,0.004924228532917407,42,42.0,scolv:abakken,unknown,man_confirm,manual,aka2026rqjwhd,aka2026rqjwhd
matched,onsite,2026-09-06 04:22:23.00,2026-09-06 04:22:24.14,1.147,52.00730514526367,51.9656,-169.2095947265625,-169.2934,7.378387582536491,10.14659595489502,24.971,14.82440404510498,3.702226973717225,3.8,0.09777302628277473,55,45.0,scolv:djgossett,unknown,man_confirm,manual,aka2026rqkejb,us7000ten1
matched,onsite,2026-09-06 04:26:27.00,2026-09-06 04:26:27.24,0.243,52.02240753173828,52.022,-169.3983612060547,-169.398,0.05161723327028467,22.320953369140625,22.3,0.02095336914062429,2.918560474233029,2.9,0.0185604742330292,22,22.0,scolv:abakken,unknown,man_confirm,manual,aka2026rqkigh,aka2026rqkigh
matched,onsite,2026-09-06 05:10:07.00,2026-09-06 05:10:07.33,0.336,52.02484512329102,52.0413,-169.16537475585938,-169.1915,2.5576903451710256,10.453332901000977,10.0,0.45333290100097656,2.923628930349917,2.8,0.12362893034991718,24,23.0,scolv:abakken,unknown,man_confirm,manual,aka2026rqltws,us7000tg3r
matched,onsite,2026-09-06 05:31:43.00,2026-09-06 05:31:43.89,0.899,59.33687210083008,59.337,-147.71153259277344,-147.712,0.030080140463248063,37.212467193603516,37.2,0.012467193603512783,2.287294364769219,2.3,0.012705635230780832,69,69.0,scolv:abakken,unknown,man_confirm,manual,aka2026rqmmou,aka2026rqmmou
matched,onsite,2026-09-06 05:56:48.00,2026-09-06 05:56:48.68,0.688,61.01984786987305,61.02,-151.0830078125,-151.083,0.016921333709293412,74.98118591308594,75.0,0.0188140869140625,1.6264033592698688,1.6,0.026403359269868698,64,64.0,scolv:abakken,unknown,man_confirm,manual,aka2026rqniig,aka2026rqniig
matched,onsite,2026-09-06 05:57:19.00,2026-09-06 05:57:19.73,0.736,57.4221420288086,57.422,-156.4849853515625,-156.485,0.01581721683322909,92.20452117919922,92.2,0.004521179199215908,1.878022843581078,1.9,0.02197715641892195,52,52.0,scolv:abakken,unknown,man_confirm,manual,aka2026rqnitl,aka2026rqnitl
matched,onsite,2026-09-06 06:36:50.00,2026-09-06 06:36:50.53,0.537,54.62315368652344,54.623,-163.41587829589844,-163.416,0.01879960313473222,16.407073974609375,16.4,0.007073974609376421,2.0988791864664957,2.1,0.00112081353350435,20,20.0,scolv:abakken,unknown,man_confirm,manual,aka2026rqorbu,aka2026rqorbu
matched,onsite,2026-09-06 07:47:17.00,2026-09-06 07:47:17.27,0.271,63.12176513671875,63.122,-150.82057189941406,-150.821,0.033840393589641186,127.072509765625,127.1,0.027490234374994316,1.880233958963696,1.9,0.01976604103630386,86,86.0,scolv:abakken,unknown,man_confirm,manual,aka2026rqracz,aka2026rqracz
matched,onsite,2026-09-06 07:49:02.00,2026-09-06 07:49:02.74,0.74,52.17547988891602,52.175,-169.3302001953125,-169.33,0.055079743707308546,20.821983337402344,20.8,0.02198333740234304,2.816216572819089,2.8,0.01621657281908906,21,21.0,scolv:abakken,unknown,man_confirm,manual,aka2026rqrbql,aka2026rqrbql
matched,onsite,2026-09-06 07:51:03.00,2026-09-06 07:51:03.28,0.287,65.61895751953125,65.62,-147.97462463378906,-148.002,1.2618836323136768,1.3856112957000732,5.0,3.6143887042999268,1.29122273869976,1.1,0.1912227386997598,29,12.0,scolv:abakken,unknown,man_reject,automatic,aka2026rqrdjs,aka2026rqrdjs
matched,onsite,2026-09-06 08:43:31.00,2026-09-06 08:43:31.73,0.732,59.81170272827148,59.812,-153.26620483398438,-153.266,0.034983003017182754,130.72872924804688,130.7,0.02872924804688637,1.530791714036186,1.5,0.03079171403618597,55,55.0,scolv:abakken,unknown,man_confirm,manual,aka2026rqswwd,aka2026rqswwd
matched,onsite,2026-09-06 09:03:38.00,2026-09-06 09:03:38.81,0.813,52.16983032226562,52.1739,-169.02537536621094,-169.0968,4.891799487060323,1.042928695678711,10.0,8.957071304321289,2.86013369736732,2.7,0.16013369736731997,24,29.0,scolv:abakken,unknown,man_confirm,manual,aka2026rqtokh,us7000tg4k
matched,onsite,2026-09-06 09:49:09.00,2026-09-06 09:49:09.27,0.27,61.27543640136719,61.275,-150.52330017089844,-150.523,0.05110830948980522,52.10184478759766,52.1,0.0018447875976619343,1.4989301565418056,1.5,0.001069843458194386,44,44.0,scolv:abakken,unknown,man_confirm,manual,aka2026rqvbtq,aka2026rqvbtq
matched,onsite,2026-09-06 09:52:44.00,2026-09-06 09:52:49.05,5.055,54.48554992675781,54.62,-161.01963806152344,-161.1766,18.054491232190745,0.5986911654472351,35.0,34.401308834552765,2.8250649306165,2.8,0.02506493061650028,37,25.0,scolv:abakken,unknown,man_confirm,manual,aka2026rqvexc,us7000tg4n
matched,onsite,2026-09-06 09:59:33.00,2026-09-06 09:59:33.26,0.267,52.06790161132812,52.068,-178.52435302734375,-178.524,0.026495199352936538,157.0706329345703,157.1,0.029367065429681816,2.216326774018137,2.2,0.01632677401813698,38,38.0,scolv:abakken,unknown,man_confirm,manual,aka2026rqvkuh,aka2026rqvkuh
matched,onsite,2026-09-06 10:50:00.00,2026-09-06 10:50:00.81,0.814,60.04705429077148,60.047,-148.0354461669922,-148.035,0.025495496455549528,36.85504150390625,36.9,0.04495849609374858,2.663541544811591,2.7,0.03645845518840929,127,127.0,scolv:abakken,unknown,man_confirm,manual,aka2026rqxcnx,aka2026rqxcnx
matched,onsite,2026-09-06 11:01:08.00,2026-09-06 11:01:08.14,0.142,61.57885360717773,61.579,-150.87884521484375,-150.879,0.018223106295904783,65.50172424316406,65.5,0.0017242431640625,1.6073155137178303,1.6,0.007315513717830235,49,49.0,scolv:abakken,unknown,man_confirm,manual,aka2026rqxmeg,aka2026rqxmeg
matched,onsite,2026-09-06 11:06:29.00,2026-09-06 11:06:29.34,0.343,52.31874084472656,52.319,-169.73580932617188,-169.736,0.031596961976981974,14.01941967010498,14.0,0.01941967010498047,2.8130823048177853,2.8,0.013082304817785495,23,23.0,scolv:abakken,unknown,man_confirm,manual,aka2026rqxqxe,aka2026rqxqxe
matched,onsite,2026-09-06 11:09:52.00,2026-09-06 11:09:52.49,0.494,51.19440078735352,51.194,-177.4359588623047,-177.436,0.044657622096081456,28.413766860961914,28.4,0.013766860961915484,2.5048500669398543,2.5,0.004850066939854347,54,54.0,scolv:abakken,unknown,man_confirm,manual,aka2026rqxtum,aka2026rqxtum
matched,onsite,2026-09-06 11:10:56.00,2026-09-06 11:10:56.76,0.763,59.97842788696289,59.978,-147.94821166992188,-147.948,0.049014522999420475,26.45496940612793,26.5,0.04503059387207031,1.4414837939476888,1.4,0.04148379394768886,19,19.0,scolv:abakken,unknown,man_confirm,manual,aka2026rqxurj,aka2026rqxurj
matched,onsite,2026-09-06 11:18:11.00,2026-09-06 11:18:11.84,0.845,52.12372970581055,52.124,-169.357177734375,-169.357,0.032412201283482114,16.61628532409668,16.6,0.016285324096678266,2.867951913961303,2.9,0.03204808603869713,33,33.0,scolv:abakken,unknown,man_confirm,manual,aka2026rqyawr,aka2026rqyawr
matched,onsite,2026-09-06 11:33:15.00,2026-09-06 11:33:15.46,0.469,61.30264663696289,61.303,-152.51004028320312,-152.51,0.03935100247364704,0.8187195658683777,0.8,0.01871956586837764,1.89980646544483,1.9,0.00019353455517001628,44,44.0,scolv:abakken,unknown,man_confirm,manual,aka2026rqyobb,aka2026rqyobb
matched,onsite,2026-09-06 11:56:17.00,2026-09-06 11:56:17.31,0.315,61.53631210327148,61.536,-149.89837646484375,-149.898,0.04003043150498988,38.334285736083984,38.3,0.03428573608398722,1.4977429899045474,1.5,0.0022570100954526495,52,52.0,scolv:abakken,unknown,man_confirm,manual,aka2026rqzhzr,aka2026rqzhzr
matched,onsite,2026-09-06 12:07:22.00,2026-09-06 12:07:22.22,0.22,56.75758743286133,56.758,-155.58387756347656,-155.584,0.046478463259255164,7.122544288635254,7.1,0.02254428863525426,2.45507422838562,2.5,0.04492577161438005,63,63.0,scolv:abakken,unknown,man_confirm,manual,aka2026rqzrqb,aka2026rqzrqb
matched,onsite,2026-09-06 12:23:47.00,2026-09-06 12:23:47.38,0.388,58.62022399902344,58.62,-155.03248596191406,-155.032,0.037577872067295584,132.28701782226562,132.3,0.012982177734386369,2.5944880434032833,2.6,0.005511956596716772,126,126.0,scolv:abakken,unknown,man_confirm,manual,aka2026rrafwf,aka2026rrafwf
matched,onsite,2026-09-06 12:29:42.00,2026-09-06 12:29:42.66,0.663,53.51701354980469,53.517,-165.103515625,-165.104,0.03205975103197595,69.76990509033203,69.8,0.030094909667965908,2.41850454573092,2.4,0.018504545730920086,25,25.0,scolv:abakken,unknown,man_confirm,manual,aka2026rrakyv,aka2026rrakyv
matched,onsite,2026-09-06 12:30:39.00,2026-09-06 12:30:39.32,0.327,51.96160507202148,51.962,-169.14694213867188,-169.147,0.0440925772531216,18.275331497192383,18.3,0.024668502807617898,2.8414886947697595,2.8,0.04148869476975969,26,26.0,scolv:abakken,unknown,man_confirm,manual,aka2026rramay,aka2026rramay
matched,onsite,2026-09-06 12:49:20.00,2026-09-06 12:49:24.67,4.673,54.10024261474609,54.1708,-162.48822021484375,-162.5799,9.860280559983407,2.390346050262451,35.0,32.60965394973755,3.030202196627291,3.0,0.030202196627290956,60,35.0,scolv:abakken,unknown,man_confirm,manual,aka2026rrbcak,us7000tg57
matched,onsite,2026-09-06 13:09:33.00,2026-09-06 13:09:33.22,0.22,54.89043807983398,54.836,-163.0906524658203,-163.0541,6.489500060144908,98.0936508178711,98.772,0.6783491821289118,2.1715693930757394,2.8,0.6284306069242604,30,19.0,scolv:abakken,unknown,man_confirm,manual,aka2026rrbtno,us7000tg58
matched,onsite,2026-09-06 13:23:49.00,2026-09-06 13:23:49.71,0.715,64.77678680419922,64.777,-149.79928588867188,-149.799,0.027303946905106784,8.425577163696289,8.4,0.025577163696288707,1.5113961167201477,1.5,0.011396116720147731,39,39.0,scolv:abakken,unknown,man_confirm,manual,aka2026rrcfxr,aka2026rrcfxr
matched,onsite,2026-09-06 13:29:20.00,2026-09-06 13:29:20.53,0.531,59.92718124389648,59.927,-153.4269561767578,-153.427,0.020300791437002173,122.99610900878906,123.0,0.0038909912109375,1.4813427201538512,1.5,0.018657279846148844,31,31.0,scolv:abakken,unknown,man_confirm,manual,aka2026rrcksw,aka2026rrcksw
matched,onsite,2026-09-06 13:33:26.00,2026-09-06 13:33:26.10,0.109,60.4264144897461,60.426,-139.64291381835938,-139.643,0.04633119503737667,1.5595345497131348,1.6,0.04046545028686532,1.613428277937232,1.6,0.013428277937231892,19,19.0,scolv:abakken,unknown,man_confirm,manual,aka2026rrcohr,aka2026rrcohr
matched,onsite,2026-09-06 14:39:00.00,2026-09-06 14:39:00.38,0.387,51.37336349487305,51.3462,-175.559814453125,-175.5732,3.16019972690694,31.5604190826416,35.0,3.4395809173583984,2.8113796716205575,2.7,0.11137967162055729,44,23.0,scolv:abakken,unknown,man_confirm,manual,aka2026rretag,us7000tg5m
matched,onsite,2026-09-06 14:58:57.00,2026-09-06 14:58:56.44,0.553,51.96263885498047,51.9829,-169.27687072753906,-169.3352,4.586961335704081,12.620139122009277,10.0,2.6201391220092773,3.3858475451382923,3.1,0.28584754513829225,45,31.0,scolv:djgossett,unknown,man_confirm,manual,aka2026rrfkjq,us7000ter5
matched,onsite,2026-09-06 15:26:20.00,2026-09-06 15:26:20.54,0.544,57.53644943237305,57.536,-132.9073486328125,-132.907,0.054133627841916915,0.0,0.0,0.0,2.193149593254551,2.2,0.0068504067454493445,19,19.0,scolv:abakken,unknown,man_confirm,manual,aka2026rrgiff,aka2026rrgiff
matched,onsite,2026-09-06 15:28:07.00,2026-09-06 15:28:06.96,0.032,52.13049697875977,52.0951,-169.11288452148438,-169.1375,4.279859650414124,5.15177583694458,10.0,4.84822416305542,4.022972660955168,3.9,0.12297266095516823,71,44.0,scolv:djgossett,unknown,man_confirm,manual,aka2026rrgjrx,us7000ter6
matched,onsite,2026-09-06 15:47:16.00,2026-09-06 15:47:16.80,0.807,62.29990005493164,62.3,-152.16650390625,-152.167,0.027946885979615716,126.08844757080078,126.1,0.011552429199213066,1.813380925348109,1.8,0.013380925348108974,44,44.0,scolv:abakken,unknown,man_confirm,manual,aka2026rrhahc,aka2026rrhahc
matched,onsite,2026-09-06 15:49:18.00,2026-09-06 15:49:18.60,0.609,51.57508850097656,51.575,-178.17825317382812,-178.178,0.020073625104438154,77.2515640258789,77.3,0.04843597412109091,2.031111798204542,2.0,0.03111179820454213,42,42.0,scolv:abakken,unknown,man_confirm,manual,aka2026rrhcbe,aka2026rrhcbe
matched,onsite,2026-09-06 16:18:33.00,2026-09-06 16:18:33.66,0.664,52.76896286010742,52.769,-167.65354919433594,-167.654,0.03060841358172259,1.0203499794006348,1.0,0.020349979400634766,2.4996294054692507,2.5,0.0003705945307492797,44,44.0,scolv:abakken,unknown,man_confirm,manual,aka2026rribgv,aka2026rribgv
matched,onsite,2026-09-06 17:02:56.00,2026-09-06 17:02:56.33,0.338,58.2030143737793,58.203,-152.81365966796875,-152.814,0.02000395594228827,22.776683807373047,22.8,0.023316192626953836,2.138274832456863,2.1,0.03827483245686292,33,33.0,scolv:abakken,unknown,man_confirm,manual,aka2026rrjnww,aka2026rrjnww
matched,onsite,2026-09-06 17:37:03.00,2026-09-06 17:37:03.02,0.021,60.83774948120117,60.838,-150.82162475585938,-150.822,0.034487238331298645,19.855854034423828,19.9,0.044145965576170454,1.7221094296253763,1.7,0.02210942962537632,45,45.0,scolv:abakken,unknown,man_confirm,manual,aka2026rrkrls,aka2026rrkrls
matched,onsite,2026-09-06 18:06:17.00,2026-09-06 18:06:18.96,1.964,51.2667236328125,51.341,-179.0203399658203,-178.9783,8.760983693511657,17.107206344604492,29.791,12.683793655395508,2.932388349184454,2.8,0.13238834918445397,56,30.0,scolv:abakken,unknown,man_confirm,manual,aka2026rrlqvr,us7000tg6p
matched,onsite,2026-09-06 18:38:05.00,2026-09-06 18:38:05.25,0.252,57.61201095581055,57.612,-155.9613494873047,-155.961,0.02085162198840026,9.844762802124023,9.8,0.04476280212402273,1.7940707320267737,1.8,0.005929267973226349,17,17.0,scolv:abakken,unknown,man_confirm,manual,aka2026rrmskk,aka2026rrmskk
matched,onsite,2026-09-06 19:39:56.00,2026-09-06 19:39:56.02,0.029,66.36848449707031,66.368,-147.22760009765625,-147.228,0.056745883531853544,3.4079504013061523,3.4,0.007950401306152433,1.476329752729136,1.5,0.023670247270864087,21,21.0,scolv:abakken,unknown,man_confirm,manual,aka2026rrouak,aka2026rrouak
matched,onsite,2026-09-06 19:55:46.00,2026-09-06 19:55:46.13,0.139,57.7933578491211,57.793,-155.1134033203125,-155.113,0.04641825395996198,18.741056442260742,18.7,0.0410564422607429,1.5200098859732816,1.5,0.02000988597328157,19,19.0,scolv:abakken,unknown,man_confirm,manual,aka2026rrphti,aka2026rrphti
matched,onsite,2026-09-06 20:22:53.00,2026-09-06 20:22:53.30,0.302,54.52161407470703,54.522,-160.71060180664062,-160.711,0.05001912484517139,4.818851947784424,4.8,0.018851947784424006,2.45257798518056,2.5,0.04742201481943997,18,18.0,scolv:abakken,unknown,man_confirm,manual,aka2026rrqfgn,aka2026rrqfgn
matched,onsite,2026-09-06 20:27:19.00,2026-09-06 20:27:20.02,1.022,53.57205581665039,53.5616,-164.8913116455078,-164.926,2.5688689739234167,28.329044342041016,35.0,6.670955657958984,2.7560398371299457,2.8,0.04396016287005411,48,26.0,scolv:abakken,unknown,man_confirm,manual,aka2026rrqiyx,us7000tg6w
matched,onsite,2026-09-06 20:31:34.00,2026-09-06 20:31:34.50,0.504,62.27205657958984,62.272,-151.363037109375,-151.363,0.006577784726806684,90.6480712890625,90.6,0.048071289062505684,2.0254358902756264,2.0,0.025435890275626427,78,78.0,scolv:abakken,unknown,man_confirm,manual,aka2026rrqmvn,aka2026rrqmvn
matched,onsite,2026-09-06 20:34:06.00,2026-09-06 20:34:06.31,0.319,63.27494049072266,63.275,-150.37908935546875,-150.379,0.00798446646376778,118.173828125,118.2,0.026171875000002842,1.800349681592564,1.8,0.00034968159256387743,48,48.0,scolv:abakken,unknown,man_confirm,manual,aka2026rrqozv,aka2026rrqozv
matched,onsite,2026-09-06 20:45:07.00,2026-09-06 20:45:07.60,0.606,51.63813781738281,51.638,-175.93455505371094,-175.935,0.034317653385544565,68.3749771118164,68.4,0.025022888183599434,2.150020589337913,2.2,0.049979410662087,25,25.0,scolv:abakken,unknown,man_confirm,manual,aka2026rrqynv,aka2026rrqynv
matched,onsite,2026-09-06 20:46:19.00,2026-09-06 20:46:19.56,0.568,51.19201278686523,51.192,-176.2893829345703,-176.289,0.026723510210040092,8.84901237487793,8.8,0.04901237487792898,2.352174097302986,2.4,0.04782590269701403,18,18.0,scolv:abakken,unknown,man_confirm,manual,aka2026rrqzpe,aka2026rrqzpe
matched,onsite,2026-09-06 21:14:22.00,2026-09-06 21:14:22.84,0.844,52.18176651000977,52.182,-169.21717834472656,-169.217,0.028669260607894823,10.814659118652344,10.8,0.01465911865234304,2.741730321420001,2.7,0.04173032142000066,26,26.0,scolv:abakken,unknown,man_confirm,manual,aka2026rrrxuh,aka2026rrrxuh
matched,onsite,2026-09-06 22:02:07.00,2026-09-06 22:02:07.79,0.799,61.60129165649414,61.601,-146.370849609375,-146.371,0.033391743962204005,20.281370162963867,20.3,0.018629837036133523,2.6380713466160874,2.6,0.038071346616087354,128,128.0,scolv:abakken,unknown,man_confirm,manual,aka2026rrtnhu,aka2026rrtnhu
matched,onsite,2026-09-06 22:17:03.00,2026-09-06 22:17:03.87,0.878,53.27690887451172,53.277,-165.78131103515625,-165.781,0.023029279358177102,19.448305130004883,19.4,0.048305130004884234,2.283541365696566,2.3,0.01645863430343386,42,42.0,scolv:abakken,unknown,man_confirm,manual,aka2026rruahn,aka2026rruahn
matched,onsite,2026-09-06 22:17:09.00,2026-09-06 22:17:09.09,0.092,51.29106903076172,51.291,-176.3464813232422,-176.346,0.03433886034034255,30.062021255493164,30.1,0.03797874450683736,2.399777592973104,2.4,0.000222407026896132,23,23.0,scolv:abakken,unknown,man_confirm,manual,aka2026rruail,aka2026rruail
matched,onsite,2026-09-06 22:40:21.00,2026-09-06 22:40:21.06,0.067,52.15177536010742,52.152,-169.1719512939453,-169.172,0.025198882821982616,11.159789085388184,11.2,0.040210914611815696,2.6614456085476914,2.7,0.03855439145230877,23,23.0,scolv:abakken,unknown,man_confirm,manual,aka2026rruulo,aka2026rruulo
matched,onsite,2026-09-06 22:44:57.00,2026-09-06 22:44:58.49,1.499,54.33446884155273,54.3654,-161.36607360839844,-161.3814,3.5799417293782962,1.151489496231079,10.0,8.848510503768921,2.581106851355234,2.6,0.0188931486447661,30,29.0,scolv:abakken,unknown,man_confirm,manual,aka2026rruymb,us7000tg7j
matched,onsite,2026-09-06 23:01:05.00,2026-09-06 23:01:05.32,0.323,53.46326446533203,53.463,-166.25161743164062,-166.252,0.03880937372493809,34.400917053222656,34.4,0.0009170532226576711,1.9075572020567986,1.9,0.007557202056798662,23,23.0,scolv:abakken,unknown,man_confirm,manual,aka2026rrvmle,aka2026rrvmle
matched,onsite,2026-09-06 23:32:41.00,2026-09-06 23:32:42.55,1.556,50.97753524780273,51.0168,-178.4972686767578,-178.4169,7.120062753691904,3.63124942779541,5.0,1.3687505722045898,3.593848577982279,3.4,0.19384857798227895,62,65.0,scolv:djgossett,unknown,man_confirm,manual,aka2026rrwnqc,us7000tet0
matched,onsite,2026-09-06 23:37:16.00,2026-09-06 23:37:16.18,0.183,68.63095092773438,68.631,-148.62962341308594,-148.63,0.016204322816593827,3.0091662406921387,3.0,0.009166240692138672,2.785106910143225,2.8,0.014893089856774733,68,68.0,scolv:abakken,unknown,man_confirm,manual,aka2026rrwrsv,aka2026rrwrsv
matched,onsite,2026-09-06 23:41:03.00,2026-09-06 23:41:03.84,0.848,51.91128158569336,51.911,-169.12734985351562,-169.127,0.03944963215400768,5.861915111541748,5.9,0.03808488845825231,2.7186148961599903,2.7,0.018614896159990124,30,30.0,scolv:abakken,unknown,man_confirm,manual,aka2026rrwvgy,aka2026rrwvgy
matched,onsite,2026-09-06 23:42:34.00,2026-09-06 23:42:34.59,0.599,60.0089111328125,60.009,-152.31419372558594,-152.314,0.01461471008359124,73.64291381835938,73.6,0.042913818359380684,1.554673956392467,1.6,0.04532604360753312,34,34.0,scolv:abakken,unknown,man_confirm,manual,aka2026rrwwkh,aka2026rrwwkh
matched,onsite,2026-09-06 23:47:20.00,2026-09-06 23:47:20.33,0.332,59.78852844238281,59.789,-153.24606323242188,-153.246,0.05255404021478168,133.02438354492188,133.0,0.024383544921875,1.9704209272361417,2.0,0.029579072763858294,67,67.0,scolv:abakken,unknown,man_confirm,manual,aka2026rrxaqi,aka2026rrxaqi
matched,onsite,2026-09-06 23:52:26.00,2026-09-06 23:52:26.22,0.221,52.07281112670898,52.073,-169.27145385742188,-169.271,0.037460617077769744,13.347594261169434,13.3,0.04759426116943288,2.758917674003813,2.8,0.041082325996186775,34,34.0,scolv:abakken,unknown,man_confirm,manual,aka2026rrxevv,aka2026rrxevv
matched,onsite,2026-09-07 00:06:33.00,2026-09-07 00:06:33.01,0.018,61.716064453125,61.716,-149.57757568359375,-149.578,0.02347737295512399,21.17797088623047,21.2,0.02202911376953054,2.2738499840445883,2.3,0.026150015955411554,115,115.0,scolv:abakken,unknown,man_confirm,manual,aka2026rrxren,aka2026rrxren
matched,onsite,2026-09-07 00:19:38.00,2026-09-07 00:19:38.10,0.107,61.54722595214844,61.547,-146.48748779296875,-146.487,0.036042445145369646,20.102815628051758,20.1,0.0028156280517563914,2.751644309375509,2.8,0.048355690624490855,130,130.0,scolv:abakken,unknown,man_confirm,manual,aka2026rrycnr,aka2026rrycnr
matched,onsite,2026-09-07 00:45:26.00,2026-09-07 00:45:26.34,0.343,64.60993194580078,64.61,-150.56260681152344,-150.563,0.020216128816094997,0.8977333903312683,0.9,0.0022666096687317117,1.3809759049962094,1.4,0.019024095003790542,26,26.0,scolv:abakken,unknown,man_confirm,manual,aka2026rryyxt,aka2026rryyxt
matched,onsite,2026-09-07 01:02:43.00,2026-09-07 01:02:45.05,2.05,51.73081588745117,51.6698,176.54971313476562,176.5445,6.794162595783819,18.441810607910156,35.0,16.558189392089844,3.9306345322064473,3.7,0.23063453220644714,33,40.0,scolv:djgossett,unknown,man_confirm,manual,aka2026rrznwc,us7000tet2
matched,onsite,2026-09-07 01:07:18.00,2026-09-07 01:07:18.02,0.024,53.89667892456055,53.897,-166.65989685058594,-166.66,0.03633601617650545,10.428412437438965,10.4,0.02841243743896449,2.2034389200397184,2.2,0.0034389200397182407,48,48.0,scolv:abakken,unknown,man_confirm,manual,aka2026rrzrwo,aka2026rrzrwo
matched,onsite,2026-09-07 01:28:18.00,2026-09-07 01:28:18.04,0.043,53.11428451538086,53.114,-165.59652709960938,-165.597,0.04468837232110233,13.403643608093262,13.4,0.0036436080932613635,2.3405598059347223,2.3,0.040559805934722526,31,31.0,scolv:abakken,unknown,man_confirm,manual,aka2026rsajzi,aka2026rsajzi
matched,onsite,2026-09-07 01:40:23.00,2026-09-07 01:40:23.56,0.563,62.31340408325195,62.313,-151.07135009765625,-151.071,0.0484361290238427,92.50275421142578,92.5,0.00275421142578125,2.440133235295479,2.4,0.040133235295479075,105,105.0,scolv:abakken,unknown,man_confirm,manual,aka2026rsauol,aka2026rsauol
matched,onsite,2026-09-07 01:43:08.00,2026-09-07 01:43:08.57,0.575,59.87300109863281,59.873,-152.91123962402344,-152.911,0.01337416061406801,118.64159393310547,118.6,0.041593933105474434,2.048641891126848,2.0,0.0486418911268478,73,73.0,scolv:abakken,unknown,man_confirm,manual,aka2026rsaxav,aka2026rsaxav
matched,onsite,2026-09-07 01:59:54.00,2026-09-07 01:59:54.73,0.732,57.9138069152832,57.914,-138.87417602539062,-138.874,0.023855031976709868,16.06562042236328,16.1,0.03437957763672017,3.9515707043118,4.0,0.0484292956882002,43,43.0,scolv:djgossett,unknown,man_confirm,manual,aka2026rsblne,aka2026rsblne
matched,onsite,2026-09-07 02:08:48.00,2026-09-07 02:08:48.41,0.411,53.89287567138672,53.9016,-166.66531372070312,-166.6622,0.9913206121600487,10.25972843170166,7.961,2.29872843170166,3.254335395667967,3.3,0.04566460433203279,61,27.0,scolv:abakken,unknown,man_confirm,manual,aka2026rsbtfa,us7000teti
matched,onsite,2026-09-07 02:17:25.00,2026-09-07 02:17:25.81,0.81,61.5523452758789,61.552,-146.47705078125,-146.477,0.03848703501022492,21.834156036376953,21.8,0.034156036376952414,1.6210446687764015,1.6,0.021044668776401432,40,40.0,scolv:abakken,unknown,man_confirm,manual,aka2026rscarb,aka2026rscarb
matched,onsite,2026-09-07 02:28:03.00,2026-09-07 02:28:02.32,0.679,52.19607925415039,52.1493,-169.1897735595703,-169.1818,5.229958820491802,13.80713653564453,10.0,3.8071365356445295,3.264500248319954,3.2,0.06450024831995371,43,29.0,scolv:djgossett,unknown,man_confirm,manual,aka2026rscjwd,us7000tey6
matched,onsite,2026-09-07 03:02:05.00,2026-09-07 03:02:05.86,0.867,51.57391738891602,51.574,-176.89212036132812,-176.892,0.012392316446723757,71.81855010986328,71.8,0.018550109863284092,2.2436806674873995,2.2,0.043680667487399294,24,24.0,scolv:abakken,unknown,man_confirm,manual,aka2026rsdnko,aka2026rsdnko
matched,onsite,2026-09-07 03:14:22.00,2026-09-07 03:14:22.22,0.223,53.889404296875,53.889,-166.6436767578125,-166.644,0.049696432978987716,6.781301021575928,6.8,0.018698978424072088,1.5413328639566595,1.5,0.04133286395665947,26,26.0,scolv:abakken,unknown,man_confirm,manual,aka2026rsdyax,aka2026rsdyax
matched,onsite,2026-09-07 03:17:25.00,2026-09-07 03:17:06.79,18.21,53.89462280273438,53.896666666667,-166.66439819335938,-166.64233333333,1.463498141682974,8.599297523498535,8.27,0.3292975234985356,3.0777875548612665,0.84,2.2377875548612667,68,17.0,scolv:abakken,unknown,man_confirm,manual,aka2026rseald,av94420543
matched,onsite,2026-09-07 03:18:57.00,2026-09-07 03:18:57.39,0.396,52.21029663085938,52.21,-169.1908721923828,-169.191,0.03411407249744717,12.195321083068848,12.2,0.004678916931151633,2.6149237007370516,2.6,0.014923700737051515,21,21.0,scolv:abakken,unknown,man_confirm,manual,aka2026rsecau,aka2026rsecau
matched,onsite,2026-09-07 03:30:34.00,2026-09-07 03:30:34.24,0.24,59.66321563720703,59.663,-152.9970245361328,-152.997,0.024017328460150963,113.9675064086914,114.0,0.03249359130859375,2.2353041922505383,2.2,0.03530419225053816,78,78.0,scolv:abakken,unknown,man_confirm,manual,aka2026rselys,aka2026rselys
matched,onsite,2026-09-07 03:37:38.00,2026-09-07 03:37:38.81,0.815,63.9840316772461,63.984,-149.85853576660156,-149.859,0.022914180670962903,4.069546222686768,4.1,0.030453777313232067,1.406253535560748,1.4,0.006253535560748036,35,35.0,scolv:abakken,unknown,man_confirm,manual,aka2026rsesfx,aka2026rsesfx
matched,onsite,2026-09-07 03:38:00.00,2026-09-07 03:38:00.04,0.046,53.90119171142578,53.901,-166.6632537841797,-166.663,0.02703453378343536,10.780390739440918,10.8,0.019609260559082742,1.969060845411886,2.0,0.030939154588113915,34,34.0,scolv:abakken,unknown,man_confirm,manual,aka2026rsesny,aka2026rsesny
matched,onsite,2026-09-07 03:44:43.00,2026-09-07 03:44:43.61,0.611,58.7441177368164,58.744,-153.16989135742188,-153.17,0.01451491680725945,66.56916046142578,66.6,0.030839538574213066,1.9979450849160783,2.0,0.002054915083921749,32,32.0,scolv:abakken,unknown,man_confirm,manual,aka2026rseyji,aka2026rseyji
matched,onsite,2026-09-07 04:16:45.00,2026-09-07 04:16:45.23,0.237,51.87009811401367,51.87,-176.5405731201172,-176.541,0.03127297677706441,8.710104942321777,8.7,0.010104942321778054,1.8175748955611708,1.8,0.017574895561170756,16,16.0,scolv:abakken,unknown,man_confirm,manual,aka2026rsgadm,aka2026rsgadm
matched,onsite,2026-09-07 04:45:36.00,2026-09-07 04:45:36.15,0.153,57.52098083496094,57.521,-151.8199920654297,-151.82,0.002183085355522353,14.333309173583984,14.3,0.033309173583983664,2.2349836292918304,2.2,0.03498362929183019,16,16.0,scolv:abakken,unknown,man_confirm,manual,aka2026rsgzgk,aka2026rsgzgk
matched,onsite,2026-09-07 06:40:58.00,2026-09-07 06:40:58.12,0.121,59.50406646728516,59.504,-152.9459991455078,-152.946,0.0073909821852588846,105.55488586425781,105.6,0.045114135742181816,2.336559138803647,2.3,0.03655913880364725,99,99.0,scolv:abakken,unknown,man_confirm,manual,aka2026rskved,aka2026rskved
matched,onsite,2026-09-07 06:49:57.00,2026-09-07 06:49:57.85,0.859,59.17350387573242,59.174,-136.42437744140625,-136.424,0.05921049223450144,4.271229267120361,4.3,0.028770732879638494,2.0280237048727874,2.0,0.02802370487278738,19,19.0,scolv:abakken,unknown,man_confirm,manual,aka2026rslcyz,aka2026rslcyz
matched,onsite,2026-09-07 07:01:49.00,2026-09-07 07:01:49.22,0.225,61.18918991088867,61.189,-140.3372039794922,-140.337,0.023778407071957115,0.7316703200340271,0.7,0.031670320034027144,1.7687023828595771,1.8,0.031297617140422895,37,37.0,scolv:abakken,unknown,man_confirm,manual,aka2026rslngn,aka2026rslngn
matched,onsite,2026-09-07 07:02:44.00,2026-09-07 07:02:44.86,0.865,51.39871215820312,51.4209,-175.1773223876953,-175.1358,3.7921872194475106,23.326963424682617,35.0,11.673036575317383,2.745497521914536,2.7,0.04549752191453571,20,21.0,scolv:abakken,unknown,man_confirm,manual,aka2026rslnyl,us7000tgge
matched,onsite,2026-09-07 07:07:36.00,2026-09-07 07:07:36.10,0.109,63.04461288452148,63.045,-150.65591430664062,-150.656,0.043261438971769386,122.38629913330078,122.4,0.013700866699224434,2.772049253333526,2.8,0.02795074666647368,162,162.0,scolv:abakken,unknown,man_confirm,manual,aka2026rslsel,aka2026rslsel
matched,onsite,2026-09-07 07:24:16.00,2026-09-07 07:24:16.66,0.664,53.32332611083984,53.323,-165.1494598388672,-165.149,0.047409688762563476,8.05447006225586,8.1,0.04552993774414027,2.3500645205947595,2.4,0.04993547940524046,28,28.0,scolv:abakken,unknown,man_confirm,manual,aka2026rsmgsj,aka2026rsmgsj
matched,onsite,2026-09-07 07:47:43.00,2026-09-07 07:47:43.73,0.73,58.0300407409668,58.03,-154.6171112060547,-154.617,0.00796172454657529,90.15721130371094,90.2,0.04278869628906534,1.7640977923162313,1.8,0.03590220768376873,44,44.0,scolv:abakken,unknown,man_confirm,manual,aka2026rsnays,aka2026rsnays
matched,onsite,2026-09-07 07:58:09.00,2026-09-07 07:58:09.13,0.136,53.89355850219727,53.894,-166.66053771972656,-166.661,0.05768540714642659,11.394506454467773,11.4,0.005493545532226918,1.879889568502239,1.9,0.020110431497760928,36,36.0,scolv:abakken,unknown,man_confirm,manual,aka2026rsnkco,aka2026rsnkco
matched,onsite,2026-09-07 08:15:41.00,2026-09-07 08:15:41.23,0.23,60.3403091430664,60.34,-142.96630859375,-142.966,0.038340331828237366,10.85104751586914,10.9,0.04895248413085973,1.5673535627810653,1.6,0.03264643721893479,39,39.0,scolv:abakken,unknown,man_confirm,manual,aka2026rsnzhu,aka2026rsnzhu
matched,onsite,2026-09-07 08:34:05.00,2026-09-07 08:34:05.21,0.21,57.73056411743164,57.731,-154.98977661132812,-154.99,0.05024954996928594,81.07527160644531,81.1,0.024728393554681816,1.8744310050276423,1.9,0.02556899497235765,41,41.0,scolv:abakken,unknown,man_confirm,manual,aka2026rsopgp,aka2026rsopgp
matched,onsite,2026-09-07 08:38:23.00,2026-09-07 08:38:23.59,0.599,63.96053314208984,63.961,-148.7958984375,-148.796,0.052148416180083326,114.03553771972656,114.0,0.0355377197265625,1.6213258557293797,1.6,0.021325855729379617,54,54.0,scolv:abakken,unknown,man_confirm,manual,aka2026rsoszq,aka2026rsoszq
matched,onsite,2026-09-07 08:41:51.00,2026-09-07 08:41:51.48,0.481,58.39562225341797,58.396,-153.56991577148438,-153.57,0.04228928900056138,82.49664306640625,82.5,0.00335693359375,2.0349543171148747,2.0,0.03495431711487473,42,42.0,scolv:abakken,unknown,man_confirm,manual,aka2026rsovzw,aka2026rsovzw
matched,onsite,2026-09-07 09:14:34.00,2026-09-07 09:14:34.64,0.642,59.39796829223633,59.398,-152.77574157714844,-152.776,0.015047225298492197,69.59856414794922,69.6,0.0014358520507755657,1.9998626522426473,2.0,0.00013734775735274596,55,55.0,scolv:abakken,unknown,man_confirm,manual,aka2026rspyja,aka2026rspyja
matched,onsite,2026-09-07 09:15:06.00,2026-09-07 09:15:06.33,0.338,52.12739944458008,52.127,-169.30319213867188,-169.303,0.046312330502082145,11.299959182739258,11.3,4.081726074289804e-05,2.705819080488295,2.7,0.0058190804882949365,20,20.0,scolv:abakken,unknown,man_confirm,manual,aka2026rspyvj,aka2026rspyvj
matched,onsite,2026-09-07 09:50:51.00,2026-09-07 09:50:51.19,0.193,61.97072982788086,61.971,-150.56256103515625,-150.563,0.03779708778792819,6.132848739624023,6.1,0.03284873962402379,1.7083307985552754,1.7,0.00833079855527541,41,41.0,scolv:abakken,unknown,man_confirm,manual,aka2026rsrdvd,aka2026rsrdvd
matched,onsite,2026-09-07 09:55:50.00,2026-09-07 09:55:50.62,0.626,59.97570037841797,59.976,-152.39697265625,-152.397,0.033351117108834746,80.04000854492188,80.0,0.040008544921875,2.2688239800575336,2.3,0.031176019942466215,95,95.0,scolv:abakken,unknown,man_confirm,manual,aka2026rsridv,aka2026rsridv
matched,onsite,2026-09-07 10:13:08.00,2026-09-07 10:13:08.87,0.872,63.01639175415039,63.016,-149.60836791992188,-149.608,0.047351299509925095,74.87239074707031,74.9,0.027609252929693184,2.019687127456016,2.0,0.019687127456016196,71,71.0,scolv:abakken,unknown,man_confirm,manual,aka2026rsrxdn,aka2026rsrxdn
matched,onsite,2026-09-07 10:23:39.00,2026-09-07 10:23:38.80,0.193,56.16850280761719,56.1153,-150.21861267089844,-150.057,11.629220180714874,5.0,10.0,5.0,3.0601869218101823,2.8,0.26018692181018244,47,39.0,scolv:abakken,unknown,man_confirm,manual,aka2026rssgot,us7000tghd
matched,onsite,2026-09-07 10:38:10.00,2026-09-07 10:38:10.91,0.914,58.87685775756836,58.877,-154.3229522705078,-154.323,0.01605276389054532,121.37206268310547,121.4,0.027937316894536934,2.227948808382272,2.2,0.02794880838227165,77,77.0,scolv:abakken,unknown,man_confirm,manual,aka2026rsssww,aka2026rsssww
matched,onsite,2026-09-07 10:46:54.00,2026-09-07 10:46:54.01,0.018,51.87897109985352,51.879,-169.40963745117188,-169.41,0.025093187047326295,4.70378589630127,4.7,0.003785896301270242,2.84169983709704,2.8,0.04169983709704006,21,21.0,scolv:abakken,unknown,man_confirm,manual,aka2026rstand,aka2026rstand
matched,onsite,2026-09-07 11:19:04.00,2026-09-07 11:19:04.59,0.59,61.87644958496094,61.876,-150.33926391601562,-150.339,0.05187014322943103,0.6321463584899902,0.6,0.03214635848999026,2.290381013222378,2.3,0.009618986777621963,73,73.0,scolv:abakken,unknown,man_confirm,manual,aka2026rsuchw,aka2026rsuchw
matched,onsite,2026-09-07 11:23:06.00,2026-09-07 11:23:06.50,0.508,63.36014175415039,63.36,-145.0695343017578,-145.07,0.028063487605594503,9.395227432250977,9.4,0.004772567749023793,1.7399863013200207,1.7,0.03998630132002079,36,36.0,scolv:abakken,unknown,man_confirm,manual,aka2026rsufuu,aka2026rsufuu
matched,onsite,2026-09-07 11:25:52.00,2026-09-07 11:25:52.88,0.885,58.42913055419922,58.429,-152.77130126953125,-152.771,0.022767389699336706,55.38290786743164,55.4,0.017092132568357954,1.9493342759758678,1.9,0.049334275975867925,34,34.0,scolv:abakken,unknown,man_confirm,manual,aka2026rsuifk,aka2026rsuifk
matched,onsite,2026-09-07 12:07:07.00,2026-09-07 12:07:07.36,0.367,53.92898178100586,53.929,-166.63577270507812,-166.636,0.015018302981921033,4.522003173828125,4.5,0.022003173828125,2.3005925418158855,2.3,0.0005925418158856388,26,26.0,scolv:abakken,unknown,man_confirm,manual,aka2026rsvrxa,aka2026rsvrxa
matched,onsite,2026-09-07 12:17:06.00,2026-09-07 12:17:05.56,0.434,51.90257263183594,51.9085,-169.2902374267578,-169.2899,0.6594996479149522,18.159034729003906,10.0,8.159034729003906,3.1691572680454607,3.1,0.06915726804546063,40,33.0,scolv:abakken,unknown,man_confirm,manual,aka2026rswaoy,us7000tghn
matched,onsite,2026-09-07 12:26:34.00,2026-09-07 12:26:34.95,0.953,59.87250900268555,59.873,-152.03746032714844,-152.037,0.06033917747273179,65.8206558227539,65.8,0.020655822753909092,1.556087470350016,1.6,0.043912529649984045,26,26.0,scolv:abakken,unknown,man_confirm,manual,aka2026rswivq,aka2026rswivq
matched,onsite,2026-09-07 12:36:01.00,2026-09-07 12:36:01.81,0.811,53.89836883544922,53.898,-166.6661834716797,-166.666,0.04273798334409496,10.956462860107422,11.0,0.043537139892578125,1.9581467333067977,2.0,0.04185326669320233,35,35.0,scolv:abakken,unknown,man_confirm,manual,aka2026rswqrp,aka2026rswqrp
matched,onsite,2026-09-07 13:05:19.00,2026-09-07 13:05:19.81,0.812,52.14620208740234,52.146,-169.09658813476562,-169.097,0.035982754132563945,12.890801429748535,12.9,0.009198570251465199,2.719868005820709,2.7,0.019868005820709023,22,22.0,scolv:abakken,unknown,man_confirm,manual,aka2026rsxqno,aka2026rsxqno
matched,onsite,2026-09-07 13:13:49.00,2026-09-07 13:13:49.72,0.726,60.42678833007812,60.427,-139.5655059814453,-139.566,0.03590232784814024,0.8948400616645813,0.9,0.005159938335418723,1.9117656296273713,1.9,0.011765629627371377,24,24.0,scolv:abakken,unknown,man_confirm,manual,aka2026rsxxvd,aka2026rsxxvd
matched,onsite,2026-09-07 13:14:48.00,2026-09-07 13:14:48.43,0.437,52.02705764770508,52.027,-169.33995056152344,-169.34,0.007247804804456174,21.547107696533203,21.5,0.047107696533203125,2.7256676608707164,2.7,0.025667660870716258,20,20.0,scolv:abakken,unknown,man_confirm,manual,aka2026rsxyrr,aka2026rsxyrr
matched,onsite,2026-09-07 13:33:36.00,2026-09-07 13:33:36.03,0.036,58.89848709106445,58.898,-154.3299560546875,-154.33,0.054220841347807996,121.77031707763672,121.8,0.029682922363278408,1.782598467548731,1.8,0.017401532451269075,51,51.0,scolv:abakken,unknown,man_confirm,manual,aka2026rsyoyr,aka2026rsyoyr
matched,onsite,2026-09-07 13:39:44.00,2026-09-07 13:39:44.85,0.853,62.2802848815918,62.28,-151.1472930908203,-151.147,0.035117820087778716,80.96404266357422,81.0,0.03595733642578125,2.2260232769100208,2.2,0.0260232769100206,76,76.0,scolv:abakken,unknown,man_confirm,manual,aka2026rsyuhl,aka2026rsyuhl
matched,onsite,2026-09-07 13:54:43.00,2026-09-07 13:54:43.61,0.613,59.62971496582031,59.63,-152.461181640625,-152.461,0.033298765482236724,74.22126770019531,74.2,0.021267700195309658,1.991561006520988,2.0,0.008438993479011891,71,71.0,scolv:abakken,unknown,man_confirm,manual,aka2026rszhhl,aka2026rszhhl
matched,onsite,2026-09-07 14:05:39.00,2026-09-07 14:05:39.46,0.467,60.23849105834961,60.238,-152.46815490722656,-152.468,0.05526859472556681,85.54486083984375,85.5,0.04486083984375,1.5242992286757235,1.5,0.02429922867572354,33,33.0,scolv:abakken,unknown,man_confirm,manual,aka2026rszqtm,aka2026rszqtm
matched,onsite,2026-09-07 14:18:11.00,2026-09-07 14:18:12.05,1.051,52.25487899780273,52.2012,-169.124267578125,-169.3288,15.155407886058066,11.617473602294922,35.0,23.382526397705078,2.830476591823442,2.7,0.13047659182344162,31,22.0,scolv:abakken,unknown,man_confirm,manual,aka2026rtabon,us7000tgi5
matched,onsite,2026-09-07 14:23:36.00,2026-09-07 14:23:36.58,0.589,69.7292251586914,69.729,-146.15438842773438,-146.154,0.029167571743870507,3.566293954849243,3.6,0.033706045150756925,2.568610162474466,2.6,0.03138983752553415,42,42.0,scolv:abakken,unknown,man_confirm,manual,aka2026rtagho,aka2026rtagho
matched,onsite,2026-09-07 14:27:50.00,2026-09-07 14:27:50.25,0.257,54.17739868164062,54.2031,-162.47378540039062,-162.4605,2.9857046466310013,8.352015495300293,8.222,0.13001549530029344,2.731601984130203,2.7,0.031601984130202876,40,24.0,scolv:abakken,unknown,man_confirm,manual,aka2026rtajxf,us7000tgi6
matched,onsite,2026-09-07 15:19:47.00,2026-09-07 15:19:47.24,0.242,60.39710235595703,60.397,-151.93792724609375,-151.938,0.012062669612942554,81.85147857666016,81.9,0.048521423339849434,1.8128936359378096,1.8,0.012893635937809567,53,53.0,scolv:abakken,unknown,man_confirm,manual,aka2026rtcdar,aka2026rtcdar
matched,onsite,2026-09-07 15:26:55.00,2026-09-07 15:26:55.87,0.87,63.52584457397461,63.526,-147.91539001464844,-147.915,0.02593168409403004,3.1842944622039795,3.2,0.015705537796020685,1.559924534953382,1.6,0.040075465046618186,43,43.0,scolv:abakken,unknown,man_confirm,manual,aka2026rtcjfp,aka2026rtcjfp
matched,onsite,2026-09-07 15:33:55.00,2026-09-07 15:33:55.45,0.455,60.74591064453125,60.746,-140.51922607421875,-140.519,0.015799824248517988,20.2124080657959,20.2,0.012408065795899148,1.7759129164801288,1.8,0.02408708351987121,29,29.0,scolv:abakken,unknown,man_confirm,manual,aka2026rtcpgw,aka2026rtcpgw
matched,onsite,2026-09-07 15:35:56.00,2026-09-07 15:35:56.06,0.067,54.38260269165039,54.383,-161.80630493164062,-161.806,0.048390792527646,3.721951723098755,3.7,0.021951723098754705,2.298922803193686,2.3,0.001077196806313907,18,18.0,scolv:abakken,unknown,man_confirm,manual,aka2026rtcran,aka2026rtcran
matched,onsite,2026-09-07 16:18:27.00,2026-09-07 16:18:27.25,0.258,57.14850616455078,57.149,-155.03871154785156,-155.039,0.057602564237311055,62.67461013793945,62.7,0.025389862060549717,1.8669866315597337,1.9,0.033013368440266255,31,31.0,scolv:abakken,unknown,man_confirm,manual,aka2026rtebwy,aka2026rtebwy
matched,onsite,2026-09-07 16:50:44.00,2026-09-07 16:50:44.57,0.574,60.14421463012695,60.144,-152.8644561767578,-152.864,0.03474512956365469,111.03667449951172,111.0,0.03667449951171875,2.3606271120682654,2.4,0.039372887931734546,113,113.0,scolv:abakken,unknown,man_confirm,manual,aka2026rtfeaq,aka2026rtfeaq
matched,onsite,2026-09-07 17:38:37.00,2026-09-07 17:38:37.54,0.54,62.75024032592773,62.75,-148.83299255371094,-148.833,0.026725712965107028,3.1905648708343506,3.2,0.009435129165649592,2.1089355839712867,2.1,0.008935583971286576,67,67.0,scolv:abakken,unknown,man_confirm,manual,aka2026rtgtkz,aka2026rtgtkz
matched,onsite,2026-09-07 17:48:07.00,2026-09-07 17:48:07.36,0.364,53.89502716064453,53.895,-166.66392517089844,-166.664,0.005758574227380045,10.185356140136719,10.2,0.01464385986328054,2.1231117236141706,2.1,0.023111723614170465,29,29.0,scolv:abakken,unknown,man_confirm,manual,aka2026rthbqt,aka2026rthbqt
matched,onsite,2026-09-07 18:01:15.00,2026-09-07 18:01:15.53,0.531,63.03059768676758,63.031,-149.32765197753906,-149.328,0.048054600161614294,82.18448638916016,82.2,0.015513610839846592,3.4547961666159437,3.5,0.04520383338405631,243,243.0,scolv:djgossett,unknown,man_confirm,manual,aka2026rthmzw,aka2026rthmzw
matched,onsite,2026-09-07 19:17:02.00,2026-09-07 19:17:02.14,0.145,54.56656265258789,54.567,-160.1709442138672,-160.171,0.048763606471485164,7.30569314956665,7.3,0.005693149566650568,2.5081122523255583,2.5,0.008112252325558345,30,30.0,scolv:abakken,unknown,man_confirm,manual,aka2026rtkbaf,aka2026rtkbaf
matched,onsite,2026-09-07 20:12:17.00,2026-09-07 20:12:17.09,0.094,61.99081420898438,61.991,-150.36866760253906,-150.369,0.02698277337376065,62.9207992553711,62.9,0.020799255371102277,2.6270145511677234,2.6,0.027014551167723333,147,147.0,scolv:abakken,unknown,man_confirm,manual,aka2026rtlwqn,aka2026rtlwqn
matched,onsite,2026-09-07 20:18:11.00,2026-09-07 20:18:12.41,1.414,54.5434684753418,54.3794,-160.15335083007812,-160.1109,18.448741839193463,0.9659266471862793,35.0,34.03407335281372,3.175412872707837,3.1,0.0754128727078367,46,45.0,scolv:abakken,unknown,man_confirm,manual,aka2026rtmbzj,us7000tgip
matched,onsite,2026-09-07 20:22:36.00,2026-09-07 20:22:36.60,0.604,56.91051864624023,56.911,-154.02232360839844,-154.022,0.05701541232245417,3.1519289016723633,3.2,0.048071098327636896,2.164481068359742,2.2,0.03551893164025799,24,24.0,scolv:abakken,unknown,man_confirm,manual,aka2026rtmfpa,aka2026rtmfpa
matched,onsite,2026-09-07 21:13:44.00,2026-09-07 21:13:44.89,0.89,52.5220832824707,52.522,-166.60452270507812,-166.605,0.03359406633784015,7.993692874908447,8.0,0.006307125091552734,2.7283493572435717,2.7,0.02834935724357157,20,20.0,scolv:abakken,unknown,man_confirm,manual,aka2026rtnyak,aka2026rtnyak
matched,onsite,2026-09-07 22:25:13.00,2026-09-07 22:25:13.55,0.551,51.53915786743164,51.539,178.87733459472656,178.877,0.029045619246900047,60.4763412475586,60.5,0.023658752441399145,2.4547633350756333,2.5,0.04523666492436673,19,19.0,scolv:abakken,unknown,man_confirm,manual,aka2026rtqiav,aka2026rtqiav
matched,onsite,2026-09-07 22:49:47.00,2026-09-07 22:49:47.68,0.685,65.22801971435547,65.228,-150.15924072265625,-150.159,0.011427874079683435,5.713397026062012,5.7,0.013397026062011541,1.537092046265661,1.5,0.03709204626566098,32,32.0,scolv:abakken,unknown,man_confirm,manual,aka2026rtrdfk,aka2026rtrdfk
matched,onsite,2026-09-07 23:14:09.00,2026-09-07 23:14:09.98,0.985,51.61571884155273,51.616,-178.52488708496094,-178.525,0.03222079507970727,26.732940673828125,26.7,0.03294067382812571,1.854787909393037,1.9,0.04521209060696285,21,21.0,scolv:abakken,unknown,man_confirm,manual,aka2026rtrybp,aka2026rtrybp
matched,onsite,2026-09-07 23:20:29.00,2026-09-07 23:20:29.89,0.899,61.56204605102539,61.562,-146.48965454101562,-146.49,0.01899587240849413,19.04663848876953,19.0,0.04663848876953125,2.3110645145768176,2.3,0.011064514576817785,94,94.0,scolv:abakken,unknown,man_confirm,manual,aka2026rtsdur,aka2026rtsdur
matched,onsite,2026-09-08 00:35:41.00,2026-09-08 00:35:42.38,1.383,51.00400161743164,51.0183,-178.73846435546875,-178.7057,2.7896277710123893,25.157737731933594,29.747,4.589262268066406,2.7772459374989915,2.6,0.17724593749899142,26,28.0,scolv:djgossett,unknown,man_confirm,manual,aka2026rturat,us7000tizn
matched,onsite,2026-09-08 00:42:50.00,2026-09-08 00:42:50.34,0.343,64.7958984375,64.796,-147.25042724609375,-147.25,0.023169420250590232,7.344530582427979,7.3,0.04453058242797958,1.0219373885657563,1.0,0.021937388565756333,27,27.0,scolv:djgossett,unknown,man_confirm,manual,aka2026rtuxfr,aka2026rtuxfr
matched,onsite,2026-09-08 01:41:37.00,2026-09-08 01:41:36.21,0.782,50.78893280029297,50.7588,-177.8669891357422,-177.9926,9.446835637796891,10.31464672088623,10.0,0.31464672088623047,2.835753046978542,2.6,0.23575304697854182,28,16.0,scolv:djgossett,unknown,man_confirm,manual,aka2026rtwwej,us7000tizr
matched,onsite,2026-09-08 01:54:22.00,2026-09-08 01:54:22.40,0.409,69.45147705078125,69.451,-143.51467895507812,-143.515,0.05450548853716411,3.418992042541504,3.4,0.018992042541503995,2.877072233684466,2.9,0.022927766315533837,49,49.0,scolv:djgossett,unknown,man_confirm,manual,aka2026rtxhvg,aka2026rtxhvg
matched,onsite,2026-09-08 02:07:30.00,2026-09-08 02:07:30.06,0.061,59.89607620239258,59.896,-141.52496337890625,-141.525,0.008716001649822058,19.457782745361328,19.5,0.042217254638671875,2.175227602305676,2.2,0.024772397694324155,30,30.0,scolv:djgossett,unknown,man_confirm,manual,aka2026rtxspy,aka2026rtxspy
matched,onsite,2026-09-08 02:54:58.00,2026-09-08 02:54:58.74,0.749,54.1170768737793,54.117,-165.99684143066406,-165.997,0.013411731431076898,5.300702571868896,5.3,0.0007025718688957738,1.0971153173020585,1.1,0.0028846826979416207,10,10.0,scolv:djgossett,unknown,man_confirm,manual,aka2026rtzhuu,aka2026rtzhuu
matched,onsite,2026-09-08 02:58:02.00,2026-09-08 02:58:02.92,0.921,60.10009384155273,60.1,-140.9766082763672,-140.977,0.02409013848963717,3.195502996444702,3.2,0.004497003555298029,2.107578838250091,2.1,0.007578838250090758,32,32.0,scolv:djgossett,unknown,man_confirm,manual,aka2026rtzkkl,aka2026rtzkkl
matched,onsite,2026-09-08 03:01:05.00,2026-09-08 03:01:05.86,0.867,60.625732421875,60.626,-139.8365478515625,-139.837,0.038644992888127776,5.657524108886719,5.7,0.04247589111328143,2.2147063205245128,2.2,0.014706320524512595,21,21.0,scolv:djgossett,unknown,man_confirm,manual,aka2026rtzncn,aka2026rtzncn
matched,onsite,2026-09-08 04:18:53.00,2026-09-08 04:18:53.06,0.064,60.63940811157227,60.639,-151.6182098388672,-151.618,0.0467997897412607,77.56522369384766,77.6,0.034776306152338066,2.458131044541632,2.5,0.041868955458367996,97,97.0,scolv:djgossett,unknown,man_confirm,manual,aka2026ruccoc,aka2026ruccoc
matched,onsite,2026-09-08 04:23:06.00,2026-09-08 04:23:06.17,0.171,51.34826278686523,51.348,179.3049774169922,179.305,0.02926262802468598,55.53068161010742,55.5,0.030681610107421875,2.7118684221217424,2.7,0.011868422121742217,21,21.0,scolv:djgossett,unknown,man_confirm,manual,aka2026rucccl,aka2026rucccl
matched,onsite,2026-09-08 04:55:53.00,2026-09-08 04:55:53.77,0.77,56.66621017456055,56.666,-154.14608764648438,-154.146,0.023976123386464133,37.696502685546875,37.7,0.003497314453127842,2.7567759711164577,2.8,0.043224028883542154,45,45.0,scolv:djgossett,unknown,man_confirm,manual,aka2026rudiqp,aka2026rudiqp
matched,onsite,2026-09-08 05:17:36.00,2026-09-08 05:17:35.14,0.852,52.80398941040039,52.8724,-163.12925720214844,-163.1513,7.749661905986873,26.23147964477539,10.0,16.23147964477539,3.1791740097546346,3.1,0.07917400975463451,47,22.0,scolv:djgossett,unknown,man_confirm,manual,aka2026ruebkw,us7000tj05
matched,onsite,2026-09-08 05:33:43.00,2026-09-08 05:33:44.17,1.178,51.55657577514648,51.6056,-173.65206909179688,-173.6363,5.5590738770188,20.0,27.362,7.361999999999998,3.2494233054508275,3.2,0.04942330545082729,20,30.0,scolv:djgossett,unknown,man_confirm,manual,aka2026ruepkd,us7000tj09
matched,onsite,2026-09-08 06:31:40.00,2026-09-08 06:31:40.21,0.214,53.41596221923828,53.4276,-163.10438537597656,-163.1022,1.302139348792341,11.671555519104004,10.0,1.671555519104004,2.8281112008336353,2.9,0.07188879916636459,33,32.0,scolv:djgossett,unknown,man_confirm,manual,aka2026rugnri,us7000tj1m
matched,onsite,2026-09-08 06:39:10.00,2026-09-08 06:39:10.53,0.538,63.98111343383789,63.981,-147.0936279296875,-147.094,0.02210137765905448,4.620265483856201,4.6,0.020265483856201527,1.71287739192593,1.7,0.01287739192592996,50,50.0,scolv:djgossett,unknown,man_confirm,manual,aka2026rugues,aka2026rugues
matched,onsite,2026-09-08 06:50:55.00,2026-09-08 06:50:52.70,2.297,52.23324203491211,52.2284,-169.2552490234375,-169.4741,14.914535614001643,14.793959617614746,10.0,4.793959617614746,3.012960691009291,3.2,0.18703930899070897,27,24.0,scolv:djgossett,unknown,man_confirm,manual,aka2026ruheiz,us7000tj1n
matched,onsite,2026-09-08 07:04:54.00,2026-09-08 07:04:54.28,0.283,61.11580276489258,61.116,-150.76327514648438,-150.763,0.026446130105264053,19.358488082885742,19.4,0.04151191711425639,1.84835826937834,1.8,0.04835826937833998,69,69.0,scolv:djgossett,unknown,man_confirm,manual,aka2026ruhqmq,aka2026ruhqmq
matched,onsite,2026-09-08 07:10:36.00,2026-09-08 07:10:36.32,0.328,51.18561553955078,51.186,-176.3180694580078,-176.318,0.04302327361724872,15.031949043273926,15.0,0.03194904327392578,2.4002609619892783,2.4,0.00026096198927838543,18,18.0,scolv:djgossett,unknown,man_confirm,manual,aka2026ruhvli,aka2026ruhvli
matched,onsite,2026-09-08 07:51:35.00,2026-09-08 07:51:35.93,0.93,59.78337097167969,59.783,-153.19683837890625,-153.197,0.04223008840005367,111.22498321533203,111.2,0.024983215332028408,1.5960097250548018,1.6,0.003990274945198324,44,44.0,scolv:djgossett,unknown,man_confirm,manual,aka2026rujezk,aka2026rujezk
matched,onsite,2026-09-08 08:13:00.00,2026-09-08 08:13:02.59,2.599,52.13368225097656,52.2264,-169.23635864257812,-169.198,10.636310666216781,8.367220878601074,10.0,1.6327791213989258,3.160629659322175,2.9,0.2606296593221753,28,26.0,scolv:djgossett,unknown,man_confirm,manual,aka2026rujxql,us7000tj22
matched,onsite,2026-09-08 08:16:43.00,2026-09-08 08:16:42.54,0.457,52.17847442626953,52.1261,-169.1785888671875,-169.2129,6.276627546244182,4.932556629180908,10.0,5.067443370819092,2.924688464518993,2.7,0.2246884645189926,29,19.0,scolv:djgossett,unknown,man_confirm,manual,aka2026rukats,us7000tj23
matched,onsite,2026-09-08 08:32:24.00,2026-09-08 08:32:24.47,0.475,66.26136779785156,66.261,-149.7551727294922,-149.755,0.04162173705839939,7.614707946777344,7.6,0.014707946777344105,1.7307835480917573,1.7,0.030783548091757318,29,29.0,scolv:djgossett,unknown,man_confirm,manual,aka2026rukojo,aka2026rukojo
matched,onsite,2026-09-08 08:51:44.00,2026-09-08 08:51:44.69,0.692,59.92960739135742,59.93,-151.83522033691406,-151.835,0.04534929127579889,62.84748840332031,62.8,0.04748840332031534,1.6086698913640487,1.6,0.00866989136404861,24,24.0,scolv:djgossett,unknown,man_confirm,manual,aka2026rulfdd,aka2026rulfdd
matched,onsite,2026-09-08 09:17:44.00,2026-09-08 09:17:44.23,0.237,61.17677688598633,61.177,-151.16937255859375,-151.169,0.031849291318262044,62.52134323120117,62.5,0.021343231201171875,1.4876919069585186,1.5,0.012308093041481394,34,34.0,scolv:djgossett,unknown,man_confirm,manual,aka2026rumbqp,aka2026rumbqp
matched,onsite,2026-09-08 09:26:29.00,2026-09-08 09:26:29.71,0.719,51.49052047729492,51.491,-178.1287078857422,-178.129,0.057027191971863185,26.722232818603516,26.7,0.022232818603516336,1.8078289584901361,1.8,0.007828958490136095,15,15.0,scolv:djgossett,unknown,man_confirm,manual,aka2026rumjgu,aka2026rumjgu
matched,onsite,2026-09-08 09:37:50.00,2026-09-08 09:37:50.10,0.104,64.598876953125,64.599,-148.52540588378906,-148.525,0.023706421621552797,6.552351474761963,6.6,0.047648525238036754,3.1288672720788115,3.1,0.028867272078811457,109,109.0,scolv:djgossett,unknown,man_confirm,manual,aka2026rumtco,aka2026rumtco
matched,onsite,2026-09-08 09:39:05.00,2026-09-08 09:39:05.64,0.644,57.71360778808594,57.714,-155.84881591796875,-155.849,0.04496159936590701,112.84961700439453,112.8,0.04961700439453409,1.2654938933664766,1.3,0.03450610663352349,15,15.0,scolv:djgossett,unknown,man_confirm,manual,aka2026rumuca,aka2026rumuca
matched,onsite,2026-09-08 09:45:52.00,2026-09-08 09:45:52.25,0.255,64.99174499511719,64.992,-147.0956573486328,-147.096,0.03261072445229977,4.222783088684082,4.2,0.022783088684081854,1.1868216203477364,1.2,0.013178379652263539,27,27.0,scolv:djgossett,unknown,man_confirm,manual,aka2026runabn,aka2026runabn
matched,onsite,2026-09-08 09:57:43.00,2026-09-08 09:57:43.18,0.186,62.18547058105469,62.185,-147.76402282714844,-147.764,0.05233962832597818,36.92862319946289,36.9,0.028623199462892046,1.6840243544792797,1.7,0.015975645520720283,40,40.0,scolv:djgossett,unknown,man_confirm,manual,aka2026runkig,aka2026runkig
matched,onsite,2026-09-08 10:07:39.00,2026-09-08 10:07:40.67,1.67,51.22418975830078,51.3049,-179.93399047851562,-179.9598,9.152467092361674,18.09027099609375,35.0,16.90972900390625,3.047313974735939,2.9,0.1473139747359391,49,44.0,scolv:djgossett,unknown,man_confirm,manual,aka2026runsyu,us7000tj24
matched,onsite,2026-09-08 10:31:43.00,2026-09-08 10:31:43.18,0.189,53.8968620300293,53.897,-166.6582489013672,-166.658,0.022390146110448275,9.959359169006348,10.0,0.040640830993652344,2.3326790740064736,2.3,0.03267907400647374,37,37.0,scolv:djgossett,unknown,man_confirm,manual,aka2026ruonvi,aka2026ruonvi
matched,onsite,2026-09-08 10:49:01.00,2026-09-08 10:49:03.00,2.002,54.30481719970703,54.358,-161.67689514160156,-161.6564,6.06112094254629,20.0,35.0,15.0,3.765296019425472,4.1,0.33470398057452755,65,86.0,scolv:djgossett,unknown,man_confirm,manual,aka2026rupcub,us7000tft5
matched,onsite,2026-09-08 10:50:49.00,2026-09-08 10:50:49.96,0.961,57.95412826538086,57.954,-154.6339569091797,-154.634,0.014487281399134013,77.01282501220703,77.0,0.01282501220703125,1.9196423507625295,1.9,0.019642350762529626,33,33.0,scolv:djgossett,unknown,man_confirm,manual,aka2026rupekd,aka2026rupekd
matched,onsite,2026-09-08 10:59:12.00,2026-09-08 10:59:12.53,0.533,53.50133895874023,53.501,-165.4255828857422,-165.426,0.046708188312291406,14.42240810394287,14.4,0.022408103942868962,2.320368396035401,2.3,0.020368396035401304,24,24.0,scolv:djgossett,unknown,man_confirm,manual,aka2026ruplqw,aka2026ruplqw
matched,onsite,2026-09-08 11:04:23.00,2026-09-08 11:04:23.40,0.408,51.38301086425781,51.383,-175.97811889648438,-175.978,0.008339146512998382,20.201557159423828,20.2,0.0015571594238288355,2.209002580754196,2.2,0.009002580754196021,18,18.0,scolv:djgossett,unknown,man_confirm,manual,aka2026rupqdr,aka2026rupqdr
matched,onsite,2026-09-08 11:51:39.00,2026-09-08 11:51:39.72,0.728,61.21110534667969,61.211,-147.1279296875,-147.128,0.01230426936694588,2.056741952896118,2.1,0.043258047103881925,1.5841222750648065,1.6,0.01587772493519357,33,33.0,scolv:djgossett,unknown,man_confirm,manual,aka2026rurfdh,aka2026rurfdh
matched,onsite,2026-09-08 12:01:51.00,2026-09-08 12:01:51.87,0.872,64.60386657714844,64.604,-148.8143768310547,-148.814,0.023303317208645067,9.781917572021484,9.8,0.018082427978516336,1.1833925083401435,1.2,0.01660749165985642,26,26.0,scolv:djgossett,unknown,man_confirm,manual,aka2026rurnzj,aka2026rurnzj
matched,onsite,2026-09-08 12:10:41.00,2026-09-08 12:10:41.68,0.688,61.4020881652832,61.402,-148.07423400878906,-148.074,0.015850457582718944,6.057530403137207,6.1,0.042469596862792613,1.758748657350763,1.8,0.04125134264923713,45,45.0,scolv:djgossett,unknown,man_confirm,manual,aka2026rurvpr,aka2026rurvpr
matched,onsite,2026-09-08 12:22:41.00,2026-09-08 12:22:41.55,0.556,61.39917373657227,61.399,-148.16766357421875,-148.168,0.02634197571248197,26.503040313720703,26.5,0.003040313720703125,1.105389348343696,1.1,0.005389348343695977,17,17.0,scolv:djgossett,unknown,man_confirm,manual,aka2026rusgai,aka2026rusgai
matched,onsite,2026-09-08 12:25:15.00,2026-09-08 12:25:21.03,6.038,51.4389533996582,51.6136,-173.1387176513672,-173.4501,29.00288157682806,7.588376998901367,35.0,27.411623001098633,3.1180139105447853,2.9,0.21801391054478536,22,24.0,scolv:djgossett,unknown,man_confirm,manual,aka2026rusifx,us7000tj2b
matched,onsite,2026-09-08 12:49:32.00,2026-09-08 12:49:32.36,0.367,64.58151245117188,64.582,-148.51589965820312,-148.516,0.0544240722392179,12.887816429138184,12.9,0.012183570861816762,0.9544756094639509,1.0,0.045524390536049064,18,18.0,scolv:djgossett,unknown,man_confirm,manual,aka2026rutdid,aka2026rutdid
matched,onsite,2026-09-08 12:57:28.00,2026-09-08 12:57:28.74,0.746,60.41876983642578,60.419,-147.8446807861328,-147.845,0.031016654731784388,15.166357040405273,15.2,0.03364295959472585,2.2769242104748173,2.3,0.023075789525182522,51,51.0,scolv:djgossett,unknown,man_confirm,manual,aka2026rutkfh,aka2026rutkfh
matched,onsite,2026-09-08 13:04:44.00,2026-09-08 13:04:44.92,0.925,60.17513275146484,60.175,-152.98870849609375,-152.989,0.021858255065616904,120.974365234375,121.0,0.025634765625,1.7529529037659424,1.8,0.04704709623405767,42,42.0,scolv:djgossett,unknown,man_confirm,manual,aka2026rutqmg,aka2026rutqmg
matched,onsite,2026-09-08 13:06:54.00,2026-09-08 13:06:54.33,0.334,51.48747634887695,51.5052,-173.30909729003906,-173.335,2.6644570707080906,11.529850959777832,6.218,5.311850959777832,3.276177082161875,3.1,0.1761770821618751,22,27.0,scolv:djgossett,unknown,man_confirm,manual,aka2026rutsii,us7000tj2c
matched,onsite,2026-09-08 13:15:05.00,2026-09-08 13:15:04.74,0.258,51.81890487670898,51.8319,-176.04446411132812,-176.0589,1.752792080352525,79.76092529296875,81.6,1.8390747070312443,2.5370512268013634,2.7,0.16294877319863676,52,55.0,scolv:djgossett,unknown,man_confirm,manual,aka2026rutzlh,us7000tj2d
matched,onsite,2026-09-08 13:48:50.00,2026-09-08 13:48:51.49,1.494,54.03664779663086,54.2638,-164.20098876953125,-164.3942,28.218633347648154,31.51065444946289,55.029,23.518345550537113,2.4866810395843895,2.5,0.013318960415610537,24,18.0,scolv:djgossett,unknown,man_confirm,manual,aka2026ruvcsy,us7000tj2e
matched,onsite,2026-09-08 14:04:13.00,2026-09-08 14:04:10.68,2.311,51.59066772460938,51.5418,-173.70816040039062,-173.4731,17.131905616121525,10.997758865356445,10.0,0.9977588653564453,2.997136032829173,3.0,0.002863967170827042,23,27.0,scolv:djgossett,unknown,man_confirm,manual,aka2026ruvpzi,us7000tj2f
matched,onsite,2026-09-08 14:14:15.00,2026-09-08 14:14:14.70,0.294,52.19876480102539,52.2669,179.69261169433594,179.656,7.976013886352567,159.29653930664062,168.165,8.868460693359367,2.7332807623388877,3.1,0.36671923766111236,27,32.0,scolv:djgossett,unknown,man_confirm,manual,aka2026ruvynx,us7000tj2h
matched,onsite,2026-09-08 15:09:13.00,2026-09-08 15:09:13.56,0.568,62.79167938232422,62.792,-149.56179809570312,-149.562,0.037099444664870924,64.62920379638672,64.6,0.029203796386724434,1.9371413770692236,1.9,0.03714137706922371,58,58.0,scolv:djgossett,unknown,man_confirm,manual,aka2026ruxukz,aka2026ruxukz
matched,onsite,2026-09-08 15:15:08.00,2026-09-08 15:15:08.39,0.392,51.11860275268555,51.119,-179.1912841796875,-179.191,0.04842095176428684,20.868648529052734,20.9,0.031351470947264204,2.562482611262874,2.6,0.03751738873712629,32,32.0,scolv:djgossett,unknown,man_confirm,manual,aka2026ruxzom,aka2026ruxzom
matched,onsite,2026-09-08 15:22:54.00,2026-09-08 15:22:54.64,0.649,60.40779876708984,60.408,-143.72349548339844,-143.723,0.035226734877956474,18.454681396484375,18.5,0.045318603515625,1.6678030132178916,1.7,0.03219698678210836,18,18.0,scolv:djgossett,unknown,man_confirm,manual,aka2026ruyght,aka2026ruyght
matched,onsite,2026-09-08 15:53:19.00,2026-09-08 15:53:19.35,0.357,61.75996780395508,61.76,-149.84681701660156,-149.847,0.010271516948909425,32.70587921142578,32.7,0.005879211425778408,1.5572597832256672,1.6,0.04274021677433293,19,19.0,scolv:djgossett,unknown,man_confirm,manual,aka2026ruzgrd,aka2026ruzgrd
matched,onsite,2026-09-08 16:21:20.00,2026-09-08 16:21:20.84,0.84,59.8919792175293,59.892,-152.47071838378906,-152.471,0.015877315669226174,89.34619903564453,89.3,0.04619903564453409,1.5299822700627992,1.5,0.029982270062799188,34,34.0,scolv:djgossett,unknown,man_confirm,manual,aka2026rvaezc,aka2026rvaezc
matched,onsite,2026-09-08 16:36:34.00,2026-09-08 16:36:32.80,1.196,50.75881195068359,50.7008,-175.4349822998047,-175.2867,12.269280099074,7.366164207458496,10.0,2.633835792541504,2.651941339349145,2.9,0.2480586606508548,19,22.0,scolv:djgossett,unknown,man_confirm,manual,aka2026rvasds,us6000tx51
matched,onsite,2026-09-08 16:48:03.00,2026-09-08 16:48:03.83,0.832,62.24962997436523,62.25,-151.01979064941406,-151.02,0.04254870471431165,77.47091674804688,77.5,0.029083251953125,1.6994931651374372,1.7,0.000506834862562755,23,23.0,scolv:djgossett,unknown,man_confirm,manual,aka2026rvbcdn,aka2026rvbcdn
matched,onsite,2026-09-08 16:54:39.00,2026-09-08 16:54:39.40,0.402,63.33932113647461,63.339,-149.4790802001953,-149.479,0.035932251796660555,2.1261634826660156,2.1,0.026163482666015536,1.6082886456342345,1.6,0.00828864563423437,35,35.0,scolv:djgossett,unknown,man_confirm,manual,aka2026rvbhvw,aka2026rvbhvw
matched,onsite,2026-09-08 17:09:32.00,2026-09-08 17:09:32.61,0.615,59.52781677246094,59.528,-152.95054626464844,-152.951,0.03270667074651007,104.10057067871094,104.1,0.0005706787109431843,1.849460036091978,1.8,0.04946003609197791,45,45.0,scolv:djgossett,unknown,man_confirm,manual,aka2026rvbusr,aka2026rvbusr
matched,onsite,2026-09-08 17:11:35.00,2026-09-08 17:11:36.22,1.229,50.74488830566406,50.7723,-174.10836791992188,-174.0132,7.355445131835999,2.4862098693847656,10.0,7.513790130615234,2.8949644512026853,2.6,0.2949644512026852,25,19.0,scolv:djgossett,unknown,man_confirm,manual,aka2026rvbwkq,us6000tx56
matched,onsite,2026-09-08 17:27:25.00,2026-09-08 17:27:25.50,0.502,59.63014602661133,59.63,-152.23086547851562,-152.231,0.017912165655047243,72.17223358154297,72.2,0.027766418457034092,1.714781109169813,1.7,0.014781109169813123,31,31.0,scolv:djgossett,unknown,man_confirm,manual,aka2026rvckgt,aka2026rvckgt
matched,onsite,2026-09-08 17:55:49.00,2026-09-08 17:55:48.16,0.837,51.99924087524414,52.0211,-169.25506591796875,-169.3307,5.718851502818395,13.729378700256348,10.0,3.7293787002563477,3.393133475630715,3.2,0.1931334756307148,55,33.0,scolv:djgossett,unknown,man_confirm,manual,aka2026rvdiwx,us6000tx8h
matched,onsite,2026-09-08 17:56:35.00,2026-09-08 17:56:35.02,0.026,62.8691635131836,62.869,-148.32847595214844,-148.328,0.030216718997668576,70.77759552001953,70.8,0.022404479980465908,2.6672815336244944,2.7,0.032718466375505795,137,137.0,scolv:djgossett,unknown,man_confirm,manual,aka2026rvdjld,aka2026rvdjld
matched,onsite,2026-09-08 18:00:09.00,2026-09-08 18:00:08.14,0.855,52.20729827880859,52.2518,-169.49884033203125,-169.5048,4.964984624711702,11.617109298706055,10.0,1.6171092987060547,3.572318523625921,3.4,0.17231852362592104,55,25.0,scolv:hlmcfarlin,unknown,man_confirm,manual,aka2026rvdmtj,us7000tfxi
matched,onsite,2026-09-08 18:19:06.00,2026-09-08 18:19:08.99,2.991,56.32228469848633,56.4566,-149.2488555908203,-149.304,15.316013237162252,5.0,10.0,5.0,2.8813378466613986,3.3,0.41866215333860124,30,24.0,scolv:hlmcfarlin,unknown,man_confirm,manual,aka2026rvedom,us7000tfxt
matched,onsite,2026-09-08 18:20:02.00,2026-09-08 18:20:02.72,0.723,56.26118469238281,56.2617,-149.27987670898438,-149.1963,5.161858659818006,5.0,10.0,5.0,3.62851389626842,3.7,0.07148610373158037,134,38.0,scolv:hlmcfarlin,unknown,man_confirm,manual,aka2026rveejc,us7000tfv1
matched,onsite,2026-09-08 18:23:46.00,2026-09-08 18:23:45.96,0.032,54.88731384277344,54.8439,-162.33480834960938,-162.3237,4.87945561019017,114.26750946044922,115.394,1.1264905395507867,2.1230009351756403,2.8,0.6769990648243596,21,23.0,scolv:djgossett,unknown,man_confirm,manual,aka2026rvehda,us6000tx7w
matched,onsite,2026-09-08 18:27:08.00,2026-09-08 18:27:09.67,1.677,52.14207458496094,52.2236,-169.0716094970703,-169.1241,9.746041121539122,4.447675704956055,10.0,5.552324295043945,2.8890023223966037,2.6,0.2890023223966036,31,26.0,scolv:djgossett,unknown,man_confirm,manual,aka2026rvejzf,us6000tx7x
matched,onsite,2026-09-08 18:52:27.00,2026-09-08 18:52:27.32,0.32,52.10007476806641,52.1013,-169.09103393554688,-169.1513,4.118687855787074,9.468523025512695,10.0,0.5314769744873047,2.9346501744508533,2.7,0.23465017445085312,34,24.0,scolv:djgossett,unknown,man_confirm,manual,aka2026rvffzo,us6000tx7z
matched,onsite,2026-09-08 18:59:18.00,2026-09-08 18:59:17.47,0.525,50.05937194824219,50.1467,-178.38319396972656,-178.4433,10.614594514564804,20.542858123779297,10.0,10.542858123779297,3.2011158091091234,3.0,0.2011158091091234,41,28.0,scolv:djgossett,unknown,man_confirm,manual,aka2026rvflfw,us6000tx80
matched,onsite,2026-09-08 19:09:54.00,2026-09-08 19:09:54.70,0.709,53.8967399597168,53.9256,-166.66171264648438,-166.6645,3.2142790059477853,9.954903602600098,9.612,0.34290360260009756,2.8547940687672595,2.9,0.045205931232740415,66,28.0,scolv:djgossett,unknown,man_confirm,manual,aka2026rvfvdm,us7000tg8d
matched,onsite,2026-09-08 20:16:24.00,2026-09-08 20:16:24.31,0.318,51.30004119873047,51.3,-176.10345458984375,-176.103,0.03193509105760508,19.824113845825195,19.8,0.024113845825194602,2.36674827821529,2.4,0.0332517217847097,21,21.0,scolv:djgossett,unknown,man_confirm,manual,aka2026rviash,aka2026rviash
matched,onsite,2026-09-08 20:18:08.00,2026-09-08 20:18:08.78,0.787,53.52395629882812,53.524,-164.60537719726562,-164.605,0.025403295414141294,15.325848579406738,15.3,0.02584857940673757,2.502658197483763,2.5,0.0026581974837629474,23,23.0,scolv:djgossett,unknown,man_confirm,manual,aka2026rvicin,aka2026rvicin
matched,onsite,2026-09-08 20:26:16.00,2026-09-08 20:26:16.78,0.785,59.76382064819336,59.764,-150.88909912109375,-150.889,0.020700918457441472,42.04587173461914,42.0,0.045871734619140625,1.565513468275631,1.6,0.034486531724368996,27,27.0,scolv:djgossett,unknown,man_confirm,manual,aka2026rvijiv,aka2026rvijiv
matched,onsite,2026-09-08 20:44:51.00,2026-09-08 20:44:51.88,0.88,53.3422966003418,53.342,-167.2852783203125,-167.285,0.03780353439448643,22.59971237182617,22.6,0.0002876281738330988,2.1472898831187113,2.1,0.047289883118711185,34,34.0,scolv:djgossett,unknown,man_confirm,manual,aka2026rvizlj,aka2026rvizlj
matched,onsite,2026-09-08 20:53:33.00,2026-09-08 20:53:33.54,0.54,60.62190246582031,60.622,-152.87405395507812,-152.874,0.011237572062440611,136.25628662109375,136.3,0.04371337890626137,2.0567781800332963,2.1,0.04322181996670382,70,70.0,scolv:djgossett,unknown,man_confirm,manual,aka2026rvjhcf,aka2026rvjhcf
matched,onsite,2026-09-08 21:36:31.00,2026-09-08 21:36:31.65,0.658,51.32594680786133,51.326,-175.9362335205078,-175.936,0.017270444326401888,13.794978141784668,13.8,0.005021858215332742,2.2769680270064927,2.3,0.02303197299350712,29,29.0,scolv:djgossett,unknown,man_confirm,manual,aka2026rvksgg,aka2026rvksgg
matched,onsite,2026-09-08 21:50:16.00,2026-09-08 21:50:16.79,0.796,51.33970642089844,51.34,-176.12998962402344,-176.13,0.03265246234548004,24.87761116027832,24.9,0.022388839721678266,2.255019139807512,2.3,0.044980860192487704,28,28.0,scolv:djgossett,unknown,man_confirm,manual,aka2026rvleei,aka2026rvleei
matched,onsite,2026-09-08 22:06:57.00,2026-09-08 22:06:58.51,1.516,52.20032119750977,52.2225,-169.2386016845703,-169.3525,8.142858016614605,13.622468948364258,40.109,26.486531051635744,2.9191280585535844,2.8,0.11912805855358455,26,30.0,scolv:djgossett,unknown,man_confirm,manual,aka2026rvlsrd,us6000tx86
matched,onsite,2026-09-08 22:46:12.00,2026-09-08 22:46:12.32,0.321,54.99523544311523,55.0046,-165.00680541992188,-165.0354,2.100067547525221,172.13800048828125,173.925,1.7869995117187614,2.6945214734782863,2.9,0.2054785265217136,45,49.0,scolv:djgossett,unknown,man_confirm,manual,aka2026rvnaqg,us6000tx88
matched,onsite,2026-09-08 23:02:31.00,2026-09-08 23:02:34.16,3.166,52.18603515625,52.3095,-169.28646850585938,-169.4152,16.287476722664213,9.50984001159668,45.278,35.76815998840332,4.158667116817068,4.0,0.15866711681706835,75,85.0,scolv:hlmcfarlin,unknown,man_confirm,manual,aka2026rvnour,us7000tfy4
matched,onsite,2026-09-08 23:04:00.00,2026-09-08 23:04:00.89,0.895,52.1401252746582,52.1616,-169.20884704589844,-169.1689,3.623568425309559,8.173019409179688,9.839,1.665980590820313,3.314693766614618,3.1,0.21469376661461803,23,24.0,scolv:djgossett,unknown,man_confirm,manual,aka2026rvnpzf,us6000tx89
matched,onsite,2026-09-08 23:08:44.00,2026-09-08 23:08:44.71,0.714,52.14584350585938,52.146,-169.19520568847656,-169.195,0.0223560497867996,6.800453662872314,6.8,0.0004536628723137426,2.722035184187474,2.7,0.022035184187473966,22,22.0,scolv:djgossett,unknown,man_confirm,manual,aka2026rvnuhz,aka2026rvnuhz
matched,onsite,2026-09-03 01:16:32.00,2026-09-03 01:16:32.31,0.319,67.4514389038086,67.451,-156.2974853515625,-156.297,0.05301052395927374,10.0,10.0,0.0,1.6733786306965528,1.7,0.026621369303447162,10,10.0,scolv:djgossett,unknown,man_confirm,manual,aka2026rkpxpo,aka2026rkpxpo
matched,onsite,2026-09-03 02:44:59.00,2026-09-03 02:44:59.21,0.217,69.42425537109375,69.424,-143.36952209472656,-143.37,0.0339871947214015,10.0,10.0,0.0,2.4556021697539783,2.5,0.04439783024602173,25,25.0,scolv:djgossett,unknown,man_confirm,manual,aka2026rkswhn,aka2026rkswhn
matched,onsite,2026-09-03 05:44:42.00,2026-09-03 05:44:42.59,0.59,69.4259262084961,69.426,-143.39508056640625,-143.395,0.008788466269000636,10.0,10.0,0.0,1.5107269314774052,1.5,0.010726931477405222,10,10.0,scolv:djgossett,unknown,man_confirm,manual,aka2026rkywdc,aka2026rkywdc
matched,onsite,2026-09-08 23:17:53.00,2026-09-08 23:17:57.41,4.417,52.12809753417969,52.3609,-169.1999969482422,-169.424,30.044955825168834,8.543387413024902,42.681,34.137612586975095,3.00205497685807,2.7,0.30205497685807003,35,35.0,scolv:djgossett,unknown,man_confirm,manual,aka2026rvocdd,us6000tx8b
matched,onsite,2026-09-08 23:27:26.00,2026-09-08 23:27:26.20,0.209,52.17582702636719,52.176,-169.22555541992188,-169.226,0.03590221100967688,13.213521003723145,13.2,0.013521003723145242,2.737855310073578,2.7,0.0378553100735779,27,27.0,scolv:djgossett,unknown,man_confirm,manual,aka2026rvokkk,aka2026rvokkk
matched,onsite,2026-09-08 23:28:11.00,2026-09-08 23:28:11.63,0.638,63.33862686157227,63.339,-143.97457885742188,-143.975,0.04650858201047298,7.545751094818115,7.5,0.045751094818115234,1.304093105359487,1.3,0.004093105359487037,16,16.0,scolv:djgossett,unknown,man_confirm,manual,aka2026rvolbt,aka2026rvolbt
matched,onsite,2026-09-03 15:03:01.00,2026-09-03 15:03:01.49,0.497,68.56051635742188,68.561,-145.31715393066406,-145.317,0.0541412844029615,10.0,10.0,0.0,2.021883922374365,2.0,0.021883922374365206,17,17.0,scolv:djgossett,unknown,man_confirm,manual,aka2026rlrmfn,aka2026rlrmfn
matched,onsite,2026-09-03 16:52:00.00,2026-09-03 16:52:00.70,0.701,65.23638916015625,65.236,-162.887451171875,-162.887,0.048105323066330315,13.763957977294922,13.8,0.036042022705078836,2.0976146232646653,2.1,0.0023853767353347877,11,11.0,scolv:djgossett,unknown,man_confirm,manual,aka2026rlvcsm,aka2026rlvcsm
matched,onsite,2026-09-08 23:33:38.00,2026-09-08 23:33:38.15,0.159,65.00165557861328,65.002,-147.34498596191406,-147.345,0.038303591317197495,10.0,10.0,0.0,1.2415401349170299,1.2,0.0415401349170299,18,18.0,scolv:djgossett,unknown,man_confirm,manual,aka2026rvopuc,aka2026rvopuc
matched,onsite,2026-09-08 23:44:12.00,2026-09-08 23:44:12.97,0.973,59.03213882446289,59.032,-152.5552520751953,-152.555,0.021125933429709528,80.01407623291016,80.0,0.01407623291015625,1.8036198847908957,1.8,0.0036198847908957,24,24.0,scolv:djgossett,unknown,man_confirm,manual,aka2026rvoyze,aka2026rvoyze
matched,onsite,2026-09-09 00:22:41.00,2026-09-09 00:22:41.28,0.282,52.19545745849609,52.195,-169.1953887939453,-169.195,0.057355973071430734,11.739346504211426,11.7,0.03934650421142649,2.6677340354666246,2.7,0.0322659645333756,26,26.0,scolv:abakken,unknown,man_confirm,manual,aka2026rvqghw,aka2026rvqghw
matched,onsite,2026-09-09 00:23:45.00,2026-09-09 00:23:47.30,2.306,52.1937141418457,52.2505,-169.3426055908203,-169.4089,7.7629471190605885,18.943471908569336,42.681,23.73752809143066,3.605562904459997,3.7,0.09443709554000312,52,52.0,scolv:hlmcfarlin,unknown,man_confirm,manual,aka2026rvqhfz,us7000tfym
matched,onsite,2026-09-09 00:48:01.00,2026-09-09 00:48:01.43,0.436,51.64796447753906,51.5647,-179.58639526367188,-179.5808,9.2666471121223,90.70108032226562,91.444,0.7429196777343776,2.5207933519106223,2.6,0.07920664808937783,51,53.0,scolv:abakken,unknown,man_confirm,manual,aka2026rvrcim,us7000tgq4
matched,onsite,2026-09-09 00:49:26.00,2026-09-09 00:49:26.59,0.592,65.56746673583984,65.567,-151.99447631835938,-151.994,0.05633295054192212,11.81984043121338,11.8,0.019840431213379972,2.746188671795245,2.7,0.04618867179524466,70,70.0,scolv:abakken,unknown,man_confirm,manual,aka2026rvrdne,aka2026rvrdne
matched,onsite,2026-09-09 01:10:39.00,2026-09-09 01:10:40.03,1.034,52.52498245239258,52.5503,-169.6295928955078,-169.6925,5.1016618994260945,17.2031307220459,24.338,7.1348692779541025,2.690144362759058,2.5,0.190144362759058,43,23.0,scolv:abakken,unknown,man_confirm,manual,aka2026rvrvwd,us7000tgq7
matched,onsite,2026-09-09 01:35:12.00,2026-09-09 01:35:12.91,0.91,63.51762008666992,63.518,-147.2987518310547,-147.299,0.0440001185575689,1.1931908130645752,1.2,0.00680918693542476,1.506545880062257,1.5,0.006545880062257092,37,37.0,scolv:abakken,unknown,man_confirm,manual,aka2026rvsrfl,aka2026rvsrfl
matched,onsite,2026-09-09 01:36:12.00,2026-09-09 01:36:12.40,0.403,64.78205871582031,64.782,-149.78207397460938,-149.782,0.007410057240502401,8.894848823547363,8.9,0.005151176452637074,2.3224172465055557,2.3,0.022417246505555877,53,53.0,scolv:abakken,unknown,man_confirm,manual,aka2026rvssbv,aka2026rvssbv
matched,onsite,2026-09-09 01:45:33.00,2026-09-09 01:45:33.72,0.724,60.33901977539062,60.339,-150.6917724609375,-150.692,0.012712351321132635,55.37159729003906,55.4,0.02840270996093608,1.8459602791032284,1.8,0.04596027910322831,69,69.0,scolv:abakken,unknown,man_confirm,manual,aka2026rvtafc,aka2026rvtafc
matched,onsite,2026-09-09 02:17:08.00,2026-09-09 02:17:08.27,0.272,59.91149139404297,59.911,-153.0857391357422,-153.086,0.0565425948246313,106.33850860595703,106.3,0.03850860595703409,2.0611562060499975,2.1,0.03884379395000259,71,71.0,scolv:abakken,unknown,man_confirm,manual,aka2026rvubsi,aka2026rvubsi
matched,onsite,2026-09-09 02:39:33.00,2026-09-09 02:39:33.27,0.279,51.62497329711914,51.625,-175.0491485595703,-175.049,0.010676335411423371,36.16048812866211,36.2,0.03951187133789347,2.472482501360742,2.5,0.027517498639257898,36,36.0,scolv:abakken,unknown,man_confirm,manual,aka2026rvuvab,aka2026rvuvab
matched,onsite,2026-09-09 03:20:48.00,2026-09-09 03:20:48.07,0.079,53.87056732177734,53.871,-165.51254272460938,-165.513,0.05668780279163546,78.97914123535156,79.0,0.0208587646484375,1.7933823894545533,1.8,0.006617610545446739,29,29.0,scolv:abakken,unknown,man_confirm,manual,aka2026rvweve,aka2026rvweve
matched,onsite,2026-09-09 03:36:06.00,2026-09-09 03:36:06.30,0.308,51.48186492919922,51.482,-179.82586669921875,-179.826,0.017629057629483885,78.22291564941406,78.2,0.022915649414059658,2.4545124897055794,2.5,0.04548751029442055,50,50.0,scolv:abakken,unknown,man_confirm,manual,aka2026rvwgwf,aka2026rvwgwf
matched,onsite,2026-09-09 03:42:54.00,2026-09-09 03:42:54.11,0.116,51.33940887451172,51.339,-178.1396026611328,-178.14,0.05318698901209307,20.49399757385254,20.5,0.0060024261474609375,1.9647684772288352,2.0,0.035231522771164814,28,28.0,scolv:abakken,unknown,man_confirm,manual,aka2026rvwxzy,aka2026rvwxzy
matched,onsite,2026-09-09 03:46:04.00,2026-09-09 03:46:04.01,0.016,50.96002197265625,50.96,-178.76846313476562,-178.768,0.03252870160831818,18.546178817749023,18.5,0.04617881774902344,2.3558969870037365,2.4,0.0441030129962634,34,34.0,scolv:hlmcfarlin,unknown,man_confirm,manual,aka2026rvxaox,aka2026rvxaox
matched,onsite,2026-09-09 04:21:55.00,2026-09-09 04:21:55.04,0.042,63.02335739135742,63.023,-151.09010314941406,-151.09,0.04007926118503348,117.2020263671875,117.2,0.002026367187497158,1.9076858080301657,1.9,0.0076858080301658305,39,39.0,scolv:abakken,unknown,man_confirm,manual,aka2026rvyftl,aka2026rvyftl
matched,onsite,2026-09-09 04:31:52.00,2026-09-09 04:31:52.18,0.185,51.99161529541016,51.992,-169.19679260253906,-169.197,0.04507270459902252,10.84636116027832,10.8,0.0463611602783196,2.56706840292935,2.6,0.0329315970706503,24,24.0,scolv:abakken,unknown,man_confirm,manual,aka2026rvyoje,aka2026rvyoje
matched,onsite,2026-09-09 04:48:37.00,2026-09-09 04:48:37.84,0.846,60.56550216674805,60.566,-139.97116088867188,-139.971,0.056050313097699235,2.8484840393066406,2.8,0.0484840393066408,2.3625645826728223,2.4,0.03743541732717759,27,27.0,scolv:abakken,unknown,man_confirm,manual,aka2026rvzcxh,aka2026rvzcxh
matched,onsite,2026-09-09 04:55:49.00,2026-09-09 04:55:50.44,1.443,51.73042297363281,51.7707,178.46356201171875,178.5484,7.3597281524596365,105.46607208251953,105.372,0.09407208251953136,2.9884563685228884,3.0,0.011543631477111571,60,31.0,scolv:abakken,unknown,man_confirm,manual,aka2026rvzjga,us7000tgqw
matched,onsite,2026-09-09 04:56:53.00,2026-09-09 04:56:53.08,0.083,52.42307281494141,52.423,-169.7423858642578,-169.742,0.02738939865387403,3.1418962478637695,3.1,0.04189624786376944,2.4766431848391486,2.5,0.02335681516085142,23,23.0,scolv:abakken,unknown,man_confirm,manual,aka2026rvzkdw,aka2026rvzkdw
matched,onsite,2026-09-09 05:03:15.00,2026-09-09 05:03:15.19,0.195,64.91577911376953,64.916,-151.61976623535156,-151.62,0.02692027866166312,6.729574203491211,6.7,0.02957420349121076,1.702053271420976,1.7,0.0020532714209759995,30,30.0,scolv:abakken,unknown,man_confirm,manual,aka2026rvzppd,aka2026rvzppd
matched,onsite,2026-09-04 04:34:55.00,2026-09-04 04:34:55.97,0.972,69.5722427368164,69.572,-145.00209045410156,-145.002,0.02721844017369011,5.0,5.0,0.0,1.3980907020633258,1.4,0.0019092979366741591,11,11.0,scolv:abakken,unknown,man_confirm,manual,aka2026rmsoew,aka2026rmsoew
matched,onsite,2026-09-04 06:01:53.00,2026-09-04 06:01:53.48,0.489,68.4902114868164,68.49,-148.20034790039062,-148.2,0.02746282616967317,5.0,5.0,0.0,1.5243986604244444,1.5,0.024398660424444385,14,14.0,scolv:abakken,unknown,man_confirm,manual,aka2026rmvlpf,aka2026rmvlpf
matched,onsite,2026-09-04 06:06:37.00,2026-09-04 06:06:37.56,0.568,65.8345718383789,65.835,-151.0056915283203,-151.006,0.0496368858099257,10.176944732666016,10.2,0.023055267333983664,1.7745278233752229,1.8,0.025472176624777187,22,22.0,scolv:abakken,unknown,man_confirm,manual,aka2026rmvpry,aka2026rmvpry
matched,onsite,2026-09-04 19:46:45.00,2026-09-04 19:46:45.23,0.239,65.36470031738281,65.365,-163.14138793945312,-163.141,0.037864963668680814,16.226261138916016,16.2,0.026261138916016336,2.28541223002645,2.3,0.014587769973549936,13,13.0,scolv:abakken,unknown,man_confirm,manual,aka2026rnwyup,aka2026rnwyup
matched,onsite,2026-09-04 22:04:13.00,2026-09-04 22:04:13.28,0.281,65.41483306884766,65.415,-153.2930450439453,-153.293,0.01867849954996639,1.0013437271118164,1.0,0.0013437271118164062,1.7269265719935494,1.7,0.02692657199354942,19,19.0,scolv:abakken,unknown,man_confirm,manual,aka2026robnzp,aka2026robnzp
matched,onsite,2026-09-09 05:45:19.00,2026-09-09 05:45:19.77,0.771,51.32474136352539,51.325,-179.1514434814453,-179.151,0.042150895786461716,11.06737995147705,11.1,0.032620048522948863,2.1929878847667754,2.2,0.007012115233224758,34,34.0,scolv:abakken,unknown,man_confirm,manual,aka2026rwbabt,aka2026rwbabt
matched,onsite,2026-09-09 06:07:29.00,2026-09-09 06:07:29.94,0.942,61.31963729858398,61.32,-140.08062744140625,-140.081,0.0449647267863838,0.3878690302371979,0.4,0.012130969762802146,1.8082576028116313,1.8,0.008257602811631237,29,29.0,scolv:abakken,unknown,man_confirm,manual,aka2026rwbthn,aka2026rwbthn
matched,onsite,2026-09-09 06:26:30.00,2026-09-09 06:26:30.37,0.374,60.56012725830078,60.56,-139.9208221435547,-139.921,0.017167520158783332,5.185110092163086,5.2,0.01488990783691424,1.825330104573456,1.8,0.02533010457345597,21,21.0,scolv:abakken,unknown,man_confirm,manual,aka2026rwcjub,aka2026rwcjub
matched,onsite,2026-09-09 06:47:10.00,2026-09-09 06:47:10.10,0.104,51.38802719116211,51.388,-177.6100311279297,-177.61,0.003715801863964724,29.29329299926758,29.3,0.006707000732419033,1.9586992323426007,2.0,0.04130076765739932,35,35.0,scolv:abakken,unknown,man_confirm,manual,aka2026rwdbsl,aka2026rwdbsl
matched,onsite,2026-09-09 07:22:20.00,2026-09-09 07:22:20.86,0.867,61.02673721313477,61.027,-151.39022827148438,-151.39,0.0317019978834092,77.67314910888672,77.7,0.026850891113284092,2.5736014072371627,2.6,0.026398592762837403,111,111.0,scolv:abakken,unknown,man_confirm,manual,aka2026rwegeu,aka2026rwegeu
matched,onsite,2026-09-09 07:40:43.00,2026-09-09 07:40:43.41,0.411,61.30004501342773,61.3,-150.4866485595703,-150.487,0.01942237190567393,51.48310089111328,51.5,0.01689910888671875,1.7771979520703935,1.8,0.022802047929606495,54,54.0,scolv:abakken,unknown,man_confirm,manual,aka2026rwevog,aka2026rwevog
matched,onsite,2026-09-09 07:51:01.00,2026-09-09 07:51:01.85,0.851,64.15684509277344,64.157,-148.7275390625,-148.728,0.028211014407742097,1.4207743406295776,1.4,0.020774340629577726,1.6699308877664392,1.7,0.03006911223356079,49,49.0,scolv:abakken,unknown,man_confirm,manual,aka2026rwffbg,aka2026rwffbg
matched,onsite,2026-09-09 07:52:16.00,2026-09-09 07:52:16.64,0.644,61.94556427001953,61.946,-147.7064971923828,-147.706,0.05498681701094152,21.304725646972656,21.3,0.0047256469726555395,1.539905482299882,1.5,0.03990548229988189,26,26.0,scolv:abakken,unknown,man_confirm,manual,aka2026rwfgdi,aka2026rwfgdi
matched,onsite,2026-09-09 08:03:16.00,2026-09-09 08:03:16.73,0.735,52.48130798339844,52.481,-169.2812957763672,-169.281,0.039673717542451664,43.77178955078125,43.8,0.028210449218747158,2.2974248382623736,2.3,0.002575161737626175,29,29.0,scolv:abakken,unknown,man_confirm,manual,aka2026rwfprf,aka2026rwfprf
matched,onsite,2026-09-09 08:14:03.00,2026-09-09 08:14:03.63,0.634,62.46319961547852,62.463,-149.04360961914062,-149.044,0.02992355590248341,48.66717147827148,48.7,0.03282852172852557,1.6456681998109794,1.6,0.04566819981097936,40,40.0,scolv:abakken,unknown,man_confirm,manual,aka2026rwfzao,aka2026rwfzao
matched,onsite,2026-09-09 08:53:56.00,2026-09-09 08:53:56.00,0.007,51.36793899536133,51.368,-178.2021026611328,-178.202,0.009839012111155116,16.30425262451172,16.3,0.0042526245117180395,2.0861666720049636,2.1,0.013833327995036448,51,51.0,scolv:abakken,unknown,man_confirm,manual,aka2026rwhhpp,aka2026rwhhpp
matched,onsite,2026-09-09 09:11:02.00,2026-09-09 09:11:02.00,0.007,51.26220703125,51.262,-174.7487030029297,-174.749,0.030935700560094013,6.902871131896973,6.9,0.002871131896972301,2.140312386622937,2.1,0.0403123866229369,23,23.0,scolv:abakken,unknown,man_confirm,manual,aka2026rwhwkr,aka2026rwhwkr
matched,onsite,2026-09-09 09:24:20.00,2026-09-09 09:24:20.98,0.989,50.09433746337891,50.094,-177.08172607421875,-177.082,0.04230713566840722,28.51730155944824,28.5,0.017301559448238635,2.5940536171288544,2.6,0.005946382871145683,39,39.0,scolv:abakken,unknown,man_confirm,manual,aka2026rwiicl,aka2026rwiicl
matched,onsite,2026-09-09 09:27:20.00,2026-09-09 09:27:20.79,0.799,61.10133361816406,61.101,-150.79502868652344,-150.795,0.037128661554294055,26.204891204833984,26.2,0.0048912048339850855,1.4872687040137171,1.5,0.012731295986282865,24,24.0,scolv:abakken,unknown,man_confirm,manual,aka2026rwikng,aka2026rwikng
matched,onsite,2026-09-09 09:30:17.00,2026-09-09 09:30:15.99,1.009,60.64984893798828,60.6197,-139.86968994140625,-139.8358,3.827984670751875,5.0,5.0,0.0,2.8056274724653916,2.7,0.10562747246539139,47,30.0,scolv:abakken,unknown,man_confirm,manual,aka2026rwinco,us7000tg0v
matched,onsite,2026-09-09 09:56:24.00,2026-09-09 09:56:24.26,0.266,52.2616081237793,52.262,-174.40463256835938,-174.405,0.05024013309693734,172.42803955078125,172.4,0.028039550781244316,2.2762322974557043,2.3,0.0237677025442955,27,27.0,scolv:hlmcfarlin,unknown,man_confirm,manual,aka2026rwjjau,aka2026rwjjau
matched,onsite,2026-09-09 10:15:16.00,2026-09-09 10:15:16.56,0.568,61.19550704956055,61.196,-152.1915283203125,-152.192,0.060358372717621164,111.24888610839844,111.2,0.04888610839843466,1.5976202749122312,1.6,0.002379725087768847,40,40.0,scolv:abakken,unknown,man_confirm,manual,aka2026rwkadk,aka2026rwkadk
matched,onsite,2026-09-09 10:17:50.00,2026-09-09 10:17:50.74,0.743,61.58600234985352,61.586,-144.8076171875,-144.808,0.02025663748198905,39.27644348144531,39.3,0.023556518554684658,2.8403663905401353,2.8,0.040366390540135466,130,130.0,scolv:abakken,unknown,man_confirm,manual,aka2026rwkcin,aka2026rwkcin
matched,onsite,2026-09-09 10:27:26.00,2026-09-09 10:27:26.67,0.673,51.11599349975586,51.116,-178.39495849609375,-178.395,0.0029858662504117406,19.468229293823242,19.5,0.03177070617675781,2.1174305447726316,2.1,0.017430544772631507,35,35.0,scolv:abakken,unknown,man_confirm,manual,aka2026rwkkrq,aka2026rwkkrq
matched,onsite,2026-09-09 10:39:27.00,2026-09-09 10:39:27.52,0.524,64.77442169189453,64.774,-149.81027221679688,-149.81,0.04863218696979573,11.154557228088379,11.2,0.04544277191162038,2.2564275603280524,2.3,0.04357243967194746,43,43.0,scolv:abakken,unknown,man_confirm,manual,aka2026rwkvcn,aka2026rwkvcn
matched,onsite,2026-09-09 10:53:23.00,2026-09-09 10:53:22.24,0.752,51.90793609619141,51.8964,173.8594512939453,173.9531,6.5518443893576555,20.545869827270508,10.0,10.545869827270508,3.5838178518353976,3.9,0.31618214816460233,20,40.0,scolv:hlmcfarlin,unknown,man_confirm,manual,aka2026rwlhru,us7000tg2h
matched,onsite,2026-09-09 10:54:00.00,2026-09-09 10:54:00.31,0.313,62.29156112670898,62.292,-148.77865600585938,-148.779,0.051940373853783,18.190927505493164,18.2,0.009072494506835227,2.263787625466948,2.3,0.03621237453305204,87,87.0,scolv:abakken,unknown,man_confirm,manual,aka2026rwlhsl,aka2026rwlhsl
matched,onsite,2026-09-09 10:58:01.00,2026-09-09 10:58:01.02,0.02,54.59087371826172,54.591,-161.89166259765625,-161.892,0.02587883874432681,10.086853981018066,10.1,0.013146018981933238,2.200900140041725,2.2,0.0009001400417250061,19,19.0,scolv:abakken,unknown,man_confirm,manual,aka2026rwllew,aka2026rwllew
matched,onsite,2026-09-09 11:32:25.00,2026-09-09 11:32:25.84,0.846,51.54244613647461,51.542,-174.5821533203125,-174.582,0.05072859056025116,19.349578857421875,19.3,0.04957885742187429,2.2080770908527714,2.2,0.008077090852771196,27,27.0,scolv:abakken,unknown,man_confirm,manual,aka2026rwmpal,aka2026rwmpal
matched,onsite,2026-09-09 11:33:19.00,2026-09-09 11:33:19.29,0.296,51.43865585327148,51.439,-177.1007843017578,-177.101,0.041084267211090764,38.01091766357422,38.0,0.01091766357421875,2.351121500576556,2.4,0.04887849942344413,48,48.0,scolv:abakken,unknown,man_confirm,manual,aka2026rwmpur,aka2026rwmpur
matched,onsite,2026-09-09 11:34:11.00,2026-09-09 11:34:11.01,0.014,60.30790710449219,60.308,-148.42474365234375,-148.425,0.01749445724430608,8.521612167358398,8.5,0.021612167358398438,1.7174530487421895,1.7,0.01745304874218956,27,27.0,scolv:abakken,unknown,man_confirm,manual,aka2026rwmqof,aka2026rwmqof
matched,onsite,2026-09-09 11:53:05.00,2026-09-09 11:53:04.29,0.71,56.67180633544922,56.5532,-147.95726013183594,-147.8942,13.741318187971347,5.0,10.0,5.0,3.247306331044767,3.3,0.05269366895523264,100,116.0,scolv:abakken,unknown,man_confirm,manual,aka2026rwnhrm,us7000tg1m
matched,onsite,2026-09-09 12:06:23.00,2026-09-09 12:06:23.20,0.206,54.4854621887207,54.485,-162.9566192626953,-162.957,0.05697444763561714,65.35039520263672,65.4,0.049604797363286934,2.1726044240358515,2.2,0.027395575964148655,33,33.0,scolv:abakken,unknown,man_confirm,manual,aka2026rwnspa,aka2026rwnspa
matched,onsite,2026-09-09 12:11:40.00,2026-09-09 12:11:40.75,0.754,60.58261489868164,60.583,-139.93679809570312,-139.937,0.044218321530040544,11.41617202758789,11.4,0.01617202758789027,1.9461928649447826,1.9,0.0461928649447827,29,29.0,scolv:abakken,unknown,man_confirm,manual,aka2026rwnxca,aka2026rwnxca
matched,onsite,2026-09-09 12:24:00.00,2026-09-09 12:24:00.76,0.764,65.23284149169922,65.233,-150.1334228515625,-150.133,0.026431988116803203,6.733705997467041,6.7,0.03370599746704084,1.4476625374111767,1.4,0.047662537411176764,28,28.0,scolv:abakken,unknown,man_confirm,manual,aka2026rwohtx,aka2026rwohtx
matched,onsite,2026-09-09 12:27:17.00,2026-09-09 12:27:17.38,0.383,53.82337951660156,53.84,-165.7162322998047,-165.7224,1.8919140351213413,108.84363555908203,108.398,0.4456355590820351,2.356438636527964,2.7,0.34356136347203625,62,62.0,scolv:abakken,unknown,man_confirm,manual,aka2026rwokpe,us7000tgwh
matched,onsite,2026-09-09 12:27:42.00,2026-09-09 12:27:42.00,0.006,51.38752746582031,51.388,-179.35398864746094,-179.354,0.05254930841141259,64.37826538085938,64.4,0.021734619140630684,2.3610169488552293,2.4,0.03898305114477063,39,39.0,scolv:abakken,unknown,man_confirm,manual,aka2026rwokyn,aka2026rwokyn
matched,onsite,2026-09-09 12:37:47.00,2026-09-09 12:37:47.79,0.793,65.23082733154297,65.231,-150.13116455078125,-150.131,0.020673645109921254,1.5410488843917847,1.5,0.04104888439178467,1.4248265894683103,1.4,0.0248265894683104,37,37.0,scolv:abakken,unknown,man_confirm,manual,aka2026rwotrn,aka2026rwotrn
matched,onsite,2026-09-09 12:39:28.00,2026-09-09 12:39:30.28,2.286,51.38425445556641,51.4757,-175.55184936523438,-175.5673,10.224542803313929,23.53091621398926,35.0,11.469083786010739,2.60659676650987,2.6,0.006596766509869845,42,41.0,scolv:abakken,unknown,man_confirm,manual,aka2026rwoveb,us7000tgwj
matched,onsite,2026-09-09 13:07:01.00,2026-09-09 13:07:01.72,0.723,63.16706466674805,63.167,-149.38546752929688,-149.385,0.024543381568757988,84.59693908691406,84.6,0.0030609130859318157,2.0076870049437976,2.0,0.007687004943797593,67,67.0,scolv:abakken,unknown,man_confirm,manual,aka2026rwptay,aka2026rwptay
matched,onsite,2026-09-09 13:14:15.00,2026-09-09 13:14:15.33,0.33,51.31454086303711,51.315,-175.8809814453125,-175.881,0.05106998518201282,18.01013946533203,18.0,0.01013946533203125,1.892029952124996,1.9,0.007970047875003994,19,19.0,scolv:abakken,unknown,man_confirm,manual,aka2026rwpzic,aka2026rwpzic
matched,onsite,2026-09-09 13:38:28.00,2026-09-09 13:38:28.55,0.555,60.43379211425781,60.434,-139.52589416503906,-139.526,0.023834031502033143,8.608274459838867,8.6,0.008274459838867543,2.132365244088399,2.1,0.032365244088398804,22,22.0,scolv:abakken,unknown,man_confirm,manual,aka2026rwquic,aka2026rwquic
matched,onsite,2026-09-09 13:47:35.00,2026-09-09 13:47:35.25,0.256,58.12218856811523,58.122,-156.43798828125,-156.438,0.020979107447163425,16.758220672607422,16.8,0.041779327392578836,1.6012330380790256,1.6,0.001233038079025528,33,33.0,scolv:abakken,unknown,man_confirm,manual,aka2026rwrcfs,aka2026rwrcfs
matched,onsite,2026-09-09 13:51:14.00,2026-09-09 13:51:14.09,0.093,61.40311050415039,61.403,-150.53086853027344,-150.531,0.014140137473024806,67.76558685302734,67.8,0.03441314697265341,1.857115849599363,1.9,0.04288415040063698,57,57.0,scolv:abakken,unknown,man_confirm,manual,aka2026rwrfip,aka2026rwrfip
matched,onsite,2026-09-09 14:15:49.00,2026-09-09 14:15:49.54,0.54,51.23986053466797,51.24,-176.81463623046875,-176.815,0.029694850519730705,31.7617130279541,31.8,0.03828697204589915,2.240241134797727,2.2,0.04024113479772673,41,41.0,scolv:abakken,unknown,man_confirm,manual,aka2026rwsarr,aka2026rwsarr
matched,onsite,2026-09-09 14:33:10.00,2026-09-09 14:33:10.10,0.104,51.65439605712891,51.654,-177.42843627929688,-177.428,0.05334155186083257,78.6148452758789,78.6,0.014845275878911934,2.092275841841063,2.1,0.007724158158937122,51,51.0,scolv:abakken,unknown,man_confirm,manual,aka2026rwsptd,aka2026rwsptd
matched,onsite,2026-09-09 15:12:37.00,2026-09-09 15:12:37.59,0.597,60.66496658325195,60.665,-149.38076782226562,-149.381,0.013182653207784363,8.909402847290039,8.9,0.009402847290038707,1.8654880281699597,1.9,0.03451197183004018,54,54.0,scolv:abakken,unknown,man_confirm,manual,aka2026rwtxyr,aka2026rwtxyr
matched,onsite,2026-09-09 15:16:56.00,2026-09-09 15:16:56.30,0.306,51.54212188720703,51.561,177.9664306640625,177.969,2.106654114204339,52.11960601806641,57.391,5.271393981933585,3.3171780584451724,3.2,0.11717805844517226,50,24.0,scolv:abakken,unknown,man_confirm,manual,aka2026rwubsa,us7000tgww
matched,onsite,2026-09-09 15:50:35.00,2026-09-09 15:50:35.40,0.405,50.39055633544922,50.391,-179.32261657714844,-179.323,0.05632593978174275,0.7142104506492615,0.7,0.014210450649261519,2.5843513388383204,2.6,0.015648661161679733,32,32.0,scolv:abakken,unknown,man_confirm,manual,aka2026rwvews,aka2026rwvews
matched,onsite,2026-09-09 17:14:39.00,2026-09-09 17:14:39.36,0.368,54.79953765869141,54.8,-161.30838012695312,-161.308,0.05689144698211272,56.23371124267578,56.2,0.03371124267577841,1.9967172590508646,2.0,0.0032827409491353876,19,19.0,scolv:abakken,unknown,man_confirm,manual,aka2026rwxztq,aka2026rwxztq
matched,onsite,2026-09-09 17:23:45.00,2026-09-09 17:23:45.20,0.204,57.8629150390625,57.863,-155.0192108154297,-155.019,0.015644257259323387,86.50154113769531,86.5,0.0015411376953125,1.5847200155325176,1.6,0.015279984467482466,29,29.0,scolv:abakken,unknown,man_confirm,manual,aka2026rwyhrl,aka2026rwyhrl
matched,onsite,2026-09-09 17:33:48.00,2026-09-09 17:33:50.33,2.331,51.30342483520508,51.3872,-175.98956298828125,-176.0173,9.512491560627792,20.76652717590332,35.0,14.23347282409668,2.50733315800025,2.6,0.09266684199975028,40,41.0,scolv:abakken,unknown,man_confirm,manual,aka2026rwyqjw,us7000tgx4
matched,onsite,2026-09-09 17:37:19.00,2026-09-09 17:37:19.69,0.696,49.94346618652344,49.943,-177.89495849609375,-177.895,0.05192258760376551,20.0,20.0,0.0,2.4611069319664196,2.5,0.03889306803358039,21,21.0,scolv:hlmcfarlin,unknown,man_confirm,manual,aka2026rwytlk,aka2026rwytlk
matched,onsite,2026-09-09 18:02:06.00,2026-09-09 18:02:06.61,0.612,51.14257049560547,51.143,-178.37954711914062,-178.38,0.05726305697760763,21.21477508544922,21.2,0.01477508544921946,2.022663887479024,2.0,0.022663887479024147,20,20.0,scolv:abakken,unknown,man_confirm,manual,aka2026rwzoyt,aka2026rwzoyt
matched,onsite,2026-09-09 18:18:26.00,2026-09-09 18:18:26.43,0.43,51.36770248413086,51.368,-177.52947998046875,-177.529,0.04695429822521491,38.445152282714844,38.4,0.04515228271484517,1.86485802856312,1.9,0.035141971436879915,32,32.0,scolv:abakken,unknown,man_confirm,manual,aka2026rxadbn,aka2026rxadbn
matched,onsite,2026-09-09 18:35:05.00,2026-09-09 18:35:05.41,0.415,61.24732208251953,61.247,-150.65919494628906,-150.659,0.037301047638026136,49.59130096435547,49.6,0.008699035644532671,2.9116143631514553,2.9,0.011614363151455365,140,140.0,scolv:abakken,unknown,man_confirm,manual,aka2026rxarpv,aka2026rxarpv
matched,onsite,2026-09-09 18:48:40.00,2026-09-09 18:48:42.72,2.726,51.07003021240234,51.2296,-178.45863342285156,-178.471,17.76430530384192,15.997270584106445,26.507,10.509729415893556,3.215622327577847,3.0,0.21562232757784683,62,59.0,scolv:abakken,unknown,man_confirm,manual,aka2026rxbdgn,us7000tgxa
matched,onsite,2026-09-09 18:58:56.00,2026-09-09 18:58:56.45,0.456,60.68402099609375,60.684,-151.8462677001953,-151.846,0.014760449883209133,81.87493896484375,81.9,0.025061035156255684,1.5318427587162966,1.5,0.031842758716296604,30,30.0,scolv:abakken,unknown,man_confirm,manual,aka2026rxbmeq,aka2026rxbmeq
matched,onsite,2026-09-09 19:26:16.00,2026-09-09 19:26:16.73,0.73,59.8304328918457,59.83,-151.9302215576172,-151.93,0.049702202077698,59.48210525512695,59.5,0.017894744873046875,2.1168493898918133,2.1,0.01684938989181317,46,46.0,scolv:abakken,unknown,man_confirm,manual,aka2026rxcgyx,aka2026rxcgyx
matched,onsite,2026-09-09 19:28:44.00,2026-09-09 19:28:44.81,0.814,61.64868927001953,61.649,-150.73558044433594,-150.736,0.04104405793262673,66.11688232421875,66.1,0.016882324218755684,1.730477476029732,1.7,0.030477476029731942,24,24.0,scolv:abakken,unknown,man_confirm,manual,aka2026rxcmal,aka2026rxcmal
matched,onsite,2026-09-09 19:30:48.00,2026-09-09 19:30:48.81,0.813,60.26802444458008,60.268,-153.2921142578125,-153.292,0.006862184597954537,134.32830810546875,134.3,0.02830810546873863,1.6782499631917658,1.7,0.021750036808234174,21,21.0,scolv:hlmcfarlin,unknown,man_confirm,manual,aka2026rxcnqw,aka2026rxcnqw
matched,onsite,2026-09-09 19:53:49.00,2026-09-09 19:53:49.85,0.859,61.67867279052734,61.679,-149.52005004882812,-149.52,0.036479699892345833,20.130361557006836,20.1,0.030361557006834516,1.999207722740307,2.0,0.0007922772596931082,61,61.0,scolv:abakken,unknown,man_confirm,manual,aka2026rxdhqv,aka2026rxdhqv
matched,onsite,2026-09-09 20:01:54.00,2026-09-09 20:01:54.43,0.435,56.34696197509766,56.347,-158.8970489501953,-158.897,0.005193804899960159,6.932640075683594,6.9,0.032640075683593395,2.6903355665593107,2.7,0.009664433440689457,51,51.0,scolv:abakken,unknown,man_confirm,manual,aka2026rxdoms,aka2026rxdoms
matched,onsite,2026-09-09 20:17:13.00,2026-09-09 20:17:13.61,0.619,53.8970947265625,53.897,-166.6590118408203,-166.659,0.010561645709069725,9.588440895080566,9.6,0.011559104919433238,1.6775811200749218,1.7,0.022418879925078183,40,40.0,scolv:abakken,unknown,man_confirm,manual,aka2026rxecbq,aka2026rxecbq
matched,onsite,2026-09-09 20:22:47.00,2026-09-09 20:22:47.56,0.568,60.46426391601562,60.464,-150.4841766357422,-150.484,0.03090216095871956,51.73513412475586,51.7,0.03513412475585653,2.3138483021487497,2.3,0.01384830214874988,84,84.0,scolv:abakken,unknown,man_confirm,manual,aka2026rxegwh,aka2026rxegwh
matched,onsite,2026-09-09 20:35:16.00,2026-09-09 20:35:16.81,0.811,51.53940582275391,51.539,-177.59884643554688,-177.599,0.04635841800219463,73.64107513427734,73.6,0.041075134277349434,1.760870572993406,1.8,0.03912942700659405,36,36.0,scolv:abakken,unknown,man_confirm,manual,aka2026rxersp,aka2026rxersp
matched,onsite,2026-09-09 20:56:34.00,2026-09-09 20:56:34.75,0.753,60.56296157836914,60.563,-139.8879852294922,-139.888,0.004347874991951609,12.014951705932617,12.0,0.014951705932617188,1.7693743135254316,1.8,0.030625686474568425,19,19.0,scolv:abakken,unknown,man_confirm,manual,aka2026rxfker,aka2026rxfker
matched,onsite,2026-09-09 21:24:13.00,2026-09-09 21:24:13.63,0.639,51.62762069702148,51.628,-179.87359619140625,-179.874,0.05055479370066381,80.0111083984375,80.0,0.0111083984375,2.355068919797793,2.4,0.04493108020220671,37,37.0,scolv:hlmcfarlin,unknown,man_confirm,manual,aka2026rxgifx,aka2026rxgifx
matched,onsite,2026-09-09 21:38:57.00,2026-09-09 21:38:57.39,0.396,56.19435501098633,56.194,-156.5056915283203,-156.506,0.043846458732301544,69.51953125,69.5,0.01953125,2.8347812611066914,2.8,0.03478126110669155,75,75.0,scolv:abakken,unknown,man_confirm,manual,aka2026rxguxn,aka2026rxguxn
matched,onsite,2026-09-09 22:01:30.00,2026-09-09 22:01:30.96,0.962,60.32792282104492,60.328,-151.40357971191406,-151.404,0.02467535036720396,66.43596649169922,66.4,0.035966491699213066,2.7289496332160414,2.7,0.02894963321604127,86,86.0,scolv:abakken,unknown,man_confirm,manual,aka2026rxhomw,aka2026rxhomw
matched,onsite,2026-09-09 22:11:53.00,2026-09-09 22:11:53.14,0.148,51.58810043334961,51.588,-174.43145751953125,-174.431,0.033523334408442934,1.784980058670044,1.8,0.015019941329956099,2.207948687629861,2.2,0.007948687629860895,19,19.0,scolv:abakken,unknown,man_confirm,manual,aka2026rxhxmu,aka2026rxhxmu
matched,onsite,2026-09-09 22:24:19.00,2026-09-09 22:24:19.69,0.692,51.09952163696289,51.1,-178.17340087890625,-178.173,0.06010735746627867,36.79831314086914,36.8,0.0016868591308565328,2.071232109591465,2.1,0.028767890408535113,24,24.0,scolv:abakken,unknown,man_confirm,manual,aka2026rxiihx,aka2026rxiihx
matched,onsite,2026-09-09 22:57:19.00,2026-09-09 22:57:19.27,0.27,53.44553756713867,53.446,-164.56561279296875,-164.566,0.05745959525280309,1.7171074151992798,1.7,0.01710741519927983,2.168786101273087,2.2,0.031213898726913047,31,31.0,scolv:hlmcfarlin,unknown,man_confirm,manual,aka2026rxjkup,aka2026rxjkup
matched,onsite,2026-09-09 23:01:34.00,2026-09-09 23:01:34.65,0.659,65.29849243164062,65.298,-150.21865844726562,-150.219,0.05700968008385327,13.043763160705566,13.0,0.043763160705566406,1.6617835527052451,1.7,0.03821644729475482,18,18.0,scolv:abakken,unknown,man_confirm,manual,aka2026rxjonp,aka2026rxjonp
matched,onsite,2026-09-09 23:09:36.00,2026-09-09 23:09:36.00,0.001,58.12733459472656,58.127,-156.41073608398438,-156.411,0.04030321868911902,7.80184555053711,7.8,0.0018455505371104408,1.8419029571064838,1.8,0.04190295710648373,42,42.0,scolv:abakken,unknown,man_confirm,manual,aka2026rxjvno,aka2026rxjvno
matched,onsite,2026-09-09 23:19:53.00,2026-09-09 23:19:53.19,0.195,54.33800506591797,54.338,-161.47271728515625,-161.473,0.01833618579728957,2.684744596481323,2.7,0.01525540351867738,2.2561236366235304,2.3,0.043876363376469385,18,18.0,scolv:abakken,unknown,man_confirm,manual,aka2026rxkeob,aka2026rxkeob
matched,onsite,2026-09-09 23:26:45.00,2026-09-09 23:26:45.25,0.256,51.62129211425781,51.6212,178.82827758789062,178.8551,1.8517447427560245,73.71915435791016,73.394,0.3251543579101508,2.47966780606824,2.6,0.12033219393175987,19,24.0,scolv:abakken,unknown,man_confirm,manual,aka2026rxkkkf,us7000thfr
matched,onsite,2026-09-09 23:40:11.00,2026-09-09 23:40:11.85,0.855,52.05991744995117,52.06,-169.157470703125,-169.157,0.03346395250365305,7.395388126373291,7.4,0.00461187362670934,2.4462148020470544,2.4,0.046214802047054526,28,28.0,scolv:abakken,unknown,man_confirm,manual,aka2026rxkwam,aka2026rxkwam
matched,onsite,2026-09-09 23:44:52.00,2026-09-09 23:44:52.22,0.224,61.53242492675781,61.532,-148.33010864257812,-148.33,0.0475992930059359,14.767553329467773,14.8,0.03244667053222727,1.562743674894658,1.6,0.03725632510534216,30,30.0,scolv:abakken,unknown,man_confirm,manual,aka2026rxlacf,aka2026rxlacf
matched,onsite,2026-09-09 23:49:31.00,2026-09-09 23:49:31.94,0.947,51.56911849975586,51.569,-173.5493927001953,-173.549,0.03017106161096309,22.676429748535156,22.7,0.02357025146484304,2.5569657789804876,2.6,0.043034221019512486,24,24.0,scolv:abakken,unknown,man_confirm,manual,aka2026rxleei,aka2026rxleei
matched,onsite,2026-09-09 21:23:10.00,2026-09-09 21:23:10.59,0.59,51.88375091552734,51.884,-177.96463012695312,-177.965,0.037571232093809734,155.70236206054688,155.7,0.0023620605468863687,1.6460494193273763,1.6,0.04604941932737616,31,31.0,scolv:hlmcfarlin,unknown,man_confirm,manual,aka2026rxghge,aka2026rxghge
matched,onsite,2026-09-10 00:28:22.00,2026-09-10 00:28:22.37,0.378,63.47314453125,63.473,-151.41969299316406,-151.42,0.022152578969711914,1.1904667615890503,1.2,0.009533238410949663,2.26755950110254,2.3,0.032440498897460035,51,51.0,scolv:djgossett,unknown,man_confirm,manual,aka2026rxmlvd,aka2026rxmlvd
matched,onsite,2026-09-10 00:29:17.00,2026-09-10 00:29:17.35,0.35,55.2211799621582,55.221,-160.8961181640625,-160.896,0.021368362138699637,88.37952423095703,88.4,0.020475769042974434,1.782684108006996,1.8,0.017315891993004096,13,13.0,scolv:hlmcfarlin,unknown,man_confirm,manual,aka2026rxmmpu,aka2026rxmmpu
matched,onsite,2026-09-10 00:48:30.00,2026-09-10 00:48:30.38,0.384,61.52144241333008,61.521,-150.39385986328125,-150.394,0.04975208378599084,52.51073837280273,52.5,0.01073837280272727,1.6522283868320335,1.7,0.04777161316796641,33,33.0,scolv:hlmcfarlin,unknown,man_confirm,manual,aka2026rxndgx,aka2026rxndgx
matched,onsite,2026-09-10 01:10:19.00,2026-09-10 01:10:19.50,0.502,60.63236236572266,60.632,-139.93594360351562,-139.936,0.04041042442473999,3.701603651046753,3.7,0.001603651046752752,1.9590798602329749,2.0,0.04092013976702513,30,30.0,scolv:djgossett,unknown,man_confirm,manual,aka2026rxnwfe,aka2026rxnwfe
matched,onsite,2026-09-10 01:44:24.00,2026-09-10 01:44:24.92,0.929,60.68855667114258,60.689,-143.56309509277344,-143.563,0.04956695865481514,16.164430618286133,16.2,0.03556938171386648,1.2729142146053696,1.3,0.02708578539463047,25,25.0,scolv:hlmcfarlin,unknown,man_confirm,manual,aka2026rxoztk,aka2026rxoztk
matched,onsite,2026-09-06 01:14:50.00,2026-09-06 01:14:50.31,0.318,69.3021469116211,69.302,-147.0803680419922,-147.08,0.021819188568634237,12.585357666015625,12.6,0.014642333984374645,1.657034747678119,1.7,0.042965252321880865,14,14.0,scolv:abakken,unknown,man_confirm,manual,aka2026rqdxvo,aka2026rqdxvo
matched,onsite,2026-09-06 01:45:20.00,2026-09-06 01:45:20.97,0.974,67.78640747070312,67.786,-165.1529998779297,-165.153,0.04530867523357545,5.0,5.0,0.0,1.9644329056636656,2.0,0.035567094336334426,11,11.0,scolv:abakken,unknown,man_confirm,manual,aka2026rqeyhk,aka2026rqeyhk
matched,onsite,2026-09-06 05:34:02.00,2026-09-06 05:34:02.07,0.072,69.41273498535156,69.413,-143.98143005371094,-143.981,0.03392818921059766,1.0768662691116333,1.1,0.023133730888366788,1.5612775332011295,1.6,0.03872246679887059,11,11.0,scolv:abakken,unknown,man_confirm,manual,aka2026rqmoou,aka2026rqmoou
matched,onsite,2026-09-06 10:00:08.00,2026-09-06 10:00:08.78,0.783,67.81504821777344,67.815,-156.32569885253906,-156.326,0.013734048371517694,5.0,5.0,0.0,1.7488488852540103,1.7,0.04884888525401032,12,12.0,scolv:abakken,unknown,man_confirm,manual,aka2026rqvlhx,aka2026rqvlhx
matched,onsite,2026-09-06 11:33:07.00,2026-09-06 11:33:07.39,0.394,64.74463653564453,64.745,-162.3946533203125,-162.395,0.043633776670365616,14.5886812210083,14.6,0.011318778991698863,2.0989821458777502,2.1,0.0010178541222498616,15,15.0,scolv:abakken,unknown,man_confirm,manual,aka2026rqynxy,aka2026rqynxy
matched,onsite,2026-09-10 02:22:11.00,2026-09-10 02:22:11.21,0.219,63.51113891601562,63.511,-151.407470703125,-151.407,0.027992579152229836,5.0,5.0,0.0,3.5784840760035994,3.6,0.021515923996400677,187,187.0,scolv:hlmcfarlin,unknown,man_confirm,manual,aka2026rxqgmp,aka2026rxqgmp
matched,onsite,2026-09-10 02:30:09.00,2026-09-10 02:30:09.50,0.504,51.97526168823242,51.975,-169.12648010253906,-169.126,0.04391083717416644,11.206583976745605,11.2,0.006583976745606179,2.547506494670812,2.5,0.04750649467081214,29,29.0,scolv:hlmcfarlin,unknown,man_confirm,manual,aka2026rxqnnb,aka2026rxqnnb
matched,onsite,2026-09-10 02:59:00.00,2026-09-10 02:59:00.24,0.242,51.95924758911133,51.959,-169.52711486816406,-169.527,0.02863367776636566,19.704036712646484,19.7,0.0040367126464850855,2.3977420964146496,2.4,0.002257903585350274,20,20.0,scolv:odsimonds,unknown,man_confirm,manual,aka2026rxrmlo,aka2026rxrmlo
matched,onsite,2026-09-10 03:01:20.00,2026-09-10 03:01:20.00,0.002,61.35051345825195,61.351,-146.56919860839844,-146.569,0.0551273576955702,9.886850357055664,9.9,0.013149642944336293,1.592293933113337,1.6,0.007706066886663088,31,31.0,scolv:odsimonds,unknown,man_confirm,manual,aka2026rxrolf,aka2026rxrolf
matched,onsite,2026-09-10 04:15:00.00,2026-09-10 04:15:00.95,0.95,51.33466720581055,51.335,-179.10081481933594,-179.101,0.03917744559960417,54.98621368408203,55.0,0.01378631591796875,2.463129211710173,2.5,0.03687078828982715,43,43.0,scolv:odsimonds,unknown,man_confirm,manual,aka2026rxuaii,aka2026rxuaii
matched,onsite,2026-09-10 04:36:01.00,2026-09-10 04:36:01.96,0.964,54.09798049926758,54.098,-164.8475341796875,-164.848,0.03045101808727627,74.52217102050781,74.5,0.0221710205078125,1.7873396958743484,1.8,0.012660304125651667,36,36.0,scolv:odsimonds,unknown,man_confirm,manual,aka2026rxusox,aka2026rxusox
matched,onsite,2026-09-10 04:51:43.00,2026-09-10 04:51:43.49,0.49,52.05233001708984,52.052,-169.03712463378906,-169.037,0.037672833630409616,9.7374267578125,9.7,0.03742675781250071,2.288538110078737,2.3,0.011461889921262625,23,23.0,scolv:odsimonds,unknown,man_confirm,manual,aka2026rxvfzu,aka2026rxvfzu
matched,onsite,2026-09-10 05:06:36.00,2026-09-10 05:06:36.77,0.777,51.4701042175293,51.47,-175.74029541015625,-175.74,0.023515532856895224,27.31315231323242,27.3,0.013152313232417612,2.5031809580618045,2.5,0.0031809580618045175,37,37.0,scolv:odsimonds,unknown,man_confirm,manual,aka2026rxvtbr,aka2026rxvtbr
matched,onsite,2026-09-10 05:10:41.00,2026-09-10 05:10:43.22,2.224,53.67087936401367,53.8282,-165.23583984375,-165.3843,20.03246425893866,20.833168029785156,53.337,32.50383197021485,2.714715914673276,2.6,0.11471591467327613,58,34.0,scolv:odsimonds,unknown,man_confirm,manual,aka2026rxvwpq,us7000th3t
matched,onsite,2026-09-10 05:18:08.00,2026-09-10 05:18:08.80,0.805,62.50646591186523,62.506,-147.74160766601562,-147.742,0.05558400463359712,15.751811027526855,15.8,0.04818897247314524,4.244252943137531,4.2,0.04425294313753092,287,287.0,scolv:hlmcfarlin,unknown,man_confirm,manual,aka2026rxwdbw,aka2026rxwdbw
matched,onsite,2026-09-10 05:58:00.00,2026-09-10 05:58:00.94,0.941,52.51128005981445,52.511,-167.97103881835938,-167.971,0.03125183738852337,13.301109313964844,13.3,0.0011093139648430395,2.0411029685616233,2.0,0.04110296856162332,24,24.0,scolv:odsimonds,unknown,man_confirm,manual,aka2026rxxlmx,aka2026rxxlmx
matched,onsite,2026-09-10 06:05:12.00,2026-09-10 06:05:12.38,0.387,64.6882095336914,64.688,-147.8091278076172,-147.809,0.02407833347383374,16.294723510742188,16.3,0.0052764892578132105,1.499050851324865,1.5,0.0009491486751349587,32,32.0,scolv:odsimonds,unknown,man_confirm,manual,aka2026rxxrwn,aka2026rxxrwn
matched,onsite,2026-09-10 06:15:47.00,2026-09-10 06:15:47.08,0.08,61.5033073425293,61.503,-151.3629150390625,-151.363,0.03447088943506709,77.49158477783203,77.5,0.00841522216796875,1.956241670211919,2.0,0.04375832978808103,81,81.0,scolv:odsimonds,unknown,man_confirm,manual,aka2026rxxymw,aka2026rxxymw
matched,onsite,2026-09-10 06:19:46.00,2026-09-10 06:19:46.83,0.833,58.84779357910156,58.848,-152.5976104736328,-152.598,0.03207631331419915,60.35593795776367,60.4,0.044062042236326704,2.0643121178467196,2.1,0.03568788215328045,37,37.0,scolv:odsimonds,unknown,man_confirm,manual,aka2026rxyemx,aka2026rxyemx
matched,onsite,2026-09-07 13:32:58.00,2026-09-07 13:32:58.37,0.376,64.16587829589844,64.166,-153.7825469970703,-153.783,0.025786672605205594,5.278044700622559,5.3,0.02195529937744123,1.7680954648851532,1.8,0.03190453511484681,25,25.0,scolv:abakken,unknown,man_confirm,manual,aka2026rsyoko,aka2026rsyoko
matched,onsite,2026-09-07 13:43:28.00,2026-09-07 13:43:28.17,0.176,68.09278106689453,68.093,-158.79705810546875,-158.797,0.02446331285831937,1.6206939220428467,1.6,0.02069392204284659,1.7729882852549919,1.8,0.027011714745008186,15,15.0,scolv:abakken,unknown,man_confirm,manual,aka2026rsyxne,aka2026rsyxne
matched,onsite,2026-09-10 06:49:31.00,2026-09-10 06:49:32.46,1.463,53.78001022338867,53.8319,-163.70770263671875,-163.6853,5.954446028514366,12.41053867340088,23.999,11.588461326599118,2.6875021623899316,2.7,0.012497837610068618,58,28.0,scolv:odsimonds,unknown,man_confirm,manual,aka2026rxzeif,us7000th3y
matched,onsite,2026-09-06 13:21:47.00,2026-09-06 13:21:47.05,0.054,65.62154388427734,65.622,-165.2320556640625,-165.232,0.05078205954100334,7.166037082672119,7.2,0.03396291732788104,1.653409432373418,1.7,0.04659056762658187,10,10.0,scolv:abakken,unknown,man_confirm,manual,aka2026rrcedn,aka2026rrcedn
matched,onsite,2026-09-10 06:50:28.00,2026-09-10 06:50:25.41,2.589,56.771240234375,56.8001,-148.55856323242188,-148.6351,5.659558542950679,36.74283981323242,10.0,26.742839813232422,3.1508002522299523,3.0,0.1508002522299523,53,33.0,scolv:odsimonds,unknown,man_confirm,manual,aka2026rxzexb,us7000tg8x
matched,onsite,2026-09-06 14:07:50.00,2026-09-06 14:07:50.91,0.916,65.3108901977539,65.311,-162.7006072998047,-162.701,0.021948488456964784,18.819847106933594,18.8,0.01984710693359304,1.8660798843928081,1.9,0.03392011560719177,12,12.0,scolv:abakken,unknown,man_confirm,manual,aka2026rrdsbz,aka2026rrdsbz
matched,onsite,2026-09-06 23:57:50.00,2026-09-06 23:57:50.07,0.076,68.62516784667969,68.625,-148.49302673339844,-148.493,0.01869511927041767,5.270035743713379,5.3,0.029964256286620916,1.758778271502192,1.8,0.04122172849780803,20,20.0,scolv:abakken,unknown,man_confirm,manual,aka2026rrxjqk,aka2026rrxjqk
matched,onsite,2026-09-10 07:06:16.00,2026-09-10 07:06:17.13,1.132,56.26698684692383,56.2289,-149.6446990966797,-149.7001,5.4452167197290375,5.0,10.0,5.0,3.071579921567825,2.8,0.2715799215678252,37,22.0,scolv:hlmcfarlin,unknown,man_confirm,manual,aka2026rxzths,us7000tgdx
matched,onsite,2026-09-10 07:22:20.00,2026-09-10 07:22:20.30,0.309,51.93813323974609,51.8743,179.58181762695312,179.5478,7.471723573734466,175.9703826904297,179.33,3.359617309570325,2.8493094376798607,3.2,0.3506905623201395,58,24.0,scolv:odsimonds,unknown,man_confirm,manual,aka2026ryagzq,us7000th3z
matched,onsite,2026-09-10 07:46:26.00,2026-09-10 07:46:26.63,0.632,65.17560577392578,65.176,-143.46432495117188,-143.464,0.0463865804990413,5.567671298980713,5.6,0.032328701019286754,1.7878879903372165,1.8,0.012112009662783585,22,22.0,scolv:odsimonds,unknown,man_confirm,manual,aka2026rybbuf,aka2026rybbuf
matched,onsite,2026-09-10 08:15:06.00,2026-09-10 08:15:06.51,0.513,52.44377899169922,52.444,-166.7439727783203,-166.744,0.024644163742253793,20.0,20.0,0.0,2.110167457230078,2.1,0.010167457230077837,22,22.0,scolv:odsimonds,unknown,man_confirm,manual,aka2026rycani,aka2026rycani
matched,onsite,2026-09-10 08:32:47.00,2026-09-10 08:32:47.34,0.342,54.58063507080078,54.581,-159.9193115234375,-159.919,0.04527281978150749,4.920768260955811,4.9,0.02076826095581108,2.125971256100358,2.1,0.025971256100357998,23,23.0,scolv:odsimonds,unknown,man_confirm,manual,aka2026rycpwd,aka2026rycpwd
matched,onsite,2026-09-10 08:53:12.00,2026-09-10 08:53:12.41,0.416,59.33098220825195,59.331,-152.84654235839844,-152.847,0.026031826700388564,85.27566528320312,85.3,0.024334716796872158,1.862294392270373,1.9,0.037705607729626944,23,23.0,scolv:hlmcfarlin,unknown,man_confirm,manual,aka2026rydhoa,aka2026rydhoa
matched,onsite,2026-09-10 08:59:02.00,2026-09-10 08:59:02.57,0.576,57.85918807983398,57.859,-153.43173217773438,-153.432,0.026237110028729815,53.35968399047852,53.4,0.04031600952147585,2.5476608596905073,2.5,0.04766085969050726,77,77.0,scolv:odsimonds,unknown,man_confirm,manual,aka2026rydmqp,aka2026rydmqp
matched,onsite,2026-09-10 09:26:21.00,2026-09-10 09:26:21.94,0.947,61.81391525268555,61.814,-144.85780334472656,-144.858,0.013981484044727186,58.14054489135742,58.1,0.040544891357420454,1.79566595347027,1.8,0.004334046529730129,56,56.0,scolv:odsimonds,unknown,man_confirm,manual,aka2026ryekhi,aka2026ryekhi
matched,onsite,2026-09-10 09:32:32.00,2026-09-10 09:32:32.32,0.326,60.57124328613281,60.571,-139.8260955810547,-139.826,0.027551596949088222,10.0,10.0,0.0,2.126943035884976,2.1,0.02694303588497604,28,28.0,scolv:odsimonds,unknown,man_confirm,manual,aka2026ryepqr,aka2026ryepqr
matched,onsite,2026-09-10 09:53:26.00,2026-09-10 09:53:26.03,0.037,62.82818222045898,62.828,-148.7177734375,-148.718,0.02330025208997438,10.0,10.0,0.0,2.096551087160781,2.1,0.0034489128392189983,74,74.0,scolv:odsimonds,unknown,man_confirm,manual,aka2026ryfhtl,aka2026ryfhtl
matched,onsite,2026-09-10 10:18:10.00,2026-09-10 10:18:10.17,0.174,54.50020599365234,54.5,-160.3555145263672,-160.356,0.03882432612456358,1.3252849578857422,1.3,0.025284957885742143,1.9717907954802725,2.0,0.028209204519727527,25,25.0,scolv:odsimonds,unknown,man_confirm,manual,aka2026rygdfg,aka2026rygdfg
matched,onsite,2026-09-10 10:22:43.00,2026-09-10 10:22:43.29,0.298,52.10858154296875,52.109,-168.80648803710938,-168.806,0.057235398619521184,17.563520431518555,17.6,0.036479568481446734,2.7271097741171433,2.7,0.027109774117143104,44,44.0,scolv:odsimonds,unknown,man_confirm,manual,aka2026ryghcy,aka2026ryghcy
matched,onsite,2026-09-10 10:33:25.00,2026-09-10 10:33:25.06,0.068,57.71327590942383,57.713,-154.3158416748047,-154.316,0.03208859450813545,47.76556015014648,47.8,0.03443984985351989,1.7890936782927187,1.8,0.010906321707281341,30,30.0,scolv:odsimonds,unknown,man_confirm,manual,aka2026rygqki,aka2026rygqki
matched,onsite,2026-09-10 10:37:55.00,2026-09-10 10:37:55.83,0.838,52.17829895019531,52.178,-169.19667053222656,-169.197,0.04012092703750573,7.271109580993652,7.3,0.02889041900634748,2.394998223802151,2.4,0.005001776197848695,22,22.0,scolv:odsimonds,unknown,man_confirm,manual,aka2026rygudt,aka2026rygudt
matched,onsite,2026-09-10 11:10:30.00,2026-09-10 11:10:30.08,0.081,58.88915634155273,58.889,-154.33290100097656,-154.333,0.01829122899617672,124.71559143066406,124.7,0.015591430664059658,2.125948343067099,2.1,0.02594834306709881,69,69.0,scolv:odsimonds,unknown,man_confirm,manual,aka2026ryhwhm,aka2026ryhwhm
matched,onsite,2026-09-10 11:48:17.00,2026-09-10 11:48:17.82,0.822,61.64374542236328,61.644,-141.4314727783203,-141.431,0.03774585681233229,12.07321834564209,12.1,0.0267816543579098,1.6516843013573574,1.7,0.04831569864264251,21,21.0,scolv:hlmcfarlin,unknown,man_confirm,manual,aka2026ryjdil,aka2026ryjdil
matched,onsite,2026-09-10 11:51:28.00,2026-09-10 11:51:28.30,0.308,51.37571716308594,51.376,-177.9998321533203,-178.0,0.03353845481333701,37.2164192199707,37.2,0.016419219970700283,2.202331272879607,2.2,0.0023312728796067717,22,22.0,scolv:odsimonds,unknown,man_confirm,manual,aka2026ryjgdd,aka2026ryjgdd
matched,onsite,2026-09-10 11:59:25.00,2026-09-10 11:59:25.23,0.232,54.46547698974609,54.465,-159.64837646484375,-159.648,0.05835273338120481,29.317312240600586,29.3,0.017312240600585227,2.4836762208224954,2.5,0.016323779177504605,27,27.0,scolv:odsimonds,unknown,man_confirm,manual,aka2026ryjncj,aka2026ryjncj
matched,onsite,2026-09-10 12:47:28.00,2026-09-10 12:47:28.78,0.788,51.21650695800781,51.217,-177.8419189453125,-177.842,0.05511366980613347,22.748241424560547,22.7,0.048241424560547586,2.4872216519754926,2.5,0.012778348024507391,34,34.0,scolv:odsimonds,unknown,man_confirm,manual,aka2026rylcrn,aka2026rylcrn
matched,onsite,2026-09-10 12:50:32.00,2026-09-10 12:50:32.88,0.884,59.59237289428711,59.592,-152.9114532470703,-152.911,0.048682536531150865,105.10905456542969,105.1,0.009054565429693184,2.0653193222917174,2.1,0.03468067770828265,57,57.0,scolv:odsimonds,unknown,man_confirm,manual,aka2026rylfir,aka2026rylfir
matched,onsite,2026-09-10 12:57:22.00,2026-09-10 12:57:22.23,0.23,52.74853897094727,52.749,-170.40087890625,-170.401,0.05190797700746025,64.90177917480469,64.9,0.0017791748046818157,2.3582259273477715,2.4,0.04177407265222843,24,24.0,scolv:hlmcfarlin,unknown,man_confirm,manual,aka2026ryllop,aka2026ryllop
matched,onsite,2026-09-10 13:47:27.00,2026-09-10 13:47:27.60,0.603,51.58449935913086,51.581,-174.47787475585938,-174.4688,0.7379420815782162,8.557783126831055,10.0,1.4422168731689453,2.957270609142355,2.8,0.15727060914235524,40,21.0,scolv:odsimonds,unknown,man_confirm,manual,aka2026ryncrp,us7000th44
matched,onsite,2026-09-10 13:43:55.00,2026-09-10 13:43:55.05,0.051,62.38181686401367,62.382,-152.048583984375,-152.049,0.029572783613985815,0.8305445909500122,0.8,0.030544590950012163,1.3802225350033288,1.4,0.0197774649966711,23,23.0,scolv:hlmcfarlin,unknown,man_confirm,manual,aka2026rymzhd,aka2026rymzhd
matched,onsite,2026-09-10 13:58:32.00,2026-09-10 13:58:32.12,0.123,60.50503540039062,60.505,-139.99620056152344,-139.996,0.01166431426415801,1.4818432331085205,1.5,0.018156766891479492,2.135721125238675,2.1,0.0357211252386751,27,27.0,scolv:odsimonds,unknown,man_confirm,manual,aka2026rynmhf,aka2026rynmhf
matched,onsite,2026-09-10 14:02:22.00,2026-09-10 14:02:22.72,0.722,57.72396850585938,57.724,-155.96240234375,-155.962,0.02414564245707897,1.761000156402588,1.8,0.038999843597412154,2.0010122015575162,2.0,0.0010122015575162457,47,47.0,scolv:odsimonds,unknown,man_confirm,manual,aka2026rynppi,aka2026rynppi
matched,onsite,2026-09-10 14:05:36.00,2026-09-10 14:05:36.77,0.779,57.68802261352539,57.688,-155.91400146484375,-155.914,0.0025160161879647777,6.507975101470947,6.5,0.007975101470947266,1.8737199698758806,1.9,0.02628003012411928,41,41.0,scolv:odsimonds,unknown,man_confirm,manual,aka2026rynsip,aka2026rynsip
matched,onsite,2026-09-10 14:36:04.00,2026-09-10 14:36:04.51,0.51,52.03912353515625,52.039,-168.74124145507812,-168.741,0.02148122587863287,22.336225509643555,22.3,0.03622550964355398,2.638664780703061,2.6,0.03866478070306112,23,23.0,scolv:odsimonds,unknown,man_confirm,manual,aka2026ryoswn,aka2026ryoswn
matched,onsite,2026-09-10 14:39:39.00,2026-09-10 14:39:39.13,0.134,52.36157608032227,52.362,-166.93362426757812,-166.934,0.053599542548962785,24.665369033813477,24.7,0.03463096618652273,2.250348788174677,2.3,0.04965121182532295,23,23.0,scolv:odsimonds,unknown,man_confirm,manual,aka2026ryovws,aka2026ryovws
matched,onsite,2026-09-10 14:50:21.00,2026-09-10 14:50:21.00,0.006,51.68122100830078,51.7001,179.94769287109375,179.9549,2.157230611162963,89.22481536865234,88.982,0.24281536865234443,2.769703733532197,2.6,0.16970373353219692,34,25.0,scolv:hlmcfarlin,unknown,man_confirm,manual,aka2026rypfeh,us7000tge6
matched,onsite,2026-09-10 14:52:37.00,2026-09-10 14:52:37.30,0.306,52.01082611083984,52.011,-175.6186981201172,-175.619,0.02829752110935896,149.93310546875,149.9,0.033105468749994316,2.017412839964957,2.0,0.017412839964956905,21,21.0,scolv:hlmcfarlin,unknown,man_confirm,manual,aka2026ryphex,aka2026ryphex
matched,onsite,2026-09-10 15:00:15.00,2026-09-10 15:00:15.83,0.83,62.9239730834961,62.924,-148.30950927734375,-148.31,0.025016551365978072,67.90956115722656,67.9,0.009561157226556816,1.859942612581708,1.9,0.0400573874182919,57,57.0,scolv:odsimonds,unknown,man_confirm,manual,aka2026rypnvn,aka2026rypnvn
matched,onsite,2026-09-10 15:02:45.00,2026-09-10 15:02:45.73,0.735,61.5597152709961,61.56,-149.9987335205078,-149.999,0.034662924426188554,43.430728912353516,43.4,0.030728912353517046,1.5493551719512033,1.5,0.049355171951203314,37,37.0,scolv:odsimonds,unknown,man_confirm,manual,aka2026ryppyx,aka2026ryppyx
matched,onsite,2026-09-10 15:06:54.00,2026-09-10 15:06:54.95,0.95,61.42933654785156,61.429,-150.12452697753906,-150.125,0.04509090587442997,59.32867050170898,59.3,0.028670501708980112,1.6565006618546925,1.7,0.04349933814530749,33,33.0,scolv:odsimonds,unknown,man_confirm,manual,aka2026ryptoo,aka2026ryptoo
matched,onsite,2026-09-10 15:25:34.00,2026-09-10 15:25:34.64,0.644,56.25249481201172,56.252,-156.54530334472656,-156.545,0.058123973626572754,23.025726318359375,23.0,0.025726318359375,2.5994127105385965,2.6,0.0005872894614036284,58,58.0,scolv:odsimonds,unknown,man_confirm,manual,aka2026ryqjte,aka2026ryqjte
matched,onsite,2026-09-10 08:54:03.00,2026-09-10 08:54:03.37,0.377,59.71895599365234,59.719,-153.07113647460938,-153.071,0.009082811712258668,123.20061492919922,123.2,0.0006149291992159078,1.903706080455437,1.9,0.0037060804554371884,25,25.0,scolv:hlmcfarlin,unknown,man_confirm,manual,aka2026rydihc,aka2026rydihc
matched,onsite,2026-09-10 15:35:47.00,2026-09-10 15:35:47.62,0.627,59.04652404785156,59.047,-152.1483612060547,-152.148,0.05681238618696978,34.755821228027344,34.8,0.04417877197265341,2.245536946195094,2.2,0.04553694619509363,81,81.0,scolv:odsimonds,unknown,man_confirm,manual,aka2026ryqspg,aka2026ryqspg
matched,onsite,2026-09-10 08:55:49.00,2026-09-10 08:55:49.24,0.246,60.01760482788086,60.018,-152.16073608398438,-152.161,0.04632375583714,78.94758605957031,78.9,0.047586059570306816,1.7951057582517624,1.8,0.004894241748237604,25,25.0,scolv:hlmcfarlin,unknown,man_confirm,manual,aka2026rydjuw,aka2026rydjuw
matched,onsite,2026-09-10 15:43:36.00,2026-09-10 15:43:36.09,0.097,57.87559509277344,57.876,-156.14898681640625,-156.149,0.04503037712032318,128.35923767089844,128.4,0.040762329101568184,2.24843149361951,2.2,0.0484314936195096,61,61.0,scolv:odsimonds,unknown,man_confirm,manual,aka2026ryqzjr,aka2026ryqzjr
matched,onsite,2026-09-10 15:47:31.00,2026-09-10 15:47:31.34,0.342,57.68622589111328,57.686,-155.92047119140625,-155.92,0.03762099301648905,0.6633478999137878,0.7,0.036652100086212114,1.7185680983499263,1.7,0.018568098349926343,40,40.0,scolv:odsimonds,unknown,man_confirm,manual,aka2026ryrcuc,aka2026ryrcuc
matched,onsite,2026-09-10 16:19:57.00,2026-09-10 16:19:58.77,1.771,52.26044464111328,52.3473,-169.2930908203125,-169.3437,10.252581069225018,20.0,35.0,15.0,2.7467581858395165,2.7,0.0467581858395163,33,21.0,scolv:odsimonds,unknown,man_confirm,manual,aka2026rysewk,us7000thaq
matched,onsite,2026-09-10 16:27:35.00,2026-09-10 16:27:35.11,0.113,60.0421257019043,60.042,-152.02334594726562,-152.023,0.023756396979947438,73.70275115966797,73.7,0.002751159667965908,1.595853196310501,1.6,0.004146803689499157,33,33.0,scolv:odsimonds,unknown,man_confirm,manual,aka2026ryslnb,aka2026ryslnb
matched,onsite,2026-09-10 16:33:06.00,2026-09-10 16:33:06.82,0.825,51.45592880249023,51.456,-178.0922088623047,-178.092,0.016495466097016923,15.905981063842773,15.9,0.005981063842773082,2.126270363948565,2.1,0.026270363948564857,17,17.0,scolv:odsimonds,unknown,man_confirm,manual,aka2026rysqih,aka2026rysqih
matched,onsite,2026-09-10 16:36:01.00,2026-09-10 16:36:01.92,0.923,57.74133682250977,57.741,-154.34292602539062,-154.343,0.037709404048973695,52.33290481567383,52.3,0.03290481567383097,1.8811789000726031,1.9,0.01882109992739678,46,46.0,scolv:odsimonds,unknown,man_confirm,manual,aka2026ryssvg,aka2026ryssvg
matched,onsite,2026-09-10 16:55:17.00,2026-09-10 16:55:18.39,1.39,53.47408294677734,53.452,-163.17654418945312,-163.1759,2.455881921886246,19.83136749267578,35.0,15.168632507324219,2.7588482082512464,2.9,0.14115179174875347,62,39.0,scolv:odsimonds,unknown,man_confirm,manual,aka2026rytjnk,us7000thas
matched,onsite,2026-09-10 18:24:37.00,2026-09-10 18:24:37.60,0.609,60.40613174438477,60.406,-147.78358459472656,-147.784,0.02711018265259298,14.865557670593262,14.9,0.034442329406738637,1.7847688689761283,1.8,0.015231131023871747,45,45.0,scolv:odsimonds,unknown,man_confirm,manual,aka2026rywizv,aka2026rywizv
matched,onsite,2026-09-10 18:33:54.00,2026-09-10 18:33:54.18,0.189,60.29433059692383,60.294,-152.2066650390625,-152.207,0.041134105604839856,94.43572235107422,94.4,0.035722351074213066,1.880358807675456,1.9,0.019641192324543866,52,52.0,scolv:odsimonds,unknown,man_confirm,manual,aka2026rywrav,aka2026rywrav
matched,onsite,2026-09-10 19:05:47.00,2026-09-10 19:05:47.55,0.551,61.58148574829102,61.581,-149.7427215576172,-149.743,0.05598655092544795,30.272029876708984,30.3,0.027970123291016336,2.3950792591617236,2.4,0.004920740838276316,94,94.0,scolv:odsimonds,unknown,man_confirm,manual,aka2026ryxsrs,aka2026ryxsrs
matched,onsite,2026-09-10 19:17:10.00,2026-09-10 19:17:10.47,0.474,56.64421081542969,56.644,-153.64027404785156,-153.64,0.028813903585455013,27.962522506713867,28.0,0.03747749328613281,2.370140918770346,2.4,0.02985908122965375,32,32.0,scolv:odsimonds,unknown,man_confirm,manual,aka2026ryycoc,aka2026ryycoc
matched,onsite,2026-09-10 19:18:15.00,2026-09-10 19:18:15.60,0.604,60.55643844604492,60.556,-139.9340057373047,-139.934,0.048753984404334254,5.318461418151855,5.3,0.018461418151854758,2.3093215130915854,2.3,0.009321513091585576,30,30.0,scolv:odsimonds,unknown,man_confirm,manual,aka2026ryydmz,aka2026ryydmz
matched,onsite,2026-09-10 19:25:24.00,2026-09-10 19:25:24.87,0.873,54.44976043701172,54.45,-160.25601196289062,-160.256,0.026649413959762887,5.40290641784668,5.4,0.0029064178466793322,2.17683325076787,2.2,0.023166749232130357,29,29.0,scolv:odsimonds,unknown,man_confirm,manual,aka2026ryyjsm,aka2026ryyjsm
matched,onsite,2026-09-10 19:28:56.00,2026-09-10 19:28:56.50,0.5,62.25710678100586,62.257,-152.25711059570312,-152.257,0.013181488524875475,2.279141426086426,2.3,0.02085857391357404,1.908702827273139,1.9,0.008702827273139091,51,51.0,scolv:odsimonds,unknown,man_confirm,manual,aka2026ryymtr,aka2026ryymtr
matched,onsite,2026-09-10 19:48:53.00,2026-09-10 19:48:53.88,0.886,60.46899795532227,60.469,-151.49417114257812,-151.494,0.009382627578858486,70.50505065917969,70.5,0.0050506591796875,1.5717604892394528,1.6,0.028239510760547315,35,35.0,scolv:odsimonds,unknown,man_confirm,manual,aka2026ryzebs,aka2026ryzebs
matched,onsite,2026-09-10 19:55:51.00,2026-09-10 19:55:51.71,0.71,61.43575668334961,61.436,-147.75820922851562,-147.758,0.02925318133405135,27.024070739746094,27.0,0.02407073974609375,1.5200719922658215,1.5,0.02007199226582146,36,36.0,scolv:hlmcfarlin,unknown,man_confirm,manual,aka2026ryzkck,aka2026ryzkck
matched,onsite,2026-09-10 20:05:07.00,2026-09-10 20:05:07.50,0.502,52.7056884765625,52.706,-169.42874145507812,-169.429,0.0387729876225787,70.33511352539062,70.3,0.03511352539062784,2.3853355858064393,2.4,0.014664414193560571,33,33.0,scolv:odsimonds,unknown,man_confirm,manual,aka2026ryzsdn,aka2026ryzsdn
matched,onsite,2026-09-10 20:33:25.00,2026-09-10 20:33:25.80,0.801,59.96429061889648,59.964,-151.56887817382812,-151.569,0.033019050891319006,71.62448120117188,71.6,0.024481201171880684,1.4894453568468466,1.5,0.010554643153153354,31,31.0,scolv:hlmcfarlin,unknown,man_confirm,manual,aka2026rzaqrf,aka2026rzaqrf
matched,onsite,2026-09-10 20:59:54.00,2026-09-10 20:59:54.09,0.099,54.5402946472168,54.54,-160.09547424316406,-160.095,0.04482549967793333,18.659364700317383,18.7,0.04063529968261648,2.258247307442123,2.3,0.041752692557876614,35,35.0,scolv:odsimonds,unknown,man_confirm,manual,aka2026rzbnpf,aka2026rzbnpf
matched,onsite,2026-09-10 21:13:09.00,2026-09-10 21:13:09.95,0.954,59.87578964233398,59.876,-152.5995635986328,-152.6,0.03376731602311629,87.36595916748047,87.4,0.034040832519536934,1.6119517076531111,1.6,0.011951707653111043,29,29.0,scolv:hlmcfarlin,unknown,man_confirm,manual,aka2026rzbzdi,aka2026rzbzdi
matched,onsite,2026-09-10 21:14:02.00,2026-09-10 21:14:02.36,0.367,51.60551452636719,51.7173,178.5076446533203,178.598,13.904869021282142,91.4808578491211,97.665,6.1841421508789125,3.85314908717543,4.0,0.14685091282456986,73,44.0,scolv:hlmcfarlin,unknown,man_confirm,manual,aka2026rzbzvl,us7000tghu
matched,onsite,2026-09-10 21:15:21.00,2026-09-10 21:15:21.51,0.515,54.58556747436523,54.586,-160.0732421875,-160.073,0.0505631051396665,6.08954668045044,6.1,0.010453319549559303,2.428159015292072,2.4,0.028159015292072098,35,35.0,scolv:odsimonds,unknown,man_confirm,manual,aka2026rzcbcb,aka2026rzcbcb
matched,onsite,2026-09-10 21:25:18.00,2026-09-10 21:25:18.88,0.88,63.25249099731445,63.252,-150.50448608398438,-150.504,0.05977056508530968,126.12103271484375,126.1,0.021032714843755684,2.6913279132843395,2.7,0.008672086715660665,128,128.0,scolv:odsimonds,unknown,man_confirm,manual,aka2026rzcjwo,aka2026rzcjwo
matched,onsite,2026-09-10 21:38:55.00,2026-09-10 21:38:54.56,0.439,53.83370590209961,53.7887,-161.9620361328125,-161.9116,6.000791369366911,10.0,10.0,0.0,2.297067866433671,2.7,0.4029321335663294,15,23.0,scolv:odsimonds,unknown,man_confirm,manual,aka2026rzcvqx,us7000th49
matched,onsite,2026-09-10 22:20:53.00,2026-09-10 22:20:53.14,0.144,61.3598518371582,61.36,-147.52883911132812,-147.529,0.018572859007511842,18.86197280883789,18.9,0.038027191162107954,1.877888039508473,1.9,0.022111960491526972,63,63.0,scolv:odsimonds,unknown,man_confirm,manual,aka2026rzefvo,aka2026rzefvo
matched,onsite,2026-09-10 23:03:10.00,2026-09-10 23:03:10.72,0.729,65.21105194091797,65.211,-166.72109985351562,-166.721,0.007418166638883282,5.014351844787598,5.0,0.014351844787597656,4.015806170656777,4.0,0.01580617065677714,56,56.0,scolv:hlmcfarlin,unknown,man_confirm,manual,aka2026rzfqpv,aka2026rzfqpv
matched,onsite,2026-09-10 23:16:56.00,2026-09-10 23:16:56.81,0.811,53.78553009033203,53.786,-166.98875427246094,-166.989,0.054688413694959394,3.893080234527588,3.9,0.0069197654724120206,1.8133733497243678,1.8,0.013373349724367767,21,21.0,scolv:odsimonds,unknown,man_confirm,manual,aka2026rzgcjs,aka2026rzgcjs
matched,onsite,2026-09-05 00:30:06.00,2026-09-05 00:30:06.28,0.286,69.91136169433594,69.911,-143.308837890625,-143.309,0.040692351001449294,18.344749450683594,18.3,0.04474945068359304,2.4730395750146807,2.5,0.026960424985319253,16,16.0,scolv:odsimonds,unknown,man_confirm,manual,aka2026rogkmi,aka2026rogkmi
matched,onsite,2026-09-10 23:27:08.00,2026-09-10 23:27:08.29,0.295,54.23957824707031,54.24,-159.9007110595703,-159.901,0.05051574516179996,25.644784927368164,25.6,0.04478492736816264,2.464171075607576,2.5,0.03582892439242391,33,33.0,scolv:odsimonds,unknown,man_confirm,manual,aka2026rzglii,aka2026rzglii
matched,onsite,2026-09-10 23:54:10.00,2026-09-10 23:54:11.23,1.232,54.98471450805664,55.0028,-162.82398986816406,-162.8593,3.0195085589822086,86.1300277709961,79.626,6.504027770996089,2.3543544005517867,2.6,0.2456455994482134,57,27.0,scolv:odsimonds,unknown,man_confirm,manual,aka2026rzhits,us7000th46
matched,onsite,2026-09-10 23:54:09.00,2026-09-10 23:54:09.36,0.368,51.67275619506836,51.673,-178.5018768310547,-178.502,0.028409215650452846,21.627180099487305,21.6,0.027180099487303266,2.0183422646453573,2.0,0.018342264645357265,12,12.0,scolv:odsimonds,unknown,man_confirm,manual,aka2026rzhisl,aka2026rzhisl
matched,onsite,2026-09-11 00:28:19.00,2026-09-11 00:28:19.78,0.787,60.51054382324219,60.511,-149.02529907226562,-149.025,0.053300698873400706,26.256277084350586,26.3,0.04372291564941477,1.6128898557763944,1.6,0.012889855776394343,39,39.0,scolv:hlmcfarlin,unknown,man_confirm,manual,aka2026rzimfs,aka2026rzimfs
matched,onsite,2026-09-11 00:32:51.00,2026-09-11 00:32:51.53,0.537,63.44876861572266,63.449,-151.4270477294922,-151.427,0.025837897245982594,0.5430254340171814,0.5,0.043025434017181396,2.13305076023506,2.1,0.03305076023506004,63,63.0,scolv:abakken,unknown,man_confirm,manual,aka2026rziqhg,aka2026rziqhg
matched,onsite,2026-09-11 00:44:55.00,2026-09-11 00:44:55.85,0.851,60.49756240844727,60.498,-152.71563720703125,-152.716,0.05255719392037592,7.977017879486084,8.0,0.022982120513916016,1.8364836530078172,1.8,0.036483653007817196,28,28.0,scolv:abakken,unknown,man_confirm,manual,aka2026rzjatj,aka2026rzjatj
matched,onsite,2026-09-11 01:07:34.00,2026-09-11 01:07:34.17,0.174,58.42585372924805,58.426,-152.73841857910156,-152.738,0.02929935322910996,61.8282356262207,61.8,0.028235626220705967,1.9321427216023181,1.9,0.032142721602318236,31,31.0,scolv:hlmcfarlin,unknown,man_confirm,manual,aka2026rzjujl,aka2026rzjujl
matched,onsite,2026-09-11 01:43:51.00,2026-09-11 01:43:51.03,0.034,60.25970458984375,60.26,-151.29539489746094,-151.295,0.039414214271547995,61.48080825805664,61.5,0.019191741943359375,1.594385415272861,1.6,0.00561458472713916,41,41.0,scolv:abakken,unknown,man_confirm,manual,aka2026rzkzus,aka2026rzkzus
matched,onsite,2026-09-11 02:18:09.00,2026-09-11 02:18:09.28,0.281,51.14985656738281,51.15,-177.46185302734375,-177.462,0.01895949877472093,29.09410285949707,29.1,0.005897140502931109,2.5158978678088695,2.5,0.01589786780886948,20,20.0,scolv:abakken,unknown,man_confirm,manual,aka2026rzmdox,aka2026rzmdox
matched,onsite,2026-09-11 02:48:28.00,2026-09-11 02:48:28.21,0.211,51.17331695556641,51.173,-177.35643005371094,-177.356,0.04627116276030134,12.625617027282715,12.6,0.0256170272827152,2.8257455492772614,2.8,0.02574554927726158,37,37.0,scolv:abakken,unknown,man_confirm,manual,aka2026rzndvf,aka2026rzndvf
matched,onsite,2026-09-11 02:53:37.00,2026-09-11 02:53:37.79,0.792,52.09819412231445,52.098,-169.18954467773438,-169.19,0.0378587239655557,11.094474792480469,11.1,0.005525207519530895,3.4075770649767523,3.4,0.007577064976752368,39,39.0,scolv:abakken,unknown,man_confirm,manual,aka2026rznigr,aka2026rznigr
matched,onsite,2026-09-11 02:56:38.00,2026-09-11 02:56:38.81,0.814,58.99072647094727,58.991,-152.59814453125,-152.598,0.03152180313856128,57.98015594482422,58.0,0.01984405517578125,2.8529423339537563,2.9,0.04705766604624362,176,176.0,scolv:abakken,unknown,man_confirm,manual,aka2026rznkxu,aka2026rznkxu
matched,onsite,2026-09-11 03:10:40.00,2026-09-11 03:10:40.83,0.836,59.86253356933594,59.863,-152.77468872070312,-152.775,0.05469869662254421,103.03528594970703,103.0,0.03528594970703125,2.2061456097136967,2.2,0.006145609713696487,121,121.0,scolv:abakken,unknown,man_confirm,manual,aka2026rznxbv,aka2026rznxbv
matched,onsite,2026-09-07 23:13:51.00,2026-09-07 23:13:51.73,0.735,51.44796752929688,51.448,-176.37213134765625,-176.372,0.00979226690519374,33.4585075378418,33.5,0.041492462158203125,2.4485721273478847,2.4,0.04857212734788474,23,23.0,scolv:abakken,unknown,man_confirm,manual,aka2026rtrybw,aka2026rtrybw
matched,onsite,2026-09-07 00:09:11.00,2026-09-07 00:09:11.00,0.008,68.6009750366211,68.601,-148.44595336914062,-148.446,0.0033591886985634995,6.074609279632568,6.1,0.025390720367431285,1.4207401677425466,1.4,0.020740167742546722,17,17.0,scolv:abakken,unknown,man_confirm,manual,aka2026rrxtmg,aka2026rrxtmg
matched,onsite,2026-09-11 03:47:14.00,2026-09-11 03:47:14.68,0.68,62.81183624267578,62.812,-148.79725646972656,-148.797,0.02239097760749564,5.716021060943604,5.7,0.016021060943604226,1.7341935632233392,1.7,0.03419356322333922,53,53.0,scolv:abakken,unknown,man_confirm,manual,aka2026rzpcuy,aka2026rzpcuy
matched,onsite,2026-09-07 02:57:24.00,2026-09-07 02:57:24.83,0.83,62.43392944335938,62.434,-170.64572143554688,-170.646,0.016340887944162257,10.0,10.0,0.0,3.243455120967458,3.2,0.04345512096745763,16,16.0,scolv:abakken,unknown,man_confirm,manual,aka2026rsdjit,aka2026rsdjit
matched,onsite,2026-09-07 06:31:17.00,2026-09-07 06:31:17.87,0.875,68.65672302246094,68.657,-148.5679473876953,-148.568,0.030872008887006717,1.4755979776382446,1.5,0.02440202236175537,1.4708649404989884,1.5,0.029135059501011584,18,18.0,scolv:abakken,unknown,man_confirm,manual,aka2026rskmum,aka2026rskmum
matched,onsite,2026-09-11 03:55:42.00,2026-09-11 03:55:42.18,0.186,53.09641265869141,53.096,-163.44471740722656,-163.445,0.04961358644956849,29.69806480407715,29.7,0.001935195922850852,2.7797552779581407,2.8,0.02024472204185912,62,62.0,scolv:abakken,unknown,man_confirm,manual,aka2026rzpklh,aka2026rzpklh
matched,onsite,2026-09-11 04:00:05.00,2026-09-11 04:00:05.57,0.571,61.65865707397461,61.659,-149.74594116210938,-149.746,0.03825791194342522,62.27050399780273,62.3,0.029496002197269888,1.798887549073105,1.8,0.0011124509268949367,40,40.0,scolv:abakken,unknown,man_confirm,manual,aka2026rzpnxf,aka2026rzpnxf
matched,onsite,2026-09-11 04:02:17.00,2026-09-11 04:02:17.05,0.055,50.58742904663086,50.587,-175.4652557373047,-175.465,0.05100981632954469,17.357847213745117,17.4,0.04215278625488139,2.8517585102011904,2.9,0.04824148979880949,26,26.0,scolv:abakken,unknown,man_confirm,manual,aka2026rzppur,aka2026rzppur
matched,onsite,2026-09-11 04:13:09.00,2026-09-11 04:13:09.54,0.545,53.15411376953125,53.154,-165.01950073242188,-165.02,0.03561363514429677,25.232057571411133,25.2,0.03205757141113352,2.4691010337179504,2.5,0.030898966282049578,35,35.0,scolv:abakken,unknown,man_confirm,manual,aka2026rzpzhx,aka2026rzpzhx
matched,onsite,2026-09-11 04:13:00.00,2026-09-11 04:13:00.41,0.413,63.29019927978516,63.29,-151.91954040527344,-151.92,0.03191621874011677,2.144824266433716,2.1,0.04482426643371573,1.8491145157592668,1.8,0.04911451575926673,28,28.0,scolv:abakken,unknown,man_confirm,manual,aka2026rzpzhb,aka2026rzpzhb
matched,onsite,2026-09-07 14:38:55.00,2026-09-07 14:38:55.57,0.572,65.39527893066406,65.395,-162.626953125,-162.627,0.03109150530631917,1.7646478414535522,1.8,0.0353521585464478,2.0409928609277546,2.0,0.04099286092775456,12,12.0,scolv:abakken,unknown,man_confirm,manual,aka2026rtatpj,aka2026rtatpj
matched,onsite,2026-09-07 15:26:51.00,2026-09-07 15:26:51.19,0.198,64.8585205078125,64.859,-163.25613403320312,-163.256,0.05369176824871291,5.0,5.0,0.0,1.7592115750977841,1.8,0.0407884249022159,12,12.0,scolv:abakken,unknown,man_confirm,manual,aka2026rtcjdv,aka2026rtcjdv
matched,onsite,2026-09-11 04:50:28.00,2026-09-11 04:50:28.31,0.313,59.55490493774414,59.555,-152.895263671875,-152.895,0.018233017697033217,100.3061752319336,100.3,0.006175231933596592,1.943142861595848,1.9,0.043142861595848014,83,83.0,scolv:abakken,unknown,man_confirm,manual,aka2026rzrfpa,aka2026rzrfpa
matched,onsite,2026-09-11 05:00:07.00,2026-09-11 05:00:07.08,0.085,61.33921813964844,61.339,-150.0695037841797,-150.07,0.03589851053934109,18.557703018188477,18.6,0.04229698181152486,1.6086718385841527,1.6,0.008671838584152658,62,62.0,scolv:abakken,unknown,man_confirm,manual,aka2026rzroaa,aka2026rzroaa
matched,onsite,2026-09-11 05:04:27.00,2026-09-11 05:04:27.76,0.768,63.30725860595703,63.307,-145.24913024902344,-145.249,0.02948245573970428,10.578452110290527,10.6,0.0215478897094723,1.0109252717933925,0.8,0.2109252717933925,10,10.0,scolv:abakken,unknown,man_reject,automatic,aka2026rzrrud,aka2026rzrrud
matched,onsite,2026-09-11 05:24:21.00,2026-09-11 05:24:21.68,0.681,61.89655685424805,61.897,-150.93499755859375,-150.935,0.04927572531835466,13.702248573303223,13.7,0.002248573303223367,2.0212166200777,2.0,0.0212166200777002,41,41.0,scolv:abakken,unknown,man_confirm,manual,aka2026rzsiqw,aka2026rzsiqw
matched,onsite,2026-09-11 05:30:43.00,2026-09-11 05:30:43.96,0.96,56.67815399169922,56.678,-148.83775329589844,-148.838,0.022810003603280966,5.0,5.0,0.0,2.867367187705517,2.9,0.03263281229448278,22,22.0,scolv:abakken,unknown,man_confirm,manual,aka2026rzsofv,aka2026rzsofv
matched,onsite,2026-09-11 05:41:44.00,2026-09-11 05:41:43.50,0.495,51.52055358886719,51.4728,-178.3770294189453,-178.3759,5.31053238074675,8.785324096679688,8.65,0.13532409667968714,2.9161402849668274,2.8,0.1161402849668276,56,22.0,scolv:abakken,unknown,man_confirm,manual,aka2026rzsycg,us7000th3g
matched,onsite,2026-09-11 06:21:22.00,2026-09-11 06:21:22.21,0.217,52.16703033447266,52.167,-169.16790771484375,-169.168,0.007140943834553893,8.264913558959961,8.3,0.03508644104003977,2.904834886339788,2.9,0.004834886339788014,40,40.0,scolv:abakken,unknown,man_confirm,manual,aka2026rzugkb,aka2026rzugkb
matched,onsite,2026-09-11 07:06:53.00,2026-09-11 07:06:53.28,0.286,69.50992584228516,69.51,-144.21566772460938,-144.216,0.015338313702755483,4.331933975219727,4.3,0.03193397521972674,2.52110243327188,2.5,0.021102433271880106,43,43.0,scolv:abakken,unknown,man_confirm,manual,aka2026rzvtzq,aka2026rzvtzq
matched,onsite,2026-09-11 07:10:22.00,2026-09-11 07:10:22.46,0.46,62.1703109741211,62.17,-147.8350067138672,-147.835,0.03458050095065587,27.153139114379883,27.2,0.04686088562011648,3.9628613731877786,4.0,0.037138626812221354,247,247.0,scolv:hlmcfarlin,unknown,man_confirm,manual,aka2026rzvwxv,aka2026rzvwxv
matched,onsite,2026-09-11 07:18:59.00,2026-09-11 07:18:59.92,0.928,62.89214706420898,62.892,-150.5865936279297,-150.587,0.0262938024023788,89.010009765625,89.0,0.010009765625,1.7246666226289187,1.7,0.024666622628918722,50,50.0,scolv:abakken,unknown,man_confirm,manual,aka2026rzwenh,aka2026rzwenh
matched,onsite,2026-09-11 07:20:15.00,2026-09-11 07:20:15.28,0.281,59.52682876586914,59.527,-152.38790893554688,-152.388,0.019720692177623535,71.45492553710938,71.5,0.045074462890625,1.7268523576441877,1.7,0.026852357644187697,59,59.0,scolv:abakken,unknown,man_confirm,manual,aka2026rzwfne,aka2026rzwfne
matched,onsite,2026-09-11 07:23:56.00,2026-09-11 07:23:56.68,0.688,51.97417068481445,51.974,-169.3106689453125,-169.311,0.029570958603090572,17.68596076965332,17.7,0.014039230346678977,2.67194520978695,2.7,0.02805479021305013,28,28.0,scolv:abakken,unknown,man_confirm,manual,aka2026rzwirm,aka2026rzwirm
matched,onsite,2026-09-11 07:29:54.00,2026-09-11 07:29:54.95,0.951,51.99794387817383,51.998,-169.3623809814453,-169.362,0.026818725679416025,18.74582862854004,18.7,0.04582862854003977,2.705749926892147,2.7,0.005749926892146817,29,29.0,scolv:abakken,unknown,man_confirm,manual,aka2026rzwnza,aka2026rzwnza
matched,onsite,2026-09-11 07:31:44.00,2026-09-11 07:31:46.34,2.34,53.9189453125,54.0611,-162.9842529296875,-163.1545,19.3320829393414,20.0,50.317,30.317,4.301877003733383,4.5,0.19812299626661733,194,63.0,scolv:hlmcfarlin,unknown,man_confirm,manual,aka2026rzwpjt,us7000tgk1
matched,onsite,2026-09-11 07:42:31.00,2026-09-11 07:42:30.97,0.021,53.92399215698242,53.9229,-163.00579833984375,-163.0085,0.21457501238591445,7.946284294128418,9.007,1.0607157058715817,2.8731077837101093,2.8,0.07310778371010951,58,30.0,scolv:abakken,unknown,man_confirm,manual,aka2026rzwyzk,us7000thh5
matched,onsite,2026-09-11 07:48:14.00,2026-09-11 07:48:14.38,0.386,58.40048599243164,58.4,-154.2194061279297,-154.219,0.058993506037651224,94.66959381103516,94.7,0.030406188964846592,1.7044360961001124,1.7,0.004436096100112419,33,33.0,scolv:abakken,unknown,man_confirm,manual,aka2026rzxdup,aka2026rzxdup
matched,onsite,2026-09-11 07:53:52.00,2026-09-11 07:53:52.76,0.766,63.33708190917969,63.337,-145.22625732421875,-145.226,0.01574219396762628,8.881373405456543,8.9,0.018626594543457387,1.7213208164074263,1.7,0.021320816407426335,38,38.0,scolv:abakken,unknown,man_confirm,manual,aka2026rzxire,aka2026rzxire
matched,onsite,2026-09-11 07:55:38.00,2026-09-11 07:55:38.62,0.629,59.61958694458008,59.62,-153.41705322265625,-153.417,0.04602708232623009,123.9284896850586,123.9,0.028489685058588066,1.7689008895893246,1.8,0.03109911041067548,76,76.0,scolv:abakken,unknown,man_confirm,manual,aka2026rzxkfd,aka2026rzxkfd
matched,onsite,2026-09-11 08:01:37.00,2026-09-11 08:01:37.70,0.704,61.40547180175781,61.405,-146.74029541015625,-146.74,0.05476698468690653,11.185744285583496,11.2,0.014255714416503196,1.9345447187998965,1.9,0.03454471879989662,75,75.0,scolv:abakken,unknown,man_confirm,manual,aka2026rzxpka,aka2026rzxpka
matched,onsite,2026-09-11 08:05:01.00,2026-09-11 08:05:01.41,0.411,61.84003829956055,61.84,-147.84388732910156,-147.844,0.0072866719609301755,36.18622589111328,36.2,0.013774108886721592,1.5808389194732968,1.6,0.01916108052670329,57,57.0,scolv:abakken,unknown,man_confirm,manual,aka2026rzxshj,aka2026rzxshj
matched,onsite,2026-09-11 08:39:25.00,2026-09-11 08:39:27.14,2.147,53.92956161499023,53.9111,-162.9733123779297,-163.0354,4.554592218682871,11.304214477539062,35.0,23.695785522460938,2.5375724951391274,2.5,0.037572495139127415,42,17.0,scolv:abakken,unknown,man_confirm,manual,aka2026rzywbv,us7000thh9
matched,onsite,2026-09-11 08:43:53.00,2026-09-11 08:43:53.80,0.802,50.75571823120117,50.756,-174.7566680908203,-174.757,0.039074048116888346,3.1116511821746826,3.1,0.011651182174682528,2.9424603818152373,2.9,0.04246038181523737,29,29.0,scolv:abakken,unknown,man_confirm,manual,aka2026rzzaax,aka2026rzzaax
matched,onsite,2026-09-11 08:55:08.00,2026-09-11 08:55:08.96,0.963,62.22738265991211,62.227,-149.66712951660156,-149.667,0.04307576979270259,54.44595718383789,54.4,0.045957183837892046,1.4008884036148128,1.4,0.0008884036148129049,39,39.0,scolv:abakken,unknown,man_confirm,manual,aka2026rzzjuf,aka2026rzzjuf
matched,onsite,2026-09-11 09:21:54.00,2026-09-11 09:21:54.83,0.832,58.02146530151367,58.021,-156.8487091064453,-156.849,0.05450134819392694,213.34930419921875,213.3,0.04930419921873863,1.7401467850615728,1.7,0.040146785061572876,28,28.0,scolv:abakken,unknown,man_confirm,manual,aka2026saaguo,aka2026saaguo
matched,onsite,2026-09-11 09:45:47.00,2026-09-11 09:45:47.96,0.96,50.90681076049805,50.907,-179.5551300048828,-179.555,0.022932079014637965,1.8760416507720947,1.9,0.023958349227905185,2.905391238421037,2.9,0.005391238421037059,31,31.0,scolv:abakken,unknown,man_confirm,manual,aka2026sabbsg,aka2026sabbsg
matched,onsite,2026-09-11 10:10:16.00,2026-09-11 10:10:16.98,0.983,57.30286026000977,57.303,-155.5213165283203,-155.521,0.02455471816387234,21.410024642944336,21.4,0.010024642944337359,1.6791372771570805,1.7,0.020862722842919457,31,31.0,scolv:abakken,unknown,man_confirm,manual,aka2026sabwxd,aka2026sabwxd
matched,onsite,2026-09-11 10:17:12.00,2026-09-11 10:17:12.12,0.129,58.53765487670898,58.538,-152.5213165283203,-152.521,0.04254620180185739,45.94916534423828,45.9,0.04916534423828267,1.8735475664505445,1.9,0.026452433549455368,37,37.0,scolv:hlmcfarlin,unknown,man_confirm,manual,aka2026saccom,aka2026saccom
matched,onsite,2026-09-11 10:47:10.00,2026-09-11 10:47:12.61,2.613,51.10384368896484,51.213,-178.45391845703125,-178.5429,13.631907575407203,13.424418449401855,40.892,27.467581550598148,5.702215429158182,5.3,0.40221542915818187,83,115.0,scolv:hlmcfarlin,unknown,man_confirm,manual,aka2026sadcxu,us7000tgky
matched,onsite,2026-09-11 10:51:55.00,2026-09-11 10:51:55.19,0.195,51.08699798583984,51.087,-178.43826293945312,-178.438,0.01836661894632811,18.758304595947266,18.8,0.041695404052735086,3.119372299492454,3.1,0.019372299492454115,47,47.0,scolv:hlmcfarlin,unknown,man_confirm,manual,aka2026sadhaz,aka2026sadhaz
matched,onsite,2026-09-11 10:52:51.00,2026-09-11 10:52:51.59,0.596,51.10915374755859,51.109,-178.4340362548828,-178.434,0.017282293147623855,13.795379638671875,13.8,0.0046203613281257105,4.285216805990272,4.3,0.01478319400972783,84,84.0,scolv:hlmcfarlin,unknown,man_confirm,manual,aka2026sadhvu,aka2026sadhvu
matched,onsite,2026-09-11 10:56:26.00,2026-09-11 10:56:26.53,0.533,51.08288192749023,51.083,-178.48660278320312,-178.487,0.030695860559814978,20.311830520629883,20.3,0.011830520629882102,3.1322287092583037,3.1,0.03222870925830357,55,55.0,scolv:abakken,unknown,man_confirm,manual,aka2026sadkzf,aka2026sadkzf
matched,onsite,2026-09-11 11:07:17.00,2026-09-11 11:07:17.90,0.906,51.07180786132812,51.072,-178.4046630859375,-178.405,0.0317895715151384,20.29329490661621,20.3,0.006705093383789773,2.727263168987417,2.7,0.027263168987416986,49,49.0,scolv:abakken,unknown,man_confirm,manual,aka2026sadujz,aka2026sadujz
matched,onsite,2026-09-11 11:11:32.00,2026-09-11 11:11:32.97,0.97,51.19424438476562,51.194,-178.25755310058594,-178.258,0.04133103550703708,23.956045150756836,24.0,0.04395484924316406,2.465864278394274,2.5,0.034135721605725866,31,31.0,scolv:hlmcfarlin,unknown,man_confirm,manual,aka2026sadydv,aka2026sadydv
matched,onsite,2026-09-11 11:13:35.00,2026-09-11 11:13:35.36,0.36,51.11200714111328,51.112,-178.4353485107422,-178.435,0.024341853772153997,30.083642959594727,30.1,0.01635704040527486,2.4509898308581226,2.5,0.04901016914187739,27,27.0,scolv:abakken,unknown,man_confirm,manual,aka2026sadzve,aka2026sadzve
matched,onsite,2026-09-11 11:24:49.00,2026-09-11 11:24:49.61,0.612,61.07291030883789,61.073,-147.0684356689453,-147.068,0.025466337080976457,13.407583236694336,13.4,0.007583236694335582,1.4837336057905268,1.5,0.01626639420947318,46,46.0,scolv:abakken,unknown,man_confirm,manual,aka2026saejor,aka2026saejor
matched,onsite,2026-09-11 11:40:39.00,2026-09-11 11:40:39.26,0.267,51.05615234375,51.056,-178.39955139160156,-178.4,0.03563787563792109,17.157569885253906,17.2,0.04243011474609304,2.4744660124017073,2.5,0.02553398759829273,21,21.0,scolv:hlmcfarlin,unknown,man_confirm,manual,aka2026saexhu,aka2026saexhu
matched,onsite,2026-09-11 11:42:13.00,2026-09-11 11:42:13.13,0.138,51.12786483764648,51.128,-178.46188354492188,-178.462,0.017085824017069394,27.11040687561035,27.1,0.010406875610350141,2.4449828182986115,2.4,0.044982818298611615,27,27.0,scolv:abakken,unknown,man_confirm,manual,aka2026saeyrn,aka2026saeyrn
matched,onsite,2026-09-11 12:04:22.00,2026-09-11 12:04:22.43,0.437,51.57482147216797,51.575,-178.06932067871094,-178.069,0.02975212164729698,76.91377258300781,76.9,0.013772583007806816,2.0414439973033374,2.0,0.041443997303337365,26,26.0,scolv:abakken,unknown,man_confirm,manual,aka2026safrwj,aka2026safrwj
matched,onsite,2026-09-11 12:06:40.00,2026-09-11 12:06:40.04,0.048,51.1336555480957,51.134,-178.48585510253906,-178.486,0.03961321816518849,34.61667251586914,34.6,0.016672515869139204,2.4833966045620337,2.5,0.016603395437966295,25,25.0,scolv:abakken,unknown,man_confirm,manual,aka2026saftvo,aka2026saftvo
matched,onsite,2026-09-11 12:16:09.00,2026-09-11 12:16:09.75,0.757,58.9044189453125,58.904,-152.16754150390625,-152.168,0.05351113695351424,66.1412582397461,66.1,0.041258239746099434,1.8112384459489443,1.8,0.011238445948944298,22,22.0,scolv:abakken,unknown,man_confirm,manual,aka2026sagccd,aka2026sagccd
matched,onsite,2026-09-11 12:42:13.00,2026-09-11 12:42:13.97,0.973,65.85286712646484,65.853,-150.8711700439453,-150.871,0.016677086750741074,1.881293773651123,1.9,0.018706226348876864,1.5752572019102533,1.6,0.024742798089746776,23,23.0,scolv:abakken,unknown,man_confirm,manual,aka2026sagyry,aka2026sagyry
matched,onsite,2026-09-11 12:54:40.00,2026-09-11 12:54:40.40,0.401,63.18890762329102,63.189,-150.70452880859375,-150.705,0.025768151180577206,132.6428680419922,132.6,0.042868041992193184,2.348923570441256,2.3,0.04892357044125628,124,124.0,scolv:abakken,unknown,man_confirm,manual,aka2026sahjmf,aka2026sahjmf
matched,onsite,2026-09-11 13:05:31.00,2026-09-11 13:05:31.50,0.504,50.97257232666016,50.973,-179.3666229248047,-179.367,0.05439266286617777,16.874195098876953,16.9,0.025804901123045454,2.7728539913609667,2.8,0.02714600863903316,45,45.0,scolv:abakken,unknown,man_confirm,manual,aka2026sahsvm,aka2026sahsvm
matched,onsite,2026-09-11 13:16:19.00,2026-09-11 13:16:19.07,0.076,61.2592658996582,61.259,-146.84841918945312,-146.848,0.03710176935537526,19.38829231262207,19.4,0.011707687377928266,2.2670015115300375,2.3,0.03299848846996234,120,120.0,scolv:abakken,unknown,man_confirm,manual,aka2026saicfw,aka2026saicfw
matched,onsite,2026-09-11 13:42:11.00,2026-09-11 13:42:11.93,0.931,59.56618118286133,59.566,-153.01602172851562,-153.016,0.020183754166574402,90.47045135498047,90.5,0.02954864501953125,1.8540233912566733,1.9,0.04597660874332665,65,65.0,scolv:abakken,unknown,man_confirm,manual,aka2026saiyrl,aka2026saiyrl
matched,onsite,2026-09-11 13:50:14.00,2026-09-11 13:50:14.11,0.11,61.51391220092773,61.514,-149.84371948242188,-149.844,0.017794248344189023,58.55876922607422,58.6,0.04123077392578267,2.229042653173416,2.2,0.02904265317341581,89,89.0,scolv:abakken,unknown,man_confirm,manual,aka2026sajfqp,aka2026sajfqp
matched,onsite,2026-09-11 14:05:59.00,2026-09-11 14:05:59.07,0.07,51.59661102294922,51.597,-179.123046875,-179.123,0.043373294691903236,87.78862762451172,87.8,0.011372375488278408,2.614166109673051,2.6,0.014166109673050986,38,38.0,scolv:hlmcfarlin,unknown,man_confirm,manual,aka2026sajtlg,aka2026sajtlg
matched,onsite,2026-09-11 14:12:21.00,2026-09-11 14:12:20.98,0.02,51.7994384765625,51.7983,-177.55712890625,-177.5911,2.339470236842344,97.09750366210938,100.395,3.297496337890621,2.1539531133743917,2.5,0.34604688662560834,48,25.0,scolv:abakken,unknown,man_confirm,manual,aka2026sajyxm,us7000thhz
matched,onsite,2026-09-11 14:14:04.00,2026-09-11 14:14:05.13,1.132,51.08017349243164,51.1235,-178.40850830078125,-178.3941,4.921608387996634,19.916486740112305,35.0,15.083513259887695,2.7355299620761437,2.5,0.23552996207614374,47,25.0,scolv:abakken,unknown,man_confirm,manual,aka2026sakaht,us7000thi0
matched,onsite,2026-09-11 14:32:31.00,2026-09-11 14:32:31.06,0.069,60.55301666259766,60.553,-139.88929748535156,-139.889,0.016367374892278495,5.0,5.0,0.0,1.6813684921540488,1.7,0.018631507845951134,36,36.0,scolv:hlmcfarlin,unknown,man_confirm,manual,aka2026sakqpg,aka2026sakqpg
matched,onsite,2026-09-11 14:34:56.00,2026-09-11 14:34:56.04,0.049,58.34034729003906,58.34,-154.7741241455078,-154.774,0.03929074111117711,103.305419921875,103.3,0.005419921875002842,1.7278496170265862,1.7,0.027849617026586282,48,48.0,scolv:abakken,unknown,man_confirm,manual,aka2026saksgq,aka2026saksgq
matched,onsite,2026-09-11 14:46:01.00,2026-09-11 14:46:01.09,0.097,57.79806518554688,57.798,-153.65415954589844,-153.654,0.011912938014822393,48.26121139526367,48.3,0.03878860473632528,1.785567188138932,1.8,0.014432811861068151,36,36.0,scolv:abakken,unknown,man_confirm,manual,aka2026salbzv,aka2026salbzv
matched,onsite,2026-09-11 15:00:43.00,2026-09-11 15:00:43.16,0.161,60.34539413452148,60.345,-147.2124481201172,-147.212,0.05028431242449499,18.11289405822754,18.1,0.012894058227537641,1.8527805446397507,1.9,0.047219455360249185,41,41.0,scolv:abakken,unknown,man_confirm,manual,aka2026saloib,aka2026saloib
matched,onsite,2026-09-11 15:54:08.00,2026-09-11 15:54:08.83,0.835,63.24758911132812,63.248,-151.618896484375,-151.619,0.04598157841971726,3.0960161685943604,3.1,0.003983831405639737,2.0958521944366812,2.1,0.00414780556331884,50,50.0,scolv:abakken,unknown,man_confirm,manual,aka2026sanjed,aka2026sanjed
matched,onsite,2026-09-11 16:10:55.00,2026-09-11 16:10:55.26,0.267,52.10317993164062,52.103,-169.2964630126953,-169.296,0.03742167312700611,13.551483154296875,13.6,0.048516845703124645,2.63008749132319,2.6,0.030087491323190108,23,23.0,scolv:abakken,unknown,man_confirm,manual,aka2026sanxpy,aka2026sanxpy
matched,onsite,2026-09-11 16:19:20.00,2026-09-11 16:19:20.82,0.825,60.23138809204102,60.231,-141.2938995361328,-141.294,0.0435088416341154,0.4502684772014618,0.5,0.04973152279853821,1.8294389090433607,1.8,0.02943890904336066,35,35.0,scolv:abakken,unknown,man_confirm,manual,aka2026saoeyg,aka2026saoeyg
matched,onsite,2026-09-11 17:07:33.00,2026-09-11 17:07:33.88,0.887,61.58753204345703,61.588,-146.38400268554688,-146.384,0.05203458746062522,26.70700454711914,26.7,0.0070045471191413355,2.12321180795615,2.1,0.023211807956149855,93,93.0,scolv:hlmcfarlin,unknown,man_confirm,manual,aka2026saputc,aka2026saputc
matched,onsite,2026-09-11 17:16:02.00,2026-09-11 17:16:02.52,0.528,59.6521987915039,59.652,-154.12953186035156,-154.13,0.03435602676638725,3.0381460189819336,3.0,0.038146018981933594,1.7433359677044298,1.7,0.04333596770442982,23,23.0,scolv:abakken,unknown,man_confirm,manual,aka2026saqccl,aka2026saqccl
matched,onsite,2026-09-11 17:55:01.00,2026-09-11 17:55:01.46,0.465,60.21142578125,60.211,-150.9553985595703,-150.955,0.05221381114833496,68.21910095214844,68.2,0.019100952148434658,1.5870786814564075,1.6,0.012921318543592575,58,58.0,scolv:abakken,unknown,man_confirm,manual,aka2026sarjxp,aka2026sarjxp
matched,onsite,2026-09-11 18:05:56.00,2026-09-11 18:05:56.26,0.263,54.6096305847168,54.5969,-162.60035705566406,-162.5882,1.6177030399180397,62.49746704101562,63.239,0.7415329589843793,3.1228295675085485,3.0,0.12282956750854845,82,42.0,scolv:abakken,unknown,man_confirm,manual,aka2026sartjg,us7000thi8
matched,onsite,2026-09-11 18:09:36.00,2026-09-11 18:09:36.74,0.744,51.1358642578125,51.136,-178.4379425048828,-178.438,0.015617830261995948,20.74786376953125,20.7,0.04786376953125071,2.4510946499153854,2.5,0.04890535008461461,43,43.0,scolv:abakken,unknown,man_confirm,manual,aka2026sarwnb,aka2026sarwnb
matched,onsite,2026-09-11 18:12:02.00,2026-09-11 18:12:02.19,0.193,55.57473373413086,55.575,-158.8297576904297,-158.83,0.033295833817635984,10.034116744995117,10.0,0.03411674499511719,2.191493446418397,2.2,0.008506553581603349,30,30.0,scolv:abakken,unknown,man_confirm,manual,aka2026saryqw,aka2026saryqw
matched,onsite,2026-09-11 18:12:40.00,2026-09-11 18:12:40.31,0.317,58.48981094360352,58.49,-152.67250061035156,-152.673,0.035836200399145424,58.12898635864258,58.1,0.028986358642576704,1.8811214548652986,1.9,0.01887854513470133,45,45.0,scolv:abakken,unknown,man_confirm,manual,aka2026sarzbu,aka2026sarzbu
matched,onsite,2026-09-11 18:19:31.00,2026-09-11 18:19:31.52,0.523,55.35973739624023,55.36,-159.2937469482422,-159.294,0.03329366235177538,1.9735920429229736,2.0,0.026407957077026367,2.2839034741734365,2.3,0.01609652582656329,43,43.0,scolv:abakken,unknown,man_confirm,manual,aka2026sasfbe,aka2026sasfbe
matched,onsite,2026-09-11 18:24:57.00,2026-09-11 18:24:59.07,2.077,52.12963485717773,52.1985,-169.36178588867188,-169.4789,11.065495164422975,13.29973316192627,35.0,21.70026683807373,3.236132951301921,3.1,0.1361329513019207,61,30.0,scolv:abakken,unknown,man_confirm,manual,aka2026sasjuy,us7000thib
matched,onsite,2026-09-11 18:36:06.00,2026-09-11 18:36:06.64,0.644,51.26620483398438,51.266,179.8447723388672,179.845,0.0277427550284107,17.22353744506836,17.2,0.023537445068360086,2.667389883984541,2.7,0.032610116015459045,39,39.0,scolv:abakken,unknown,man_confirm,manual,aka2026sastng,aka2026sastng
matched,onsite,2026-09-11 18:53:30.00,2026-09-11 18:53:30.08,0.084,51.2432746887207,51.243,-176.13327026367188,-176.133,0.03587290700955202,11.901936531066895,11.9,0.001936531066894176,2.412300269961107,2.4,0.012300269961107002,26,26.0,scolv:abakken,unknown,man_confirm,manual,aka2026satiph,aka2026satiph
matched,onsite,2026-09-11 18:55:12.00,2026-09-11 18:55:12.64,0.645,56.60274124145508,56.603,-156.84646606445312,-156.846,0.04051659355809569,2.138284921646118,2.1,0.038284921646118075,2.006869411246799,2.0,0.006869411246798851,26,26.0,scolv:abakken,unknown,man_confirm,manual,aka2026satkbp,aka2026satkbp
matched,onsite,2026-09-11 19:12:29.00,2026-09-11 19:12:29.24,0.243,51.01984786987305,51.02,-179.5231475830078,-179.523,0.01981713973915896,9.31103515625,9.3,0.01103515624999929,2.571387445766512,2.6,0.028612554233488297,40,40.0,scolv:abakken,unknown,man_confirm,manual,aka2026satzbf,aka2026satzbf
matched,onsite,2026-09-11 19:14:25.00,2026-09-11 19:14:24.14,0.852,53.87723922729492,53.903,-156.93495178222656,-156.9662,3.5211326786917954,20.0,10.0,10.0,3.0056769849536584,3.3,0.2943230150463414,56,80.0,scolv:hlmcfarlin,unknown,man_confirm,manual,aka2026satzxl,us7000tgrg
matched,onsite,2026-09-11 19:16:38.00,2026-09-11 19:16:38.01,0.016,51.4996223449707,51.5,178.71493530273438,178.715,0.04223144811313073,12.3893461227417,12.4,0.010653877258301137,2.6134377894619836,2.6,0.013437789461983485,29,29.0,scolv:abakken,unknown,man_confirm,manual,aka2026saucqu,aka2026saucqu
matched,onsite,2026-09-11 19:17:06.00,2026-09-11 19:17:06.50,0.508,56.29433441162109,56.294,-152.96731567382812,-152.967,0.04197781134844819,22.654605865478516,22.7,0.045394134521483664,3.1900979551632496,3.2,0.009902044836750612,39,39.0,scolv:abakken,unknown,man_confirm,manual,aka2026saudea,aka2026saudea
matched,onsite,2026-09-11 19:22:19.00,2026-09-11 19:22:19.56,0.565,60.91641616821289,60.916,-150.84181213378906,-150.842,0.04737676966339134,9.918756484985352,9.9,0.018756484985351207,1.4353302202099059,1.4,0.03533022020990595,49,49.0,scolv:abakken,unknown,man_confirm,manual,aka2026sauhpu,aka2026sauhpu
matched,onsite,2026-09-11 19:41:36.00,2026-09-11 19:41:36.74,0.742,56.15485000610352,56.155,-152.7680206298828,-152.768,0.01672742221682999,13.135310173034668,13.1,0.035310173034668324,2.5781338752940215,2.6,0.021866124705978596,23,23.0,scolv:abakken,unknown,man_confirm,manual,aka2026sauylw,aka2026sauylw
matched,onsite,2026-09-11 19:48:41.00,2026-09-11 19:48:41.09,0.094,56.30451965332031,56.305,-152.78175354003906,-152.782,0.05553382325204299,20.114871978759766,20.1,0.014871978759764204,2.481094376324989,2.5,0.01890562367501092,30,30.0,scolv:hlmcfarlin,unknown,man_confirm,manual,aka2026savely,aka2026savely
matched,onsite,2026-09-11 20:03:36.00,2026-09-11 20:03:36.25,0.251,62.97583389282227,62.976,-150.8972930908203,-150.897,0.02367326605553836,111.410888671875,111.4,0.010888671874994316,1.9172098476638018,1.9,0.017209847663801847,56,56.0,scolv:abakken,unknown,man_confirm,manual,aka2026savrhq,aka2026savrhq
matched,onsite,2026-09-11 20:11:39.00,2026-09-11 20:11:39.66,0.661,61.65679931640625,61.657,-152.2296142578125,-152.23,0.030209630253194508,124.8026885986328,124.8,0.0026885986328011313,1.999702727559668,2.0,0.0002972724403320637,93,93.0,scolv:abakken,unknown,man_confirm,manual,aka2026savyjy,aka2026savyjy
matched,onsite,2026-09-11 20:14:33.00,2026-09-11 20:14:33.11,0.119,64.79667663574219,64.797,-149.1837615966797,-149.184,0.037686808638882026,21.656814575195312,21.7,0.04318542480468679,1.9201869552705129,1.9,0.020186955270512952,41,41.0,scolv:abakken,unknown,man_confirm,manual,aka2026sawaws,aka2026sawaws
matched,onsite,2026-09-11 20:15:13.00,2026-09-11 20:15:13.42,0.421,58.90807342529297,58.908,-154.51528930664062,-154.515,0.01851058690320371,116.61438751220703,116.6,0.014387512207036934,1.751297924795724,1.8,0.04870207520427594,44,44.0,scolv:abakken,unknown,man_confirm,manual,aka2026sawblf,aka2026sawblf
matched,onsite,2026-09-11 21:41:00.00,2026-09-11 21:41:00.15,0.156,51.08308410644531,51.083,-178.38555908203125,-178.386,0.03218757615562471,14.649231910705566,14.6,0.04923191070556676,2.5721579957286185,2.6,0.027842004271381615,54,54.0,scolv:abakken,unknown,man_confirm,manual,aka2026sayxvo,aka2026sayxvo
matched,onsite,2026-09-11 21:42:26.00,2026-09-11 21:42:26.35,0.359,63.24182510375977,63.242,-150.53680419921875,-150.537,0.021778279759086083,121.82593536376953,121.8,0.025935363769534092,2.061779970340921,2.1,0.03822002965907911,45,45.0,scolv:abakken,unknown,man_confirm,manual,aka2026sayzbv,aka2026sayzbv
matched,onsite,2026-09-11 22:49:54.00,2026-09-11 22:49:54.04,0.046,60.59891891479492,60.5639,-139.89224243164062,-139.8854,3.9118180836217578,5.0,5.0,0.0,2.953074296985381,2.9,0.05307429698538124,78,43.0,scolv:abakken,unknown,man_confirm,manual,aka2026sbbfom,us7000tgut
matched,onsite,2026-09-11 22:52:14.00,2026-09-11 22:52:14.95,0.959,62.17982864379883,62.18,-147.82485961914062,-147.825,0.020399102609173526,28.78292465209961,28.8,0.017075347900391336,2.3673762774075473,2.4,0.03262372259245261,88,88.0,scolv:abakken,unknown,man_confirm,manual,aka2026sbbhpc,aka2026sbbhpc
matched,onsite,2026-09-11 23:00:45.00,2026-09-11 23:00:45.80,0.809,51.32929229736328,51.329,-177.54513549804688,-177.545,0.03383798295313485,17.255456924438477,17.3,0.04454307556152415,2.1918257379416675,2.2,0.008174262058332715,29,29.0,scolv:abakken,unknown,man_confirm,manual,aka2026sbboyj,aka2026sbboyj
matched,onsite,2026-09-11 23:24:38.00,2026-09-11 23:24:38.30,0.303,56.06924057006836,56.069,-157.5251922607422,-157.525,0.029291203373579204,24.06877136230469,24.1,0.03122863769531037,2.104190542412794,2.1,0.004190542412793707,31,31.0,scolv:abakken,unknown,man_confirm,manual,aka2026sbcjtm,aka2026sbcjtm
matched,onsite,2026-09-11 23:35:48.00,2026-09-11 23:35:48.69,0.696,61.07241821289062,61.072,-151.60296630859375,-151.603,0.046538445276695775,77.39264678955078,77.4,0.007353210449224434,2.083441611704781,2.1,0.01655838829521894,102,102.0,scolv:abakken,unknown,man_confirm,manual,aka2026sbctjm,aka2026sbctjm
matched,onsite,2026-09-12 00:19:24.00,2026-09-12 00:19:24.20,0.208,61.95307540893555,61.953,-151.28570556640625,-151.286,0.017529513726306387,80.58020782470703,80.6,0.019792175292963066,1.4538591868322968,1.5,0.04614081316770324,32,32.0,scolv:hlmcfarlin,unknown,man_confirm,manual,aka2026sbefeq,aka2026sbefeq
matched,onsite,2026-09-12 00:28:57.00,2026-09-12 00:28:57.06,0.062,60.72026824951172,60.72,-149.62725830078125,-149.627,0.03297013810400851,24.68337631225586,24.7,0.016623687744139914,2.683798715003784,2.7,0.016201284996216092,147,147.0,scolv:abakken,unknown,man_confirm,manual,aka2026sbenku,aka2026sbenku
matched,onsite,2026-09-12 00:35:23.00,2026-09-12 00:35:23.35,0.354,59.91105651855469,59.911,-153.2598419189453,-153.26,0.010823892754293496,135.70538330078125,135.7,0.005383300781261369,1.5901443312686954,1.6,0.009855668731304723,36,36.0,scolv:hlmcfarlin,unknown,man_confirm,manual,aka2026sbesxq,aka2026sbesxq
matched,onsite,2026-09-12 00:36:32.00,2026-09-12 00:36:32.88,0.886,56.16958236694336,56.17,-156.95872497558594,-156.959,0.04946133334897275,11.772520065307617,11.8,0.027479934692383523,1.9993054934027517,2.0,0.0006945065972483455,22,22.0,scolv:hlmcfarlin,unknown,man_confirm,manual,aka2026sbeuax,aka2026sbeuax
matched,onsite,2026-09-12 00:47:44.00,2026-09-12 00:47:44.61,0.61,59.85381698608398,59.854,-141.3403778076172,-141.34,0.029312972885150543,9.63304615020752,9.6,0.033046150207519887,1.681467574225317,1.7,0.01853242577468306,26,26.0,scolv:abakken,unknown,man_confirm,manual,aka2026sbfduf,aka2026sbfduf
matched,onsite,2026-09-12 01:14:33.00,2026-09-12 01:14:33.43,0.43,62.62866592407227,62.629,-149.17108154296875,-149.171,0.037380717389501196,57.37162399291992,57.4,0.028376007080076704,2.178157614730373,2.2,0.02184238526962723,83,83.0,scolv:abakken,unknown,man_confirm,manual,aka2026sbgazk,aka2026sbgazk
matched,onsite,2026-09-12 01:53:29.00,2026-09-12 01:53:29.83,0.835,61.67187118530273,61.672,-146.99722290039062,-146.997,0.01853344209684566,20.759246826171875,20.8,0.04075317382812571,1.8768925157636922,1.9,0.023107484236307707,77,77.0,scolv:abakken,unknown,man_confirm,manual,aka2026sbhitq,aka2026sbhitq
matched,onsite,2026-09-12 02:42:50.00,2026-09-12 02:42:50.35,0.353,61.62810516357422,61.628,-147.14198303222656,-147.142,0.011727975617251573,19.77835464477539,19.8,0.021645355224610086,2.0674709471733483,2.1,0.03252905282665175,97,97.0,scolv:abakken,unknown,man_confirm,manual,aka2026sbiznu,aka2026sbiznu
matched,onsite,2026-09-12 03:00:50.00,2026-09-12 03:00:50.90,0.9,63.52737426757812,63.527,-148.99606323242188,-148.996,0.04173451566972461,6.643998146057129,6.6,0.04399814605712926,1.5900259715597638,1.6,0.009974028440236316,40,40.0,scolv:abakken,unknown,man_confirm,manual,aka2026sbjpeh,aka2026sbjpeh
matched,onsite,2026-09-12 03:16:33.00,2026-09-12 03:16:33.82,0.827,59.28007507324219,59.28,-153.47482299804688,-153.475,0.013068024427242822,102.74586486816406,102.7,0.04586486816405966,1.983256376429423,2.0,0.016743623570576904,94,94.0,scolv:abakken,unknown,man_confirm,manual,aka2026sbkcuk,aka2026sbkcuk
matched,onsite,2026-09-12 03:19:36.00,2026-09-12 03:19:36.91,0.912,60.0741958618164,60.074,-152.89898681640625,-152.899,0.021791115885600443,126.63418579101562,126.6,0.034185791015630684,1.470780300573902,1.5,0.029219699426098034,33,33.0,scolv:hlmcfarlin,unknown,man_confirm,manual,aka2026sbkflm,aka2026sbkflm
matched,onsite,2026-09-12 03:27:00.00,2026-09-12 03:27:00.75,0.753,51.1438102722168,51.144,-178.4456787109375,-178.446,0.03078021062020105,25.783363342285156,25.8,0.01663665771484446,2.314207535472947,2.3,0.014207535472947175,32,32.0,scolv:abakken,unknown,man_confirm,manual,aka2026sbklxu,aka2026sbklxu
matched,onsite,2026-09-12 03:43:22.00,2026-09-12 03:43:24.05,2.051,51.13200378417969,51.2056,-178.45970153808594,-178.4312,8.421343808460243,19.35112953186035,35.0,15.648870468139648,3.474792927291317,3.3,0.17479292729131712,59,32.0,scolv:hlmcfarlin,unknown,man_confirm,manual,aka2026sblaat,us7000th0b
matched,onsite,2026-09-12 03:48:22.00,2026-09-12 03:48:22.33,0.337,59.53823471069336,59.538,-152.71754455566406,-152.718,0.036610211757674496,77.99813842773438,78.0,0.001861572265625,1.8369228742820196,1.8,0.03692287428201957,65,65.0,scolv:abakken,unknown,man_confirm,manual,aka2026sbleji,aka2026sbleji
matched,onsite,2026-09-12 04:18:58.00,2026-09-12 04:18:58.54,0.549,51.2610969543457,51.261,-179.370361328125,-179.37,0.027356124023757436,33.10480880737305,33.1,0.004808807373045454,2.448133047985212,2.4,0.04813304798521223,39,39.0,scolv:abakken,unknown,man_confirm,manual,aka2026sbmegt,aka2026sbmegt
matched,onsite,2026-09-12 04:27:29.00,2026-09-12 04:27:29.95,0.959,53.93268585205078,53.9102,-157.1766357421875,-156.9763,13.354532938666342,10.0,22.91,12.91,3.346534108555389,3.5,0.1534658914446112,56,32.0,scolv:abakken,unknown,man_confirm,manual,aka2026sbmmat,us7000thnp
matched,onsite,2026-09-12 04:38:24.00,2026-09-12 04:38:24.24,0.248,52.20125961303711,52.201,-168.4683837890625,-168.468,0.03895440438490241,29.518678665161133,29.5,0.018678665161132812,2.5511234689121847,2.6,0.04887653108781542,23,23.0,scolv:abakken,unknown,man_confirm,manual,aka2026sbmvwh,aka2026sbmvwh
matched,onsite,2026-09-12 04:47:18.00,2026-09-12 04:47:19.58,1.581,50.3082389831543,50.3301,-173.1149139404297,-172.9617,11.146342954481847,20.0,35.0,15.0,3.1184678592527084,2.8,0.3184678592527086,39,20.0,scolv:hlmcfarlin,unknown,man_confirm,manual,aka2026sbndnt,us7000th0d
matched,onsite,2026-09-12 04:57:14.00,2026-09-12 04:57:14.39,0.39,52.20181655883789,52.202,-168.78775024414062,-168.788,0.026566340114122896,20.0,20.0,0.0,2.3896680203765284,2.4,0.010331979623471543,18,18.0,scolv:hlmcfarlin,unknown,man_confirm,manual,aka2026sbnmdh,aka2026sbnmdh
matched,onsite,2026-09-12 05:03:55.00,2026-09-12 05:03:55.75,0.754,51.36526489257812,51.365,-169.8601837158203,-169.86,0.03209761771154502,20.0,20.0,0.0,2.945479867947422,2.9,0.0454798679474222,25,25.0,scolv:hlmcfarlin,unknown,man_confirm,manual,aka2026sbnrvf,aka2026sbnrvf
matched,onsite,2026-09-12 05:08:24.00,2026-09-12 05:08:24.71,0.716,59.83429336547852,59.834,-153.29092407226562,-153.291,0.03289548046256365,129.50128173828125,129.5,0.00128173828125,2.885732849557505,2.9,0.014267150442494714,203,203.0,scolv:abakken,unknown,man_confirm,manual,aka2026sbnvva,aka2026sbnvva
matched,onsite,2026-09-12 05:31:38.00,2026-09-12 05:31:38.82,0.828,51.84465789794922,51.845,-174.71353149414062,-174.714,0.049828382296130076,6.316907405853271,6.3,0.016907405853270774,2.3629151325559365,2.4,0.03708486744406336,40,40.0,scolv:abakken,unknown,man_confirm,manual,aka2026sbopxw,aka2026sbopxw
matched,onsite,2026-09-12 06:27:03.00,2026-09-12 06:27:03.44,0.449,53.89552688598633,53.896,-157.26699829101562,-157.267,0.05260799721672195,23.167381286621094,23.2,0.03261871337890554,2.773889885488,2.8,0.02611011451199996,26,26.0,scolv:hlmcfarlin,unknown,man_confirm,manual,aka2026sbqnau,aka2026sbqnau
matched,onsite,2026-09-12 06:38:26.00,2026-09-12 06:38:26.85,0.85,62.83369827270508,62.834,-149.04933166503906,-149.049,0.03753881001641881,70.28670501708984,70.3,0.013294982910153408,3.897913259201416,3.9,0.0020867407985840636,293,293.0,scolv:hlmcfarlin,unknown,man_confirm,manual,aka2026sbqvff,aka2026sbqvff
matched,onsite,2026-09-12 06:46:48.00,2026-09-12 06:46:48.63,0.639,56.96617889404297,56.966,-157.65382385253906,-157.654,0.022576602795644572,10.18670654296875,10.2,0.01329345703124929,1.637165831524545,1.6,0.03716583152454489,18,18.0,scolv:abakken,unknown,man_confirm,manual,aka2026sbrdbl,aka2026sbrdbl
matched,onsite,2026-09-12 07:16:57.00,2026-09-12 07:16:57.01,0.015,51.45482635498047,51.455,-176.4363250732422,-176.436,0.02966724716189219,26.26251792907715,26.3,0.03748207092285227,3.238891744396853,3.2,0.03889174439685261,71,71.0,scolv:abakken,unknown,man_confirm,manual,aka2026sbsdex,aka2026sbsdex
matched,onsite,2026-09-12 07:22:53.00,2026-09-12 07:22:53.99,0.994,51.82640838623047,51.826,-172.5844268798828,-172.584,0.0540625777479668,10.87425708770752,10.9,0.025742912292480824,3.072337252221393,3.1,0.02766274777860689,47,47.0,scolv:hlmcfarlin,unknown,man_confirm,manual,aka2026sbsiuh,aka2026sbsiuh
matched,onsite,2026-09-12 07:43:42.00,2026-09-12 07:43:42.73,0.737,51.84877395629883,51.849,-172.55685424804688,-172.557,0.027055423573574613,29.23015785217285,29.2,0.030157852172852273,2.907982234513222,2.9,0.007982234513221886,35,35.0,scolv:abakken,unknown,man_confirm,manual,aka2026sbtajy,aka2026sbtajy
matched,onsite,2026-09-12 07:47:38.00,2026-09-12 07:47:38.61,0.613,51.61790084838867,51.618,-172.82015991210938,-172.82,0.015602793214009003,0.0,0.0,0.0,2.710004054760116,2.7,0.010004054760115899,25,25.0,scolv:hlmcfarlin,unknown,man_confirm,manual,aka2026sbteba,aka2026sbteba
matched,onsite,2026-09-12 07:50:07.00,2026-09-12 07:50:07.58,0.589,51.01539611816406,51.015,-176.10992431640625,-176.11,0.044363383631824835,16.859603881835938,16.9,0.04039611816406108,2.6110569992325674,2.6,0.01105699923256731,40,40.0,scolv:abakken,unknown,man_confirm,manual,aka2026sbtfxa,aka2026sbtfxa
matched,onsite,2026-09-12 08:29:27.00,2026-09-12 08:29:27.89,0.895,63.47522735595703,63.475,-150.01783752441406,-150.018,0.026537082831725102,115.79328155517578,115.8,0.006718444824215908,1.6604840487266557,1.7,0.039515951273344285,55,55.0,scolv:hlmcfarlin,unknown,man_confirm,manual,aka2026sbuonb,aka2026sbuonb
matched,onsite,2026-09-12 08:41:20.00,2026-09-12 08:41:20.23,0.232,53.01137924194336,53.011,-166.13565063476562,-166.136,0.04821399286435632,80.12822723388672,80.1,0.028227233886724434,2.1350413950271583,2.1,0.035041395027158195,17,17.0,scolv:abakken,unknown,man_confirm,manual,aka2026sbuyki,aka2026sbuyki
matched,onsite,2026-09-12 09:25:19.00,2026-09-12 09:25:19.04,0.046,51.28089904785156,51.281,-176.497802734375,-176.498,0.01772729083070264,20.761035919189453,20.8,0.038964080810547586,2.1200013480193527,2.1,0.020001348019352605,35,35.0,scolv:abakken,unknown,man_confirm,manual,aka2026sbwknf,aka2026sbwknf
matched,onsite,2026-09-12 10:09:25.00,2026-09-12 10:09:25.06,0.067,57.21674728393555,57.217,-156.51817321777344,-156.518,0.02997359995306698,11.131444931030273,11.1,0.03144493103027379,1.7315611655572785,1.7,0.0315611655572785,39,39.0,scolv:abakken,unknown,man_confirm,manual,aka2026sbxwsz,aka2026sbxwsz
matched,onsite,2026-09-12 10:14:22.00,2026-09-12 10:14:22.24,0.243,53.12620162963867,53.1417,-167.06788635253906,-167.0748,1.7839903780565127,20.881885528564453,35.0,14.118114471435547,3.5831329651223576,3.6,0.016867034877642517,74,34.0,scolv:hlmcfarlin,unknown,man_confirm,manual,aka2026sbyaya,us7000th0t
matched,onsite,2026-09-12 10:52:55.00,2026-09-12 10:52:55.37,0.373,53.53659820556641,53.537,-167.1593017578125,-167.159,0.04892581573023157,23.630231857299805,23.6,0.030231857299803266,1.9695653924461054,2.0,0.0304346075538946,33,33.0,scolv:abakken,unknown,man_confirm,manual,aka2026sbzimf,aka2026sbzimf
matched,onsite,2026-09-12 11:09:57.00,2026-09-12 11:09:57.24,0.241,51.3365478515625,51.337,-176.0072021484375,-176.007,0.052200956724209255,26.636884689331055,26.6,0.036884689331053266,2.094048702772943,2.1,0.005951297227057228,27,27.0,scolv:abakken,unknown,man_confirm,manual,aka2026sbzxgg,aka2026sbzxgg
matched,onsite,2026-09-12 11:40:13.00,2026-09-12 11:40:13.74,0.749,60.38892364501953,60.389,-152.20753479003906,-152.208,0.026933012824162994,106.61112976074219,106.6,0.011129760742193184,2.2890618328908405,2.3,0.010938167109159291,119,119.0,scolv:abakken,unknown,man_confirm,manual,aka2026scaxng,aka2026scaxng
matched,onsite,2026-09-12 11:53:04.00,2026-09-12 11:53:04.75,0.757,63.5746841430664,63.575,-150.66542053222656,-150.665,0.04082387752930477,0.952635407447815,1.0,0.04736459255218495,2.152877199546949,2.2,0.04712280045305128,54,54.0,scolv:abakken,unknown,man_confirm,manual,aka2026scbiqo,aka2026scbiqo
matched,onsite,2026-09-12 12:11:52.00,2026-09-12 12:11:52.73,0.734,53.35698318481445,53.357,-165.60238647460938,-165.602,0.025716130502167003,14.054221153259277,14.1,0.0457788467407223,2.151553661129916,2.2,0.048446338870084205,32,32.0,scolv:abakken,unknown,man_confirm,manual,aka2026scbyyt,aka2026scbyyt
matched,onsite,2026-09-12 13:15:51.00,2026-09-12 13:15:51.11,0.115,63.27463912963867,63.275,-151.3497314453125,-151.35,0.042314502898716466,2.4840776920318604,2.5,0.01592230796813965,1.7226922430148666,1.7,0.02269224301486661,35,35.0,scolv:abakken,unknown,man_confirm,manual,aka2026sceclm,aka2026sceclm
matched,onsite,2026-09-12 13:19:18.00,2026-09-12 13:19:18.81,0.819,53.82788467407227,53.828,-163.85780334472656,-163.858,0.018193856093849575,20.843894958496094,20.8,0.04389495849609304,2.321129373346893,2.3,0.021129373346893132,45,45.0,scolv:abakken,unknown,man_confirm,manual,aka2026scefkc,aka2026scefkc
matched,onsite,2026-09-12 13:26:33.00,2026-09-12 13:26:33.24,0.24,59.99049758911133,59.99,-152.5255584716797,-152.526,0.060533406320740425,102.85377502441406,102.9,0.046224975585943184,2.904711882403215,2.9,0.004711882403215295,241,241.0,scolv:abakken,unknown,man_confirm,manual,aka2026scekwe,aka2026scekwe
matched,onsite,2026-09-12 13:47:23.00,2026-09-12 13:47:23.12,0.121,62.57537460327148,62.575,-152.0376434326172,-152.038,0.0454811551061557,0.9379535913467407,0.9,0.0379535913467407,1.8325804163133455,1.8,0.032580416313345406,40,40.0,scolv:abakken,unknown,man_confirm,manual,aka2026scfdtj,aka2026scfdtj
matched,onsite,2026-09-12 14:05:11.00,2026-09-12 14:05:11.38,0.386,61.62214279174805,61.622,-151.1797637939453,-151.18,0.020197411109792198,3.687062978744507,3.7,0.012937021255493342,1.385290730081144,1.4,0.014709269918856016,41,41.0,scolv:abakken,unknown,man_confirm,manual,aka2026scftfb,aka2026scftfb
matched,onsite,2026-09-12 14:19:50.00,2026-09-12 14:19:50.27,0.279,68.78006744384766,68.78,-148.29783630371094,-148.298,0.009982313013888522,5.0,5.0,0.0,2.2508018201815534,2.3,0.04919817981844643,43,43.0,scolv:hlmcfarlin,unknown,man_confirm,manual,aka2026scgfwh,aka2026scgfwh
matched,onsite,2026-09-12 14:24:57.00,2026-09-12 14:24:57.63,0.635,59.16394424438477,59.164,-152.49583435058594,-152.496,0.011295038173309402,67.15985107421875,67.2,0.04014892578125284,1.731380686926682,1.7,0.031380686926681944,36,36.0,scolv:hlmcfarlin,unknown,man_confirm,manual,aka2026scgkie,aka2026scgkie
matched,onsite,2026-09-12 14:28:44.00,2026-09-12 14:28:44.63,0.632,60.0679702758789,60.068,-152.6822052001953,-152.682,0.011855206575097555,87.85543823242188,87.9,0.044561767578130684,1.4135384541494207,1.4,0.013538454149420787,49,49.0,scolv:abakken,unknown,man_confirm,manual,aka2026scgnoh,aka2026scgnoh
matched,onsite,2026-09-12 15:06:24.00,2026-09-12 15:06:24.24,0.247,51.79489135742188,51.795,-178.4651641845703,-178.465,0.01653573428113816,22.204368591308594,22.2,0.0043685913085944605,1.5819079963512104,1.6,0.018092003648789712,34,34.0,scolv:abakken,unknown,man_confirm,manual,aka2026schugr,aka2026schugr
matched,onsite,2026-09-12 15:08:27.00,2026-09-12 15:08:24.36,2.633,50.13822555541992,50.1206,177.17352294921875,177.0736,7.387439306487764,17.756834030151367,10.0,7.756834030151367,3.306973645909802,2.9,0.4069736459098019,27,16.0,scolv:hlmcfarlin,unknown,man_confirm,manual,aka2026schwrz,us7000th0v
matched,onsite,2026-09-12 15:15:37.00,2026-09-12 15:15:37.60,0.6,59.72358322143555,59.724,-153.37356567382812,-153.374,0.0523507208628001,123.50167083740234,123.5,0.00167083740234375,1.5261167264513025,1.5,0.026116726451302474,26,26.0,scolv:abakken,unknown,man_confirm,manual,aka2026scicgr,aka2026scicgr
matched,onsite,2026-09-12 15:21:18.00,2026-09-12 15:21:18.49,0.494,51.78896713256836,51.789,-173.34632873535156,-173.346,0.02290410015575895,13.316883087158203,13.3,0.016883087158202414,3.35090362677577,3.4,0.04909637322422977,57,57.0,scolv:abakken,unknown,man_confirm,manual,aka2026scihfk,aka2026scihfk
matched,onsite,2026-09-12 15:22:21.00,2026-09-12 15:22:21.56,0.563,62.4035415649414,62.404,-150.71278381347656,-150.713,0.05217778233554464,84.6679458618164,84.7,0.03205413818359659,1.631897170541091,1.6,0.03189717054109087,42,42.0,scolv:abakken,unknown,man_confirm,manual,aka2026sciicn,aka2026sciicn
matched,onsite,2026-09-12 15:27:07.00,2026-09-12 15:27:07.11,0.118,54.1593017578125,54.159,-164.60052490234375,-164.601,0.04563676090794867,72.57279205322266,72.6,0.027207946777338066,2.0429156454870516,2.0,0.042915645487051624,37,37.0,scolv:abakken,unknown,man_confirm,manual,aka2026scimez,aka2026scimez
matched,onsite,2026-09-12 15:41:56.00,2026-09-12 15:41:56.86,0.862,55.89804077148438,55.898,-160.0454559326172,-160.045,0.028783660466584555,6.073459148406982,6.1,0.026540851593017223,2.0851662310016037,2.1,0.01483376899839639,33,33.0,scolv:abakken,unknown,man_confirm,manual,aka2026scizdn,aka2026scizdn
matched,onsite,2026-09-12 15:57:27.00,2026-09-12 15:57:27.47,0.471,53.84242248535156,53.842,-163.86260986328125,-163.863,0.05349839564775311,20.904678344726562,20.9,0.004678344726563921,2.4359136423471996,2.4,0.03591364234719974,57,57.0,scolv:abakken,unknown,man_confirm,manual,aka2026scjmng,aka2026scjmng
matched,onsite,2026-09-12 15:59:41.00,2026-09-12 15:59:41.22,0.225,59.59867477416992,59.599,-152.22909545898438,-152.229,0.036560212175990044,81.55104064941406,81.6,0.048959350585931816,2.3687287527730656,2.4,0.03127124722693431,141,141.0,scolv:abakken,unknown,man_confirm,manual,aka2026scjnsy,aka2026scjnsy
matched,onsite,2026-09-12 16:07:14.00,2026-09-12 16:07:14.88,0.885,54.5178337097168,54.518,-160.0946502685547,-160.095,0.029179269218588263,20.0,20.0,0.0,2.1899053551962004,2.2,0.010094644803799735,26,26.0,scolv:hlmcfarlin,unknown,man_confirm,manual,aka2026scjvaf,aka2026scjvaf
matched,onsite,2026-09-12 16:09:42.00,2026-09-12 16:09:42.73,0.732,53.0358772277832,53.036,-167.01181030273438,-167.012,0.018634504139707204,29.71401786804199,29.7,0.014017868041989345,2.18428401292875,2.2,0.015715987071250215,40,40.0,scolv:abakken,unknown,man_confirm,manual,aka2026scjxdx,aka2026scjxdx
matched,onsite,2026-09-12 16:10:09.00,2026-09-12 16:10:09.40,0.409,60.27043151855469,60.27,-147.84951782226562,-147.85,0.0548569914206331,13.334097862243652,13.3,0.03409786224365163,1.6741653721903578,1.7,0.025834627809642186,49,49.0,scolv:abakken,unknown,man_confirm,manual,aka2026scjxoe,aka2026scjxoe
matched,onsite,2026-09-12 16:15:05.00,2026-09-12 16:15:05.49,0.498,51.40030288696289,51.4,-177.3063507080078,-177.306,0.04154785411489396,21.055889129638672,21.1,0.044110870361329546,1.9369037981640522,1.9,0.036903798164052315,29,29.0,scolv:abakken,unknown,man_confirm,manual,aka2026sckbvd,aka2026sckbvd
matched,onsite,2026-09-12 16:19:54.00,2026-09-12 16:19:54.17,0.172,51.3885498046875,51.389,-178.12298583984375,-178.123,0.05006907665737621,16.99064826965332,17.0,0.009351730346679688,2.072819117640714,2.1,0.027180882359286063,39,39.0,scolv:abakken,unknown,man_confirm,manual,aka2026sckgck,aka2026sckgck
matched,onsite,2026-09-12 17:25:16.00,2026-09-12 17:25:16.49,0.497,52.18772125244141,52.188,-173.19728088378906,-173.197,0.036432922721828305,3.869685411453247,3.9,0.03031458854675284,2.5801658744833627,2.6,0.019834125516637435,31,31.0,scolv:hlmcfarlin,unknown,man_confirm,manual,aka2026scmkow,aka2026scmkow
matched,onsite,2026-09-12 17:47:28.00,2026-09-12 17:47:28.54,0.542,60.56114959716797,60.561,-150.2347869873047,-150.235,0.0203034478484327,38.79225158691406,38.8,0.007748413085934658,2.057133261027235,2.1,0.04286673897276527,89,89.0,scolv:abakken,unknown,man_confirm,manual,aka2026scndwy,aka2026scndwy
matched,onsite,2026-09-12 18:16:30.00,2026-09-12 18:16:31.53,1.532,52.14373397827148,52.1582,-169.3435821533203,-169.4308,6.16421431369783,15.347227096557617,35.0,19.652772903442383,3.38526539846207,3.3,0.08526539846207015,55,29.0,scolv:abakken,unknown,man_confirm,manual,aka2026scodbj,us7000thr1
matched,onsite,2026-09-12 18:26:16.00,2026-09-12 18:26:16.59,0.594,49.48517227172852,49.485,-178.87896728515625,-178.879,0.019300967089679547,20.0,20.0,0.0,2.855916762085954,2.9,0.04408323791404589,27,27.0,scolv:hlmcfarlin,unknown,man_confirm,manual,aka2026scolzh,aka2026scolzh
matched,onsite,2026-09-12 19:06:58.00,2026-09-12 19:06:58.32,0.328,50.78836822509766,50.788,-179.18409729003906,-179.184,0.04151201254306348,11.565973281860352,11.6,0.03402671813964808,2.528055434032501,2.5,0.028055434032501214,40,40.0,scolv:hlmcfarlin,unknown,man_confirm,manual,aka2026scpvak,aka2026scpvak
matched,onsite,2026-09-12 19:18:06.00,2026-09-12 19:18:05.90,0.097,61.30200958251953,61.29,-146.13534545898438,-146.12,1.5668219383410755,14.39646816253662,12.7,1.69646816253662,3.5022806266722846,3.5,0.002280626672284569,230,207.0,scolv:hlmcfarlin,unknown,man_confirm,automatic,aka2026scqemw,aka2026scqemw
matched,onsite,2026-09-12 19:36:52.00,2026-09-12 19:36:52.22,0.22,63.13627243041992,63.136,-151.3958282470703,-151.396,0.03149814959472058,0.28401046991348267,0.3,0.015989530086517323,2.304050017546697,2.3,0.004050017546697315,59,59.0,scolv:abakken,unknown,man_confirm,manual,aka2026scquxa,aka2026scquxa
matched,onsite,2026-09-12 19:46:13.00,2026-09-12 19:46:16.40,3.403,53.97301864624023,54.0607,-163.2798309326172,-163.3739,11.525068444814849,15.14655876159668,35.0,19.85344123840332,2.518500724117817,2.6,0.08149927588218331,46,28.0,scolv:abakken,unknown,man_confirm,manual,aka2026scrcmc,us7000thw4
matched,onsite,2026-09-12 19:50:43.00,2026-09-12 19:50:43.36,0.366,53.92848205566406,53.928,-163.26812744140625,-163.268,0.05424765632844976,12.806567192077637,12.8,0.006567192077636008,2.390289447773543,2.4,0.009710552226457114,37,37.0,scolv:hlmcfarlin,unknown,man_confirm,manual,aka2026scrgtq,aka2026scrgtq
matched,onsite,2026-09-12 19:56:21.00,2026-09-12 19:56:21.55,0.554,59.71729278564453,59.717,-152.9158172607422,-152.916,0.03413068747985583,95.94976043701172,95.9,0.049760437011713066,1.5873810432106044,1.6,0.01261895678939573,46,46.0,scolv:abakken,unknown,man_confirm,manual,aka2026scrlrf,aka2026scrlrf
matched,onsite,2026-09-12 20:08:15.00,2026-09-12 20:08:15.37,0.373,51.32278442382812,51.323,-176.11184692382812,-176.112,0.026225107543954525,22.91012191772461,22.9,0.010121917724610796,2.007472087745433,2.0,0.007472087745433065,22,22.0,scolv:abakken,unknown,man_confirm,manual,aka2026scrvzn,aka2026scrvzn
matched,onsite,2026-09-12 20:19:17.00,2026-09-12 20:19:17.79,0.796,55.74362182617188,55.744,-157.80230712890625,-157.802,0.04623667876422693,2.0958895683288574,2.1,0.004110431671142667,2.0168526152096504,2.0,0.016852615209650423,22,22.0,scolv:abakken,unknown,man_confirm,manual,aka2026scsfpk,aka2026scsfpk
matched,onsite,2026-09-12 20:38:01.00,2026-09-12 20:38:01.66,0.66,53.95651626586914,53.957,-162.9574737548828,-162.957,0.062080560354927955,12.88902759552002,12.9,0.010972404479980824,2.374112155882669,2.4,0.025887844117330694,32,32.0,scolv:abakken,unknown,man_confirm,manual,aka2026scsvth,aka2026scsvth
matched,onsite,2026-09-12 21:47:28.00,2026-09-12 21:47:28.83,0.838,65.33926391601562,65.339,-149.991455078125,-149.991,0.03615220194320349,0.23118871450424194,0.2,0.031188714504241932,1.608089880684626,1.6,0.008089880684625905,26,26.0,scolv:abakken,unknown,man_confirm,manual,aka2026scveam,aka2026scveam
matched,onsite,2026-09-12 22:02:21.00,2026-09-12 22:02:21.13,0.132,62.18761444091797,62.188,-149.62612915039062,-149.626,0.04339265319620159,50.71708297729492,50.7,0.017082977294919033,1.647112125080867,1.6,0.04711212508086682,55,55.0,scolv:abakken,unknown,man_confirm,manual,aka2026scvqxo,aka2026scvqxo
matched,onsite,2026-09-12 22:27:35.00,2026-09-12 22:27:35.01,0.014,60.21364212036133,60.214,-150.5030975341797,-150.503,0.04015744182610536,47.73746490478516,47.7,0.03746490478516051,1.747098329919253,1.7,0.04709832991925311,59,59.0,scolv:abakken,unknown,man_confirm,manual,aka2026scwmsy,aka2026scwmsy
matched,onsite,2026-09-12 23:09:48.00,2026-09-12 23:09:48.33,0.339,53.92843246459961,53.928,-164.86056518554688,-164.861,0.055882599759671935,83.00662994384766,83.0,0.00662994384765625,2.129928218412005,2.1,0.02992821841200488,29,29.0,scolv:abakken,unknown,man_confirm,manual,aka2026scxxcn,aka2026scxxcn
matched,onsite,2026-09-12 23:15:48.00,2026-09-12 23:15:48.06,0.064,52.19299697875977,52.193,-169.56637573242188,-169.566,0.02561321135663442,39.43526077270508,39.4,0.035260772705079546,2.5450319099821437,2.5,0.04503190998214368,23,23.0,scolv:abakken,unknown,man_confirm,manual,aka2026scycll,aka2026scycll
matched,onsite,2026-09-12 23:33:47.00,2026-09-12 23:33:47.08,0.081,51.61657333374023,51.617,-174.63507080078125,-174.635,0.047694290934181864,11.858131408691406,11.9,0.041868591308594105,2.5323881682466935,2.5,0.03238816824669355,39,39.0,scolv:abakken,unknown,man_confirm,manual,aka2026scysfg,aka2026scysfg
matched,onsite,2026-09-13 00:50:39.00,2026-09-13 00:50:39.73,0.739,60.6226806640625,60.623,-139.93389892578125,-139.934,0.0359340088783998,0.4598805904388428,0.5,0.04011940956115723,2.042002968908802,2.0,0.042002968908802174,34,34.0,scolv:abakken,unknown,man_confirm,manual,aka2026sdbgvv,aka2026sdbgvv
matched,onsite,2026-09-13 00:59:03.00,2026-09-13 00:59:03.40,0.404,59.94367599487305,59.944,-152.7956085205078,-152.796,0.04211096499701963,90.91539764404297,90.9,0.015397644042963066,2.0004105690558145,2.0,0.00041056905581449143,103,103.0,scolv:abakken,unknown,man_confirm,manual,aka2026sdbnjs,aka2026sdbnjs
matched,onsite,2026-09-13 01:02:14.00,2026-09-13 01:02:14.53,0.532,51.46829986572266,51.468,-178.26437377929688,-178.264,0.042215509643801365,30.91240692138672,30.9,0.012406921386720171,1.744950407846694,1.7,0.04495040784669402,18,18.0,scolv:abakken,unknown,man_confirm,manual,aka2026sdbovw,aka2026sdbovw
matched,onsite,2026-09-13 01:12:43.00,2026-09-13 01:12:43.04,0.047,62.32081604003906,62.321,-151.39630126953125,-151.396,0.02570166318966021,93.37705993652344,93.4,0.022940063476568184,1.5760439169992002,1.6,0.023956083000799877,52,52.0,scolv:abakken,unknown,man_confirm,manual,aka2026sdbzzh,aka2026sdbzzh
matched,onsite,2026-09-13 01:43:48.00,2026-09-13 01:43:48.26,0.269,56.69510650634766,56.695,-154.89686584472656,-154.897,0.01439962924712041,13.837201118469238,13.8,0.03720111846923757,2.0249357916081365,2.0,0.024935791608136526,44,44.0,scolv:abakken,unknown,man_confirm,manual,aka2026sddaxk,aka2026sddaxk
matched,onsite,2026-09-13 01:46:35.00,2026-09-13 01:46:36.17,1.171,51.83277893066406,51.8576,-169.2816925048828,-169.2388,4.037241809905692,2.793276309967041,8.53,5.736723690032958,2.736917843112731,2.5,0.23691784311273079,25,23.0,scolv:abakken,unknown,man_confirm,manual,aka2026sdddob,us7000thwv
matched,onsite,2026-09-13 01:54:55.00,2026-09-13 01:54:55.78,0.789,61.18803787231445,61.188,-139.99301147460938,-139.993,0.004255866551267748,5.083774089813232,5.1,0.016225910186767223,1.5058826739781346,1.5,0.005882673978134578,32,32.0,scolv:abakken,unknown,man_confirm,manual,aka2026sddkoh,aka2026sddkoh
matched,onsite,2026-09-13 02:08:41.00,2026-09-13 02:08:41.32,0.327,51.1176872253418,51.154,-178.55580139160156,-178.5063,5.31344152369513,18.566009521484375,28.739,10.172990478515626,4.1953677040495805,3.9,0.29536770404958057,69,61.0,scolv:hlmcfarlin,unknown,man_confirm,manual,aka2026sddwmu,us7000th2x
matched,onsite,2026-09-13 02:10:41.00,2026-09-13 02:10:41.54,0.549,53.61719131469727,53.617,-164.93223571777344,-164.932,0.026349143205288934,20.0,20.0,0.0,2.1926855396773437,2.2,0.00731446032265648,24,24.0,scolv:hlmcfarlin,unknown,man_confirm,manual,aka2026sddxmh,aka2026sddxmh
matched,onsite,2026-09-12 19:09:26.00,2026-09-12 19:09:26.22,0.227,53.92955017089844,53.963,-157.0909423828125,-157.2289,9.764513300669373,20.0,10.0,10.0,2.816684750941342,2.8,0.01668475094134214,41,22.0,scolv:hlmcfarlin,unknown,man_confirm,manual,aka2026scpwzn,us7000th2v
matched,onsite,2026-09-13 02:54:29.00,2026-09-13 02:54:29.87,0.87,51.44272232055664,51.443,-176.30999755859375,-176.31,0.030877008968366718,29.00924301147461,29.0,0.009243011474609375,2.0385428290395917,2.0,0.03854282903959172,36,36.0,scolv:abakken,unknown,man_confirm,manual,aka2026sdfkfu,aka2026sdfkfu
matched,onsite,2026-09-13 03:54:40.00,2026-09-13 03:54:40.36,0.36,51.25852203369141,51.259,-178.23126220703125,-178.231,0.056192222478468806,28.1494083404541,28.1,0.04940834045410014,2.35606989223014,2.4,0.04393010776985973,52,52.0,scolv:abakken,unknown,man_confirm,manual,aka2026sdhkkb,aka2026sdhkkb
matched,onsite,2026-09-13 03:59:03.00,2026-09-13 03:59:03.66,0.666,59.53641891479492,59.536,-152.8506317138672,-152.851,0.050998786855774865,94.10204315185547,94.1,0.0020431518554744343,1.5426527226987563,1.5,0.04265272269875631,46,46.0,scolv:abakken,unknown,man_confirm,manual,aka2026sdhofd,aka2026sdhofd
matched,onsite,2026-09-13 04:07:24.00,2026-09-13 04:07:24.89,0.897,61.9831428527832,61.983,-144.08721923828125,-144.087,0.019581828636485457,4.81721305847168,4.8,0.017213058471679865,1.4181626259608615,1.4,0.0181626259608616,21,21.0,scolv:abakken,unknown,man_confirm,manual,aka2026sdhvlo,aka2026sdhvlo
matched,onsite,2026-09-13 04:08:06.00,2026-09-13 04:08:06.25,0.251,60.55411529541016,60.554,-151.98281860351562,-151.983,0.016207474184286565,85.1545181274414,85.2,0.04548187255859659,1.3215861331228442,1.3,0.021586133122844187,53,53.0,scolv:abakken,unknown,man_confirm,manual,aka2026sdhwaz,aka2026sdhwaz
matched,onsite,2026-09-13 04:35:28.00,2026-09-13 04:35:28.17,0.178,52.4896125793457,52.49,-168.45159912109375,-168.452,0.05091680115184355,5.742820739746094,5.7,0.04282073974609357,2.287443743955577,2.3,0.012556256044423009,20,20.0,scolv:abakken,unknown,man_confirm,manual,aka2026sditxr,aka2026sditxr
matched,onsite,2026-09-13 04:41:36.00,2026-09-13 04:41:36.96,0.969,60.54096221923828,60.541,-140.05252075195312,-140.053,0.026542613755915885,14.21336841583252,14.2,0.013368415832520242,1.4015617721351956,1.4,0.0015617721351957048,22,22.0,scolv:abakken,unknown,man_confirm,manual,aka2026sdizfj,aka2026sdizfj
matched,onsite,2026-09-13 05:01:38.00,2026-09-13 05:01:38.37,0.37,57.6979866027832,57.698,-155.6331329345703,-155.633,0.008038293063531442,24.584169387817383,24.6,0.01583061218261861,0.9187786063451279,0.9,0.018778606345127846,16,16.0,scolv:abakken,unknown,man_confirm,manual,aka2026sdjqma,aka2026sdjqma
matched,onsite,2026-09-13 05:14:09.00,2026-09-13 05:14:09.90,0.905,56.81978988647461,56.82,-156.46473693847656,-156.465,0.028321767017494674,6.659482002258301,6.7,0.040517997741699396,1.6674102419630052,1.7,0.03258975803699471,22,22.0,scolv:abakken,unknown,man_confirm,manual,aka2026sdkbhm,aka2026sdkbhm
matched,onsite,2026-09-13 05:42:23.00,2026-09-13 05:42:23.77,0.771,51.52473449707031,51.525,-175.8043975830078,-175.804,0.040350405048653344,38.308475494384766,38.3,0.008475494384768467,2.0899665860506755,2.1,0.010033413949324554,40,40.0,scolv:abakken,unknown,man_confirm,manual,aka2026sdkzvd,aka2026sdkzvd
matched,onsite,2026-09-13 05:51:10.00,2026-09-13 05:51:10.43,0.437,65.43717956542969,65.437,-149.97227478027344,-149.972,0.023664115587746413,1.8942214250564575,1.9,0.005778574943542392,1.293118758013901,1.3,0.006881241986099074,27,27.0,scolv:abakken,unknown,man_confirm,manual,aka2026sdlhks,aka2026sdlhks
matched,onsite,2026-09-13 05:59:13.00,2026-09-13 05:59:13.28,0.287,59.91629791259766,59.916,-151.82611083984375,-151.826,0.03369754270113069,75.8804931640625,75.9,0.019506835937505684,2.3485607090213594,2.3,0.04856070902135956,151,151.0,scolv:abakken,unknown,man_confirm,manual,aka2026sdloju,aka2026sdloju
matched,onsite,2026-09-13 06:02:57.00,2026-09-13 06:02:57.84,0.848,51.43660354614258,51.437,-177.4870147705078,-177.487,0.04409554526761923,33.908451080322266,33.9,0.008451080322267046,1.7607913985809518,1.8,0.03920860141904825,26,26.0,scolv:abakken,unknown,man_confirm,manual,aka2026sdlrqm,aka2026sdlrqm
matched,onsite,2026-09-13 06:04:36.00,2026-09-13 06:04:36.27,0.27,53.3812255859375,53.381,-165.67823791503906,-165.678,0.029634761681211482,23.595373153686523,23.6,0.004626846313477984,2.150085358997477,2.2,0.0499146410025233,35,35.0,scolv:abakken,unknown,man_confirm,manual,aka2026sdlsxv,aka2026sdlsxv
matched,onsite,2026-09-13 06:31:29.00,2026-09-13 06:31:29.10,0.105,58.12030029296875,58.12,-156.3517608642578,-156.352,0.03622409553321908,11.922595977783203,11.9,0.02259597778320277,0.9331823962928021,0.9,0.03318239629280206,21,21.0,scolv:abakken,unknown,man_confirm,manual,aka2026sdmqiy,aka2026sdmqiy
matched,onsite,2026-09-13 06:33:29.00,2026-09-13 06:33:29.87,0.873,65.29743957519531,65.297,-148.94703674316406,-148.947,0.048908344921186966,11.133094787597656,11.1,0.033094787597656605,0.9788695901114592,1.0,0.021130409888540758,21,21.0,scolv:abakken,unknown,man_confirm,manual,aka2026sdmscv,aka2026sdmscv
matched,onsite,2026-09-13 06:38:29.00,2026-09-13 06:38:29.42,0.421,53.52412414550781,53.524,-165.8636474609375,-165.864,0.02708585235260265,61.73050689697266,61.7,0.030506896972660513,2.0338185746348088,2.0,0.03381857463480875,36,36.0,scolv:abakken,unknown,man_confirm,manual,aka2026sdmwmq,aka2026sdmwmq
matched,onsite,2026-09-13 07:05:00.00,2026-09-13 07:05:00.54,0.546,59.97981262207031,59.98,-141.05364990234375,-141.054,0.028520970723901685,12.32946014404297,12.3,0.029460144042969816,1.5655120185856728,1.6,0.034487981414327296,21,21.0,scolv:abakken,unknown,man_confirm,manual,aka2026sdntkk,aka2026sdntkk
matched,onsite,2026-09-13 07:10:44.00,2026-09-13 07:10:44.43,0.437,51.22134780883789,51.221,-176.0250244140625,-176.025,0.038711935169552715,7.052692413330078,7.1,0.04730758666992152,1.998547615899798,2.0,0.0014523841002020976,28,28.0,scolv:abakken,unknown,man_confirm,manual,aka2026sdnykr,aka2026sdnykr
matched,onsite,2026-09-13 07:11:12.00,2026-09-13 07:11:12.23,0.239,58.86139678955078,58.861,-147.44808959960938,-147.448,0.044420766698867874,26.94344139099121,26.9,0.04344139099121236,1.9453145688195594,1.9,0.04531456881955953,25,25.0,scolv:abakken,unknown,man_confirm,manual,aka2026sdnyvv,aka2026sdnyvv
matched,onsite,2026-09-13 07:19:25.00,2026-09-13 07:19:25.24,0.243,61.19019317626953,61.19,-146.8332061767578,-146.833,0.02415490935195743,0.0,0.0,0.0,1.0517232762899806,1.1,0.048276723710019454,16,16.0,scolv:abakken,unknown,man_confirm,manual,aka2026sdofyc,aka2026sdofyc
matched,onsite,2026-09-13 07:27:44.00,2026-09-13 07:27:44.95,0.951,60.65538787841797,60.655,-152.103515625,-152.104,0.05056576318182028,88.2160415649414,88.2,0.016041564941403408,1.1975228449281912,1.2,0.00247715507180879,43,43.0,scolv:abakken,unknown,man_confirm,manual,aka2026sdonbh,aka2026sdonbh
matched,onsite,2026-09-13 07:35:38.00,2026-09-13 07:35:38.54,0.542,52.11481475830078,52.115,-176.0902862548828,-176.09,0.028395944347329335,6.593759059906006,6.6,0.006240940093993785,1.8964877809625984,1.9,0.0035122190374015094,19,19.0,scolv:abakken,unknown,man_confirm,manual,aka2026sdotzz,aka2026sdotzz
matched,onsite,2026-09-13 07:28:46.00,2026-09-13 07:28:46.43,0.43,51.29872512817383,51.299,-177.1649932861328,-177.165,0.030567916760688943,49.76064682006836,49.8,0.03935317993163778,1.8344483669952003,1.8,0.034448366995200264,26,26.0,scolv:hlmcfarlin,unknown,man_confirm,manual,aka2026sdoofa,aka2026sdoofa
matched,onsite,2026-09-13 07:46:39.00,2026-09-13 07:46:40.22,1.223,51.26155853271484,51.3341,-178.12115478515625,-178.106,8.13477069256626,20.941635131835938,35.0,14.058364868164062,2.7268368833676315,2.6,0.12683688336763144,57,32.0,scolv:abakken,unknown,man_confirm,manual,aka2026sdpdlg,us7000thy9
matched,onsite,2026-09-13 08:08:18.00,2026-09-13 08:08:18.74,0.74,51.25238037109375,51.252,-178.116455078125,-178.116,0.05283930852092816,22.627017974853516,22.6,0.027017974853514204,2.071168936475803,2.1,0.028831063524197287,40,40.0,scolv:abakken,unknown,man_confirm,manual,aka2026sdpwmd,aka2026sdpwmd
matched,onsite,2026-09-13 08:23:41.00,2026-09-13 08:23:41.84,0.844,60.47409057617188,60.474,-139.68759155273438,-139.688,0.024544057066770226,1.4052201509475708,1.4,0.00522015094757089,1.714273563300119,1.7,0.014273563300118974,29,29.0,scolv:abakken,unknown,man_confirm,manual,aka2026sdqjqs,aka2026sdqjqs
matched,onsite,2026-09-13 08:28:29.00,2026-09-13 08:28:29.64,0.645,50.91337966918945,50.913,-177.83285522460938,-177.833,0.043420275892500894,22.62500762939453,22.6,0.02500762939452983,2.1314971608503304,2.1,0.031497160850330275,18,18.0,scolv:hlmcfarlin,unknown,man_confirm,manual,aka2026sdqnuz,aka2026sdqnuz
matched,onsite,2026-09-13 08:39:19.00,2026-09-13 08:39:18.97,0.022,53.50893020629883,53.5114,-163.20310974121094,-163.1973,0.47223788111068654,9.792254447937012,10.0,0.20774555206298828,2.959984051812248,3.0,0.04001594818775178,63,34.0,scolv:hlmcfarlin,unknown,man_confirm,manual,aka2026sdquns,us7000th6z
matched,onsite,2026-09-13 09:17:29.00,2026-09-13 09:17:29.71,0.717,61.39132308959961,61.391,-150.64962768554688,-150.65,0.04103207644421699,70.1134262084961,70.1,0.013426208496099434,1.4055964004914432,1.4,0.005596400491443276,50,50.0,scolv:abakken,unknown,man_confirm,manual,aka2026sdseib,aka2026sdseib
matched,onsite,2026-09-13 09:40:03.00,2026-09-13 09:40:03.00,0.002,51.37293243408203,51.373,179.24476623535156,179.245,0.017881269404375243,30.28380012512207,30.3,0.016199874877930398,2.2401626961214784,2.2,0.04016269612147827,22,22.0,scolv:abakken,unknown,man_confirm,manual,aka2026sdsxwg,aka2026sdsxwg
matched,onsite,2026-09-13 09:51:20.00,2026-09-13 09:51:20.47,0.479,59.44678497314453,59.447,-151.82997131347656,-151.83,0.023964814432034538,62.22780227661133,62.2,0.027802276611325283,1.4566755416094412,1.5,0.04332445839055876,25,25.0,scolv:abakken,unknown,man_confirm,manual,aka2026sdthqw,aka2026sdthqw
matched,onsite,2026-09-13 10:02:36.00,2026-09-13 10:02:37.87,1.879,51.04314422607422,51.132,-178.03623962402344,-178.0807,10.356817341876148,20.0,35.0,15.0,3.458894070319874,3.3,0.15889407031987401,62,32.0,scolv:hlmcfarlin,unknown,man_confirm,manual,aka2026sdtrjk,us7000th72
matched,onsite,2026-09-13 10:02:57.00,2026-09-13 10:02:57.65,0.652,65.76671600341797,65.767,-145.63941955566406,-145.639,0.036930990988683535,3.398991823196411,3.4,0.0010081768035887784,3.407317680666339,3.4,0.00731768066633931,106,106.0,scolv:abakken,unknown,man_confirm,manual,aka2026sdtrsy,aka2026sdtrsy
matched,onsite,2026-09-13 10:15:37.00,2026-09-13 10:15:37.06,0.069,52.86237335205078,52.862,-167.70428466796875,-167.704,0.04570218607612938,20.997249603271484,21.0,0.002750396728515625,3.2415487695657155,3.2,0.04154876956571529,71,71.0,scolv:abakken,unknown,man_confirm,manual,aka2026sducoy,aka2026sducoy
matched,onsite,2026-09-13 10:39:30.00,2026-09-13 10:39:30.63,0.638,62.21249389648438,62.212,-149.41261291503906,-149.413,0.058469803802050975,58.08080673217773,58.1,0.01919326782227415,1.2313767497384625,1.2,0.031376749738462495,23,23.0,scolv:abakken,unknown,man_confirm,manual,aka2026sduxkt,aka2026sduxkt
matched,onsite,2026-09-13 10:51:12.00,2026-09-13 10:51:12.04,0.046,53.55862045288086,53.559,-165.08120727539062,-165.081,0.04436869935085127,29.69148635864258,29.7,0.008513641357417612,2.3970029641830384,2.4,0.002997035816961535,35,35.0,scolv:abakken,unknown,man_confirm,manual,aka2026sdvgog,aka2026sdvgog
matched,onsite,2026-09-13 11:11:32.00,2026-09-13 11:11:32.06,0.062,61.3804931640625,61.38,-150.56033325195312,-150.56,0.05763837133471838,71.72093200683594,71.7,0.020932006835934658,1.3808575252564899,1.4,0.019142474743510052,39,39.0,scolv:abakken,unknown,man_confirm,manual,aka2026sdvzej,aka2026sdvzej
matched,onsite,2026-09-13 11:25:44.00,2026-09-13 11:25:44.41,0.418,63.36321640014648,63.363,-149.65174865722656,-149.652,0.027129531558848598,97.71681213378906,97.7,0.016812133789059658,1.4526476964348263,1.5,0.047352303565173726,38,38.0,scolv:abakken,unknown,man_confirm,manual,aka2026sdwlnb,aka2026sdwlnb
matched,onsite,2026-09-13 11:55:47.00,2026-09-13 11:55:47.19,0.19,56.07094192504883,56.071,-159.86424255371094,-159.864,0.016380727384122076,1.1954882144927979,1.2,0.004511785507202104,2.483507615485218,2.5,0.016492384514782188,45,45.0,scolv:abakken,unknown,man_confirm,manual,aka2026sdxlny,aka2026sdxlny
matched,onsite,2026-09-13 12:06:14.00,2026-09-13 12:06:14.28,0.28,57.64137268066406,57.641,-154.5330047607422,-154.533,0.04144116766269004,55.86273574829102,55.9,0.03726425170897585,1.6649965146811112,1.7,0.03500348531888875,43,43.0,scolv:abakken,unknown,man_confirm,manual,aka2026sdxupk,aka2026sdxupk
matched,onsite,2026-09-13 12:36:48.00,2026-09-13 12:36:48.82,0.823,52.40381622314453,52.404,-169.11856079101562,-169.119,0.03612982325728064,29.698434829711914,29.7,0.001565170288085227,2.4057233925850046,2.4,0.00572339258500465,22,22.0,scolv:abakken,unknown,man_confirm,manual,aka2026sdyvbk,aka2026sdyvbk
matched,onsite,2026-09-13 12:48:18.00,2026-09-13 12:48:18.06,0.065,64.9036636352539,64.904,-148.64503479003906,-148.645,0.03743802502639269,11.373971939086914,11.4,0.026028060913086293,1.0394057220389277,1.0,0.03940572203892767,30,30.0,scolv:abakken,unknown,man_confirm,manual,aka2026sdzfbs,aka2026sdzfbs
matched,onsite,2026-09-13 13:18:03.00,2026-09-13 13:18:03.66,0.668,53.05825424194336,53.058,-166.6201171875,-166.62,0.02933510590905626,18.953096389770508,19.0,0.04690361022949219,2.270041384344536,2.3,0.02995861565546365,31,31.0,scolv:abakken,unknown,man_confirm,manual,aka2026seaewz,aka2026seaewz
matched,onsite,2026-09-13 13:21:07.00,2026-09-13 13:21:07.57,0.576,62.06863403320312,62.069,-147.59490966796875,-147.595,0.040964736683691994,34.15111541748047,34.2,0.04888458251953409,1.358585674695143,1.4,0.04141432530485689,43,43.0,scolv:abakken,unknown,man_confirm,manual,aka2026seahoc,aka2026seahoc
matched,onsite,2026-09-13 13:33:25.00,2026-09-13 13:33:25.14,0.142,51.25984573364258,51.26,-177.00994873046875,-177.01,0.017520695026376026,29.44330406188965,29.4,0.04330406188964986,2.0706626956525085,2.1,0.0293373043474916,30,30.0,scolv:abakken,unknown,man_confirm,manual,aka2026seasdo,aka2026seasdo
matched,onsite,2026-09-13 13:39:12.00,2026-09-13 13:39:12.09,0.099,60.79444885253906,60.794,-152.23326110839844,-152.233,0.05188184215114311,103.65341186523438,103.7,0.04658813476562784,2.7981081688311007,2.8,0.0018918311688991274,215,215.0,scolv:abakken,unknown,man_confirm,manual,aka2026seaxgj,aka2026seaxgj
matched,onsite,2026-09-13 14:01:08.00,2026-09-13 14:01:08.06,0.069,64.93338775634766,64.933,-148.94332885742188,-148.943,0.04581547238195626,16.590694427490234,16.6,0.009305572509767046,0.9134798811887264,0.9,0.01347988118872634,31,31.0,scolv:abakken,unknown,man_confirm,manual,aka2026sebqgd,aka2026sebqgd
matched,onsite,2026-09-13 14:46:13.00,2026-09-13 14:46:13.51,0.511,61.52442169189453,61.524,-149.94325256347656,-149.943,0.04876437089836218,45.88245391845703,45.9,0.01754608154296733,1.3154290650927363,1.3,0.015429065092736227,41,41.0,scolv:abakken,unknown,man_confirm,manual,aka2026seddij,aka2026seddij
matched,onsite,2026-09-13 14:50:12.00,2026-09-13 14:50:12.98,0.981,58.2782211303711,58.278,-154.9714813232422,-154.971,0.037369965119284226,5.0,5.0,0.0,0.5821826552375052,0.6,0.017817344762494747,26,26.0,scolv:abakken,unknown,man_confirm,manual,aka2026sedgoc,aka2026sedgoc
matched,onsite,2026-09-13 14:55:43.00,2026-09-13 14:55:43.86,0.861,61.06514739990234,61.065,-150.53343200683594,-150.533,0.02843910285246085,47.95745849609375,48.0,0.04254150390625,1.4884400715103954,1.5,0.011559928489604632,55,55.0,scolv:abakken,unknown,man_confirm,manual,aka2026sedlon,aka2026sedlon
matched,onsite,2026-09-13 15:03:57.00,2026-09-13 15:03:57.80,0.803,54.26546859741211,54.265,-161.1289520263672,-161.129,0.05219871179436434,1.3311563730239868,1.3,0.031156373023986772,2.5413417033575394,2.5,0.041341703357539394,22,22.0,scolv:abakken,unknown,man_confirm,manual,aka2026sedsvn,aka2026sedsvn
matched,onsite,2026-09-13 15:06:55.00,2026-09-13 15:06:55.32,0.321,60.83682250976562,60.837,-139.59559631347656,-139.596,0.02946134662310445,7.634276866912842,7.6,0.03427686691284215,1.424964230578329,1.4,0.024964230578329083,19,19.0,scolv:abakken,unknown,man_confirm,manual,aka2026sedvhf,aka2026sedvhf
matched,onsite,2026-09-13 15:07:04.00,2026-09-13 15:07:04.46,0.466,64.86520385742188,64.865,-149.45616149902344,-149.456,0.023916831277575875,0.978457510471344,1.0,0.021542489528656006,1.7585784112855782,1.8,0.04142158871442181,46,46.0,scolv:abakken,unknown,man_confirm,manual,aka2026sedvkh,aka2026sedvkh
matched,onsite,2026-09-13 15:11:43.00,2026-09-13 15:11:43.59,0.597,59.74213790893555,59.742,-153.5543670654297,-153.554,0.02565442622952575,127.05065155029297,127.1,0.049348449707025566,1.6267851174150807,1.6,0.026785117415080606,54,54.0,scolv:abakken,unknown,man_confirm,manual,aka2026sedzjp,aka2026sedzjp
matched,onsite,2026-09-13 15:42:10.00,2026-09-13 15:42:10.98,0.983,52.52538299560547,52.525,-169.89337158203125,-169.893,0.04945307541029075,73.15767669677734,73.2,0.04232330322265909,2.382478024404782,2.4,0.017521975595217842,33,33.0,scolv:abakken,unknown,man_confirm,manual,aka2026seezxw,aka2026seezxw
matched,onsite,2026-09-13 15:54:57.00,2026-09-13 15:54:57.44,0.448,51.93480682373047,51.935,-169.12081909179688,-169.121,0.02480376414580229,4.726290225982666,4.7,0.026290225982665838,2.760714037254323,2.8,0.03928596274567697,17,17.0,scolv:abakken,unknown,man_confirm,manual,aka2026sefkwj,aka2026sefkwj
matched,onsite,2026-09-13 16:07:13.00,2026-09-13 16:07:13.85,0.857,51.68502807617188,51.685,-175.57431030273438,-175.574,0.021618598427822894,27.24385070800781,27.2,0.04385070800780966,1.891626239711358,1.9,0.008373760288642007,31,31.0,scolv:abakken,unknown,man_confirm,manual,aka2026sefvou,aka2026sefvou
matched,onsite,2026-09-13 16:30:43.00,2026-09-13 16:30:43.28,0.285,51.40592956542969,51.406,-173.5204315185547,-173.52,0.030939211902192655,12.82407283782959,12.8,0.024072837829589133,2.4656637831702,2.5,0.03433621682980004,26,26.0,scolv:abakken,unknown,man_confirm,manual,aka2026segpza,aka2026segpza
matched,onsite,2026-09-13 16:33:19.00,2026-09-13 16:33:19.46,0.463,53.32736968994141,53.327,-165.8564910888672,-165.856,0.052473599098225375,29.65248107910156,29.7,0.04751892089844034,2.1617806951346776,2.2,0.038219304865322545,27,27.0,scolv:abakken,unknown,man_confirm,manual,aka2026segser,aka2026segser
matched,onsite,2026-09-13 16:41:20.00,2026-09-13 16:41:20.97,0.971,61.35432434082031,61.354,-150.0268096923828,-150.027,0.03746465657924998,37.77201461791992,37.8,0.027985382080075283,1.7493126337300207,1.7,0.049312633730020705,77,77.0,scolv:abakken,unknown,man_confirm,manual,aka2026segzdk,aka2026segzdk
matched,onsite,2026-09-13 16:45:42.00,2026-09-13 16:45:42.27,0.271,51.09493637084961,51.095,-178.1852569580078,-178.185,0.019288852277631986,26.469812393188477,26.5,0.030187606811523438,2.21370907327593,2.2,0.01370907327592974,47,47.0,scolv:abakken,unknown,man_confirm,manual,aka2026sehcww,aka2026sehcww
matched,onsite,2026-09-13 17:08:20.00,2026-09-13 17:08:20.18,0.184,60.46564483642578,60.466,-152.51148986816406,-152.511,0.04775589255552527,111.99879455566406,112.0,0.0012054443359375,1.1788277638428315,1.2,0.021172236157168456,22,22.0,scolv:abakken,unknown,man_confirm,manual,aka2026sehwoa,aka2026sehwoa
matched,onsite,2026-09-13 17:17:21.00,2026-09-13 17:17:21.99,0.993,51.48892974853516,51.489,-176.35791015625,-176.358,0.009985800778636814,34.30812072753906,34.3,0.008120727539065342,1.865765577440121,1.9,0.03423442255987896,32,32.0,scolv:abakken,unknown,man_confirm,manual,aka2026seiejp,aka2026seiejp
matched,onsite,2026-09-13 17:31:10.00,2026-09-13 17:31:10.80,0.807,51.34648132324219,51.346,-176.80401611328125,-176.804,0.05353240191470681,35.5405387878418,35.5,0.040538787841796875,1.7241441528076298,1.7,0.024144152807629826,18,18.0,scolv:hlmcfarlin,unknown,man_confirm,manual,aka2026seiqiq,aka2026seiqiq
matched,onsite,2026-09-13 17:32:22.00,2026-09-13 17:32:22.12,0.128,57.93011856079102,57.93,-155.8486785888672,-155.849,0.02310598393330759,7.865124225616455,7.9,0.03487577438354528,1.4949982057938604,1.5,0.005001794206139554,48,48.0,scolv:abakken,unknown,man_confirm,manual,aka2026seirju,aka2026seirju
matched,onsite,2026-09-13 17:53:45.00,2026-09-13 17:53:45.93,0.933,50.4093017578125,50.409,-175.1673126220703,-175.167,0.0402077067674453,6.092854499816895,6.1,0.007145500183104225,2.670121079492863,2.7,0.029878920507137252,36,36.0,scolv:abakken,unknown,man_confirm,manual,aka2026sejkan,aka2026sejkan
matched,onsite,2026-09-13 18:01:21.00,2026-09-13 18:01:21.73,0.733,58.35962295532227,58.36,-156.01779174804688,-156.018,0.043649817779922016,147.89144897460938,147.9,0.008551025390630684,1.103931611726455,1.1,0.003931611726454953,24,24.0,scolv:abakken,unknown,man_confirm,manual,aka2026sejqqp,aka2026sejqqp
matched,onsite,2026-09-13 18:19:34.00,2026-09-13 18:19:34.81,0.812,57.02144241333008,57.021,-155.83673095703125,-155.837,0.05181928032690161,71.66168212890625,71.7,0.03831787109375284,1.6616565880538918,1.7,0.03834341194610813,33,33.0,scolv:abakken,unknown,man_confirm,manual,aka2026sekedf,aka2026sekedf
matched,onsite,2026-09-13 18:41:58.00,2026-09-13 18:41:58.49,0.498,60.82496643066406,60.825,-146.7037353515625,-146.704,0.01482300639666091,25.289342880249023,25.3,0.010657119750977273,1.1340765288318477,1.1,0.03407652883184764,25,25.0,scolv:abakken,unknown,man_confirm,manual,aka2026sekzst,aka2026sekzst
matched,onsite,2026-09-13 18:49:54.00,2026-09-13 18:49:54.91,0.918,53.42242431640625,53.422,-164.99298095703125,-164.993,0.047198701991019026,7.644150257110596,7.6,0.04415025711059606,2.2320252936846314,2.2,0.03202529368463125,17,17.0,scolv:abakken,unknown,man_confirm,manual,aka2026selgqf,aka2026selgqf
matched,onsite,2026-09-13 19:12:05.00,2026-09-13 19:12:05.69,0.69,54.50061416625977,54.501,-163.12147521972656,-163.121,0.05274666063967247,8.754592895507812,8.8,0.04540710449218821,2.1918750298102414,2.2,0.008124970189758773,27,27.0,scolv:abakken,unknown,man_confirm,manual,aka2026selzwi,aka2026selzwi
matched,onsite,2026-09-13 19:15:54.00,2026-09-13 19:15:54.80,0.804,62.17854690551758,62.179,-147.84967041015625,-147.85,0.05320610724639654,41.23447036743164,41.2,0.03447036743163778,1.4918859437592467,1.5,0.008114056240753342,37,37.0,scolv:abakken,unknown,man_confirm,manual,aka2026semddo,aka2026semddo
matched,onsite,2026-09-13 19:16:27.00,2026-09-13 19:16:27.22,0.225,52.1845703125,52.185,-175.23509216308594,-175.235,0.048190444362824686,226.2204132080078,226.2,0.02041320800782387,2.1296546997455135,2.1,0.02965469974551338,33,33.0,scolv:abakken,unknown,man_confirm,manual,aka2026semdru,aka2026semdru
matched,onsite,2026-09-13 20:07:11.00,2026-09-13 20:07:11.00,0.002,56.64783096313477,56.648,-157.85914611816406,-157.859,0.020810653665894338,83.48419952392578,83.5,0.01580047607421875,1.7251334213134488,1.7,0.025133421313448867,35,35.0,scolv:abakken,unknown,man_confirm,manual,aka2026senvsd,aka2026senvsd
matched,onsite,2026-09-13 20:07:47.00,2026-09-13 20:07:47.50,0.502,51.08982086181641,51.09,-174.95968627929688,-174.96,0.02961177564505615,3.682664394378662,3.7,0.017335605621338068,2.4130288751973463,2.4,0.013028875197346412,39,39.0,scolv:abakken,unknown,man_confirm,manual,aka2026senwgt,aka2026senwgt
matched,onsite,2026-09-13 20:23:11.00,2026-09-13 20:23:11.82,0.829,60.0737075805664,60.074,-152.83074951171875,-152.831,0.0353602018203871,99.74072265625,99.7,0.04072265624999716,0.7302618629900824,0.7,0.03026186299008249,34,34.0,scolv:abakken,unknown,man_confirm,manual,aka2026seojnc,aka2026seojnc
matched,onsite,2026-09-13 20:40:56.00,2026-09-13 20:40:56.84,0.849,52.18303680419922,52.183,-169.26675415039062,-169.267,0.017253947341459304,15.598362922668457,15.6,0.0016370773315426135,2.7075472745524647,2.7,0.007547274552464511,37,37.0,scolv:abakken,unknown,man_confirm,manual,aka2026seoyya,aka2026seoyya
matched,onsite,2026-09-13 20:55:56.00,2026-09-13 20:55:56.74,0.747,64.54386138916016,64.544,-147.10287475585938,-147.103,0.0165343833610618,6.068480014801025,6.1,0.031519985198974254,1.3912173308045148,1.4,0.008782669195485093,34,34.0,scolv:abakken,unknown,man_confirm,manual,aka2026seplxn,aka2026seplxn
matched,onsite,2026-09-13 21:02:31.00,2026-09-13 21:02:35.86,4.868,52.13495254516602,52.2928,-169.10101318359375,-169.2629,20.72959472357842,5.608614921569824,35.0,29.391385078430176,3.159012168955107,2.9,0.25901216895510704,49,45.0,scolv:abakken,unknown,man_confirm,manual,aka2026seprov,us7000ti6q
matched,onsite,2026-09-13 21:22:44.00,2026-09-13 21:22:44.86,0.86,60.64393997192383,60.644,-152.14793395996094,-152.148,0.0075837219396034635,89.67681884765625,89.7,0.023181152343752842,1.057961292676474,1.1,0.04203870732352599,39,39.0,scolv:abakken,unknown,man_confirm,manual,aka2026seqjdo,aka2026seqjdo
matched,onsite,2026-09-13 21:27:02.00,2026-09-13 21:27:02.73,0.736,59.63026809692383,59.63,-152.82058715820312,-152.821,0.03778041534409848,88.3010025024414,88.3,0.0010025024414090922,1.0427721541628083,1.0,0.04277215416280833,28,28.0,scolv:abakken,unknown,man_confirm,manual,aka2026seqmwp,aka2026seqmwp
matched,onsite,2026-09-13 21:56:39.00,2026-09-13 21:56:39.51,0.51,51.05096054077148,51.051,-178.50018310546875,-178.5,0.013530312349268762,15.133801460266113,15.1,0.033801460266113637,2.2844435001135914,2.3,0.015556499886408393,33,33.0,scolv:hlmcfarlin,unknown,man_confirm,manual,aka2026sermog,aka2026sermog
matched,onsite,2026-09-13 21:57:14.00,2026-09-13 21:57:13.62,0.375,50.37472915649414,50.3062,-174.1394805908203,-174.0051,12.20708933732837,20.0,22.547,2.5470000000000006,2.752156296322247,2.9,0.1478437036777529,32,29.0,scolv:hlmcfarlin,unknown,man_confirm,manual,aka2026sermil,us7000thae
matched,onsite,2026-09-13 22:18:15.00,2026-09-13 22:18:15.25,0.256,60.21024322509766,60.21,-152.3956756591797,-152.396,0.032442307764254226,91.53426361083984,91.5,0.03426361083984375,1.0270447205195363,1.0,0.027044720519536325,40,40.0,scolv:abakken,unknown,man_confirm,manual,aka2026sesfgz,aka2026sesfgz
matched,onsite,2026-09-13 22:26:36.00,2026-09-13 22:26:36.26,0.265,57.78738784790039,57.787,-155.4000701904297,-155.4,0.04332693694557792,79.0177993774414,79.0,0.01779937744140625,1.918874302397759,1.9,0.018874302397759113,60,60.0,scolv:abakken,unknown,man_confirm,manual,aka2026sesmna,aka2026sesmna
matched,onsite,2026-09-13 22:38:45.00,2026-09-13 22:38:45.31,0.312,64.97395324707031,64.974,-147.37774658203125,-147.378,0.01300476762985615,0.0,0.0,0.0,1.121895224940602,1.1,0.02189522494060192,20,20.0,scolv:abakken,unknown,man_confirm,manual,aka2026sesxaz,aka2026sesxaz
matched,onsite,2026-09-13 22:48:13.00,2026-09-13 22:48:13.00,0.005,51.96375274658203,51.964,-173.2340545654297,-173.234,0.027746336160785704,59.50444030761719,59.5,0.0044403076171875,2.3601538489059024,2.4,0.039846151094097504,27,27.0,scolv:abakken,unknown,man_confirm,manual,aka2026setfga,aka2026setfga
matched,onsite,2026-09-13 23:07:48.00,2026-09-13 23:07:48.95,0.954,60.28309631347656,60.283,-152.65972900390625,-152.66,0.018380059313611558,109.74615478515625,109.7,0.04615478515624716,0.8973214574227845,0.9,0.002678542577215559,32,32.0,scolv:abakken,unknown,man_confirm,manual,aka2026setwge,aka2026setwge
matched,onsite,2026-09-13 23:10:54.00,2026-09-13 23:10:54.81,0.819,60.2913589477539,60.291,-143.171142578125,-143.171,0.0406791734769343,0.4710595309734344,0.5,0.028940469026565607,0.9187233917454994,0.9,0.018723391745499418,14,14.0,scolv:abakken,unknown,man_confirm,manual,aka2026setywl,aka2026setywl
matched,onsite,2026-09-13 23:22:46.00,2026-09-13 23:22:46.14,0.146,58.55017471313477,58.55,-151.136474609375,-151.136,0.0336986188714516,16.922670364379883,16.9,0.022670364379884234,1.8550398524322722,1.9,0.044960147567727704,34,34.0,scolv:abakken,unknown,man_confirm,manual,aka2026seujbr,aka2026seujbr
matched,onsite,2026-09-13 23:34:17.00,2026-09-13 23:34:17.76,0.761,51.7021369934082,51.702,-176.17404174804688,-176.174,0.015502274006797958,67.23836517333984,67.2,0.03836517333984091,1.8368549575629571,1.8,0.03685495756295709,37,37.0,scolv:abakken,unknown,man_confirm,manual,aka2026seutfb,aka2026seutfb
matched,onsite,2026-09-14 00:05:19.00,2026-09-14 00:05:19.06,0.062,51.23047256469727,51.23,-178.0693359375,-178.069,0.05751791921255407,36.04978942871094,36.0,0.0497894287109375,1.991801860532931,2.0,0.008198139467068932,38,38.0,scolv:odsimonds,unknown,man_confirm,manual,aka2026sevuco,aka2026sevuco
matched,onsite,2026-09-14 00:08:06.00,2026-09-14 00:08:06.93,0.932,61.05193328857422,61.052,-151.20831298828125,-151.208,0.01840605340501113,66.37869262695312,66.4,0.021307373046880684,1.1579867199874627,1.2,0.042013280012537235,16,16.0,scolv:odsimonds,unknown,man_confirm,manual,aka2026sevwno,aka2026sevwno
matched,onsite,2026-09-14 00:21:39.00,2026-09-14 00:21:39.44,0.447,52.38174057006836,52.382,179.75205993652344,179.752,0.029132721056927508,4.82380199432373,4.8,0.023801994323729758,2.428925330110436,2.4,0.028925330110435965,12,12.0,scolv:odsimonds,unknown,man_confirm,manual,aka2026sewfdw,aka2026sewfdw
matched,onsite,2026-09-14 00:42:30.00,2026-09-14 00:42:30.94,0.94,51.22692108154297,51.227,-177.03433227539062,-177.034,0.0247459858573677,31.860008239746094,31.9,0.03999176025390483,1.9689835717060613,2.0,0.03101642829393869,38,38.0,scolv:odsimonds,unknown,man_confirm,manual,aka2026sexahe,aka2026sexahe
matched,onsite,2026-09-14 00:44:51.00,2026-09-14 00:44:51.60,0.605,59.9334487915039,59.933,-152.36367797851562,-152.364,0.053029956012490415,82.42879486083984,82.4,0.028794860839838066,1.6149999628033362,1.6,0.014999962803336153,82,82.0,scolv:odsimonds,unknown,man_confirm,manual,aka2026sexcjq,aka2026sexcjq
matched,onsite,2026-09-14 00:47:54.00,2026-09-14 00:47:54.09,0.09,60.3255844116211,60.326,-143.15773010253906,-143.158,0.04854105390335187,5.0,5.0,0.0,1.0454191164337756,1.0,0.04541911643377561,14,14.0,scolv:odsimonds,unknown,man_confirm,manual,aka2026sexfaq,aka2026sexfaq
matched,onsite,2026-09-14 00:53:46.00,2026-09-14 00:53:46.16,0.163,61.55689239501953,61.557,-149.9098663330078,-149.91,0.013902427736784632,27.11112976074219,27.1,0.011129760742189632,1.4733079369133564,1.5,0.026692063086643625,59,59.0,scolv:odsimonds,unknown,man_confirm,manual,aka2026sexkcj,aka2026sexkcj
matched,onsite,2026-09-14 00:54:01.00,2026-09-14 00:54:01.67,0.678,51.84403610229492,51.844,-173.52366638183594,-173.524,0.02326739818634742,20.0,20.0,0.0,2.342759801765888,2.3,0.04275980176588812,28,28.0,scolv:hlmcfarlin,unknown,man_confirm,manual,aka2026sexkkc,aka2026sexkkc
matched,onsite,2026-09-14 01:03:16.00,2026-09-14 01:03:16.36,0.365,51.85066986083984,51.851,-175.8906707763672,-175.891,0.043115709212108756,94.64004516601562,94.6,0.040045166015630684,2.081509958038202,2.1,0.01849004196179793,45,45.0,scolv:odsimonds,unknown,man_confirm,manual,aka2026sexsjf,aka2026sexsjf
matched,onsite,2026-09-14 01:06:44.00,2026-09-14 01:06:44.76,0.764,57.87900924682617,57.879,-153.69497680664062,-153.695,0.001713935185249172,57.79261779785156,57.8,0.007382202148434658,1.4359879992561335,1.4,0.03598799925613361,15,15.0,scolv:odsimonds,unknown,man_confirm,manual,aka2026sexvjx,aka2026sexvjx
matched,onsite,2026-09-14 01:14:05.00,2026-09-14 01:14:05.56,0.562,51.68145370483398,51.681,-179.50999450683594,-179.51,0.05045109725798773,91.57860565185547,91.6,0.021394348144525566,2.143165532983023,2.1,0.043165532983022725,35,35.0,scolv:odsimonds,unknown,man_confirm,manual,aka2026seybce,aka2026seybce
matched,onsite,2026-09-14 01:20:14.00,2026-09-14 01:20:14.68,0.689,60.16940689086914,60.169,-151.1525421142578,-151.153,0.05185067589510575,69.63842010498047,69.6,0.038420104980474434,1.628927132680006,1.6,0.028927132680006018,76,76.0,scolv:odsimonds,unknown,man_confirm,manual,aka2026seyhbd,aka2026seyhbd
matched,onsite,2026-09-14 01:40:13.00,2026-09-14 01:40:13.29,0.294,52.80088424682617,52.801,-169.36001586914062,-169.36,0.012915302498616228,120.08600616455078,120.1,0.013993835449213066,2.3929088271452845,2.4,0.0070911728547153885,15,15.0,scolv:hlmcfarlin,unknown,man_confirm,manual,aka2026seyyki,aka2026seyyki
matched,onsite,2026-09-14 01:50:06.00,2026-09-14 01:50:06.48,0.481,63.01348876953125,63.013,-149.24917602539062,-149.249,0.05506968290014754,71.7266845703125,71.7,0.026684570312497158,2.039868149946224,2.0,0.03986814994622412,76,76.0,scolv:odsimonds,unknown,man_confirm,manual,aka2026sezgyq,aka2026sezgyq
matched,onsite,2026-09-14 01:50:06.00,2026-09-14 01:50:06.31,0.31,62.99708557128906,62.997,-149.2794952392578,-149.279,0.026752255607440746,71.98161315917969,72.0,0.0183868408203125,1.9200112996589636,1.9,0.020011299658963644,24,24.0,scolv:odsimonds,unknown,man_confirm,manual,aka2026sezfmw,aka2026sezfmw
matched,onsite,2026-09-14 02:12:53.00,2026-09-14 02:12:53.96,0.969,59.65507507324219,59.655,-152.10934448242188,-152.109,0.021075446076903707,83.29730224609375,83.3,0.002697753906247158,2.113865189678131,2.1,0.013865189678130996,105,105.0,scolv:odsimonds,unknown,man_confirm,manual,aka2026sfaasu,aka2026sfaasu
matched,onsite,2026-09-14 02:21:37.00,2026-09-14 02:21:37.79,0.793,57.63054275512695,57.631,-155.61331176757812,-155.613,0.054124922729081794,86.98338317871094,87.0,0.0166168212890625,1.0235135613485213,1.0,0.02351356134852134,12,12.0,scolv:odsimonds,unknown,man_confirm,manual,aka2026sfailk,aka2026sfailk
matched,onsite,2026-09-14 02:57:58.00,2026-09-14 02:57:58.44,0.445,65.60073852539062,65.601,-149.14263916015625,-149.143,0.033467220168960116,11.096711158752441,11.1,0.0032888412475582385,1.3704304262641243,1.4,0.029569573735875654,20,20.0,scolv:odsimonds,unknown,man_confirm,manual,aka2026sfbnut,aka2026sfbnut
matched,onsite,2026-09-14 03:45:33.00,2026-09-14 03:45:33.33,0.339,51.50378799438477,51.504,179.33241271972656,179.332,0.037037272331222816,71.93049621582031,71.9,0.030496215820306816,2.4514381969868486,2.5,0.04856180301315138,45,45.0,scolv:odsimonds,unknown,man_confirm,manual,aka2026sfdcuy,aka2026sfdcuy
matched,onsite,2026-09-14 04:28:22.00,2026-09-14 04:28:22.83,0.837,59.97327041625977,59.973,-152.78182983398438,-152.782,0.031524464371347455,119.57605743408203,119.6,0.023942565917963066,1.0338520506073159,1.0,0.03385205060731589,21,21.0,scolv:odsimonds,unknown,man_confirm,manual,aka2026sfeofa,aka2026sfeofa
matched,onsite,2026-09-14 04:38:42.00,2026-09-14 04:38:42.97,0.971,51.18049621582031,51.18,-176.39022827148438,-176.39,0.05742514699195974,9.888781547546387,9.9,0.011218452453613637,2.6348559648800975,2.6,0.034855964880097456,52,52.0,scolv:odsimonds,unknown,man_confirm,manual,aka2026sfexbz,aka2026sfexbz
matched,onsite,2026-09-14 04:58:58.00,2026-09-14 04:58:58.64,0.648,64.79385375976562,64.794,-147.5361328125,-147.536,0.01743507198542677,6.272274017333984,6.3,0.027725982666015447,0.8856795261058376,0.9,0.014320473894162467,19,19.0,scolv:odsimonds,unknown,man_confirm,manual,aka2026sffosp,aka2026sffosp
matched,onsite,2026-09-14 05:33:18.00,2026-09-14 05:33:18.63,0.631,60.13214111328125,60.132,-151.1700439453125,-151.17,0.015878661136546755,50.61320495605469,50.6,0.013204956054686079,1.2587642558906735,1.3,0.04123574410932651,18,18.0,scolv:odsimonds,unknown,man_confirm,manual,aka2026sfgsmq,aka2026sfgsmq
matched,onsite,2026-09-14 05:34:24.00,2026-09-14 05:34:24.86,0.865,57.20425796508789,57.204,-155.51742553710938,-155.517,0.03846640034039491,82.81486511230469,82.8,0.014865112304690342,1.6156623965111152,1.6,0.015662396511115118,37,37.0,scolv:odsimonds,unknown,man_confirm,manual,aka2026sfgtlr,aka2026sfgtlr
matched,onsite,2026-09-14 05:46:14.00,2026-09-14 05:46:14.88,0.883,57.7238540649414,57.724,-154.70838928222656,-154.708,0.028242122906290804,64.20602416992188,64.2,0.006024169921872158,1.3143282016746183,1.3,0.014328201674618235,17,17.0,scolv:odsimonds,unknown,man_confirm,manual,aka2026sfhdsm,aka2026sfhdsm
matched,onsite,2026-09-14 05:58:03.00,2026-09-14 05:58:03.46,0.466,60.65704727172852,60.657,-149.4056396484375,-149.406,0.02032679088311817,7.058635234832764,7.1,0.04136476516723597,2.45149485509278,2.5,0.04850514490722002,147,147.0,scolv:odsimonds,unknown,man_confirm,manual,aka2026sfhnyo,aka2026sfhnyo
matched,onsite,2026-09-14 06:14:58.00,2026-09-14 06:14:58.54,0.543,62.09222412109375,62.092,-149.44912719726562,-149.449,0.025785397469714123,4.098190784454346,4.1,0.0018092155456539416,1.804755450660259,1.8,0.004755450660258953,57,57.0,scolv:odsimonds,unknown,man_confirm,manual,aka2026sficpp,aka2026sficpp
matched,onsite,2026-09-14 06:25:29.00,2026-09-14 06:25:29.67,0.671,60.46729278564453,60.467,-139.9775848388672,-139.978,0.03972039314418678,1.890394687652588,1.9,0.00960531234741202,1.4820479268757623,1.5,0.017952073124237744,23,23.0,scolv:odsimonds,unknown,man_confirm,manual,aka2026sfiltb,aka2026sfiltb
matched,onsite,2026-09-14 06:59:32.00,2026-09-14 06:59:32.62,0.621,61.62472152709961,61.625,-150.54151916503906,-150.542,0.04005571543301973,33.89365005493164,33.9,0.006349945068357954,1.5776194780115573,1.6,0.02238052198844276,54,54.0,scolv:odsimonds,unknown,man_confirm,manual,aka2026sfjpgo,aka2026sfjpgo
matched,onsite,2026-09-14 07:40:07.00,2026-09-14 07:40:07.64,0.649,60.59506607055664,60.595,-145.22621154785156,-145.226,0.013687993242221686,15.433154106140137,15.4,0.033154106140136363,1.0611790397430743,1.1,0.03882096025692583,13,13.0,scolv:odsimonds,unknown,man_confirm,manual,aka2026sfkyls,aka2026sfkyls
matched,onsite,2026-09-14 07:45:06.00,2026-09-14 07:45:06.93,0.934,62.9056167602539,62.906,-148.4144287109375,-148.414,0.047826558070075555,60.56784439086914,60.6,0.032155609130860796,1.8295723348055133,1.8,0.029572334805513245,76,76.0,scolv:odsimonds,unknown,man_confirm,manual,aka2026sflctu,aka2026sflctu
matched,onsite,2026-09-14 07:47:41.00,2026-09-14 07:47:41.55,0.551,61.53336334228516,61.533,-140.62734985351562,-140.627,0.04445373858711727,5.0,5.0,0.0,1.2904612368148725,1.3,0.009538763185127586,15,15.0,scolv:odsimonds,unknown,man_confirm,manual,aka2026sflfac,aka2026sflfac
matched,onsite,2026-09-14 08:00:46.00,2026-09-14 08:00:46.47,0.477,61.02519989013672,61.025,-147.56634521484375,-147.566,0.028979526624188633,29.06570625305176,29.1,0.034293746948240056,1.285200340415531,1.3,0.01479965958446905,29,29.0,scolv:odsimonds,unknown,man_confirm,manual,aka2026sflqix,aka2026sflqix
matched,onsite,2026-09-14 09:13:23.00,2026-09-14 09:13:23.65,0.654,63.55697250366211,63.557,-148.0803985595703,-148.08,0.019970483082872664,1.2828999757766724,1.3,0.01710002422332768,1.1660156278020812,1.2,0.03398437219791872,27,27.0,scolv:odsimonds,unknown,man_confirm,manual,aka2026sfobie,aka2026sfobie
matched,onsite,2026-09-14 09:24:10.00,2026-09-14 09:24:10.46,0.463,63.5904426574707,63.59,-148.78823852539062,-148.788,0.05061524325071754,13.15102195739746,13.2,0.04897804260254013,1.312733652568383,1.3,0.012733652568382992,15,15.0,scolv:odsimonds,unknown,man_confirm,manual,aka2026sfokrn,aka2026sfokrn
matched,onsite,2026-09-14 09:24:59.00,2026-09-14 09:24:59.15,0.152,63.10429763793945,63.104,-151.44866943359375,-151.449,0.03703810484463121,1.210531234741211,1.2,0.010531234741210982,1.8238485214132607,1.8,0.02384852141326066,40,40.0,scolv:odsimonds,unknown,man_confirm,manual,aka2026sfollu,aka2026sfollu
matched,onsite,2026-09-14 09:27:54.00,2026-09-14 09:27:54.51,0.517,61.26276397705078,61.263,-150.49404907226562,-150.494,0.026375353966645296,52.88454055786133,52.9,0.015459442138670454,1.228516793118897,1.2,0.028516793118896988,25,25.0,scolv:odsimonds,unknown,man_confirm,manual,aka2026sfonxj,aka2026sfonxj
matched,onsite,2026-09-14 09:48:08.00,2026-09-14 09:48:08.67,0.677,61.66209030151367,61.662,-151.42147827148438,-151.421,0.02716736953069836,75.42293548583984,75.4,0.022935485839838066,0.9652108550952931,1.0,0.03478914490470686,20,20.0,scolv:odsimonds,unknown,man_confirm,manual,aka2026sfpfgy,aka2026sfpfgy
matched,onsite,2026-09-14 10:29:07.00,2026-09-14 10:29:06.83,0.169,53.31466293334961,53.2589,-164.68153381347656,-164.6559,6.430427000770754,28.1258602142334,35.0,6.874139785766602,3.2614932888530355,3.2,0.06149328885303529,77,46.0,scolv:odsimonds,unknown,man_confirm,manual,aka2026sfqoyk,us7000thkc
matched,onsite,2026-09-14 10:34:32.00,2026-09-14 10:34:32.76,0.76,63.80134582519531,63.801,-148.8755340576172,-148.876,0.04474276266824056,103.6161117553711,103.6,0.016111755371099434,1.4170599806128465,1.4,0.017059980612846637,56,56.0,scolv:odsimonds,unknown,man_confirm,manual,aka2026sfqtql,aka2026sfqtql
matched,onsite,2026-09-14 11:02:41.00,2026-09-14 11:02:41.44,0.447,61.69171905517578,61.692,-149.9395294189453,-149.94,0.039895354862768836,33.7152099609375,33.7,0.015209960937497158,0.7728634081288951,0.8,0.027136591871104954,9,9.0,scolv:odsimonds,unknown,man_confirm,manual,aka2026sfrsbg,aka2026sfrsbg
matched,onsite,2026-09-14 11:09:57.00,2026-09-14 11:09:57.94,0.949,62.02094650268555,62.021,-148.23080444335938,-148.231,0.011809257532311376,43.747371673583984,43.7,0.04737167358398153,1.2399856182966218,1.2,0.03998561829662184,9,9.0,scolv:odsimonds,unknown,man_confirm,manual,aka2026sfrykd,aka2026sfrykd
matched,onsite,2026-09-14 11:14:37.00,2026-09-14 11:14:37.25,0.251,59.81538391113281,59.815,-153.41668701171875,-153.417,0.04613615728481945,134.8768310546875,134.9,0.023168945312505684,2.671790154395667,2.7,0.02820984560433315,191,191.0,scolv:odsimonds,unknown,man_confirm,manual,aka2026sfscjz,aka2026sfscjz
matched,onsite,2026-09-14 11:26:10.00,2026-09-14 11:26:10.21,0.216,56.20130920410156,56.201,-154.16334533691406,-154.163,0.04047724134446157,45.98041915893555,46.0,0.019580841064453125,3.0119875924114323,3.0,0.011987592411432324,66,66.0,scolv:odsimonds,unknown,man_confirm,manual,aka2026sfsmkt,aka2026sfsmkt
matched,onsite,2026-09-14 11:32:32.00,2026-09-14 11:32:32.60,0.601,52.61736679077148,52.617,-164.3298797607422,-164.33,0.04158522694342226,20.0,20.0,0.0,2.8698532023860026,2.9,0.0301467976139973,35,35.0,scolv:hlmcfarlin,unknown,man_confirm,manual,aka2026sfssfn,aka2026sfssfn
matched,onsite,2026-09-14 11:51:29.00,2026-09-14 11:51:29.89,0.898,59.14025497436523,59.14,-152.3916015625,-152.392,0.036335552653045236,78.52128601074219,78.5,0.0212860107421875,1.3913891945227097,1.4,0.008610805477290207,11,11.0,scolv:odsimonds,unknown,man_confirm,manual,aka2026sftijv,aka2026sftijv
matched,onsite,2026-09-14 12:01:25.00,2026-09-14 12:01:25.37,0.374,64.9943618774414,64.994,-148.96279907226562,-148.963,0.041332382985080976,4.802855968475342,4.8,0.0028559684753419745,0.7651197425142158,0.8,0.03488025748578427,19,19.0,scolv:odsimonds,unknown,man_confirm,manual,aka2026sftqzy,aka2026sftqzy
matched,onsite,2026-09-14 12:36:31.00,2026-09-14 12:36:31.66,0.661,61.7664794921875,61.766,-149.8675994873047,-149.868,0.057328705181894125,54.9802131652832,55.0,0.019786834716796875,1.2532917705597748,1.3,0.046708229440225235,27,27.0,scolv:odsimonds,unknown,man_confirm,manual,aka2026sfuvlg,aka2026sfuvlg
matched,onsite,2026-09-14 13:12:03.00,2026-09-14 13:12:03.30,0.308,60.58051681518555,60.581,-139.71522521972656,-139.715,0.05511791523268982,2.467186212539673,2.5,0.03281378746032715,1.4307556966028896,1.4,0.03075569660288968,23,23.0,scolv:odsimonds,unknown,man_confirm,manual,aka2026sfwafz,aka2026sfwafz
matched,onsite,2026-09-14 13:17:45.00,2026-09-14 13:17:45.23,0.239,56.78522491455078,56.785,-156.74777221679688,-156.748,0.02860010729102083,22.26277732849121,22.3,0.03722267150878977,1.7748910730172156,1.8,0.02510892698278444,25,25.0,scolv:odsimonds,unknown,man_confirm,manual,aka2026sfwfbl,aka2026sfwfbl
matched,onsite,2026-09-14 13:33:29.00,2026-09-14 13:33:29.86,0.861,59.9946403503418,59.995,-152.75543212890625,-152.755,0.0466550307045322,100.67333221435547,100.7,0.026667785644534092,0.9969355253443474,1.0,0.003064474655652627,22,22.0,scolv:odsimonds,unknown,man_confirm,manual,aka2026sfwsvv,aka2026sfwsvv
matched,onsite,2026-09-14 13:57:09.00,2026-09-14 13:57:09.60,0.6,60.0622787475586,60.062,-152.63986206054688,-152.64,0.03192653331442498,101.26679992675781,101.3,0.03320007324218466,0.8466913191418309,0.8,0.04669131914183089,22,22.0,scolv:odsimonds,unknown,man_confirm,manual,aka2026sfxnjp,aka2026sfxnjp
matched,onsite,2026-09-14 14:00:29.00,2026-09-14 14:00:29.35,0.355,61.23736953735352,61.237,-140.81787109375,-140.818,0.041665511398759826,5.0,5.0,0.0,1.2151053689187423,1.2,0.015105368918742368,18,18.0,scolv:odsimonds,unknown,man_confirm,manual,aka2026sfxqgf,aka2026sfxqgf
matched,onsite,2026-09-14 14:02:03.00,2026-09-14 14:02:03.84,0.845,61.87382125854492,61.874,-151.8827667236328,-151.883,0.02333552828903643,114.15341186523438,114.2,0.04658813476562784,1.4804375940553207,1.5,0.019562405944679284,55,55.0,scolv:odsimonds,unknown,man_confirm,manual,aka2026sfxrhb,aka2026sfxrhb
matched,onsite,2026-09-14 14:27:09.00,2026-09-14 14:27:09.28,0.288,59.95280456542969,59.953,-153.36447143554688,-153.364,0.03407645255375097,125.63555908203125,125.6,0.035559082031255684,1.5546979361319113,1.6,0.04530206386808877,32,32.0,scolv:odsimonds,unknown,man_confirm,manual,aka2026sfynjz,aka2026sfynjz
matched,onsite,2026-09-14 14:53:34.00,2026-09-14 14:53:34.19,0.197,51.20418548583984,51.204,179.14297485351562,179.143,0.020699356573699753,25.161754608154297,25.2,0.038245391845702414,2.445938806300064,2.4,0.04593880630006408,14,14.0,scolv:odsimonds,unknown,man_confirm,manual,aka2026sfzkhe,aka2026sfzkhe
matched,onsite,2026-09-14 14:55:32.00,2026-09-14 14:55:32.40,0.406,60.4787712097168,60.479,-140.0885772705078,-140.089,0.034404518229336524,10.271656036376953,10.3,0.028343963623047586,1.3018352332527423,1.3,0.0018352332527422632,13,13.0,scolv:odsimonds,unknown,man_confirm,manual,aka2026sfzmbr,aka2026sfzmbr
matched,onsite,2026-09-14 15:54:55.00,2026-09-14 15:54:55.87,0.876,60.36601257324219,60.366,-152.4149169921875,-152.415,0.004773208353528108,97.76653289794922,97.8,0.03346710205077841,1.0878878057814088,1.1,0.012112194218591332,41,41.0,scolv:odsimonds,unknown,man_confirm,manual,aka2026sgbllx,aka2026sgbllx
matched,onsite,2026-09-14 15:59:32.00,2026-09-14 15:59:32.98,0.981,60.50765228271484,60.508,-139.91433715820312,-139.914,0.04284370740534926,5.889111995697021,5.9,0.010888004302979759,1.398755654136129,1.4,0.0012443458638708993,20,20.0,scolv:odsimonds,unknown,man_confirm,manual,aka2026sgbpml,aka2026sgbpml
matched,onsite,2026-09-14 16:04:28.00,2026-09-14 16:04:28.42,0.422,51.01346588134766,51.013,179.4891357421875,179.489,0.05266682337554956,24.57884216308594,24.6,0.02115783691406037,2.7256703949011567,2.7,0.025670394901156524,20,20.0,scolv:odsimonds,unknown,man_confirm,manual,aka2026sgbttj,aka2026sgbttj
matched,onsite,2026-09-14 16:06:35.00,2026-09-14 16:06:35.84,0.847,62.09565734863281,62.096,-149.9961395263672,-149.996,0.03878674872386737,26.863101959228516,26.9,0.036898040771482954,1.5547684443107654,1.6,0.04523155568923465,60,60.0,scolv:odsimonds,unknown,man_confirm,manual,aka2026sgbvpb,aka2026sgbvpb
matched,onsite,2026-09-14 16:17:12.00,2026-09-14 16:17:12.00,0.006,57.6722183227539,57.672,-154.9172821044922,-154.917,0.02950823827974125,77.23461151123047,77.2,0.03461151123046591,1.3365049345515214,1.3,0.03650493455152137,17,17.0,scolv:odsimonds,unknown,man_confirm,manual,aka2026sgceto,aka2026sgceto
matched,onsite,2026-09-14 16:43:32.00,2026-09-14 16:43:32.60,0.603,51.48168563842773,51.482,-177.15579223632812,-177.156,0.03780043847174019,17.468597412109375,17.5,0.031402587890625,2.129645510675915,2.1,0.02964551067591481,20,20.0,scolv:odsimonds,unknown,man_confirm,manual,aka2026sgdbqd,aka2026sgdbqd
matched,onsite,2026-09-14 16:47:13.00,2026-09-14 16:47:13.59,0.598,61.10315322875977,61.103,-152.09376525878906,-152.094,0.02119907589348714,101.35350799560547,101.4,0.046492004394536934,0.4741938697017311,0.5,0.025806130298268892,17,17.0,scolv:odsimonds,unknown,man_confirm,manual,aka2026sgderz,aka2026sgderz
matched,onsite,2026-09-14 16:56:56.00,2026-09-14 16:56:56.11,0.113,60.56836700439453,60.568,-139.99249267578125,-139.992,0.04888810755396647,12.08473777770996,12.1,0.015262222290040484,1.3154290467237564,1.3,0.015429046723756334,12,12.0,scolv:odsimonds,unknown,man_confirm,manual,aka2026sgdndv,aka2026sgdndv
matched,onsite,2026-09-14 16:59:43.00,2026-09-14 16:59:43.71,0.718,62.35337448120117,62.353,-151.40426635742188,-151.404,0.043849720723350326,87.71525573730469,87.7,0.015255737304684658,1.9491358837688335,1.9,0.0491358837688336,102,102.0,scolv:odsimonds,unknown,man_confirm,manual,aka2026sgdprj,aka2026sgdprj
matched,onsite,2026-09-14 17:16:04.00,2026-09-14 17:16:04.70,0.7,58.31425857543945,58.314,-155.80914306640625,-155.809,0.02994188011377807,146.69937133789062,146.7,0.0006286621093636313,1.6315210126816708,1.6,0.031521012681670735,56,56.0,scolv:odsimonds,unknown,man_confirm,manual,aka2026sgedvy,aka2026sgedvy
matched,onsite,2026-09-14 17:20:57.00,2026-09-14 17:20:57.31,0.318,60.01313400268555,60.013,-153.2755584716797,-153.276,0.02870790201013002,5.0,5.0,0.0,1.019124896410449,1.0,0.0191248964104489,8,8.0,scolv:odsimonds,unknown,man_confirm,manual,aka2026sgeica,aka2026sgeica
matched,onsite,2026-09-14 17:23:42.00,2026-09-14 17:23:42.10,0.105,64.77812957763672,64.778,-149.7988739013672,-149.799,0.015598112655494567,12.07325553894043,12.1,0.026744461059569957,2.0069276458528438,2.0,0.006927645852843778,50,50.0,scolv:odsimonds,unknown,man_confirm,manual,aka2026sgekle,aka2026sgekle
matched,onsite,2026-09-14 18:10:31.00,2026-09-14 18:10:31.99,0.991,60.66170501708984,60.662,-151.7666778564453,-151.767,0.037200957189230124,79.60945129394531,79.6,0.009451293945318184,1.127618526883288,1.1,0.02761852688328781,17,17.0,scolv:odsimonds,unknown,man_confirm,manual,aka2026sgfzbh,aka2026sgfzbh
matched,onsite,2026-09-14 18:12:42.00,2026-09-14 18:12:42.31,0.315,63.10483169555664,63.105,-148.81321716308594,-148.813,0.021669206542271748,5.0,5.0,0.0,1.405663121295565,1.4,0.005663121295565121,30,30.0,scolv:odsimonds,unknown,man_confirm,manual,aka2026sggbbw,aka2026sggbbw
matched,onsite,2026-09-09 04:24:33.00,2026-09-09 04:24:33.51,0.51,65.18728637695312,65.187,-162.7648162841797,-162.765,0.03297745510387238,10.754088401794434,10.8,0.04591159820556712,1.7917834641739847,1.8,0.008216535826015336,9,9.0,scolv:abakken,unknown,man_confirm,manual,aka2026rvyiaw,aka2026rvyiaw
root_only,onsite,2026-09-09 04:33:40.00,,,69.42534637451172,,-144.04782104492188,,,5.52171802520752,,,1.1474141428872902,,,10,,scolv:abakken,,man_confirm,,aka2026rvypyf,
matched,onsite,2026-09-14 18:51:20.00,2026-09-14 18:51:20.51,0.517,61.21370697021484,61.214,-147.57498168945312,-147.575,0.032598172867133034,0.0,0.0,0.0,0.8623337937934232,0.9,0.03766620620657679,12,12.0,scolv:odsimonds,unknown,man_confirm,manual,aka2026sghikl,aka2026sghikl
matched,onsite,2026-09-09 09:06:00.00,2026-09-09 09:06:00.58,0.584,65.03691101074219,65.037,-154.16702270507812,-154.167,0.009952355047806824,6.194746971130371,6.2,0.005253028869629084,1.573992368827193,1.6,0.026007631172807022,22,22.0,scolv:abakken,unknown,man_confirm,manual,aka2026rwhsbu,aka2026rwhsbu
matched,onsite,2026-09-09 19:07:43.00,2026-09-09 19:07:43.99,0.997,67.27366638183594,67.274,-155.9904327392578,-155.99,0.0414937240144309,5.0,5.0,0.0,2.0033210689690537,2.0,0.0033210689690537087,14,14.0,scolv:abakken,unknown,man_confirm,manual,aka2026rxbtuu,aka2026rxbtuu
matched,onsite,2026-09-09 19:37:09.00,2026-09-09 19:37:09.77,0.774,69.41578674316406,69.416,-143.98817443847656,-143.988,0.024674195922165635,2.0031402111053467,2.0,0.0031402111053466797,1.5031297067848923,1.5,0.0031297067848923277,12,12.0,scolv:abakken,unknown,man_confirm,manual,aka2026rxctig,aka2026rxctig
matched,onsite,2026-09-14 19:01:52.00,2026-09-14 19:01:52.54,0.548,62.68993759155273,62.69,-151.08592224121094,-151.086,0.007993361288759087,94.97007751464844,95.0,0.0299224853515625,1.6871864889277106,1.7,0.01281351107228934,68,68.0,scolv:odsimonds,unknown,man_confirm,manual,aka2026sghroq,aka2026sghroq
matched,onsite,2026-09-09 19:41:24.00,2026-09-09 19:41:24.04,0.047,69.44255828857422,69.443,-144.0345916748047,-144.035,0.05163887133689364,5.0,5.0,0.0,1.3988822156693341,1.4,0.001117784330665783,12,12.0,scolv:abakken,unknown,man_confirm,manual,aka2026rxcwzu,aka2026rxcwzu
matched,onsite,2026-09-14 19:03:40.00,2026-09-14 19:03:40.48,0.484,60.91882705688477,60.919,-149.54705810546875,-149.547,0.019485124163528583,24.1683406829834,24.2,0.03165931701660085,1.0497013017430739,1.0,0.049701301743073856,18,18.0,scolv:odsimonds,unknown,man_confirm,manual,aka2026sghtdu,aka2026sghtdu
matched,onsite,2026-09-14 19:12:20.00,2026-09-14 19:12:20.65,0.658,62.00748825073242,62.007,-151.4908447265625,-151.491,0.054892481806117416,82.52753448486328,82.5,0.02753448486328125,1.2592452681401245,1.3,0.04075473185987555,26,26.0,scolv:odsimonds,unknown,man_confirm,manual,aka2026sgiaqh,aka2026sgiaqh
matched,onsite,2026-09-14 19:18:18.00,2026-09-14 19:18:21.95,3.956,51.0615348815918,51.2996,179.7944793701172,179.7231,26.935152555411605,3.2707388401031494,30.533,27.262261159896852,2.865096754326529,2.7,0.16509675432652893,32,22.0,scolv:odsimonds,unknown,man_confirm,manual,aka2026sgicjn,us7000thkt
matched,onsite,2026-09-14 19:26:45.00,2026-09-14 19:26:45.80,0.805,59.93743896484375,59.937,-153.084228515625,-153.084,0.05044311802527497,91.41780090332031,91.4,0.017800903320306816,0.5753176467678933,0.6,0.024682353232106657,18,18.0,scolv:odsimonds,unknown,man_confirm,manual,aka2026sgindm,aka2026sgindm
matched,onsite,2026-09-14 19:37:35.00,2026-09-14 19:37:35.19,0.198,59.98922729492188,59.989,-152.0141143798828,-152.014,0.026062303247862646,68.6463623046875,68.6,0.046362304687505684,1.2384418416523053,1.2,0.03844184165230535,14,14.0,scolv:odsimonds,unknown,man_confirm,manual,aka2026sgiwnm,aka2026sgiwnm
matched,onsite,2026-09-14 19:50:17.00,2026-09-14 19:50:17.29,0.293,60.8348159790039,60.835,-151.40248107910156,-151.402,0.03314044149376515,73.4400634765625,73.4,0.040063476562494316,2.368430513957765,2.4,0.031569486042235084,151,151.0,scolv:odsimonds,unknown,man_confirm,manual,aka2026sgjhoe,aka2026sgjhoe
matched,onsite,2026-09-14 20:14:28.00,2026-09-14 20:14:28.33,0.339,60.86221313476562,60.862,-151.43121337890625,-151.431,0.026365396734232542,74.10675811767578,74.1,0.006758117675786934,1.2490994731750296,1.2,0.049099473175029607,27,27.0,scolv:odsimonds,unknown,man_confirm,manual,aka2026sgkcnh,aka2026sgkcnh
matched,onsite,2026-09-14 20:31:30.00,2026-09-14 20:31:30.75,0.753,51.06099700927734,51.061,-178.58450317382812,-178.585,0.034722386880245225,41.88113784790039,41.9,0.018862152099607954,2.517792237481114,2.5,0.017792237481113915,22,22.0,scolv:odsimonds,unknown,man_confirm,manual,aka2026sgkrhq,aka2026sgkrhq
matched,onsite,2026-09-14 20:38:17.00,2026-09-14 20:38:17.36,0.365,64.90676879882812,64.907,-147.77337646484375,-147.773,0.031242364456750153,5.0,5.0,0.0,1.129709938442071,1.1,0.029709938442070927,17,17.0,scolv:odsimonds,unknown,man_confirm,manual,aka2026sgkxeb,aka2026sgkxeb
matched,onsite,2026-09-11 05:24:19.00,2026-09-11 05:24:19.87,0.871,62.22090148925781,62.221,-148.157470703125,-148.157,0.026740195738554438,14.961039543151855,15.0,0.03896045684814453,1.6988559558127427,1.7,0.0011440441872572205,17,17.0,scolv:abakken,unknown,man_confirm,manual,aka2026rzsizx,aka2026rzsizx
matched,onsite,2026-09-14 21:05:44.00,2026-09-14 21:05:44.01,0.019,59.82568740844727,59.826,-151.97891235351562,-151.979,0.035102076082476334,80.21202087402344,80.2,0.012020874023434658,1.183653783273423,1.2,0.01634621672657688,17,17.0,scolv:odsimonds,unknown,man_confirm,manual,aka2026sgluzf,aka2026sgluzf
matched,onsite,2026-09-14 21:24:13.00,2026-09-14 21:24:13.55,0.557,51.44107437133789,51.4383,179.49337768554688,179.5098,1.1793281187211457,67.14559173583984,67.333,0.18740826416015466,2.8978283020389997,2.9,0.002171697961000252,39,38.0,scolv:odsimonds,unknown,man_confirm,manual,aka2026sgmlbt,us7000thkk
matched,onsite,2026-09-14 21:51:22.00,2026-09-14 21:51:22.20,0.201,61.67098617553711,61.671,-144.79531860351562,-144.795,0.016881491510142323,35.362972259521484,35.4,0.037027740478514204,1.5303895074993226,1.5,0.030389507499322566,60,60.0,scolv:odsimonds,unknown,man_confirm,manual,aka2026sgnija,aka2026sgnija
matched,onsite,2026-09-14 22:29:16.00,2026-09-14 22:29:16.96,0.964,60.14309692382812,60.143,-151.94320678710938,-151.943,0.015722244097234883,68.72856140136719,68.7,0.028561401367184658,1.4277857909375875,1.4,0.027785790937587596,51,51.0,scolv:odsimonds,unknown,man_confirm,manual,aka2026sgopkr,aka2026sgopkr
matched,onsite,2026-09-14 22:51:57.00,2026-09-14 22:51:55.36,1.637,52.07015609741211,51.9723,-169.33644104003906,-169.3074,11.06106573332492,18.808340072631836,10.0,8.808340072631836,2.998885996579162,2.7,0.2988859965791617,30,33.0,scolv:odsimonds,unknown,man_confirm,manual,aka2026sgpjbv,us7000thkm
matched,onsite,2026-09-14 22:54:32.00,2026-09-14 22:54:32.15,0.158,58.97042083740234,58.97,-152.42066955566406,-152.421,0.05048291035292871,62.71673965454102,62.7,0.016739654541019888,1.3234311912870387,1.3,0.023431191287038633,14,14.0,scolv:odsimonds,unknown,man_confirm,manual,aka2026sgplhm,aka2026sgplhm
matched,onsite,2026-09-14 22:55:51.00,2026-09-14 22:55:51.80,0.805,60.84384155273438,60.844,-150.48092651367188,-150.481,0.0180626933251257,55.65007400512695,55.7,0.04992599487304972,1.659198053865637,1.7,0.04080194613436294,78,78.0,scolv:odsimonds,unknown,man_confirm,manual,aka2026sgpmlo,aka2026sgpmlo
matched,onsite,2026-09-14 23:05:56.00,2026-09-14 23:05:56.90,0.904,56.6397590637207,56.64,-154.89988708496094,-154.9,0.02766624924647391,6.087539672851562,6.1,0.012460327148438033,1.8643446476687418,1.9,0.03565535233125816,17,17.0,scolv:odsimonds,unknown,man_confirm,manual,aka2026sgpvgj,aka2026sgpvgj
matched,onsite,2026-09-14 23:10:29.00,2026-09-14 23:10:29.17,0.176,61.21322250366211,61.213,-147.13803100585938,-147.138,0.02479692076628152,5.991455554962158,6.0,0.008544445037841797,0.97550035972947,1.0,0.024499640270529977,13,13.0,scolv:odsimonds,unknown,man_confirm,manual,aka2026sgpzdd,aka2026sgpzdd
matched,onsite,2026-09-14 23:15:23.00,2026-09-14 23:15:23.25,0.252,60.7593765258789,60.759,-151.68673706054688,-151.687,0.04423669467847744,73.94271850585938,73.9,0.042718505859369316,1.4140485049052955,1.4,0.014048504905295633,38,38.0,scolv:odsimonds,unknown,man_confirm,manual,aka2026sgqdkl,aka2026sgqdkl
matched,onsite,2026-09-14 23:26:50.00,2026-09-14 23:26:50.20,0.201,61.67822647094727,61.678,-151.2960205078125,-151.296,0.025205648547999834,79.37896728515625,79.4,0.021032714843755684,1.127868406626257,1.1,0.027868406626256892,20,20.0,scolv:odsimonds,unknown,man_confirm,manual,aka2026sgqnhu,aka2026sgqnhu
matched,onsite,2026-09-14 23:49:53.00,2026-09-14 23:49:53.65,0.658,51.68740081787109,51.687,178.64175415039062,178.642,0.047682461578519575,75.07807159423828,75.1,0.021928405761713066,2.007868566895902,2.0,0.007868566895901985,12,12.0,scolv:odsimonds,unknown,man_confirm,manual,aka2026sgrfqd,aka2026sgrfqd
matched,onsite,2026-09-15 00:35:37.00,2026-09-15 00:35:39.48,2.488,51.36564254760742,51.4939,-176.1016387939453,-176.1235,14.341881510902674,23.30997657775879,37.152,13.842023422241212,2.57873151895548,2.5,0.0787315189554798,31,33.0,scolv:odsimonds,unknown,man_confirm,manual,aka2026sgsuyo,us7000thpf
matched,onsite,2026-09-15 00:35:55.00,2026-09-15 00:35:55.93,0.938,58.27901840209961,58.279,-143.58297729492188,-143.583,0.0024390802995302384,46.90058898925781,46.9,0.0005889892578139211,2.3839461994620397,2.4,0.01605380053796024,53,53.0,scolv:odsimonds,unknown,man_confirm,manual,aka2026sgsvey,aka2026sgsvey
matched,onsite,2026-09-15 01:21:50.00,2026-09-15 01:21:50.32,0.325,62.27532958984375,62.275,-152.24945068359375,-152.249,0.043435934813418335,2.5705137252807617,2.6,0.02948627471923837,1.5513279111848912,1.6,0.04867208881510887,48,48.0,scolv:odsimonds,unknown,man_confirm,manual,aka2026sgujai,aka2026sgujai
matched,onsite,2026-09-15 01:21:49.00,2026-09-15 01:21:49.86,0.868,60.59640884399414,60.596,-139.89356994628906,-139.894,0.05116579023386598,2.9463486671447754,2.9,0.04634866714477548,1.6136485599487986,1.6,0.013648559948798544,28,28.0,scolv:odsimonds,unknown,man_confirm,manual,aka2026sgujag,aka2026sgujag
matched,onsite,2026-09-15 01:27:54.00,2026-09-15 01:27:52.82,1.171,49.93128967285156,49.8937,-178.6365509033203,-178.6237,4.279872616452069,20.0,10.0,10.0,3.0646391482645496,2.8,0.2646391482645498,39,27.0,scolv:hlmcfarlin,unknown,man_confirm,manual,aka2026sguoxw,us7000thj6
matched,onsite,2026-09-15 01:41:14.00,2026-09-15 01:41:15.91,1.913,50.96290969848633,51.0364,-177.8980255126953,-177.9508,8.96749748734327,14.585999488830566,20.884,6.298000511169434,3.004152416279664,2.9,0.1041524162796641,44,27.0,scolv:odsimonds,unknown,man_confirm,manual,aka2026sguzuv,us7000thpj
matched,onsite,2026-09-15 01:46:19.00,2026-09-15 01:46:19.76,0.764,63.2225570678711,63.223,-145.24114990234375,-145.241,0.049821006456259115,3.174098014831543,3.2,0.02590198516845721,1.3533979337753546,1.4,0.046602066224645355,27,27.0,scolv:odsimonds,unknown,man_confirm,manual,aka2026sgvdpr,aka2026sgvdpr
matched,onsite,2026-09-15 02:07:03.00,2026-09-15 02:07:03.59,0.592,60.1645393371582,60.165,-152.4696502685547,-152.47,0.05475536320284297,106.28876495361328,106.3,0.011235046386715908,1.4490308502687321,1.4,0.04903085026873222,41,41.0,scolv:odsimonds,unknown,man_confirm,manual,aka2026sgvwgi,aka2026sgvwgi
matched,onsite,2026-09-15 02:09:25.00,2026-09-15 02:09:25.54,0.544,61.53551864624023,61.536,-150.02088928222656,-150.021,0.05384476201935631,55.33230590820312,55.3,0.03230590820312074,1.5507758658146056,1.6,0.04922413418539451,63,63.0,scolv:odsimonds,unknown,man_confirm,manual,aka2026sgvyhd,aka2026sgvyhd
matched,onsite,2026-09-15 02:12:20.00,2026-09-15 02:12:20.60,0.609,61.36970901489258,61.37,-152.42733764648438,-152.427,0.037020827616197904,122.1197738647461,122.1,0.019773864746099434,1.3232375875995244,1.3,0.023237587599524323,26,26.0,scolv:odsimonds,unknown,man_confirm,manual,aka2026sgwawc,aka2026sgwawc
matched,onsite,2026-09-15 02:18:18.00,2026-09-15 02:18:17.93,0.065,50.26664352416992,50.3076,177.9293975830078,177.9951,6.521512453647849,20.0,10.0,10.0,3.4341602163719713,3.2,0.23416021637197115,48,26.0,scolv:hlmcfarlin,unknown,man_confirm,manual,aka2026sgwfzt,us7000thj7
matched,onsite,2026-09-15 03:17:31.00,2026-09-15 03:17:31.21,0.21,59.15530014038086,59.155,-153.27792358398438,-153.278,0.03365723538675012,76.68021392822266,76.7,0.019786071777346592,1.5715803872469576,1.6,0.0284196127530425,46,46.0,scolv:odsimonds,unknown,man_confirm,manual,aka2026sgyfhy,aka2026sgyfhy
matched,onsite,2026-09-15 03:45:20.00,2026-09-15 03:45:20.49,0.491,61.19110107421875,61.191,-140.0192413330078,-140.019,0.017132962266487674,3.984118938446045,4.0,0.015881061553955078,1.3545944200752973,1.4,0.04540557992470262,18,18.0,scolv:odsimonds,unknown,man_confirm,manual,aka2026sgzdll,aka2026sgzdll
matched,onsite,2026-09-15 03:52:55.00,2026-09-15 03:52:55.13,0.131,60.21187210083008,60.212,-153.42257690429688,-153.423,0.027359031711518364,5.788693428039551,5.8,0.011306571960449041,1.0370853783375882,1.0,0.03708537833758818,12,12.0,scolv:odsimonds,unknown,man_confirm,manual,aka2026sgzkap,aka2026sgzkap
matched,onsite,2026-09-15 04:00:22.00,2026-09-15 04:00:22.33,0.334,61.51171493530273,61.512,-151.8784942626953,-151.878,0.04113323067721813,85.37654876708984,85.4,0.023451232910161934,0.858201312097762,0.9,0.04179868790223806,14,14.0,scolv:odsimonds,unknown,man_confirm,manual,aka2026sgzqmb,aka2026sgzqmb
matched,onsite,2026-09-15 04:08:28.00,2026-09-15 04:08:28.09,0.091,53.37882995605469,53.379,-167.03091430664062,-167.031,0.019743903277010876,10.887210845947266,10.9,0.01278915405273473,2.3589003844387437,2.4,0.041099615561256186,21,21.0,scolv:hlmcfarlin,unknown,man_confirm,manual,aka2026sgzxnb,aka2026sgzxnb
matched,onsite,2026-09-15 04:21:01.00,2026-09-15 04:21:01.70,0.707,62.66917037963867,62.669,-149.37586975097656,-149.376,0.02007842716740934,59.79661178588867,59.8,0.003388214111325283,1.7424622691672051,1.7,0.04246226916720519,68,68.0,scolv:odsimonds,unknown,man_confirm,manual,aka2026shaijz,aka2026shaijz
matched,onsite,2026-09-15 04:38:52.00,2026-09-15 04:38:52.19,0.199,62.00226974487305,62.002,-150.90744018554688,-150.907,0.0377837732282449,5.910419940948486,5.9,0.010419940948485973,1.7484227144424493,1.7,0.04842271444244939,74,74.0,scolv:odsimonds,unknown,man_confirm,manual,aka2026shaxwc,aka2026shaxwc
matched,onsite,2026-09-15 04:50:53.00,2026-09-15 04:50:53.98,0.984,61.90230560302734,61.902,-151.93643188476562,-151.936,0.040820541264520276,91.21743774414062,91.2,0.017437744140622158,1.1850043051649215,1.2,0.014995694835078455,15,15.0,scolv:odsimonds,unknown,man_confirm,manual,aka2026shbhvu,aka2026shbhvu
matched,onsite,2026-09-15 05:14:11.00,2026-09-15 05:14:11.37,0.377,61.49490737915039,61.495,-147.13746643066406,-147.137,0.026808887882762363,26.22970199584961,26.2,0.029701995849610086,0.9739442633480394,1.0,0.026055736651960593,10,10.0,scolv:odsimonds,unknown,man_confirm,manual,aka2026shccmi,aka2026shccmi
matched,onsite,2026-09-15 05:21:25.00,2026-09-15 05:21:25.31,0.31,53.0987434387207,53.099,-167.02792358398438,-167.028,0.028980933378354192,18.41790771484375,18.4,0.01790771484375142,3.9615269372691237,4.0,0.03847306273087625,72,72.0,scolv:hlmcfarlin,unknown,man_confirm,manual,aka2026shcitc,aka2026shcitc
matched,onsite,2026-09-15 05:48:58.00,2026-09-15 05:48:58.94,0.949,62.41560363769531,62.416,-148.101318359375,-148.101,0.04702307047662812,29.6285514831543,29.6,0.028551483154299007,1.1695659229143327,1.2,0.030434077085667255,18,18.0,scolv:odsimonds,unknown,man_confirm,manual,aka2026shdgqb,aka2026shdgqb
matched,onsite,2026-09-15 05:55:35.00,2026-09-15 05:55:35.78,0.785,60.38225173950195,60.382,-150.720458984375,-150.72,0.03767972412312165,53.9225959777832,53.9,0.022595977783204546,1.6145813165288114,1.6,0.014581316528811339,59,59.0,scolv:odsimonds,unknown,man_confirm,manual,aka2026shdmjr,aka2026shdmjr
matched,onsite,2026-09-15 06:01:11.00,2026-09-15 06:01:11.59,0.598,60.62152099609375,60.622,-147.679443359375,-147.679,0.05849646051955963,18.857681274414062,18.9,0.04231872558593608,1.1358249116082626,1.1,0.03582491160826251,18,18.0,scolv:odsimonds,unknown,man_confirm,manual,aka2026shdrfs,aka2026shdrfs
matched,onsite,2026-09-15 06:14:58.00,2026-09-15 06:14:58.86,0.866,60.35435485839844,60.354,-143.53466796875,-143.535,0.04347957791928811,5.0,5.0,0.0,1.5211462378494383,1.5,0.021146237849438254,53,53.0,scolv:odsimonds,unknown,man_confirm,manual,aka2026shedez,aka2026shedez
matched,onsite,2026-09-15 07:08:30.00,2026-09-15 07:08:30.85,0.853,51.89128494262695,51.891,-175.3481903076172,-175.348,0.03427018816017494,108.00933837890625,108.0,0.00933837890625,2.4653568048919943,2.5,0.03464319510800573,35,35.0,scolv:odsimonds,unknown,man_confirm,manual,aka2026shfxpv,aka2026shfxpv
matched,onsite,2026-09-15 07:50:18.00,2026-09-15 07:50:18.75,0.755,68.60459899902344,68.605,-148.67840576171875,-148.678,0.04753009072756515,4.775778293609619,4.8,0.024221706390380682,2.6093678759389425,2.6,0.009367875938942394,60,60.0,scolv:odsimonds,unknown,man_confirm,manual,aka2026shhhvs,aka2026shhhvs
matched,onsite,2026-09-15 07:53:53.00,2026-09-15 07:53:53.30,0.303,61.21026992797852,61.21,-151.6396026611328,-151.64,0.03679173570572915,84.36091613769531,84.4,0.039083862304693184,1.5942360279599754,1.6,0.005763972040024656,78,78.0,scolv:odsimonds,unknown,man_confirm,manual,aka2026shhkyr,aka2026shhkyr
matched,onsite,2026-09-15 07:57:25.00,2026-09-15 07:57:25.28,0.288,64.77531433105469,64.775,-149.79017639160156,-149.79,0.03593764377778854,5.244428157806396,5.2,0.04442815780639542,1.2961254484001208,1.3,0.0038745515998792612,20,20.0,scolv:odsimonds,unknown,man_confirm,manual,aka2026shhoai,aka2026shhoai
matched,onsite,2026-09-15 08:00:55.00,2026-09-15 08:00:55.67,0.679,59.13802337646484,59.138,-153.16929626464844,-153.169,0.017097640494588465,80.40699005126953,80.4,0.006990051269525566,1.789773826030172,1.8,0.010226173969827945,83,83.0,scolv:odsimonds,unknown,man_confirm,manual,aka2026shhrds,aka2026shhrds
matched,onsite,2026-09-15 08:13:20.00,2026-09-15 08:13:20.32,0.323,61.28034591674805,61.28,-151.279541015625,-151.28,0.045617389508234726,74.82073211669922,74.8,0.020732116699221592,1.1813398628678342,1.2,0.018660137132165744,19,19.0,scolv:odsimonds,unknown,man_confirm,manual,aka2026shibtv,aka2026shibtv
matched,onsite,2026-09-15 08:42:57.00,2026-09-15 08:42:57.36,0.361,52.08777618408203,52.088,-169.2277374267578,-169.228,0.030679267818640166,8.194567680358887,8.2,0.005432319641112571,2.9429065615190555,2.9,0.042906561519055586,22,22.0,scolv:odsimonds,unknown,man_confirm,manual,aka2026shjbmn,aka2026shjbmn
matched,onsite,2026-09-15 08:47:31.00,2026-09-15 08:47:31.81,0.817,51.01718902587891,51.017,-179.86331176757812,-179.863,0.030288633294301516,9.083456993103027,9.1,0.0165430068969723,2.6690085377217114,2.7,0.03099146227828875,27,27.0,scolv:odsimonds,unknown,man_confirm,manual,aka2026shjflu,aka2026shjflu
matched,onsite,2026-09-15 09:01:19.00,2026-09-15 09:01:19.14,0.144,53.87093734741211,53.871,-165.51698303222656,-165.517,0.007054906426935706,76.44683074951172,76.4,0.046830749511713066,2.0435100373050425,2.0,0.04351003730504255,20,20.0,scolv:odsimonds,unknown,man_confirm,manual,aka2026shjrlr,aka2026shjrlr
matched,onsite,2026-09-15 09:25:51.00,2026-09-15 09:25:51.35,0.354,66.53648376464844,66.536,-149.0771942138672,-149.077,0.05447509162634326,2.9239208698272705,2.9,0.023920869827270597,1.4182684782347843,1.4,0.01826847823478439,12,12.0,scolv:odsimonds,unknown,man_confirm,manual,aka2026shkmrw,aka2026shkmrw
matched,onsite,2026-09-15 09:40:05.00,2026-09-15 09:40:05.55,0.559,51.78237533569336,51.782,-176.76959228515625,-176.77,0.05028406369345762,85.72817993164062,85.7,0.028179931640622158,1.8155201055849148,1.8,0.01552010558491479,29,29.0,scolv:odsimonds,unknown,man_confirm,manual,aka2026shkywp,aka2026shkywp
matched,onsite,2026-09-15 09:51:38.00,2026-09-15 09:51:38.67,0.674,69.5421371459961,69.542,-144.2296905517578,-144.23,0.019421658283234416,6.628833293914795,6.6,0.028833293914795277,4.344144672710538,4.3,0.044144672710538124,106,106.0,scolv:hlmcfarlin,unknown,man_confirm,manual,aka2026shljaz,aka2026shljaz
matched,onsite,2026-09-15 10:01:11.00,2026-09-15 10:01:11.52,0.522,60.11959075927734,60.12,-152.60911560058594,-152.609,0.04595387468601539,91.02364349365234,91.0,0.02364349365234375,1.8572794916518407,1.9,0.042720508348159214,88,88.0,scolv:odsimonds,unknown,man_confirm,manual,aka2026shlqgt,aka2026shlqgt
matched,onsite,2026-09-15 10:01:31.00,2026-09-15 10:01:31.93,0.932,69.4971694946289,69.497,-144.165771484375,-144.166,0.020842637181678482,3.64347243309021,3.6,0.04347243309020987,2.475906509878569,2.5,0.024093490121431138,39,39.0,scolv:odsimonds,unknown,man_confirm,manual,aka2026shlrqg,aka2026shlrqg
matched,onsite,2026-09-15 10:44:51.00,2026-09-15 10:44:51.73,0.736,63.1275634765625,63.128,-150.4214324951172,-150.421,0.0531842634186227,102.78506469726562,102.8,0.014935302734372158,2.0701001156656766,2.1,0.029899884334323446,84,84.0,scolv:odsimonds,unknown,man_confirm,manual,aka2026shndex,aka2026shndex
matched,onsite,2026-09-15 10:59:48.00,2026-09-15 10:59:48.06,0.065,61.05399703979492,61.054,-149.31126403808594,-149.311,0.014213467639374986,26.324161529541016,26.3,0.024161529541014914,1.3218518597052382,1.3,0.021851859705238175,21,21.0,scolv:odsimonds,unknown,man_confirm,manual,aka2026shnqdr,aka2026shnqdr
matched,onsite,2026-09-15 11:31:10.00,2026-09-15 11:31:10.60,0.606,59.40776443481445,59.408,-152.88803100585938,-152.888,0.026252355027532762,91.12094116210938,91.1,0.020941162109380684,1.7743056818093264,1.8,0.025694318190673693,53,53.0,scolv:odsimonds,unknown,man_confirm,manual,aka2026shorjc,aka2026shorjc
matched,onsite,2026-09-15 11:39:58.00,2026-09-15 11:39:58.22,0.222,61.7448501586914,61.745,-149.2534637451172,-149.253,0.029555355192480006,4.520505428314209,4.5,0.020505428314208984,1.5172638544816637,1.5,0.017263854481663676,42,42.0,scolv:odsimonds,unknown,man_confirm,manual,aka2026shoyyi,aka2026shoyyi
matched,onsite,2026-09-15 11:50:23.00,2026-09-15 11:50:25.68,2.689,51.14985656738281,51.2472,-177.88218688964844,-177.9209,11.155140587104583,20.094202041625977,35.0,14.905797958374023,3.1878530765921957,3.1,0.08785307659219566,65,65.0,scolv:odsimonds,unknown,man_confirm,manual,aka2026shphzx,us7000thqb
matched,onsite,2026-09-15 12:27:52.00,2026-09-15 12:27:52.76,0.762,56.29882431030273,56.299,-157.91131591796875,-157.911,0.02759641328922085,9.671241760253906,9.7,0.02875823974609304,2.057795294972946,2.1,0.04220470502705398,15,15.0,scolv:odsimonds,unknown,man_confirm,manual,aka2026shqong,aka2026shqong
matched,onsite,2026-09-15 12:29:41.00,2026-09-15 12:29:41.65,0.652,54.5958251953125,54.596,-161.40200805664062,-161.402,0.01944432225404908,24.001283645629883,24.0,0.0012836456298828125,2.422244972921775,2.4,0.022244972921775297,22,22.0,scolv:odsimonds,unknown,man_confirm,manual,aka2026shqqcd,aka2026shqqcd
matched,onsite,2026-09-15 12:29:44.00,2026-09-15 12:29:44.47,0.47,62.60464859008789,62.605,-148.58291625976562,-148.583,0.03930918573758023,61.71395111083984,61.7,0.013951110839833802,1.730973832643653,1.7,0.030973832643653054,51,51.0,scolv:odsimonds,unknown,man_confirm,manual,aka2026shqqcw,aka2026shqqcw
matched,onsite,2026-09-15 12:36:08.00,2026-09-15 12:36:08.26,0.26,60.23417663574219,60.234,-141.6800079345703,-141.68,0.01964588192080713,9.829591751098633,9.8,0.029591751098632102,1.4721511588859502,1.5,0.027848841114049838,37,37.0,scolv:odsimonds,unknown,man_confirm,manual,aka2026shqvrg,aka2026shqvrg
matched,onsite,2026-09-15 13:01:50.00,2026-09-15 13:01:50.55,0.554,60.88031387329102,60.88,-151.3839874267578,-151.384,0.03490774837031825,71.64713287353516,71.6,0.047132873535161934,1.5617894650226667,1.6,0.0382105349773334,49,49.0,scolv:odsimonds,unknown,man_confirm,manual,aka2026shrrzr,aka2026shrrzr
matched,onsite,2026-09-15 13:10:30.00,2026-09-15 13:10:30.43,0.439,58.06142044067383,58.061,-137.38462829589844,-137.385,0.051611241311577356,5.0,5.0,0.0,3.3979551511839863,3.4,0.0020448488160136336,75,75.0,scolv:odsimonds,unknown,man_confirm,manual,aka2026shrzlr,aka2026shrzlr
matched,onsite,2026-09-15 13:14:42.00,2026-09-15 13:14:42.46,0.467,52.80889511108398,52.809,-167.50991821289062,-167.51,0.012893733455572013,2.7790825366973877,2.8,0.020917463302612127,2.537769159408092,2.5,0.037769159408092,31,31.0,scolv:odsimonds,unknown,man_confirm,manual,aka2026shsddf,aka2026shsddf
matched,onsite,2026-09-15 13:19:16.00,2026-09-15 13:19:16.48,0.485,60.1862564086914,60.186,-151.13699340820312,-151.137,0.02851367450775162,65.3536376953125,65.4,0.046362304687505684,1.5421960825887395,1.5,0.042196082588739525,25,25.0,scolv:odsimonds,unknown,man_confirm,manual,aka2026shshcs,aka2026shshcs
matched,onsite,2026-09-15 13:35:07.00,2026-09-15 13:35:07.94,0.943,58.08440017700195,58.084,-137.59530639648438,-137.595,0.04800482745905912,8.11191177368164,8.1,0.01191177368164098,2.034308412233857,2.0,0.034308412233857055,21,21.0,scolv:odsimonds,unknown,man_confirm,manual,aka2026shsuud,aka2026shsuud
matched,onsite,2026-09-15 13:51:59.00,2026-09-15 13:51:59.42,0.425,60.70497131347656,60.705,-151.62596130371094,-151.626,0.003821978737664427,84.57771301269531,84.6,0.022286987304681816,1.9788024965087854,2.0,0.02119750349121463,84,84.0,scolv:odsimonds,unknown,man_confirm,manual,aka2026shtjmd,aka2026shtjmd
matched,onsite,2026-09-15 14:32:38.00,2026-09-15 14:32:38.16,0.168,56.19856643676758,56.199,-156.48764038085938,-156.488,0.05309501732843058,17.862319946289062,17.9,0.03768005371093608,3.983045564045637,4.0,0.016954435954362967,227,227.0,scolv:hlmcfarlin,unknown,man_confirm,manual,aka2026shusro,aka2026shusro
matched,onsite,2026-09-15 15:08:30.00,2026-09-15 15:08:30.97,0.973,59.97797393798828,59.978,-152.7626953125,-152.763,0.017197057355997743,100.8529281616211,100.9,0.047071838378911934,2.496563392726902,2.5,0.0034366072730978026,154,154.0,scolv:odsimonds,unknown,man_confirm,manual,aka2026shvxvf,aka2026shvxvf
matched,onsite,2026-09-15 15:11:43.00,2026-09-15 15:11:43.69,0.696,51.36767959594727,51.368,-178.0496368408203,-178.05,0.04364508269870157,54.243896484375,54.2,0.04389648437499716,2.330121813656839,2.3,0.03012181365683908,43,43.0,scolv:odsimonds,unknown,man_confirm,manual,aka2026shwaou,aka2026shwaou
matched,onsite,2026-09-11 17:59:25.00,2026-09-11 17:59:25.74,0.741,66.93511962890625,66.935,-156.2007293701172,-156.201,0.017774691268118474,0.29301270842552185,0.3,0.006987291574478138,1.7327398903070483,1.7,0.03273989030704838,11,11.0,scolv:abakken,unknown,man_confirm,manual,aka2026sarnsn,aka2026sarnsn
matched,onsite,2026-09-15 15:58:07.00,2026-09-15 15:58:07.35,0.35,51.52418899536133,51.524,178.73863220214844,178.739,0.03300191553007327,27.525020599365234,27.5,0.025020599365234375,2.7164167900624214,2.7,0.01641679006242125,25,25.0,scolv:odsimonds,unknown,man_confirm,manual,aka2026shxous,aka2026shxous
matched,onsite,2026-09-15 16:10:19.00,2026-09-15 16:10:21.48,2.484,51.1207389831543,51.3647,-178.6605682373047,-178.7982,28.76932291821411,20.912303924560547,35.0,14.087696075439453,3.5926788580872095,3.4,0.19267885808720964,58,54.0,scolv:hlmcfarlin,unknown,man_confirm,manual,aka2026shxzeg,us7000thn0
matched,onsite,2026-09-15 16:24:17.00,2026-09-15 16:24:17.06,0.067,62.2450180053711,62.245,-151.38626098632812,-151.386,0.01366203184863346,96.28408813476562,96.3,0.015911865234372158,1.7946600975831695,1.8,0.0053399024168305775,57,57.0,scolv:odsimonds,unknown,man_confirm,manual,aka2026shylnc,aka2026shylnc
matched,onsite,2026-09-15 17:45:49.00,2026-09-15 17:45:49.45,0.456,52.0912971496582,52.091,-169.284423828125,-169.284,0.043933627106102095,51.52462387084961,51.5,0.024623870849609375,2.8811703298357556,2.9,0.018829670164244305,27,27.0,scolv:odsimonds,unknown,man_confirm,manual,aka2026sibefl,aka2026sibefl
matched,onsite,2026-09-15 18:00:52.00,2026-09-15 18:00:54.46,2.461,51.87694931030273,51.9541,-169.23709106445312,-169.3583,11.9460515360202,3.2046258449554443,17.604,14.399374155044555,3.0248556533019997,2.8,0.22485565330199986,26,24.0,scolv:odsimonds,unknown,man_confirm,manual,aka2026sibrfp,us6000txhh
matched,onsite,2026-09-15 18:04:37.00,2026-09-15 18:04:37.39,0.394,60.68208694458008,60.682,-150.2031707763672,-150.203,0.013413600565112687,48.78387832641602,48.8,0.016121673583974427,1.7833706151151936,1.8,0.016629384884806475,60,60.0,scolv:odsimonds,unknown,man_confirm,manual,aka2026sibumr,aka2026sibumr
matched,onsite,2026-09-15 18:19:11.00,2026-09-15 18:19:11.92,0.925,61.18160629272461,61.182,-140.59803771972656,-140.598,0.043824910979735454,2.4959661960601807,2.5,0.004033803939819336,1.4597919090870541,1.5,0.04020809091294586,29,29.0,scolv:odsimonds,unknown,man_confirm,manual,aka2026sichdj,aka2026sichdj
matched,onsite,2026-09-12 07:50:53.00,2026-09-12 07:50:53.47,0.478,50.98545455932617,50.985,-176.09539794921875,-176.095,0.05771253353929142,10.83928108215332,10.8,0.0392810821533196,2.65312469331568,2.7,0.04687530668432016,23,23.0,scolv:abakken,unknown,man_confirm,manual,aka2026sbtgqr,aka2026sbtgqr
matched,onsite,2026-09-15 18:27:08.00,2026-09-15 18:27:08.46,0.465,53.51008605957031,53.51,-164.70541381835938,-164.705,0.028988983218583703,33.59527587890625,33.6,0.004724121093751421,2.6963750818411447,2.7,0.0036249181588554613,28,28.0,scolv:odsimonds,unknown,man_confirm,manual,aka2026sicoac,aka2026sicoac
matched,onsite,2026-09-15 19:28:14.00,2026-09-15 19:28:14.64,0.641,61.49078750610352,61.491,-149.9301300048828,-149.93,0.02461505048014639,38.011962890625,38.0,0.011962890625,2.1507582293805396,2.2,0.049241770619460556,77,77.0,scolv:odsimonds,unknown,man_confirm,manual,aka2026sieozh,aka2026sieozh
matched,onsite,2026-09-15 19:44:41.00,2026-09-15 19:44:41.13,0.137,57.18923568725586,57.189,-157.286376953125,-157.286,0.03467965144502191,2.968860626220703,3.0,0.031139373779296875,2.2191960752014404,2.2,0.019196075201440177,46,46.0,scolv:odsimonds,unknown,man_confirm,manual,aka2026sifdga,aka2026sifdga
matched,onsite,2026-09-15 19:57:04.00,2026-09-15 19:57:04.87,0.872,60.19255065917969,60.193,-141.502685546875,-141.503,0.05290119033523605,0.0,0.0,0.0,1.4798764288916137,1.5,0.02012357110838625,17,17.0,scolv:odsimonds,unknown,man_confirm,manual,aka2026sifnzy,aka2026sifnzy
matched,onsite,2026-09-15 19:57:54.00,2026-09-15 19:57:54.85,0.852,63.58230972290039,63.582,-147.53712463378906,-147.537,0.03498721915233202,2.985283851623535,3.0,0.014716148376464844,1.9110291761057747,1.9,0.011029176105774807,63,63.0,scolv:odsimonds,unknown,man_confirm,manual,aka2026sifosx,aka2026sifosx
matched,onsite,2026-09-15 20:04:19.00,2026-09-15 20:04:19.05,0.055,53.44065475463867,53.4446,-166.89170837402344,-166.8667,1.713434240982422,71.4742202758789,69.987,1.4872202758789115,2.9088753421652056,2.9,0.00887534216520569,69,66.0,scolv:odsimonds,unknown,man_confirm,manual,aka2026sifuif,us6000ty77
matched,onsite,2026-09-15 20:05:17.00,2026-09-15 20:05:17.99,0.998,51.42464828491211,51.425,-177.96441650390625,-177.964,0.04861537705402459,36.24296951293945,36.2,0.04296951293945028,2.279184756174376,2.3,0.02081524382562394,30,30.0,scolv:odsimonds,unknown,man_confirm,manual,aka2026sifvdf,aka2026sifvdf
matched,onsite,2026-09-15 20:17:15.00,2026-09-15 20:17:15.37,0.377,54.2321891784668,54.2503,-163.47219848632812,-163.4765,2.033136217660053,13.02650547027588,11.222,1.8045054702758812,2.7885627341504335,2.5,0.28856273415043354,57,24.0,scolv:odsimonds,unknown,man_confirm,manual,aka2026sigfmj,us6000ty7a
matched,onsite,2026-09-15 20:36:13.00,2026-09-15 20:36:13.09,0.098,61.13801956176758,61.138,-151.42356872558594,-151.424,0.023250177168651312,76.1962661743164,76.2,0.003733825683596592,1.6858808789748054,1.7,0.014119121025194525,50,50.0,scolv:odsimonds,unknown,man_confirm,manual,aka2026sigvyg,aka2026sigvyg
matched,onsite,2026-09-15 20:54:59.00,2026-09-15 20:54:59.53,0.536,58.81742858886719,58.817,-154.40257263183594,-154.403,0.05363383897508049,123.80400848388672,123.8,0.004008483886721592,1.8876455204470373,1.9,0.01235447955296265,39,39.0,scolv:odsimonds,unknown,man_confirm,manual,aka2026sihmft,aka2026sihmft
matched,onsite,2026-09-15 20:58:18.00,2026-09-15 20:58:18.10,0.103,56.96925354003906,56.969,-155.1361541748047,-155.136,0.029700735568754577,23.4467830657959,23.4,0.04678306579589986,2.007936496523164,2.0,0.00793649652316386,25,25.0,scolv:odsimonds,unknown,man_confirm,manual,aka2026sihpcb,aka2026sihpcb
matched,onsite,2026-09-15 21:32:46.00,2026-09-15 21:32:46.28,0.286,60.22513580322266,60.225,-149.6421661376953,-149.642,0.017668892847722002,36.89990234375,36.9,9.765624999857891e-05,1.898663197713088,1.9,0.00133680228691202,42,42.0,scolv:odsimonds,unknown,man_confirm,manual,aka2026siisyz,aka2026siisyz
matched,onsite,2026-09-15 21:49:29.00,2026-09-15 21:49:29.34,0.349,51.47135925292969,51.4846,178.90545654296875,178.951,3.480774062745374,56.02593994140625,57.34,1.3140600585937534,3.6835442430861676,3.5,0.18354424308616757,65,61.0,scolv:enadin,unknown,man_confirm,manual,aka2026sijhmm,us7000ths2
matched,onsite,2026-09-15 21:55:24.00,2026-09-15 21:55:24.63,0.635,51.58180236816406,51.582,-177.09466552734375,-177.095,0.03189098787775644,69.62496185302734,69.6,0.024961853027349434,2.01881188521273,2.0,0.01881188521273014,32,32.0,scolv:odsimonds,unknown,man_confirm,manual,aka2026sijmmt,aka2026sijmmt
matched,onsite,2026-09-15 22:10:27.00,2026-09-15 22:10:27.62,0.623,64.96528625488281,64.965,-147.4385528564453,-147.439,0.038155439249893466,1.470447301864624,1.5,0.029552698135375977,1.3735823642483043,1.4,0.026417635751695645,30,30.0,scolv:odsimonds,unknown,man_confirm,manual,aka2026sijzqp,aka2026sijzqp
matched,onsite,2026-09-15 22:11:22.00,2026-09-15 22:11:22.23,0.231,61.32439041137695,61.324,-140.58737182617188,-140.587,0.04773040451474719,4.672049522399902,4.7,0.027950477600097834,2.130622318049561,2.1,0.03062231804956106,33,33.0,scolv:odsimonds,unknown,man_confirm,manual,aka2026sikalj,aka2026sikalj
matched,onsite,2026-09-15 22:41:34.00,2026-09-15 22:41:34.21,0.21,61.94050979614258,61.941,-147.46778869628906,-147.468,0.05561736128604841,39.104156494140625,39.1,0.004156494140623579,1.495489271524606,1.5,0.004510728475394021,26,26.0,scolv:odsimonds,unknown,man_confirm,manual,aka2026silakm,aka2026silakm
matched,onsite,2026-09-15 22:55:21.00,2026-09-15 22:55:21.22,0.226,64.24221801757812,64.242,-148.39414978027344,-148.394,0.025299805277481394,5.0,5.0,0.0,1.6303783638691,1.6,0.030378363869099978,42,42.0,scolv:odsimonds,unknown,man_confirm,manual,aka2026silmoq,aka2026silmoq
matched,onsite,2026-09-15 23:06:29.00,2026-09-15 23:06:29.43,0.434,63.82244110107422,63.822,-149.25965881347656,-149.26,0.051825134006429734,5.108501434326172,5.1,0.00850143432617223,1.827849458258888,1.8,0.02784945825888796,40,40.0,scolv:odsimonds,unknown,man_confirm,manual,aka2026silwfz,aka2026silwfz
matched,onsite,2026-09-15 23:08:05.00,2026-09-15 23:08:05.22,0.227,64.2464370727539,64.246,-148.40884399414062,-148.409,0.04918128304456276,3.678123712539673,3.7,0.021876287460327326,1.8965461823937089,1.9,0.003453817606291043,51,51.0,scolv:odsimonds,unknown,man_confirm,manual,aka2026silxpy,aka2026silxpy
matched,onsite,2026-09-15 23:22:53.00,2026-09-15 23:22:53.30,0.304,51.11632919311523,51.116,-178.9911651611328,-178.991,0.03837713812273118,20.835216522216797,20.8,0.035216522216796164,2.866903007181414,2.9,0.033096992818586024,56,56.0,scolv:odsimonds,unknown,man_confirm,manual,aka2026simkls,aka2026simkls
matched,onsite,2026-09-15 23:39:31.00,2026-09-15 23:39:31.81,0.815,61.29850387573242,61.299,-152.3993682861328,-152.399,0.05856723611746905,9.058207511901855,9.1,0.041792488098144176,1.4171471197940069,1.4,0.01714711979400696,18,18.0,scolv:odsimonds,unknown,man_confirm,manual,aka2026simywu,aka2026simywu
matched,onsite,2026-09-15 23:49:32.00,2026-09-15 23:49:32.63,0.635,53.96465301513672,53.965,-163.6375732421875,-163.638,0.04762292313473394,27.54056167602539,27.5,0.040561676025390625,2.8464680023565827,2.8,0.04646800235658288,58,58.0,scolv:odsimonds,unknown,man_confirm,manual,aka2026sinhni,aka2026sinhni
matched,onsite,2026-09-15 23:50:03.00,2026-09-15 23:50:03.11,0.11,51.71503829956055,51.715,-175.6239013671875,-175.624,0.008019397686801627,15.389766693115234,15.4,0.01023330688476598,2.34591625129807,2.3,0.04591625129806998,32,32.0,scolv:odsimonds,unknown,man_confirm,manual,aka2026siniad,aka2026siniad
matched,onsite,2026-09-15 23:50:50.00,2026-09-15 23:50:50.26,0.261,61.76599502563477,61.766,-150.76934814453125,-150.769,0.01832193534878084,63.92634201049805,63.9,0.026342010498048296,2.078355082292219,2.1,0.021644917707781097,80,80.0,scolv:odsimonds,unknown,man_confirm,manual,aka2026sinind,aka2026sinind
matched,onsite,2026-09-16 00:05:40.00,2026-09-16 00:05:40.75,0.755,60.55229949951172,60.552,-139.84051513671875,-139.841,0.0425634186850216,11.521695137023926,11.5,0.02169513702392578,1.765130556640338,1.8,0.03486944335966213,21,21.0,scolv:abakken,unknown,man_confirm,manual,aka2026sinvof,aka2026sinvof
matched,onsite,2026-09-16 00:14:58.00,2026-09-16 00:14:58.51,0.511,59.77890014648438,59.779,-152.47059631347656,-152.471,0.025174570803992227,80.83271026611328,80.8,0.03271026611328409,2.762765394630955,2.8,0.03723460536904488,175,175.0,scolv:abakken,unknown,man_confirm,manual,aka2026siodpj,aka2026siodpj
matched,onsite,2026-09-16 01:21:17.00,2026-09-16 01:21:17.91,0.917,60.8178825378418,60.818,-150.3909454345703,-150.391,0.013392044586445623,16.0323486328125,16.0,0.0323486328125,1.779942562819751,1.8,0.020057437180249105,27,27.0,scolv:abakken,unknown,man_confirm,manual,aka2026siqizy,aka2026siqizy
matched,onsite,2026-09-16 01:33:21.00,2026-09-16 01:33:21.12,0.125,51.30735397338867,51.307,-175.1478729248047,-175.148,0.04033908248427655,14.563576698303223,14.6,0.03642330169677699,2.5250980056125,2.5,0.025098005612500085,16,16.0,scolv:abakken,unknown,man_confirm,manual,aka2026siqton,aka2026siqton
matched,onsite,2026-09-16 01:33:11.00,2026-09-16 01:33:11.46,0.462,59.07571411132812,59.076,-137.0240020751953,-137.024,0.03178959107368836,9.628539085388184,9.6,0.02853908538818395,2.3696999636765583,2.4,0.03030003632344158,19,19.0,scolv:abakken,unknown,man_confirm,manual,aka2026siqtqe,aka2026siqtqe
matched,onsite,2026-09-16 01:36:45.00,2026-09-16 01:36:45.96,0.968,58.63252258300781,58.633,-154.01168823242188,-154.012,0.05606941111205434,93.3878173828125,93.4,0.012182617187505684,1.8853712781612264,1.9,0.014628721838773506,28,28.0,scolv:abakken,unknown,man_confirm,manual,aka2026siqwns,aka2026siqwns
matched,onsite,2026-09-16 01:58:57.00,2026-09-16 01:58:58.51,1.516,54.53080368041992,54.6126,-162.42959594726562,-162.5113,10.510033679102651,52.9453010559082,53.739,0.7936989440917941,2.523574609306063,2.9,0.376425390693937,26,21.0,scolv:abakken,unknown,man_confirm,manual,aka2026sirppr,us7000tidv
matched,onsite,2026-09-16 02:30:31.00,2026-09-16 02:30:31.52,0.52,61.39764022827148,61.398,-147.2506866455078,-147.251,0.04334305072186184,20.345430374145508,20.3,0.0454303741455071,1.4950513366513718,1.5,0.004948663348628202,33,33.0,scolv:abakken,unknown,man_confirm,manual,aka2026sisrdr,aka2026sisrdr
matched,onsite,2026-09-16 02:39:35.00,2026-09-16 02:39:35.52,0.52,66.14447021484375,66.144,-149.2008056640625,-149.201,0.05301087828546312,18.11624526977539,18.1,0.016245269775389204,1.9870531750007046,2.0,0.012946824999295448,35,35.0,scolv:abakken,unknown,man_confirm,manual,aka2026sisyzx,aka2026sisyzx
matched,onsite,2026-09-16 02:57:10.00,2026-09-16 02:57:10.24,0.24,53.82473373413086,53.8519,-165.056396484375,-165.0906,3.7631430164950537,47.20086669921875,53.176,5.975133300781252,2.867748164865034,2.8,0.06774816486503399,64,32.0,scolv:abakken,unknown,man_confirm,manual,aka2026sitnvf,us7000tidx
matched,onsite,2026-09-16 03:22:48.00,2026-09-16 03:22:48.91,0.914,61.84852600097656,61.849,-151.77735900878906,-151.777,0.05597036606733254,98.14202117919922,98.1,0.042021179199224434,1.8533839476254217,1.9,0.04661605237457822,29,29.0,scolv:abakken,unknown,man_confirm,manual,aka2026siukmm,aka2026siukmm
matched,onsite,2026-09-16 03:41:16.00,2026-09-16 03:41:16.49,0.493,53.42379760742188,53.424,-164.892578125,-164.893,0.0358868992211227,4.592004776000977,4.6,0.007995223999023082,2.6189627141693594,2.6,0.01896271416935935,19,19.0,scolv:abakken,unknown,man_confirm,manual,aka2026sivahw,aka2026sivahw
matched,onsite,2026-09-16 04:10:33.00,2026-09-16 04:10:33.64,0.644,60.01976013183594,60.02,-151.54470825195312,-151.545,0.031212001041326418,76.84217834472656,76.8,0.04217834472656534,1.5803655681908897,1.6,0.019634431809110398,24,24.0,scolv:abakken,unknown,man_confirm,manual,aka2026sivzwo,aka2026sivzwo
matched,onsite,2026-09-16 04:59:03.00,2026-09-16 04:59:03.97,0.978,54.11032867431641,54.11,-165.99014282226562,-165.99,0.03771408895394399,19.260942459106445,19.3,0.0390575408935554,1.6100700697906292,1.6,0.010070069790629077,16,16.0,scolv:abakken,unknown,man_confirm,manual,aka2026sixpyc,aka2026sixpyc
matched,onsite,2026-09-16 05:31:51.00,2026-09-16 05:31:51.04,0.044,64.49388122558594,64.494,-146.8577117919922,-146.858,0.019101342601508187,9.180291175842285,9.2,0.019708824157714133,1.2104218556310502,1.2,0.010421855631050247,25,25.0,scolv:abakken,unknown,man_confirm,manual,aka2026siysji,aka2026siysji
matched,onsite,2026-09-16 05:34:04.00,2026-09-16 05:34:04.41,0.413,54.49785995483398,54.498,-160.16677856445312,-160.167,0.021141447986477525,16.60007667541504,16.6,7.667541503764141e-05,2.848277342100782,2.8,0.04827734210078205,31,31.0,scolv:abakken,unknown,man_confirm,manual,aka2026siyuhc,aka2026siyuhc
matched,onsite,2026-09-16 06:04:53.00,2026-09-16 06:04:53.87,0.874,60.79447555541992,60.794,-149.1340789794922,-149.134,0.05305269744219739,17.557649612426758,17.6,0.04235038757324361,2.384456714156912,2.4,0.01554328584308795,92,92.0,scolv:abakken,unknown,man_confirm,manual,aka2026sizvaj,aka2026sizvaj
matched,onsite,2026-09-16 06:09:56.00,2026-09-16 06:09:56.90,0.902,53.96184921264648,53.962,-163.2346954345703,-163.235,0.02604034461081094,16.151037216186523,16.2,0.04896278381347585,2.705641341692978,2.7,0.005641341692977697,38,38.0,scolv:abakken,unknown,man_confirm,manual,aka2026sizzjq,aka2026sizzjq
matched,onsite,2026-09-16 06:21:54.00,2026-09-16 06:21:54.08,0.08,57.82902526855469,57.829,-152.83078002929688,-152.831,0.013323116834344081,45.85094833374023,45.9,0.04905166625977131,2.2198383806875994,2.2,0.019838380687599244,32,32.0,scolv:abakken,unknown,man_confirm,manual,aka2026sjajtl,aka2026sjajtl
matched,onsite,2026-09-16 06:27:53.00,2026-09-16 06:27:53.02,0.023,61.13174438476562,61.132,-150.6892547607422,-150.689,0.031542432165661945,14.938288688659668,14.9,0.038288688659667613,1.7799100005213389,1.8,0.02008999947866119,47,47.0,scolv:abakken,unknown,man_confirm,manual,aka2026sjaoym,aka2026sjaoym
matched,onsite,2026-09-16 06:37:38.00,2026-09-16 06:37:38.81,0.815,61.58873748779297,61.589,-150.2941131591797,-150.294,0.029797640254577068,33.70484161376953,33.7,0.004841613769528408,1.8509122700920022,1.9,0.0490877299079977,43,43.0,scolv:abakken,unknown,man_confirm,manual,aka2026sjaxki,aka2026sjaxki
matched,onsite,2026-09-16 07:34:41.00,2026-09-16 07:34:41.26,0.263,62.54511642456055,62.545,-150.6259307861328,-150.626,0.013423303828076483,70.17929077148438,70.2,0.020709228515627842,3.310062058289173,3.3,0.01006205828917306,201,201.0,scolv:abakken,unknown,man_confirm,manual,aka2026sjcuwe,aka2026sjcuwe
matched,onsite,2026-09-16 07:46:05.00,2026-09-16 07:46:05.15,0.155,51.59836196899414,51.598,-176.0937042236328,-176.094,0.045137142456767594,55.69705581665039,55.7,0.002944183349612217,3.022631527936375,3.0,0.02263152793637513,48,48.0,scolv:abakken,unknown,man_confirm,manual,aka2026sjdetg,aka2026sjdetg
matched,onsite,2026-09-16 08:28:51.00,2026-09-16 08:28:51.75,0.752,52.37431716918945,52.374,-171.15689086914062,-171.157,0.036037302970600246,90.51541900634766,90.5,0.01541900634765625,3.916196573879451,3.9,0.01619657387945095,78,78.0,scolv:enadin,unknown,man_confirm,manual,aka2026sjepok,aka2026sjepok
matched,onsite,2026-09-16 08:38:57.00,2026-09-16 08:38:57.09,0.099,61.53271865844727,61.533,-148.33740234375,-148.337,0.037860568815896355,16.68760871887207,16.7,0.012391281127928977,1.716017269242188,1.7,0.016017269242188048,41,41.0,scolv:abakken,unknown,man_confirm,manual,aka2026sjeyoo,aka2026sjeyoo
matched,onsite,2026-09-16 09:21:07.00,2026-09-16 09:21:07.60,0.608,59.72901916503906,59.729,-150.74241638183594,-150.742,0.02343624742905792,53.85680389404297,53.9,0.04319610595702983,2.4723756919986473,2.5,0.027624308001352738,121,121.0,scolv:abakken,unknown,man_confirm,manual,aka2026sjgfxq,aka2026sjgfxq
matched,onsite,2026-09-16 09:36:14.00,2026-09-16 09:36:14.83,0.834,60.55645370483398,60.556,-151.89598083496094,-151.896,0.05046055058879769,84.5257339477539,84.5,0.02573394775390625,2.1668361491013206,2.2,0.03316385089867957,91,91.0,scolv:abakken,unknown,man_confirm,manual,aka2026sjgsfz,aka2026sjgsfz
matched,onsite,2026-09-16 09:47:25.00,2026-09-16 09:47:25.44,0.442,62.56732559204102,62.567,-151.68368530273438,-151.684,0.03963135299762476,95.42615509033203,95.4,0.026155090332025566,1.7747086855621734,1.8,0.025291314437826617,39,39.0,scolv:abakken,unknown,man_confirm,manual,aka2026sjhfyv,aka2026sjhfyv
matched,onsite,2026-09-16 10:50:43.00,2026-09-16 10:50:43.18,0.183,51.27947616577148,51.279,-175.10670471191406,-175.107,0.05679129985753028,4.640096664428711,4.6,0.04009666442871129,2.8715956198343973,2.9,0.02840438016560265,28,28.0,scolv:abakken,unknown,man_confirm,manual,aka2026sjjius,aka2026sjjius
matched,onsite,2026-09-16 11:11:31.00,2026-09-16 11:11:31.19,0.197,59.81400299072266,59.814,-150.6925048828125,-150.693,0.027683890253634366,54.36452865600586,54.4,0.035471343994139204,1.9094765810536352,1.9,0.009476581053635247,38,38.0,scolv:abakken,unknown,man_confirm,manual,aka2026sjkawq,aka2026sjkawq
matched,onsite,2026-09-16 11:40:51.00,2026-09-16 11:40:51.56,0.564,51.25284576416016,51.253,178.4102783203125,178.41,0.025871164827981557,34.45466232299805,34.5,0.045337677001953125,2.687838919107003,2.7,0.012161080892997056,14,14.0,scolv:abakken,unknown,man_confirm,manual,aka2026sjlaie,aka2026sjlaie
matched,onsite,2026-09-16 12:13:48.00,2026-09-16 12:13:48.86,0.861,64.13939666748047,64.139,-148.030029296875,-148.03,0.04413029383286389,109.28665161132812,109.3,0.013348388671872158,1.505512490676053,1.5,0.005512490676053083,45,45.0,scolv:abakken,unknown,man_confirm,manual,aka2026sjmcxe,aka2026sjmcxe
matched,onsite,2026-09-16 12:22:39.00,2026-09-16 12:22:39.25,0.252,62.22946166992188,62.229,-152.2576904296875,-152.258,0.053782517854130074,18.40608024597168,18.4,0.006080245971681109,1.79358106211361,1.8,0.006418937886390141,21,21.0,scolv:abakken,unknown,man_confirm,manual,aka2026sjmkoh,aka2026sjmkoh
matched,onsite,2026-09-16 12:26:17.00,2026-09-16 12:26:17.08,0.081,64.71443176269531,64.714,-149.60829162597656,-149.608,0.04996786554288104,9.11528491973877,9.1,0.015284919738769887,2.4432439691651946,2.4,0.043243969165194684,54,54.0,scolv:abakken,unknown,man_confirm,manual,aka2026sjmnrs,aka2026sjmnrs
matched,onsite,2026-09-16 12:47:24.00,2026-09-16 12:47:24.32,0.321,53.0673828125,53.067,-167.00070190429688,-167.001,0.04699601770120312,20.220813751220703,20.2,0.020813751220703836,3.594079629781081,3.6,0.005920370218919224,68,68.0,scolv:enadin,unknown,man_confirm,manual,aka2026sjnfzo,aka2026sjnfzo
matched,onsite,2026-09-16 12:58:17.00,2026-09-16 12:58:17.03,0.031,58.92103576660156,58.921,-152.2615966796875,-152.262,0.02349009371628855,51.18705749511719,51.2,0.012942504882815342,2.4450887789631275,2.4,0.045088778963127574,88,88.0,scolv:abakken,unknown,man_confirm,manual,aka2026sjnpll,aka2026sjnpll
matched,onsite,2026-09-16 13:35:25.00,2026-09-16 13:35:25.10,0.1,54.49008560180664,54.49,-160.2345733642578,-160.235,0.029152792035635273,3.467846393585205,3.5,0.03215360641479492,2.403810915069024,2.4,0.003810915069024201,21,21.0,scolv:abakken,unknown,man_confirm,manual,aka2026sjovrc,aka2026sjovrc
matched,onsite,2026-09-16 14:05:25.00,2026-09-16 14:05:25.28,0.286,57.6338996887207,57.634,-155.424560546875,-155.425,0.028437506463639777,25.4735050201416,25.5,0.026494979858398438,1.7141451120336013,1.7,0.01414511203360136,24,24.0,scolv:abakken,unknown,man_confirm,manual,aka2026sjpvra,aka2026sjpvra
matched,onsite,2026-09-16 14:19:23.00,2026-09-16 14:19:23.51,0.513,57.40936279296875,57.409,-154.65884399414062,-154.659,0.041408703409751474,53.13048934936523,53.1,0.03048934936522585,1.9320783442932197,1.9,0.03207834429321976,25,25.0,scolv:abakken,unknown,man_confirm,manual,aka2026sjqhua,aka2026sjqhua
matched,onsite,2026-09-16 14:21:16.00,2026-09-16 14:21:16.59,0.597,51.41234970092773,51.412,-178.43661499023438,-178.437,0.04717023766581444,28.73241424560547,28.7,0.03241424560546946,2.3865683619730365,2.4,0.013431638026963455,41,41.0,scolv:abakken,unknown,man_confirm,manual,aka2026sjqjga,aka2026sjqjga
matched,onsite,2026-09-16 14:48:51.00,2026-09-16 14:48:51.85,0.857,62.25284576416016,62.253,-152.3431854248047,-152.343,0.0196539154113736,1.3883295059204102,1.4,0.011670494079589755,2.1209664175935936,2.1,0.020966417593593523,61,61.0,scolv:abakken,unknown,man_confirm,manual,aka2026sjrhim,aka2026sjrhim
matched,onsite,2026-09-16 14:54:23.00,2026-09-16 14:54:23.13,0.134,61.20617294311523,61.206,-148.08074951171875,-148.081,0.023447586294888457,13.928960800170898,13.9,0.028960800170898082,0.9812619680779306,1.0,0.018738031922069354,21,21.0,scolv:abakken,unknown,man_confirm,manual,aka2026sjrmcx,aka2026sjrmcx
matched,onsite,2026-09-16 15:06:14.00,2026-09-16 15:06:14.43,0.439,51.42644882202148,51.426,-173.68350219726562,-173.684,0.06067858340800989,7.938367366790771,7.9,0.03836736679077024,2.783046015288956,2.8,0.016953984711043812,17,17.0,scolv:abakken,unknown,man_confirm,manual,aka2026sjrwkq,aka2026sjrwkq
matched,onsite,2026-09-16 15:16:57.00,2026-09-16 15:16:57.73,0.732,53.99488067626953,53.995,-164.1330108642578,-164.133,0.01328718501056184,4.230285167694092,4.2,0.03028516769409162,2.5237694193120745,2.5,0.023769419312074547,53,53.0,scolv:abakken,unknown,man_confirm,manual,aka2026sjsfrd,aka2026sjsfrd
matched,onsite,2026-09-16 15:23:40.00,2026-09-16 15:23:40.56,0.565,61.4925422668457,61.493,-146.77272033691406,-146.773,0.05301737905410484,18.297382354736328,18.3,0.0026176452636725855,2.4846771409935053,2.5,0.01532285900649466,90,90.0,scolv:abakken,unknown,man_confirm,manual,aka2026sjslmy,aka2026sjslmy
matched,onsite,2026-09-16 15:35:01.00,2026-09-16 15:35:01.66,0.666,61.60235977172852,61.602,-151.2783660888672,-151.278,0.04444313326497391,9.009622573852539,9.0,0.009622573852539062,1.8938775600548772,1.9,0.006122439945122737,57,57.0,scolv:abakken,unknown,man_confirm,manual,aka2026sjsviw,aka2026sjsviw
matched,onsite,2026-09-16 16:09:01.00,2026-09-16 16:09:01.57,0.574,61.16304016113281,61.163,-151.22488403320312,-151.225,0.007656655274357972,65.0246353149414,65.0,0.02463531494140625,1.9289247098203348,1.9,0.028924709820334904,58,58.0,scolv:abakken,unknown,man_confirm,manual,aka2026sjtyvj,aka2026sjtyvj
matched,onsite,2026-09-16 16:09:24.00,2026-09-16 16:09:24.94,0.944,51.69999313354492,51.7138,-174.8192596435547,-174.8605,3.229900250613973,56.8698501586914,35.0,21.8698501586914,2.6274417062491517,2.5,0.12744170624915174,30,23.0,scolv:abakken,unknown,man_confirm,manual,aka2026sjtzfa,us7000tigf
matched,onsite,2026-09-16 16:22:34.00,2026-09-16 16:22:34.29,0.298,54.69133758544922,54.691,-156.77061462402344,-156.771,0.04497246520909651,59.5966911315918,59.6,0.003308868408204546,3.2252174037271244,3.2,0.02521740372712422,36,36.0,scolv:abakken,unknown,man_confirm,manual,aka2026sjukrd,aka2026sjukrd
matched,onsite,2026-09-16 17:02:54.00,2026-09-16 17:02:54.79,0.794,60.85887908935547,60.859,-151.1481170654297,-151.148,0.014864024344562238,68.53811645507812,68.5,0.038116455078125,1.78329219572209,1.8,0.016707804277910077,44,44.0,scolv:abakken,unknown,man_confirm,manual,aka2026sjvtoe,aka2026sjvtoe
matched,onsite,2026-09-16 17:12:03.00,2026-09-16 17:12:03.75,0.75,60.56657791137695,60.567,-142.74179077148438,-142.742,0.04830649589413036,11.852389335632324,11.9,0.047610664367676137,2.245045261310791,2.2,0.045045261310790785,54,54.0,scolv:abakken,unknown,man_confirm,manual,aka2026sjwbmo,aka2026sjwbmo
matched,onsite,2026-09-16 17:15:01.00,2026-09-16 17:15:01.08,0.083,57.51638412475586,57.516,-154.74795532226562,-154.748,0.04279597506803174,22.068950653076172,22.1,0.031049346923829546,1.7091108898225649,1.7,0.009110889822564916,22,22.0,scolv:abakken,unknown,man_confirm,manual,aka2026sjwdxo,aka2026sjwdxo
matched,onsite,2026-09-16 17:17:14.00,2026-09-16 17:17:14.59,0.592,61.04619216918945,61.046,-146.59835815429688,-146.598,0.028780204655096786,14.293364524841309,14.3,0.006635475158692117,1.6497782362997138,1.6,0.049778236299713674,36,36.0,scolv:abakken,unknown,man_confirm,manual,aka2026sjwfzm,aka2026sjwfzm
matched,onsite,2026-09-16 17:28:36.00,2026-09-16 17:28:36.83,0.838,60.13072204589844,60.131,-148.37181091308594,-148.372,0.03263269350907378,1.2431827783584595,1.2,0.04318277835845952,2.0448242960928416,2.0,0.044824296092841553,51,51.0,scolv:abakken,unknown,man_confirm,manual,aka2026sjwpvy,aka2026sjwpvy
matched,onsite,2026-09-16 17:41:33.00,2026-09-16 17:41:33.37,0.377,61.42786407470703,61.428,-147.4982452392578,-147.498,0.019963254585987748,18.978605270385742,19.0,0.021394729614257812,2.7491763316656463,2.7,0.04917633166564617,133,133.0,scolv:abakken,unknown,man_confirm,manual,aka2026sjxbaj,aka2026sjxbaj
matched,onsite,2026-09-12 09:34:11.00,2026-09-12 09:34:11.56,0.569,67.45048522949219,67.45,-146.7306365966797,-146.731,0.05613624462618256,5.0,5.0,0.0,1.7484070560716038,1.7,0.04840705607160389,22,22.0,scolv:abakken,unknown,man_confirm,manual,aka2026sbwsfm,aka2026sbwsfm
matched,onsite,2026-09-12 11:43:14.00,2026-09-12 11:43:14.28,0.286,69.01023864746094,69.01,-147.53353881835938,-147.534,0.032273846544658626,1.872492790222168,1.9,0.027507209777831942,1.8453867269917725,1.8,0.045386726991772486,21,21.0,scolv:abakken,unknown,man_confirm,manual,aka2026scbacp,aka2026scbacp
matched,onsite,2026-09-12 17:44:23.00,2026-09-12 17:44:23.08,0.089,69.10785675048828,69.108,-144.6350555419922,-144.635,0.01608015908775675,4.314455032348633,4.3,0.01445503234863299,1.6073543830305663,1.6,0.007354383030566236,10,10.0,scolv:abakken,unknown,man_confirm,manual,aka2026scnbgd,aka2026scnbgd
matched,onsite,2026-09-12 22:13:12.00,2026-09-12 22:13:12.36,0.365,63.47026824951172,63.47,-151.0362548828125,-151.036,0.03240315343979742,7.515604496002197,7.5,0.015604496002197266,1.7475341460129592,1.7,0.047534146012959244,27,27.0,scolv:abakken,unknown,man_confirm,manual,aka2026scwaij,aka2026scwaij
matched,onsite,2026-09-16 18:04:39.00,2026-09-16 18:04:39.84,0.846,62.74175262451172,62.742,-151.1990966796875,-151.199,0.027944081071559206,5.565335750579834,5.6,0.03466424942016566,1.614434277768859,1.6,0.01443427776885886,31,31.0,scolv:abakken,unknown,man_confirm,manual,aka2026sjxvdl,aka2026sjxvdl
matched,onsite,2026-09-16 18:32:24.00,2026-09-16 18:32:24.38,0.383,60.5742416381836,60.574,-151.57763671875,-151.578,0.03340362748674568,75.5975112915039,75.6,0.0024887084960880657,1.823071667975701,1.8,0.023071667975701038,57,57.0,scolv:abakken,unknown,man_confirm,manual,aka2026sjysik,aka2026sjysik
matched,onsite,2026-09-16 18:34:19.00,2026-09-16 18:34:19.26,0.269,61.2112045288086,61.211,-146.91659545898438,-146.917,0.031408784236315296,25.235706329345703,25.2,0.035706329345703836,1.273271144941773,1.3,0.026728855058226975,21,21.0,scolv:abakken,unknown,man_confirm,manual,aka2026sjyuuu,aka2026sjyuuu
matched,onsite,2026-09-16 18:37:16.00,2026-09-16 18:37:16.10,0.105,51.43159484863281,51.432,-177.94912719726562,-177.949,0.04590562593417254,20.109296798706055,20.1,0.009296798706053266,2.1894302453274253,2.2,0.010569754672574927,22,22.0,scolv:abakken,unknown,man_confirm,manual,aka2026sjyxjo,aka2026sjyxjo
matched,onsite,2026-09-16 18:49:59.00,2026-09-16 18:49:59.58,0.585,51.29806137084961,51.298,-178.30433654785156,-178.304,0.024373885015155236,35.90770721435547,35.9,0.007707214355470171,2.9929877816706414,3.0,0.0070122183293586104,57,57.0,scolv:abakken,unknown,man_confirm,manual,aka2026sjzili,aka2026sjzili
matched,onsite,2026-09-16 19:24:48.00,2026-09-16 19:24:48.92,0.925,62.3604850769043,62.36,-150.9322509765625,-150.932,0.055470079623947774,71.65585327148438,71.7,0.04414672851562784,1.7130650884946732,1.7,0.01306508849467325,35,35.0,scolv:abakken,unknown,man_confirm,manual,aka2026skampn,aka2026skampn
matched,onsite,2026-09-16 19:40:42.00,2026-09-16 19:40:42.83,0.836,51.18707656860352,51.187,-178.2476806640625,-178.248,0.023828981719239136,19.531259536743164,19.5,0.03125953674316406,2.5009111066683585,2.5,0.0009111066683584745,38,38.0,scolv:abakken,unknown,man_confirm,manual,aka2026skbamw,aka2026skbamw
matched,onsite,2026-09-16 20:00:16.00,2026-09-16 20:00:16.36,0.362,52.08609771728516,52.086,-171.60641479492188,-171.606,0.030353065943418817,2.689502716064453,2.7,0.010497283935547053,3.231020004608257,3.2,0.031020004608256713,29,29.0,scolv:abakken,unknown,man_confirm,manual,aka2026skbrqm,aka2026skbrqm
matched,onsite,2026-09-16 20:07:24.00,2026-09-16 20:07:24.85,0.859,51.53767013549805,51.538,-175.8351593017578,-175.835,0.03829829829286797,35.11717987060547,35.1,0.01717987060546733,2.55660763636265,2.6,0.043392363637349884,29,29.0,scolv:abakken,unknown,man_confirm,manual,aka2026skbxng,aka2026skbxng
matched,onsite,2026-09-16 20:32:10.00,2026-09-16 20:32:10.12,0.128,51.30155563354492,51.302,-178.1941375732422,-178.194,0.0503284303977254,10.605712890625,10.6,0.005712890625000355,2.915993673383301,2.9,0.015993673383301044,50,50.0,scolv:abakken,unknown,man_confirm,manual,aka2026skctac,aka2026skctac
matched,onsite,2026-09-16 21:20:06.00,2026-09-16 21:20:06.55,0.555,60.46502685546875,60.465,-151.76104736328125,-151.761,0.003956951710299876,75.50019073486328,75.5,0.00019073486328125,1.6393012490056933,1.6,0.039301249005693206,41,41.0,scolv:abakken,unknown,man_confirm,manual,aka2026skeipn,aka2026skeipn
matched,onsite,2026-09-16 22:06:55.00,2026-09-16 22:06:55.43,0.43,58.28960800170898,58.29,-154.9872283935547,-154.987,0.04558644867596448,5.0,5.0,0.0,1.0030219561569702,1.0,0.003021956156970207,23,23.0,scolv:abakken,unknown,man_confirm,manual,aka2026skfxdv,aka2026skfxdv
matched,onsite,2026-09-16 23:28:41.00,2026-09-16 23:28:41.02,0.022,55.32277679443359,55.323,-157.53346252441406,-157.533,0.03836960098302384,5.0,5.0,0.0,2.469454829329121,2.5,0.030545170670878807,15,15.0,scolv:abakken,unknown,man_confirm,manual,aka2026skiqaw,aka2026skiqaw
matched,onsite,2026-09-16 23:39:51.00,2026-09-16 23:39:51.78,0.785,59.31318283081055,59.313,-152.23915100097656,-152.239,0.022061976342380062,65.3221664428711,65.3,0.022166442871096592,1.5991904870500677,1.6,0.0008095129499323672,17,17.0,scolv:abakken,unknown,man_confirm,manual,aka2026skizsx,aka2026skizsx
matched,onsite,2026-09-17 00:33:13.00,2026-09-17 00:33:13.32,0.322,62.86193084716797,62.862,-149.57058715820312,-149.571,0.022306569132924906,57.67944717407227,57.7,0.020552825927730112,1.834521642256139,1.8,0.03452164225613896,51,51.0,scolv:abakken,unknown,man_confirm,manual,aka2026skktvk,aka2026skktvk
matched,onsite,2026-09-17 00:45:05.00,2026-09-17 00:45:05.53,0.535,53.30941009521484,53.309,-167.21482849121094,-167.215,0.047002634692559796,12.35227108001709,12.4,0.04772891998291051,2.1384235948639887,2.1,0.03842359486398861,25,25.0,scolv:abakken,unknown,man_confirm,manual,aka2026skleit,aka2026skleit
matched,onsite,2026-09-17 01:19:46.00,2026-09-17 01:19:46.79,0.795,63.49861907958984,63.499,-146.13528442382812,-146.135,0.04464551346103591,6.861690521240234,6.9,0.03830947875976598,1.2611298059069862,1.3,0.03887019409301384,28,28.0,scolv:abakken,unknown,man_confirm,manual,aka2026skmijo,aka2026skmijo
matched,onsite,2026-09-17 02:13:51.00,2026-09-17 02:13:51.98,0.989,57.13013458251953,57.13,-156.58909606933594,-156.589,0.016048722472969033,97.7868423461914,97.8,0.013157653808590908,2.543448908190447,2.5,0.043448908190447,84,84.0,scolv:abakken,unknown,man_confirm,manual,aka2026skodhl,aka2026skodhl
matched,onsite,2026-09-17 02:30:09.00,2026-09-17 02:30:09.57,0.573,60.20851135253906,60.209,-152.42083740234375,-152.421,0.05507265890528888,103.26651000976562,103.3,0.03348999023437216,2.2224852689951,2.2,0.022485268995099617,98,98.0,scolv:abakken,unknown,man_confirm,manual,aka2026skorju,aka2026skorju
matched,onsite,2026-09-17 02:35:50.00,2026-09-17 02:35:50.79,0.796,58.42825317382812,58.428,-154.63168334960938,-154.632,0.03365049933596649,5.0,5.0,0.0,1.2630621094747732,1.3,0.03693789052522689,33,33.0,scolv:abakken,unknown,man_confirm,manual,aka2026skowih,aka2026skowih
matched,onsite,2026-09-17 02:36:10.00,2026-09-17 02:36:10.51,0.515,50.6078987121582,50.608,-179.4645538330078,-179.465,0.0334384421711645,5.0,5.0,0.0,2.849156787705725,2.8,0.04915678770572507,23,23.0,scolv:abakken,unknown,man_confirm,manual,aka2026skowmr,aka2026skowmr
matched,onsite,2026-09-17 02:40:24.00,2026-09-17 02:40:24.42,0.424,60.56282806396484,60.563,-152.8036346435547,-152.804,0.02764353648962232,12.230307579040527,12.2,0.030307579040528054,1.6050993495280534,1.6,0.005099349528053354,50,50.0,scolv:abakken,unknown,man_confirm,manual,aka2026skpafg,aka2026skpafg
matched,onsite,2026-09-17 02:41:55.00,2026-09-17 02:41:55.99,0.99,60.57475280761719,60.575,-139.9645233154297,-139.965,0.03786317800946953,2.0585741996765137,2.1,0.04142580032348642,2.1580280540947596,2.2,0.04197194590524056,31,31.0,scolv:abakken,unknown,man_confirm,manual,aka2026skpbps,aka2026skpbps
matched,onsite,2026-09-17 02:46:40.00,2026-09-17 02:46:40.14,0.141,60.71897506713867,60.719,-151.0439453125,-151.044,0.004065943196177992,50.39824676513672,50.4,0.001753234863279829,1.5164094158466053,1.5,0.01640941584660527,11,11.0,scolv:abakken,unknown,man_confirm,manual,aka2026skpfst,aka2026skpfst
matched,onsite,2026-09-17 02:51:39.00,2026-09-17 02:51:39.87,0.872,61.23228073120117,61.232,-150.48931884765625,-150.489,0.03557485023535334,25.16187858581543,25.2,0.0381214141845696,2.3682383550882715,2.4,0.03176164491172839,99,99.0,scolv:abakken,unknown,man_confirm,manual,aka2026skpkao,aka2026skpkao
matched,onsite,2026-09-17 02:52:02.00,2026-09-17 02:52:02.08,0.087,53.37329483032227,53.373,-165.52992248535156,-165.53,0.03318447646644393,18.687578201293945,18.7,0.012421798706053977,2.3415046134389685,2.3,0.04150461343896872,19,19.0,scolv:abakken,unknown,man_confirm,manual,aka2026skpkjk,aka2026skpkjk
matched,onsite,2026-09-17 03:46:09.00,2026-09-17 03:46:09.80,0.805,69.01687622070312,69.017,-147.592041015625,-147.592,0.01386018467971914,3.5779869556427,3.6,0.022013044357299894,2.561771029878661,2.6,0.03822897012133897,57,57.0,scolv:abakken,unknown,man_confirm,manual,aka2026skrfhp,aka2026skrfhp
matched,onsite,2026-09-17 03:47:13.00,2026-09-17 03:47:13.89,0.895,61.19966125488281,61.2,-148.11489868164062,-148.115,0.0380557621373838,13.20761489868164,13.2,0.0076148986816413355,1.7218908760655511,1.7,0.02189087606555118,36,36.0,scolv:abakken,unknown,man_confirm,manual,aka2026skrgew,aka2026skrgew
matched,onsite,2026-09-17 03:56:48.00,2026-09-17 03:56:48.36,0.369,56.5332260131836,56.533,-155.2103729248047,-155.21,0.033978082039231326,7.618954181671143,7.6,0.018954181671142933,1.898552998656739,1.9,0.001447001343260812,17,17.0,scolv:abakken,unknown,man_confirm,manual,aka2026skronf,aka2026skronf
matched,onsite,2026-09-17 04:40:35.00,2026-09-17 04:40:35.55,0.551,63.00460433959961,63.005,-148.32080078125,-148.321,0.04512986526699616,74.44709014892578,74.4,0.047090148925775566,1.90827540029028,1.9,0.008275400290280066,61,61.0,scolv:abakken,unknown,man_confirm,manual,aka2026sktaoy,aka2026sktaoy
matched,onsite,2026-09-17 04:56:00.00,2026-09-17 04:56:00.33,0.335,51.75974273681641,51.76,175.10679626464844,175.107,0.03185817178206933,10.0,10.0,0.0,3.749923905773446,3.7,0.04992390577344574,18,18.0,scolv:abakken,unknown,man_confirm,manual,aka2026sktohp,aka2026sktohp
matched,onsite,2026-09-17 05:02:10.00,2026-09-17 05:02:10.29,0.296,61.8097152709961,61.81,-151.53256225585938,-151.533,0.03912934930003791,17.928651809692383,17.9,0.028651809692384234,1.3008196109824703,1.3,0.000819610982470298,24,24.0,scolv:abakken,unknown,man_confirm,manual,aka2026skttff,aka2026skttff
matched,onsite,2026-09-17 05:24:38.00,2026-09-17 05:24:38.68,0.681,53.47098159790039,53.471,-164.7753143310547,-164.775,0.02090486538923981,29.549854278564453,29.5,0.049854278564453125,2.5312915740396154,2.5,0.031291574039615355,30,30.0,scolv:abakken,unknown,man_confirm,manual,aka2026skumqs,aka2026skumqs
matched,onsite,2026-09-17 05:41:30.00,2026-09-17 05:41:30.86,0.868,58.15043640136719,58.15,-154.4178924560547,-154.418,0.04893420133568695,78.29585266113281,78.3,0.004147338867184658,1.4267506972668422,1.4,0.026750697266842316,33,33.0,scolv:abakken,unknown,man_confirm,manual,aka2026skvbhz,aka2026skvbhz
matched,onsite,2026-09-17 05:59:34.00,2026-09-17 05:59:34.98,0.985,60.6107177734375,60.611,-151.9459228515625,-151.946,0.03166326854574721,98.44551849365234,98.4,0.045518493652338066,1.5917180042992918,1.6,0.008281995700708311,25,25.0,scolv:abakken,unknown,man_confirm,manual,aka2026skvqzh,aka2026skvqzh
matched,onsite,2026-09-17 06:06:34.00,2026-09-17 06:06:34.38,0.381,58.1004409790039,58.1,-154.61785888671875,-154.618,0.04973074823538565,89.35047912597656,89.4,0.049520874023443184,1.170519316150794,1.2,0.02948068384920588,19,19.0,scolv:abakken,unknown,man_confirm,manual,aka2026skvxaw,aka2026skvxaw
matched,onsite,2026-09-17 06:16:54.00,2026-09-17 06:16:54.46,0.467,61.44278335571289,61.443,-147.4437255859375,-147.444,0.028161698915623437,20.23670768737793,20.2,0.0367076873779304,1.6913635196518861,1.7,0.008636480348113817,41,41.0,scolv:abakken,unknown,man_confirm,manual,aka2026skwfyo,aka2026skwfyo
matched,onsite,2026-09-17 06:32:46.00,2026-09-17 06:32:46.98,0.989,61.2848014831543,61.285,-151.7482147216797,-151.748,0.024876806330786774,84.59101104736328,84.6,0.008988952636713066,1.6176494998336615,1.6,0.017649499833661375,50,50.0,scolv:abakken,unknown,man_confirm,manual,aka2026skwtto,aka2026skwtto
matched,onsite,2026-09-17 06:43:00.00,2026-09-17 06:43:00.02,0.025,62.04414749145508,62.044,-148.39796447753906,-148.398,0.016504503880980733,21.71873664855957,21.7,0.018736648559571023,2.251613037896665,2.3,0.04838696210333504,88,88.0,scolv:abakken,unknown,man_confirm,manual,aka2026skxcpk,aka2026skxcpk
matched,onsite,2026-09-17 07:13:35.00,2026-09-17 07:13:35.88,0.886,57.95024108886719,57.95,-156.06529235839844,-156.065,0.03187881606440857,111.61988067626953,111.6,0.019880676269536934,1.1843717309962536,1.2,0.015628269003746365,20,20.0,scolv:abakken,unknown,man_confirm,manual,aka2026skydcp,aka2026skydcp
matched,onsite,2026-09-17 07:22:55.00,2026-09-17 07:22:55.44,0.447,61.44908142089844,61.449,-147.4526824951172,-147.453,0.019149084703167812,21.793350219726562,21.8,0.0066497802734382105,1.2767673146446297,1.3,0.023232685355370375,33,33.0,scolv:abakken,unknown,man_confirm,manual,aka2026skylfx,aka2026skylfx
matched,onsite,2026-09-17 08:17:49.00,2026-09-17 08:17:39.98,9.018,55.97657012939453,55.3484,-149.685302734375,-148.9362,84.18022354458478,5.0,10.0,5.0,2.8394835750127783,2.8,0.03948357501277844,31,19.0,scolv:abakken,unknown,man_confirm,manual,aka2026slahia,us7000tj16
matched,onsite,2026-09-17 08:27:50.00,2026-09-17 08:27:50.84,0.843,60.37588119506836,60.376,-139.52127075195312,-139.521,0.019899326636944954,2.168518543243408,2.2,0.031481456756591975,1.7917049864602976,1.8,0.008295013539702412,20,20.0,scolv:abakken,unknown,man_confirm,manual,aka2026slapti,aka2026slapti
matched,onsite,2026-09-17 09:11:54.00,2026-09-17 09:11:54.08,0.086,52.04677581787109,52.047,-169.18951416015625,-169.19,0.04153673822732078,14.405896186828613,14.4,0.005896186828612926,2.6734591757640755,2.7,0.02654082423592463,20,20.0,scolv:abakken,unknown,man_confirm,manual,aka2026slccbr,aka2026slccbr
matched,onsite,2026-09-17 09:15:24.00,2026-09-17 09:15:24.43,0.43,51.74568939208984,51.746,179.84866333007812,179.849,0.04159470063553273,100.12592315673828,100.1,0.025923156738286934,2.4389131298985434,2.4,0.03891312989854345,26,26.0,scolv:abakken,unknown,man_confirm,manual,aka2026slcfbz,aka2026slcfbz
matched,onsite,2026-09-17 09:17:58.00,2026-09-17 09:17:58.60,0.602,58.17147445678711,58.171,-152.15365600585938,-152.154,0.05648233512613507,28.109678268432617,28.1,0.009678268432615766,2.0938931894544073,2.1,0.006106810545592811,55,55.0,scolv:abakken,unknown,man_confirm,manual,aka2026slchai,aka2026slchai
matched,onsite,2026-09-17 09:43:24.00,2026-09-17 09:43:24.73,0.731,51.07867050170898,51.079,-178.2642822265625,-178.264,0.041606460717784476,33.402854919433594,33.4,0.002854919433595171,2.4286806453819914,2.4,0.028680645381991443,32,32.0,scolv:abakken,unknown,man_confirm,manual,aka2026sldcyk,aka2026sldcyk
matched,onsite,2026-09-17 09:48:31.00,2026-09-17 09:48:31.51,0.513,54.3568115234375,54.357,-161.37908935546875,-161.379,0.021742731892500203,7.964134693145752,8.0,0.03586530685424805,2.317618802154331,2.3,0.017618802154331092,24,24.0,scolv:abakken,unknown,man_confirm,manual,aka2026sldhmz,aka2026sldhmz
matched,onsite,2026-09-17 10:32:23.00,2026-09-17 10:32:23.88,0.889,60.35974502563477,60.36,-151.05865478515625,-151.059,0.03412060797949634,53.47911071777344,53.5,0.0208892822265625,1.5819019382090103,1.6,0.018098061790989828,34,34.0,scolv:abakken,unknown,man_confirm,manual,aka2026sletnq,aka2026sletnq
matched,onsite,2026-09-17 11:03:08.00,2026-09-17 11:03:08.10,0.107,62.350830078125,62.351,-148.24395751953125,-148.244,0.019021177479957248,22.931575775146484,22.9,0.031575775146485796,1.8328652110478807,1.8,0.03286521104788065,75,75.0,scolv:abakken,unknown,man_confirm,manual,aka2026slfuem,aka2026slfuem
matched,onsite,2026-09-17 11:33:30.00,2026-09-17 11:33:30.68,0.685,61.39464569091797,61.395,-146.8741912841797,-146.874,0.04069218867480161,22.150386810302734,22.2,0.049613189697264914,1.5778172285240766,1.6,0.022182771475923513,47,47.0,scolv:abakken,unknown,man_confirm,manual,aka2026slgund,aka2026slgund
matched,onsite,2026-09-17 11:40:14.00,2026-09-17 11:40:14.44,0.445,61.1474609375,61.147,-140.0135955810547,-140.014,0.05565853013173145,5.401451587677002,5.4,0.0014515876770015979,1.6841165139618581,1.7,0.015883486038141825,27,27.0,scolv:abakken,unknown,man_confirm,manual,aka2026slhaix,aka2026slhaix
matched,onsite,2026-09-17 11:50:44.00,2026-09-17 11:50:44.34,0.348,54.48835754394531,54.488,-159.89002990722656,-159.89,0.03980397365188231,29.76334571838379,29.8,0.03665428161621165,2.8982657238077345,2.9,0.0017342761922654049,46,46.0,scolv:abakken,unknown,man_confirm,manual,aka2026slhjnh,aka2026slhjnh
matched,onsite,2026-09-17 13:04:54.00,2026-09-17 13:04:54.52,0.528,59.14394760131836,59.144,-154.018798828125,-154.019,0.012867529248706407,125.4358139038086,125.4,0.035813903808588066,1.5654784630722354,1.6,0.03452153692776472,33,33.0,scolv:abakken,unknown,man_confirm,manual,aka2026sljvtt,aka2026sljvtt
matched,onsite,2026-09-17 13:10:28.00,2026-09-17 13:10:28.10,0.109,59.72757720947266,59.728,-152.6137237548828,-152.614,0.049496671312722736,85.10829162597656,85.1,0.008291625976568184,1.4415131450797567,1.4,0.041513145079756786,37,37.0,scolv:abakken,unknown,man_confirm,manual,aka2026slkape,aka2026slkape
matched,onsite,2026-09-17 13:11:57.00,2026-09-17 13:11:57.28,0.284,54.58857727050781,54.589,-159.805908203125,-159.806,0.04737601914162104,1.3947358131408691,1.4,0.0052641868591307706,2.5264448519081144,2.5,0.02644485190811441,33,33.0,scolv:abakken,unknown,man_confirm,manual,aka2026slkbzs,aka2026slkbzs
matched,onsite,2026-09-17 13:14:21.00,2026-09-17 13:14:21.97,0.974,60.21078872680664,60.211,-152.38035583496094,-152.38,0.03063177765366983,94.25288391113281,94.3,0.04711608886718466,1.5219408989007093,1.5,0.02194089890070927,58,58.0,scolv:abakken,unknown,man_confirm,manual,aka2026slkdza,aka2026slkdza
matched,onsite,2026-09-17 13:48:59.00,2026-09-17 13:48:59.66,0.66,59.56011581420898,59.56,-152.95030212402344,-152.95,0.021343143874526564,95.23887634277344,95.2,0.03887634277343466,1.432645229609306,1.4,0.03264522960930605,49,49.0,scolv:abakken,unknown,man_confirm,manual,aka2026sllias,aka2026sllias
matched,onsite,2026-09-17 13:53:22.00,2026-09-17 13:53:22.48,0.484,61.54797744750977,61.548,-150.0133514404297,-150.013,0.018785956067292872,32.08723449707031,32.1,0.012765502929688921,1.9913346428271013,2.0,0.008665357172898736,77,77.0,scolv:abakken,unknown,man_confirm,manual,aka2026slllua,aka2026slllua
matched,onsite,2026-09-17 14:12:09.00,2026-09-17 14:12:09.41,0.412,51.39097213745117,51.391,-175.88796997070312,-175.888,0.0037336462642121454,26.907840728759766,26.9,0.007840728759767046,2.2285287899629984,2.2,0.028528789962998236,15,15.0,scolv:abakken,unknown,man_confirm,manual,aka2026slmcbt,aka2026slmcbt
matched,onsite,2026-09-17 14:19:53.00,2026-09-17 14:19:52.47,0.528,52.5807991027832,52.9564,-171.21490478515625,-171.5033,46.05159790755443,114.0,98.0,16.0,6.5,6.5,0.0,346,159.0,scolv:hlmcfarlin,unknown,man_confirm,manual,aka2026slmipb,us7000ti1p
matched,onsite,2026-09-17 14:34:20.00,2026-09-17 14:34:22.11,2.119,52.18343353271484,52.8272,-171.0294952392578,-171.278,73.53288733881756,106.42278289794922,95.078,11.344782897949216,3.93569441168237,3.5,0.4356944116823702,61,23.0,scolv:hlmcfarlin,unknown,man_confirm,manual,aka2026slmvhn,us7000ti2d
matched,onsite,2026-09-17 14:39:41.00,2026-09-17 14:39:42.03,1.037,52.37221145629883,52.8259,-171.18577575683594,-171.4285,53.04447873102477,108.9391860961914,97.243,11.696186096191411,3.8241659761948315,4.1,0.2758340238051682,88,36.0,scolv:hlmcfarlin,unknown,man_confirm,manual,aka2026slmzxy,us7000ti2f
matched,onsite,2026-09-17 14:44:39.00,2026-09-17 14:44:39.21,0.218,57.96841430664062,57.968,-138.2454071044922,-138.245,0.05194995423041827,3.9104697704315186,3.9,0.010469770431518644,2.8072053838228936,2.8,0.007205383822893818,33,33.0,scolv:abakken,unknown,man_confirm,manual,aka2026slnegf,aka2026slnegf
matched,onsite,2026-09-17 14:46:42.00,2026-09-17 14:46:43.54,1.544,52.22617721557617,52.8617,-171.0706024169922,-171.3302,72.81460677147979,111.1527328491211,97.508,13.644732849121098,3.9022434935843164,3.8,0.10224349358431661,88,27.0,scolv:hlmcfarlin,unknown,man_confirm,manual,aka2026slngie,us7000ti2h
matched,onsite,2026-09-17 15:14:38.00,2026-09-17 15:14:38.31,0.312,59.7911605834961,59.791,-152.0061492919922,-152.006,0.01971308032657241,73.45352172851562,73.5,0.046478271484375,1.5834869255400972,1.6,0.01651307445990291,28,28.0,scolv:abakken,unknown,man_confirm,manual,aka2026sloegc,aka2026sloegc
matched,onsite,2026-09-17 15:32:00.00,2026-09-17 15:32:00.68,0.68,58.48477172851562,58.485,-155.07406616210938,-155.074,0.025672295259819986,126.4095001220703,126.4,0.009500122070292605,1.1611279924412794,1.2,0.038872007558720556,34,34.0,scolv:abakken,unknown,man_confirm,manual,aka2026slothp,aka2026slothp
matched,onsite,2026-09-17 15:39:55.00,2026-09-17 15:39:55.61,0.615,60.48641204833984,60.486,-139.6946258544922,-139.695,0.05019270385822904,1.176462173461914,1.2,0.023537826538085893,1.8446487926016826,1.8,0.04464879260168253,30,30.0,scolv:abakken,unknown,man_confirm,manual,aka2026slpadv,aka2026slpadv
matched,onsite,2026-09-17 16:04:41.00,2026-09-17 16:04:42.59,1.593,52.20703506469727,52.7716,-170.92959594726562,-171.0622,63.41551188677236,113.11305236816406,115.08,1.9669476318359358,3.2380593875115276,2.9,0.33805938751152764,44,19.0,scolv:abakken,unknown,man_confirm,manual,aka2026slpvqi,us7000tj2v
matched,onsite,2026-09-17 16:26:52.00,2026-09-17 16:26:52.01,0.017,61.53501510620117,61.535,-149.90438842773438,-149.904,0.02065427717621302,47.33779907226562,47.3,0.03779907226562074,1.5850165252691315,1.6,0.014983474730868585,34,34.0,scolv:abakken,unknown,man_confirm,manual,aka2026slqozd,aka2026slqozd
matched,onsite,2026-09-17 16:30:01.00,2026-09-17 16:30:01.53,0.534,55.31794738769531,55.318,-160.76882934570312,-160.769,0.012280685948747174,76.00403594970703,76.0,0.00403594970703125,2.3684521321083714,2.4,0.031547867891628556,37,37.0,scolv:abakken,unknown,man_confirm,manual,aka2026slqrkg,aka2026slqrkg
matched,onsite,2026-09-17 16:33:48.00,2026-09-17 16:33:48.89,0.898,52.0732536315918,52.073,-170.89491271972656,-170.895,0.028826523871983055,107.92433166503906,107.9,0.024331665039056816,2.972321477140605,3.0,0.027678522859395205,23,23.0,scolv:abakken,unknown,man_confirm,manual,aka2026slqvhj,aka2026slqvhj
matched,onsite,2026-09-17 16:38:37.00,2026-09-17 16:38:37.94,0.947,60.31710815429688,60.317,-151.45501708984375,-151.455,0.012062969960588,59.29098129272461,59.3,0.009018707275387783,1.369336050455852,1.4,0.03066394954414786,23,23.0,scolv:abakken,unknown,man_confirm,manual,aka2026slqzed,aka2026slqzed
matched,onsite,2026-09-17 16:45:28.00,2026-09-17 16:45:29.74,1.748,52.23725891113281,52.964,-171.06735229492188,-171.345,82.95675809703198,104.28062438964844,99.904,4.376624389648441,3.4292993028270127,3.4,0.029299302827012763,66,23.0,scolv:abakken,unknown,man_confirm,manual,aka2026slrbzq,us6000twxe
matched,onsite,2026-09-17 17:11:19.00,2026-09-17 17:11:19.88,0.884,59.3068733215332,59.307,-152.93150329589844,-152.932,0.031515174978120376,81.41450500488281,81.4,0.014505004882806816,1.4604661639544152,1.5,0.0395338360455848,51,51.0,scolv:abakken,unknown,man_confirm,manual,aka2026slsbkz,aka2026slsbkz
matched,onsite,2026-09-17 17:23:48.00,2026-09-17 17:23:48.95,0.956,59.96713256835938,59.967,-141.0493927001953,-141.049,0.026361529484239855,13.361407279968262,13.4,0.038592720031738637,2.1266647809359043,2.1,0.026664780935904187,33,33.0,scolv:abakken,unknown,man_confirm,manual,aka2026slsmhw,aka2026slsmhw
matched,onsite,2026-09-17 17:26:47.00,2026-09-17 17:26:47.63,0.639,59.12519073486328,59.125,-153.30111694335938,-153.301,0.02223374245843436,18.285419464111328,18.3,0.014580535888672586,1.1312270460196263,1.1,0.031227046019626226,25,25.0,scolv:abakken,unknown,man_confirm,manual,aka2026slsouo,aka2026slsouo
matched,onsite,2026-09-17 17:31:10.00,2026-09-17 17:31:10.89,0.896,59.10102844238281,59.101,-152.19557189941406,-152.196,0.024648920816393548,62.52251434326172,62.5,0.02251434326171875,1.543620078288898,1.5,0.04362007828889802,37,37.0,scolv:abakken,unknown,man_confirm,manual,aka2026slssrb,aka2026slssrb
matched,onsite,2026-09-17 17:33:25.00,2026-09-17 17:33:25.69,0.693,60.15225601196289,60.152,-152.8483428955078,-152.848,0.0342123704292135,124.40874481201172,124.4,0.008744812011713066,1.458741000405192,1.5,0.041258999594808055,40,40.0,scolv:abakken,unknown,man_confirm,manual,aka2026slsuoz,aka2026slsuoz
matched,onsite,2026-09-17 17:42:31.00,2026-09-17 17:42:31.78,0.782,56.96413803100586,56.964,-154.70269775390625,-154.703,0.023901223119665332,8.233047485351562,8.2,0.03304748535156321,1.7506870672729018,1.8,0.049312932727098246,25,25.0,scolv:abakken,unknown,man_confirm,manual,aka2026sltcmd,aka2026sltcmd
matched,onsite,2026-09-17 17:47:39.00,2026-09-17 17:47:39.11,0.119,62.14079666137695,62.141,-150.86358642578125,-150.864,0.031193514458982517,72.32362365722656,72.3,0.023623657226565342,1.3616285053884718,1.4,0.03837149461152811,24,24.0,scolv:abakken,unknown,man_confirm,manual,aka2026sltgxs,aka2026sltgxs
matched,onsite,2026-09-17 17:53:52.00,2026-09-17 17:53:52.87,0.876,60.19404602050781,60.194,-152.7509307861328,-152.751,0.00638911911932683,103.53570556640625,103.5,0.03570556640625,1.243847058782353,1.2,0.043847058782352955,50,50.0,scolv:abakken,unknown,man_confirm,manual,aka2026sltmio,aka2026sltmio
matched,onsite,2026-09-17 17:58:28.00,2026-09-17 17:58:28.46,0.467,61.49316787719727,61.493,-151.2154541015625,-151.215,0.030483074502136297,3.810525894165039,3.8,0.01052589416503924,1.4045945055846487,1.4,0.0045945055846488,38,38.0,scolv:abakken,unknown,man_confirm,manual,aka2026sltqhk,aka2026sltqhk
matched,onsite,2026-09-17 18:35:50.00,2026-09-17 18:35:50.90,0.903,61.33267974853516,61.333,-151.69276428222656,-151.693,0.037765010742314,86.74986267089844,86.7,0.04986267089843466,1.466769613280868,1.5,0.03323038671913192,50,50.0,scolv:abakken,unknown,man_confirm,manual,aka2026sluwsf,aka2026sluwsf
matched,onsite,2026-09-17 18:38:41.00,2026-09-17 18:38:41.40,0.407,57.2308464050293,57.231,-155.35597229003906,-155.356,0.017160212393702898,53.63991546630859,53.6,0.039915466308585223,2.564794954788503,2.6,0.035205045211497143,84,84.0,scolv:abakken,unknown,man_confirm,manual,aka2026sluzec,aka2026sluzec
matched,onsite,2026-09-17 18:43:16.00,2026-09-17 18:43:16.28,0.28,62.97421264648438,62.974,-150.62509155273438,-150.625,0.024093445376891773,114.9917984008789,115.0,0.00820159912109375,1.7749641268237937,1.8,0.02503587317620637,51,51.0,scolv:abakken,unknown,man_confirm,manual,aka2026slvdfu,aka2026slvdfu
matched,onsite,2026-09-17 18:58:46.00,2026-09-17 18:58:47.08,1.084,54.35292434692383,54.3687,-161.59121704101562,-161.6937,6.867771290950096,3.605990409851074,7.913,4.307009590148926,3.040648520476874,3.0,0.04064852047687406,57,22.0,scolv:abakken,unknown,man_confirm,manual,aka2026slvqoy,us6000twyb
matched,onsite,2026-09-17 19:07:29.00,2026-09-17 19:07:30.79,1.795,52.25101470947266,52.4091,-171.1484832763672,-171.2493,18.866070891376,100.16023254394531,87.462,12.69823254394531,3.0669701654810417,2.9,0.16697016548104182,27,25.0,scolv:abakken,unknown,man_confirm,manual,aka2026slvyjd,us6000twyg
matched,onsite,2026-09-17 19:10:16.00,2026-09-17 19:10:16.06,0.067,55.53567504882812,55.536,-163.2930450439453,-163.293,0.03624391794605603,145.68873596191406,145.7,0.011264038085926131,2.2277562262735224,2.2,0.027756226273522255,26,26.0,scolv:abakken,unknown,man_confirm,manual,aka2026slwadz,aka2026slwadz
matched,onsite,2026-09-17 19:11:10.00,2026-09-17 19:11:10.38,0.384,51.65680313110352,51.657,-178.6903533935547,-178.69,0.03276405525121772,96.85657501220703,96.9,0.043424987792974434,2.2456796863537756,2.2,0.045679686353775395,52,52.0,scolv:abakken,unknown,man_confirm,manual,aka2026slwbio,aka2026slwbio
matched,onsite,2026-09-17 19:28:49.00,2026-09-17 19:28:49.09,0.093,59.72830200195312,59.728,-153.46588134765625,-153.466,0.03423337313540738,133.28895568847656,133.3,0.011044311523448869,2.111760143615742,2.1,0.011760143615741736,113,113.0,scolv:abakken,unknown,man_confirm,manual,aka2026slwqqp,aka2026slwqqp
matched,onsite,2026-09-17 19:50:38.00,2026-09-17 19:50:38.93,0.936,59.88907623291016,59.889,-152.771728515625,-152.772,0.017355369926599123,101.56529235839844,101.6,0.034707641601556816,2.031005910322424,2.0,0.031005910322424057,108,108.0,scolv:abakken,unknown,man_confirm,manual,aka2026slxjnv,aka2026slxjnv
matched,onsite,2026-09-17 20:06:54.00,2026-09-17 20:06:54.58,0.586,60.62284469604492,60.623,-152.9034423828125,-152.903,0.029673431631846745,139.54852294921875,139.5,0.04852294921875,1.4599395216827753,1.5,0.0400604783172247,35,35.0,scolv:abakken,unknown,man_confirm,manual,aka2026slxxrg,aka2026slxxrg
matched,onsite,2026-09-17 20:14:13.00,2026-09-17 20:14:13.38,0.389,64.71310424804688,64.713,-149.01214599609375,-149.012,0.013507661004376186,12.35477352142334,12.4,0.04522647857666051,1.3197935454043361,1.3,0.019793545404336088,33,33.0,scolv:abakken,unknown,man_confirm,manual,aka2026slyeab,aka2026slyeab
matched,onsite,2026-09-17 20:15:57.00,2026-09-17 20:15:57.35,0.357,59.89557266235352,59.896,-152.18922424316406,-152.189,0.049136081208770596,83.40543365478516,83.4,0.005433654785150566,1.6120104706293743,1.6,0.012010470629374215,67,67.0,scolv:abakken,unknown,man_confirm,manual,aka2026slyfmz,aka2026slyfmz
matched,onsite,2026-09-17 20:40:23.00,2026-09-17 20:40:23.38,0.384,64.59907531738281,64.599,-147.00088500976562,-147.001,0.010011047443595995,4.263587951660156,4.3,0.03641204833984357,0.9481619421191114,0.9,0.0481619421191114,25,25.0,scolv:abakken,unknown,man_confirm,manual,aka2026slzarz,aka2026slzarz
matched,onsite,2026-09-17 21:08:56.00,2026-09-17 21:08:56.78,0.78,59.86763763427734,59.868,-150.07864379882812,-150.079,0.04493191018570767,5.90803337097168,5.9,0.008033370971679332,1.4946948444773451,1.5,0.00530515552265487,19,19.0,scolv:abakken,unknown,man_confirm,manual,aka2026slzzlj,aka2026slzzlj
matched,onsite,2026-09-17 21:12:18.00,2026-09-17 21:12:18.46,0.46,64.5988998413086,64.599,-147.02105712890625,-147.021,0.011465639358594248,5.129564762115479,5.1,0.02956476211547976,1.106942580691341,1.1,0.006942580691341016,34,34.0,scolv:abakken,unknown,man_confirm,manual,aka2026smacjk,aka2026smacjk
matched,onsite,2026-09-17 21:14:30.00,2026-09-17 21:14:30.26,0.268,61.60039520263672,61.6,-149.91270446777344,-149.913,0.04664128518535422,43.020755767822266,43.0,0.020755767822265625,1.730765635655571,1.7,0.030765635655571,62,62.0,scolv:abakken,unknown,man_confirm,manual,aka2026smaeer,aka2026smaeer
matched,onsite,2026-09-17 21:16:04.00,2026-09-17 21:16:04.75,0.759,51.2626953125,51.263,-176.75228881835938,-176.752,0.03939141544223755,34.612709045410156,34.6,0.012709045410154829,2.3065649694462445,2.3,0.006564969446244628,31,31.0,scolv:abakken,unknown,man_confirm,manual,aka2026smafnj,aka2026smafnj
matched,onsite,2026-09-17 21:27:31.00,2026-09-17 21:27:31.44,0.446,53.88533401489258,53.9704,-157.13047790527344,-157.2037,10.604397072531384,21.22694969177246,10.0,11.226949691772461,3.152692863631042,2.9,0.25269286363104193,39,29.0,scolv:abakken,unknown,man_confirm,manual,aka2026smaptp,us6000twz3
matched,onsite,2026-09-17 21:41:52.00,2026-09-17 21:41:52.54,0.545,64.59185791015625,64.592,-147.0111083984375,-147.011,0.01662454337572535,1.9180067777633667,1.9,0.018006777763366788,1.186901294454672,1.2,0.013098705545327993,29,29.0,scolv:abakken,unknown,man_confirm,manual,aka2026smbbzx,aka2026smbbzx
matched,onsite,2026-09-17 21:47:29.00,2026-09-17 21:47:29.84,0.847,60.77047729492188,60.77,-150.57534790039062,-150.575,0.05633437374838332,19.401975631713867,19.4,0.0019756317138686086,1.4785312614687296,1.5,0.021468738531270404,37,37.0,scolv:abakken,unknown,man_confirm,manual,aka2026smbgwq,aka2026smbgwq
matched,onsite,2026-09-17 21:49:16.00,2026-09-17 21:49:16.99,0.992,60.26777267456055,60.268,-150.59378051757812,-150.594,0.02802585632734246,19.23857307434082,19.2,0.03857307434082102,1.5530523928854238,1.6,0.04694760711457624,34,34.0,scolv:abakken,unknown,man_confirm,manual,aka2026smbiks,aka2026smbiks
matched,onsite,2026-09-17 22:00:20.00,2026-09-17 22:00:20.08,0.082,60.30463027954102,60.305,-143.3391571044922,-143.339,0.042012013895748254,11.39162540435791,11.4,0.008374595642090199,1.4446491042263672,1.4,0.04464910422636725,30,30.0,scolv:abakken,unknown,man_confirm,manual,aka2026smbrzp,aka2026smbrzp
matched,onsite,2026-09-17 22:07:06.00,2026-09-17 22:07:06.43,0.432,60.28997802734375,60.29,-143.29730224609375,-143.297,0.01683482899691742,5.0,5.0,0.0,1.4371374322283264,1.4,0.03713743222832644,17,17.0,scolv:abakken,unknown,man_confirm,manual,aka2026smbxwp,aka2026smbxwp
matched,onsite,2026-09-17 22:56:36.00,2026-09-17 22:56:36.91,0.912,60.0824203491211,60.082,-152.7886962890625,-152.789,0.049682976254887226,111.81832885742188,111.8,0.018328857421877842,1.017915053370327,1.0,0.01791505337032695,33,33.0,scolv:abakken,unknown,man_confirm,manual,aka2026smdoux,aka2026smdoux
matched,onsite,2026-09-17 23:03:02.00,2026-09-17 23:03:02.45,0.453,60.15531539916992,60.155,-152.3867950439453,-152.387,0.03685906728836068,97.44937896728516,97.4,0.049378967285150566,1.7562486462449267,1.8,0.04375135375507333,85,85.0,scolv:abakken,unknown,man_confirm,manual,aka2026smdujn,aka2026smdujn
matched,onsite,2026-09-17 23:27:26.00,2026-09-17 23:27:26.01,0.01,61.14952087402344,61.15,-149.7476348876953,-149.748,0.05676380846700718,12.903346061706543,12.9,0.0033460617065426135,2.7470145242981365,2.7,0.04701452429813635,165,165.0,scolv:abakken,unknown,man_confirm,manual,aka2026smepok,aka2026smepok
matched,onsite,2026-09-17 23:44:40.00,2026-09-17 23:44:40.33,0.338,58.25580978393555,58.256,-151.298583984375,-151.299,0.03224445524875837,12.647488594055176,12.6,0.047488594055176137,2.7326564231968353,2.7,0.03265642319683515,102,102.0,scolv:abakken,unknown,man_confirm,manual,aka2026smfeoh,aka2026smfeoh
matched,onsite,2026-09-17 23:55:17.00,2026-09-17 23:55:16.53,0.468,51.70804977416992,51.7244,-174.02566528320312,-173.9276,6.9962231949368165,52.79460906982422,60.953,8.158390930175784,2.466115324950112,2.5,0.03388467504988801,18,23.0,scolv:abakken,unknown,man_confirm,manual,aka2026smfnrn,us6000twzc
matched,onsite,2026-09-17 23:57:38.00,2026-09-17 23:57:38.93,0.937,60.34276580810547,60.343,-152.256591796875,-152.257,0.03438831565186214,89.14461517333984,89.1,0.044615173339849434,1.466938324767291,1.5,0.03306167523270909,41,41.0,scolv:abakken,unknown,man_confirm,manual,aka2026smfpsy,aka2026smfpsy
matched,onsite,2026-09-18 00:09:51.00,2026-09-18 00:09:51.54,0.544,61.28422546386719,61.284,-151.8862762451172,-151.886,0.02909193788116156,97.97622680664062,98.0,0.023773193359375,1.2470814445951546,1.2,0.04708144459515462,24,24.0,scolv:abakken,unknown,man_confirm,manual,aka2026smfxmj,aka2026smfxmj
matched,onsite,2026-09-18 00:16:01.00,2026-09-18 00:16:01.42,0.422,55.97223281860352,55.972,-158.1502685546875,-158.15,0.030813084131957384,56.46319198608398,56.5,0.03680801391602273,2.3794278452404085,2.4,0.0205721547595914,46,46.0,scolv:abakken,unknown,man_confirm,manual,aka2026smgfqs,aka2026smgfqs
matched,onsite,2026-09-18 00:21:04.00,2026-09-18 00:21:04.87,0.877,51.37781524658203,51.378,-175.96328735351562,-175.963,0.02863221663837543,25.408506393432617,25.4,0.008506393432618609,2.2220678056767653,2.2,0.02206780567676514,18,18.0,scolv:abakken,unknown,man_confirm,manual,aka2026smgkax,aka2026smgkax
matched,onsite,2026-09-18 00:36:08.00,2026-09-18 00:36:08.63,0.639,54.01207733154297,54.0344,-163.28282165527344,-163.1983,6.053444014516085,29.740137100219727,35.0,5.259862899780273,2.3683711850280744,2.6,0.23162881497192567,30,24.0,scolv:abakken,unknown,man_confirm,manual,aka2026smgxdf,us6000twzs
matched,onsite,2026-09-18 00:49:12.00,2026-09-18 00:49:12.78,0.788,62.11670303344727,62.117,-152.42434692382812,-152.424,0.03762808052096021,4.478559494018555,4.5,0.021440505981445312,1.3367006467020184,1.3,0.036700646702018336,27,27.0,scolv:abakken,unknown,man_confirm,manual,aka2026smhili,aka2026smhili
matched,onsite,2026-09-18 01:07:40.00,2026-09-18 01:07:40.85,0.851,52.10440444946289,52.1148,-169.20938110351562,-169.2494,2.9673255847755216,12.544336318969727,24.885,12.340663681030275,3.936878108409686,3.8,0.1368781084096864,56,46.0,scolv:enadin,unknown,man_confirm,manual,aka2026smhykh,us7000ti78
matched,onsite,2026-09-18 01:13:50.00,2026-09-18 01:13:50.40,0.407,64.27312469482422,64.273,-148.02182006835938,-148.022,0.016360859966127128,12.663195610046387,12.7,0.03680438995361257,1.1583540305604008,1.2,0.041645969439599195,32,32.0,scolv:abakken,unknown,man_confirm,manual,aka2026smidun,aka2026smidun
matched,onsite,2026-09-18 01:22:07.00,2026-09-18 01:22:07.95,0.955,61.12376022338867,61.124,-159.17178344726562,-159.172,0.02908745202282627,14.58080005645752,14.6,0.019199943542480113,2.5019216670463846,2.5,0.0019216670463846341,25,25.0,scolv:abakken,unknown,man_confirm,manual,aka2026smikyn,aka2026smikyn
matched,onsite,2026-09-13 00:26:55.00,2026-09-13 00:26:55.60,0.603,66.93099975585938,66.931,-156.36532592773438,-156.365,0.014200877314281444,5.0,5.0,0.0,1.9510318497468608,2.0,0.048968150253139164,15,15.0,scolv:abakken,unknown,man_confirm,manual,aka2026sdamgx,aka2026sdamgx
matched,onsite,2026-09-13 15:09:04.00,2026-09-13 15:09:04.48,0.482,66.90593719482422,66.906,-156.2259979248047,-156.226,0.006984203412211861,5.0,5.0,0.0,1.752928767926799,1.8,0.047071232073200964,12,12.0,scolv:abakken,unknown,man_confirm,manual,aka2026sedxdr,aka2026sedxdr
matched,onsite,2026-09-13 19:39:10.00,2026-09-13 19:39:10.72,0.724,65.1845703125,65.185,-154.95761108398438,-154.958,0.051110233898764686,5.0,5.0,0.0,1.973082930028358,2.0,0.026917069971641894,26,26.0,scolv:abakken,unknown,man_confirm,manual,aka2026semxiu,aka2026semxiu
matched,onsite,2026-09-18 01:42:26.00,2026-09-18 01:42:26.69,0.697,63.17853546142578,63.179,-150.91273498535156,-150.913,0.053338190623213724,132.72344970703125,132.7,0.02344970703126137,1.5554977308963347,1.6,0.04450226910366539,40,40.0,scolv:abakken,unknown,man_confirm,manual,aka2026smjcdh,aka2026smjcdh
matched,onsite,2026-09-13 23:49:40.00,2026-09-13 23:49:40.69,0.697,65.25244140625,65.252,-151.29684448242188,-151.297,0.04961312028280866,5.490721702575684,5.5,0.009278297424316406,1.3566670796627776,1.4,0.04333292033722236,27,27.0,scolv:abakken,unknown,man_confirm,manual,aka2026sevgny,aka2026sevgny
matched,onsite,2026-09-18 01:59:42.00,2026-09-18 01:59:42.65,0.655,57.44189071655273,57.442,-154.48585510253906,-154.486,0.014928019369446419,60.26386260986328,60.3,0.03613739013671591,1.623641612864922,1.6,0.023641612864921946,29,29.0,scolv:abakken,unknown,man_confirm,manual,aka2026smjrou,aka2026smjrou
matched,onsite,2026-09-18 02:41:10.00,2026-09-18 02:41:10.84,0.84,61.15395736694336,61.154,-140.00335693359375,-140.003,0.01972643927316251,4.785485744476318,4.8,0.014514255523681463,1.7772644413705496,1.8,0.022735558629450425,29,29.0,scolv:abakken,unknown,man_confirm,manual,aka2026smlbni,aka2026smlbni
matched,onsite,2026-09-18 02:47:13.00,2026-09-18 02:47:13.54,0.546,60.66055297851562,60.661,-149.7917022705078,-149.792,0.05228639913705843,26.02429962158203,26.0,0.02429962158203125,2.5681903741499927,2.6,0.03180962585000735,101,101.0,scolv:abakken,unknown,man_confirm,manual,aka2026smlgtq,aka2026smlgtq
matched,onsite,2026-09-18 02:49:17.00,2026-09-18 02:49:17.37,0.378,61.16542053222656,61.165,-140.00209045410156,-140.002,0.04701198277033661,1.648787498474121,1.6,0.048787498474121005,1.7162007862155704,1.7,0.016200786215570417,30,30.0,scolv:abakken,unknown,man_confirm,manual,aka2026smliod,aka2026smliod
matched,onsite,2026-09-18 03:15:12.00,2026-09-18 03:15:12.94,0.947,56.93578720092773,56.936,-153.18637084960938,-153.186,0.032650374307438695,19.379051208496094,19.4,0.02094879150390483,1.9422165937938485,1.9,0.04221659379384857,18,18.0,scolv:abakken,unknown,man_confirm,manual,aka2026smmcmz,aka2026smmcmz
matched,onsite,2026-09-18 03:20:10.00,2026-09-18 03:20:10.94,0.949,59.92426300048828,59.924,-152.1779327392578,-152.178,0.029483529399214732,83.68080139160156,83.7,0.019198608398440342,1.589676390166341,1.6,0.010323609833658987,60,60.0,scolv:abakken,unknown,man_confirm,manual,aka2026smmjii,aka2026smmjii
matched,onsite,2026-09-18 03:46:28.00,2026-09-18 03:46:28.59,0.594,58.20413589477539,58.204,-151.5789794921875,-151.579,0.015158502616333568,13.220646858215332,13.2,0.020646858215332742,1.9010510845958637,1.9,0.0010510845958637827,27,27.0,scolv:abakken,unknown,man_confirm,manual,aka2026smngdh,aka2026smngdh
matched,onsite,2026-09-18 04:25:02.00,2026-09-18 04:25:02.95,0.954,64.68329620361328,64.683,-150.0867462158203,-150.087,0.035077385663100015,5.054060459136963,5.1,0.045939540863036754,1.2761737725556728,1.3,0.023826227444327275,27,27.0,scolv:abakken,unknown,man_confirm,manual,aka2026smonpf,aka2026smonpf
matched,onsite,2026-09-18 04:27:56.00,2026-09-18 04:27:56.07,0.074,51.41092681884766,51.411,178.47201538085938,178.472,0.008206996438941669,53.24353790283203,53.2,0.04353790283202841,3.2707631712144054,3.3,0.029236828785594415,39,39.0,scolv:abakken,unknown,man_confirm,manual,aka2026smoqbv,aka2026smoqbv
matched,onsite,2026-09-18 04:51:11.00,2026-09-18 04:51:11.15,0.158,58.15024185180664,58.15,-151.5753631591797,-151.575,0.03431173665599797,23.24213409423828,23.2,0.04213409423828196,2.934408243155738,2.9,0.034408243155738205,117,117.0,scolv:abakken,unknown,man_confirm,manual,aka2026smpklv,aka2026smpklv
matched,onsite,2026-09-18 05:24:46.00,2026-09-18 05:24:46.75,0.756,59.84341430664062,59.843,-153.31565856933594,-153.316,0.04986078037179969,132.60250854492188,132.6,0.0025085449218806843,2.9666820520427684,3.0,0.03331794795723164,218,218.0,scolv:abakken,unknown,man_confirm,manual,aka2026smqnkd,aka2026smqnkd
matched,onsite,2026-09-18 05:25:02.00,2026-09-18 05:25:02.92,0.923,53.61972045898438,53.62,-162.7451629638672,-162.745,0.03288934762776925,4.0415120124816895,4.0,0.04151201248168945,2.808415866839545,2.8,0.008415866839545316,34,34.0,scolv:abakken,unknown,man_confirm,manual,aka2026smqnoq,aka2026smqnoq
matched,onsite,2026-09-18 05:43:46.00,2026-09-18 05:43:46.63,0.634,52.16419982910156,52.1568,-171.02040100097656,-171.0421,1.693480190529425,109.90071105957031,105.38,4.520711059570317,3.789067784185167,3.8,0.010932215814832613,78,38.0,scolv:enadin,unknown,man_confirm,manual,aka2026smrdve,us7000tiek
matched,onsite,2026-09-18 06:03:53.00,2026-09-18 06:03:53.11,0.119,61.376953125,61.377,-150.38319396972656,-150.383,0.01157251323251775,64.61414337158203,64.6,0.014143371582036934,1.3014549346346318,1.3,0.0014549346346317549,30,30.0,scolv:abakken,unknown,man_confirm,manual,aka2026smrvgs,aka2026smrvgs
matched,onsite,2026-09-18 06:43:00.00,2026-09-18 06:43:00.62,0.62,59.87525939941406,59.875,-153.34986877441406,-153.35,0.029759060839135976,139.36810302734375,139.4,0.031896972656255684,2.183886933230123,2.2,0.016113066769877005,127,127.0,scolv:abakken,unknown,man_confirm,manual,aka2026smtdey,aka2026smtdey
matched,onsite,2026-09-18 06:43:48.00,2026-09-18 06:43:48.39,0.391,52.22116851806641,52.2355,-171.12657165527344,-171.1067,2.090766022766002,100.18196868896484,102.232,2.0500313110351556,2.9334963299427357,2.8,0.13349632994273586,24,23.0,scolv:abakken,unknown,man_confirm,manual,aka2026smtecs,us6000tx6u
matched,onsite,2026-09-18 07:05:51.00,2026-09-18 07:05:51.46,0.467,61.12322616577148,61.123,-147.4910888671875,-147.491,0.025597252564143726,0.0,0.0,0.0,1.4479895982069075,1.4,0.047989598206907624,26,26.0,scolv:abakken,unknown,man_confirm,manual,aka2026smtxah,aka2026smtxah
matched,onsite,2026-09-18 07:12:36.00,2026-09-18 07:12:38.21,2.212,53.44513320922852,53.5422,-165.3798065185547,-165.486,12.878047451174393,13.502337455749512,27.466,13.96366254425049,2.7356735255010785,2.7,0.035673525501078274,55,30.0,scolv:abakken,unknown,man_confirm,manual,aka2026smucxq,us6000tx6x
matched,onsite,2026-09-18 07:13:35.00,2026-09-18 07:13:35.51,0.519,63.38090896606445,63.381,-149.59510803222656,-149.595,0.011464501507922265,107.95869445800781,108.0,0.0413055419921875,2.076688935600601,2.1,0.02331106439939923,81,81.0,scolv:abakken,unknown,man_confirm,manual,aka2026smudsl,aka2026smudsl
matched,onsite,2026-09-18 07:28:21.00,2026-09-18 07:28:21.04,0.04,51.45333480834961,51.453,-175.82626342773438,-175.826,0.04146301350215524,38.45164489746094,38.5,0.0483551025390625,2.1413832042752237,2.1,0.04138320427522357,19,19.0,scolv:abakken,unknown,man_confirm,manual,aka2026smuqnd,aka2026smuqnd
matched,onsite,2026-09-18 07:30:51.00,2026-09-18 07:30:51.14,0.149,62.30064010620117,62.301,-149.88499450683594,-149.885,0.04001937174204514,11.046186447143555,11.0,0.04618644714355469,1.3388137293715214,1.3,0.03881372937152139,47,47.0,scolv:abakken,unknown,man_confirm,manual,aka2026smusrt,aka2026smusrt
matched,onsite,2026-09-18 07:36:29.00,2026-09-18 07:36:29.20,0.202,51.43270111083984,51.433,-178.11993408203125,-178.12,0.03354763217073613,8.096256256103516,8.1,0.0037437438964840197,2.331544697636202,2.3,0.03154469763620238,49,49.0,scolv:abakken,unknown,man_confirm,manual,aka2026smuxot,aka2026smuxot
matched,onsite,2026-09-18 07:54:29.00,2026-09-18 07:54:29.27,0.273,52.66684341430664,52.667,-168.44285583496094,-168.443,0.019941695773859687,42.43326950073242,42.4,0.033269500732423296,2.4330734269119136,2.4,0.03307342691191373,24,24.0,scolv:abakken,unknown,man_confirm,manual,aka2026smvned,aka2026smvned
matched,onsite,2026-09-18 08:06:47.00,2026-09-18 08:06:47.28,0.289,60.77206802368164,60.772,-149.87326049804688,-149.873,0.01603923361252612,32.184024810791016,32.2,0.015975189208987217,1.6987130587776453,1.7,0.0012869412223546206,59,59.0,scolv:abakken,unknown,man_confirm,manual,aka2026smvveg,aka2026smvveg
matched,onsite,2026-09-18 08:43:20.00,2026-09-18 08:43:20.02,0.028,60.11290740966797,60.113,-141.17971801757812,-141.18,0.018711133465096015,0.703707754611969,0.7,0.0037077546119690385,2.1111838412378376,2.1,0.011183841237837555,47,47.0,scolv:abakken,unknown,man_confirm,manual,aka2026smxdlr,aka2026smxdlr
matched,onsite,2026-09-18 09:02:26.00,2026-09-18 09:02:26.55,0.559,60.11786270141602,60.118,-141.2175750732422,-141.218,0.028057746257059413,6.465895652770996,6.5,0.034104347229003906,1.6527231975316083,1.7,0.04727680246839161,22,22.0,scolv:abakken,unknown,man_confirm,manual,aka2026smxtxh,aka2026smxtxh
matched,onsite,2026-09-18 09:16:23.00,2026-09-18 09:16:23.42,0.42,54.00568771362305,54.006,-163.7199249267578,-163.72,0.03506951577473073,26.136281967163086,26.1,0.036281967163084516,2.5451069974013807,2.5,0.04510699740138069,52,52.0,scolv:abakken,unknown,man_confirm,manual,aka2026smyger,aka2026smyger
matched,onsite,2026-09-18 09:23:44.00,2026-09-18 09:23:48.08,4.084,51.36391448974609,51.4614,-173.27842712402344,-173.1456,14.22545178665207,0.0,35.0,35.0,3.6385774251763054,3.6,0.03857742517630536,28,59.0,scolv:enadin,unknown,man_confirm,manual,aka2026smympm,us7000tieq
matched,onsite,2026-09-18 09:34:17.00,2026-09-18 09:34:17.91,0.914,60.20881271362305,60.209,-152.00991821289062,-152.01,0.021309831818999876,92.96373748779297,93.0,0.03626251220703125,1.951964656975087,2.0,0.04803534302491297,98,98.0,scolv:abakken,unknown,man_confirm,manual,aka2026smyvrc,aka2026smyvrc
matched,onsite,2026-09-18 09:36:13.00,2026-09-18 09:36:13.47,0.478,68.72030639648438,68.72,-146.5194091796875,-146.519,0.03786041595178072,5.0,5.0,0.0,2.325851053966376,2.3,0.025851053966376103,41,41.0,scolv:abakken,unknown,man_confirm,manual,aka2026smyxjw,aka2026smyxjw
matched,onsite,2026-09-18 09:39:55.00,2026-09-18 09:39:55.30,0.303,59.38524627685547,59.385,-152.95245361328125,-152.952,0.03754662540654813,85.5030288696289,85.5,0.00302886962890625,1.6717814094110328,1.7,0.02821859058896714,63,63.0,scolv:abakken,unknown,man_confirm,manual,aka2026smzaoe,aka2026smzaoe
matched,onsite,2026-09-18 09:42:09.00,2026-09-18 09:42:09.91,0.918,53.94818115234375,53.948,-163.36358642578125,-163.364,0.0337376689212519,20.460651397705078,20.5,0.039348602294921875,2.4376339527807014,2.4,0.037633952780701474,24,24.0,scolv:abakken,unknown,man_confirm,manual,aka2026smzcng,aka2026smzcng
matched,onsite,2026-09-18 09:53:53.00,2026-09-18 09:53:53.04,0.04,54.95139694213867,54.951,-163.7168731689453,-163.717,0.04487484918287963,109.10440063476562,109.1,0.004400634765630684,2.503354734212316,2.5,0.003354734212316135,40,40.0,scolv:abakken,unknown,man_confirm,manual,aka2026smzmrq,aka2026smzmrq
matched,onsite,2026-09-18 10:08:15.00,2026-09-18 10:08:15.05,0.054,59.68061447143555,59.681,-152.83267211914062,-152.833,0.046652741317745834,99.03176879882812,99.0,0.031768798828125,1.4578175333887264,1.5,0.04218246661127356,42,42.0,scolv:abakken,unknown,man_confirm,manual,aka2026smzyei,aka2026smzyei
matched,onsite,2026-09-18 10:13:21.00,2026-09-18 10:13:21.70,0.704,54.85858154296875,54.859,-161.0633087158203,-161.063,0.050551730641025514,75.12841033935547,75.1,0.028410339355474434,2.2355570200084034,2.2,0.03555702000840322,24,24.0,scolv:abakken,unknown,man_confirm,manual,aka2026snadpg,aka2026snadpg
matched,onsite,2026-09-18 10:34:35.00,2026-09-18 10:34:35.00,0.006,69.54898071289062,69.549,-144.2017364501953,-144.202,0.01046167575990642,5.0,5.0,0.0,3.195915271226508,3.2,0.004084728773491975,69,69.0,scolv:abakken,unknown,man_confirm,manual,aka2026snavuk,aka2026snavuk
matched,onsite,2026-09-18 10:44:47.00,2026-09-18 10:44:47.44,0.445,69.52508544921875,69.525,-144.1620635986328,-144.162,0.009818255987376909,2.8551127910614014,2.9,0.044887208938598544,2.5157537835285444,2.5,0.015753783528544396,44,44.0,scolv:abakken,unknown,man_confirm,manual,aka2026snbevo,aka2026snbevo
matched,onsite,2026-09-18 11:08:23.00,2026-09-18 11:08:23.55,0.552,59.51005172729492,59.51,-153.24032592773438,-153.24,0.0192670704704803,104.4782485961914,104.5,0.02175140380859375,1.2596393471190452,1.3,0.040360652880954806,36,36.0,scolv:abakken,unknown,man_confirm,manual,aka2026snbzib,aka2026snbzib
matched,onsite,2026-09-18 11:12:56.00,2026-09-18 11:12:56.16,0.169,61.25269317626953,61.253,-147.7664031982422,-147.766,0.04035997799820096,0.0,0.0,0.0,1.4724572300102032,1.5,0.027542769989796767,18,18.0,scolv:abakken,unknown,man_confirm,manual,aka2026sncckd,aka2026sncckd
matched,onsite,2026-09-18 11:51:17.00,2026-09-18 11:51:17.58,0.588,63.48199462890625,63.482,-146.4680938720703,-146.468,0.004698504183909528,10.267192840576172,10.3,0.032807159423828836,1.0922566264212068,1.1,0.007743373578793289,23,23.0,scolv:abakken,unknown,man_confirm,manual,aka2026sndkti,aka2026sndkti
matched,onsite,2026-09-18 12:04:13.00,2026-09-18 12:04:13.33,0.338,56.69679260253906,56.697,-155.53025817871094,-155.53,0.02793382772736321,61.70510482788086,61.7,0.005104827880856533,1.9958651537906806,2.0,0.004134846209319365,38,38.0,scolv:abakken,unknown,man_confirm,manual,aka2026sndvqz,aka2026sndvqz
matched,onsite,2026-09-18 12:13:32.00,2026-09-18 12:13:32.51,0.519,57.92741012573242,57.927,-155.81690979003906,-155.817,0.045913896916960635,28.96491241455078,29.0,0.03508758544921875,0.9149570522921939,0.9,0.014957052292193906,19,19.0,scolv:abakken,unknown,man_confirm,manual,aka2026sneduq,aka2026sneduq
matched,onsite,2026-09-18 12:23:14.00,2026-09-18 12:23:14.30,0.302,62.4985237121582,62.499,-148.09732055664062,-148.097,0.055459503454659845,16.520326614379883,16.5,0.020326614379882812,1.7699545760787545,1.8,0.03004542392124554,60,60.0,scolv:abakken,unknown,man_confirm,manual,aka2026snelxs,aka2026snelxs
matched,onsite,2026-09-18 12:29:15.00,2026-09-18 12:29:15.49,0.497,54.31932830810547,54.319,-161.46817016601562,-161.468,0.038137963624248795,7.543171405792236,7.5,0.04317140579223633,2.245988890432915,2.2,0.045988890432914875,23,23.0,scolv:abakken,unknown,man_confirm,manual,aka2026snerjn,aka2026snerjn
matched,onsite,2026-09-18 12:31:37.00,2026-09-18 12:31:37.52,0.528,64.60887145996094,64.609,-147.69509887695312,-147.695,0.015050438045259015,7.910114765167236,7.9,0.010114765167235973,1.317503352253296,1.3,0.017503352253295912,37,37.0,scolv:abakken,unknown,man_confirm,manual,aka2026snetgy,aka2026snetgy
matched,onsite,2026-09-18 12:34:04.00,2026-09-18 12:34:04.80,0.804,51.47175979614258,51.472,-175.62286376953125,-175.623,0.02832716350883519,21.899993896484375,21.9,6.1035156235789145e-06,3.068028127951709,3.1,0.031971872048290884,47,47.0,scolv:abakken,unknown,man_confirm,manual,aka2026snevpm,aka2026snevpm
matched,onsite,2026-09-18 12:44:38.00,2026-09-18 12:44:38.86,0.865,60.32877731323242,60.329,-153.1036834716797,-153.104,0.030277000697326018,131.27099609375,131.3,0.02900390625001137,1.5237585897084396,1.5,0.02375858970843958,61,61.0,scolv:abakken,unknown,man_confirm,manual,aka2026snfewi,aka2026snfewi
matched,onsite,2026-09-18 12:56:29.00,2026-09-18 12:56:29.74,0.742,62.57928466796875,62.579,-151.9945068359375,-151.995,0.040493329097243236,3.826873302459717,3.8,0.026873302459716975,1.4354968948768452,1.4,0.035496894876845264,27,27.0,scolv:abakken,unknown,man_confirm,manual,aka2026snfpgr,aka2026snfpgr
matched,onsite,2026-09-18 13:19:25.00,2026-09-18 13:19:24.75,0.25,52.13162994384766,52.0602,-169.70785522460938,-169.6486,8.914622792751892,52.80397033691406,45.152,7.6519703369140615,3.2464772112268023,3.2,0.04647721122680215,39,31.0,scolv:abakken,unknown,man_confirm,manual,aka2026sngjcz,us6000tx7q
matched,onsite,2026-09-18 13:29:11.00,2026-09-18 13:29:11.75,0.753,54.5208740234375,54.521,-159.852783203125,-159.853,0.01979872548321664,9.579257011413574,9.6,0.020742988586425426,2.288302821643063,2.3,0.011697178356936622,26,26.0,scolv:abakken,unknown,man_confirm,manual,aka2026sngrru,aka2026sngrru
matched,onsite,2026-09-18 13:55:49.00,2026-09-18 13:55:49.14,0.143,61.16740798950195,61.167,-140.0217742919922,-140.022,0.04695316973948735,12.132150650024414,12.1,0.03215065002441442,1.5109948648176865,1.5,0.010994864817686523,21,21.0,scolv:abakken,unknown,man_confirm,manual,aka2026snhomx,aka2026snhomx
matched,onsite,2026-09-18 14:20:10.00,2026-09-18 14:20:09.78,0.216,53.96576690673828,53.8792,-157.11373901367188,-157.183,10.6406945340879,5.0,10.0,5.0,2.83854294493406,2.7,0.1385429449340596,37,20.0,scolv:abakken,unknown,man_confirm,manual,aka2026snijjq,us6000tx7v
matched,onsite,2026-09-18 14:58:12.00,2026-09-18 14:58:12.73,0.737,62.34538650512695,62.345,-151.47857666015625,-151.479,0.04821229293242305,88.94609069824219,88.9,0.046090698242181816,1.8397782275092562,1.8,0.03977822750925619,56,56.0,scolv:abakken,unknown,man_confirm,manual,aka2026snjqor,aka2026snjqor
matched,onsite,2026-09-18 15:23:57.00,2026-09-18 15:23:57.81,0.815,54.45662307739258,54.4367,-163.4910430908203,-163.4175,5.245705184252635,81.55216979980469,78.733,2.8191697998046834,2.4359384193813107,2.6,0.16406158061868936,63,29.0,scolv:abakken,unknown,man_confirm,manual,aka2026snkmxd,us6000tx92
matched,onsite,2026-09-18 15:24:35.00,2026-09-18 15:24:35.88,0.883,61.57803344726562,61.578,-146.22372436523438,-146.224,0.015054475632662259,21.290687561035156,21.3,0.00931243896484446,2.2162429118115043,2.2,0.016242911811504168,87,87.0,scolv:abakken,unknown,man_confirm,manual,aka2026snknll,aka2026snknll
matched,onsite,2026-09-18 15:50:21.00,2026-09-18 15:50:21.09,0.099,58.65529251098633,58.655,-155.01832580566406,-155.018,0.03759082585305245,133.92799377441406,133.9,0.027993774414056816,1.8067648378720602,1.8,0.00676483787206017,47,47.0,scolv:abakken,unknown,man_confirm,manual,aka2026snljub,aka2026snljub
matched,onsite,2026-09-18 16:18:22.00,2026-09-18 16:18:22.90,0.906,53.76460647583008,53.765,-164.2675323486328,-164.268,0.053474753548880954,20.883176803588867,20.9,0.01682319641113139,2.42602830534351,2.4,0.026028305343510194,56,56.0,scolv:abakken,unknown,man_confirm,manual,aka2026snmfjf,aka2026snmfjf
matched,onsite,2026-09-18 16:19:04.00,2026-09-18 16:19:04.03,0.035,60.43307495117188,60.433,-143.77389526367188,-143.774,0.010123391675340052,15.957951545715332,16.0,0.04204845428466797,2.289201229615986,2.3,0.010798770384013778,54,54.0,scolv:abakken,unknown,man_confirm,manual,aka2026snmiqv,aka2026snmiqv
matched,onsite,2026-09-18 16:23:03.00,2026-09-18 16:23:03.73,0.735,62.13613510131836,62.136,-149.71926879882812,-149.719,0.020513917273323926,50.63755416870117,50.6,0.037554168701170454,2.097557659275304,2.1,0.0024423407246962903,104,104.0,scolv:abakken,unknown,man_confirm,manual,aka2026snmmda,aka2026snmmda
matched,onsite,2026-09-18 16:37:39.00,2026-09-18 16:37:39.42,0.425,62.02429580688477,62.024,-143.70510864257812,-143.705,0.03337683112503151,9.784004211425781,9.8,0.01599578857421946,1.6908521490114676,1.7,0.009147850988532324,19,19.0,scolv:abakken,unknown,man_confirm,manual,aka2026snmyve,aka2026snmyve
matched,onsite,2026-09-18 16:46:26.00,2026-09-18 16:46:26.42,0.424,51.47888565063477,51.479,-177.15696716308594,-177.157,0.012916819632513055,17.480268478393555,17.5,0.019731521606445312,2.156692624444439,2.2,0.0433073755555613,19,19.0,scolv:abakken,unknown,man_confirm,manual,aka2026snngko,aka2026snngko
matched,onsite,2026-09-18 16:52:49.00,2026-09-18 16:52:49.12,0.121,59.75022888183594,59.75,-152.54066467285156,-152.541,0.031631729505725695,87.32249450683594,87.3,0.022494506835940342,1.7803946915894064,1.8,0.019605308410593603,71,71.0,scolv:abakken,unknown,man_confirm,manual,aka2026snnlyk,aka2026snnlyk
matched,onsite,2026-09-18 16:56:17.00,2026-09-18 16:56:17.06,0.069,52.75088119506836,52.7823,-169.51820373535156,-169.5249,3.522541010146371,72.07378387451172,70.346,1.7277838745117151,3.5188686246312804,3.6,0.08113137536871973,62,34.0,scolv:enadin,unknown,man_confirm,manual,aka2026snnoxq,us7000tiet
matched,onsite,2026-09-18 17:05:15.00,2026-09-18 17:05:15.08,0.083,64.98185729980469,64.982,-147.40524291992188,-147.405,0.019551715611097618,0.0,0.0,0.0,1.1996386107107702,1.2,0.0003613892892297965,23,23.0,scolv:abakken,unknown,man_confirm,manual,aka2026snnwsl,aka2026snnwsl
matched,onsite,2026-09-18 17:08:44.00,2026-09-18 17:08:44.84,0.849,61.45105361938477,61.451,-151.3459930419922,-151.346,0.005973658099889667,79.80191040039062,79.8,0.0019104003906278422,1.4755475519469674,1.5,0.024452448053032594,35,35.0,scolv:abakken,unknown,man_confirm,manual,aka2026snnzvy,aka2026snnzvy
matched,onsite,2026-09-18 17:21:24.00,2026-09-18 17:21:24.72,0.725,57.93531036376953,57.935,-153.50033569335938,-153.5,0.03979556738264068,52.24700927734375,52.2,0.04700927734374716,2.6379949055027763,2.6,0.03799490550277618,95,95.0,scolv:abakken,unknown,man_confirm,manual,aka2026snoksy,aka2026snoksy
matched,onsite,2026-09-18 17:23:04.00,2026-09-18 17:23:04.13,0.135,60.49388122558594,60.494,-152.64442443847656,-152.644,0.026734497593247152,115.70635223388672,115.7,0.006352233886715908,1.90103325389747,1.9,0.001033253897469999,75,75.0,scolv:abakken,unknown,man_confirm,manual,aka2026snomep,aka2026snomep
matched,onsite,2026-09-18 17:30:36.00,2026-09-18 17:30:36.27,0.274,59.94157028198242,59.942,-153.26380920410156,-153.264,0.048949819569524385,130.33802795410156,130.3,0.03802795410155113,1.8606977099500313,1.9,0.03930229004996866,88,88.0,scolv:abakken,unknown,man_confirm,manual,aka2026snosst,aka2026snosst
matched,onsite,2026-09-18 17:33:54.00,2026-09-18 17:33:54.24,0.249,59.10971069335938,59.11,-153.08396911621094,-153.084,0.03221770686939199,80.06753540039062,80.1,0.032464599609369316,1.413579481257817,1.4,0.01357948125781716,27,27.0,scolv:abakken,unknown,man_confirm,manual,aka2026snovos,aka2026snovos
matched,onsite,2026-09-18 17:35:40.00,2026-09-18 17:35:40.95,0.957,57.53127670288086,57.531,-155.05274963378906,-155.053,0.03420571684405959,67.88802337646484,67.9,0.011976623535161934,1.420325758932606,1.4,0.02032575893260602,25,25.0,scolv:abakken,unknown,man_confirm,manual,aka2026snoxbo,aka2026snoxbo
matched,onsite,2026-09-18 17:59:49.00,2026-09-18 17:59:49.64,0.645,53.29095077514648,53.291,-167.30606079101562,-167.306,0.006803394472019313,18.687786102294922,18.7,0.012213897705077414,2.1630019221345416,2.2,0.03699807786545861,48,48.0,scolv:abakken,unknown,man_confirm,manual,aka2026snpsbp,aka2026snpsbp
matched,onsite,2026-09-18 18:42:56.00,2026-09-18 18:42:56.88,0.886,63.24486541748047,63.245,-151.1429443359375,-151.143,0.015222091284627266,2.4951465129852295,2.5,0.004853487014770508,1.9534345049259825,2.0,0.04656549507401753,35,35.0,scolv:abakken,unknown,man_confirm,manual,aka2026snrdle,aka2026snrdle
matched,onsite,2026-09-18 18:48:06.00,2026-09-18 18:48:06.45,0.455,63.25291061401367,63.253,-151.14154052734375,-151.142,0.025049879903093413,0.39462634921073914,0.4,0.0053736507892608865,1.9485131996887386,1.9,0.048513199688738684,42,42.0,scolv:abakken,unknown,man_confirm,manual,aka2026snrhyc,aka2026snrhyc
matched,onsite,2026-09-18 19:55:02.00,2026-09-18 19:55:02.94,0.943,56.45063781738281,56.451,-157.87899780273438,-157.879,0.04027309590821368,75.19306945800781,75.2,0.006930541992190342,1.6107165619261987,1.6,0.010716561926198631,18,18.0,scolv:abakken,unknown,man_confirm,manual,aka2026sntnxr,aka2026sntnxr
matched,onsite,2026-09-18 20:03:35.00,2026-09-18 20:03:35.23,0.237,64.78150177001953,64.782,-151.4300079345703,-151.43,0.05540192146275144,9.428681373596191,9.4,0.02868137359619105,2.0186676571326423,2.0,0.01866765713264229,41,41.0,scolv:abakken,unknown,man_confirm,manual,aka2026sntvje,aka2026sntvje
matched,onsite,2026-09-18 20:09:58.00,2026-09-18 20:09:58.31,0.319,52.69377517700195,52.694,-167.85975646972656,-167.86,0.02990509150932102,37.93318176269531,37.9,0.03318176269531392,2.3833295745884366,2.4,0.016670425411563272,29,29.0,scolv:abakken,unknown,man_confirm,manual,aka2026snuatl,aka2026snuatl
matched,onsite,2026-09-18 20:11:18.00,2026-09-18 20:11:18.29,0.295,62.76452255249023,62.765,-150.6874237060547,-150.687,0.05730111064051936,88.58696746826172,88.6,0.013032531738275566,2.439991165583834,2.4,0.03999116558383431,101,101.0,scolv:abakken,unknown,man_confirm,manual,aka2026snucah,aka2026snucah
matched,onsite,2026-09-18 20:18:27.00,2026-09-18 20:18:27.78,0.789,56.69442367553711,56.694,-155.18014526367188,-155.18,0.047938229759229484,23.97614288330078,24.0,0.02385711669921875,1.874725801733669,1.9,0.025274198266330927,22,22.0,scolv:abakken,unknown,man_confirm,manual,aka2026snuibt,aka2026snuibt
matched,onsite,2026-09-18 20:19:26.00,2026-09-18 20:19:26.83,0.839,56.16930770874023,56.169,-156.65899658203125,-156.659,0.03421630506646578,0.5875383019447327,0.6,0.012461698055267312,2.129495841032124,2.1,0.02949584103212377,38,38.0,scolv:abakken,unknown,man_confirm,manual,aka2026snujen,aka2026snujen
matched,onsite,2026-09-18 20:30:16.00,2026-09-18 20:30:16.31,0.318,64.92682647705078,64.927,-147.74432373046875,-147.744,0.0245966883582823,0.0,0.0,0.0,0.9928093302198908,1.0,0.007190669780109182,17,17.0,scolv:abakken,unknown,man_confirm,manual,aka2026snusmn,aka2026snusmn
matched,onsite,2026-09-18 20:34:10.00,2026-09-18 20:34:10.17,0.171,62.95480346679688,62.955,-149.2040557861328,-149.204,0.02203475769600083,74.0753402709961,74.1,0.024659729003900566,2.3389588353876367,2.3,0.03895883538763689,113,113.0,scolv:abakken,unknown,man_confirm,manual,aka2026snuvwd,aka2026snuvwd
matched,onsite,2026-09-18 20:55:28.00,2026-09-18 20:55:28.11,0.119,60.04048919677734,60.04,-152.95054626464844,-152.951,0.05994811754246651,118.58916473388672,118.6,0.010835266113275566,1.3527764605987012,1.4,0.04722353940129875,40,40.0,scolv:abakken,unknown,man_confirm,manual,aka2026snvoki,aka2026snvoki
matched,onsite,2026-09-18 21:09:54.00,2026-09-18 21:09:54.66,0.662,53.49327087402344,53.493,-164.87168884277344,-164.872,0.03648137578766067,26.95857620239258,27.0,0.04142379760741832,2.303650849540053,2.3,0.003650849540053347,41,41.0,scolv:abakken,unknown,man_confirm,manual,aka2026snwayp,aka2026snwayp
matched,onsite,2026-09-18 21:11:40.00,2026-09-18 21:11:40.35,0.356,56.18842697143555,56.188,-157.62110900878906,-157.621,0.047953798212167005,51.90390777587891,51.9,0.0039077758789147765,2.4899528725135105,2.5,0.010047127486489504,71,71.0,scolv:abakken,unknown,man_confirm,manual,aka2026snwcjc,aka2026snwcjc
matched,onsite,2026-09-18 21:11:46.00,2026-09-18 21:11:47.34,1.342,51.7646598815918,51.8637,-175.18002319335938,-175.2401,11.76164096238882,26.56279754638672,36.054,9.491202453613283,2.5540954170424217,2.5,0.05409541704242171,23,25.0,scolv:abakken,unknown,man_confirm,manual,aka2026snwcmc,us6000txfs
matched,onsite,2026-09-18 21:46:49.00,2026-09-18 21:46:49.68,0.686,61.57964706420898,61.58,-148.27606201171875,-148.276,0.03938164490252589,16.271671295166016,16.3,0.028328704833985086,1.6417407981774832,1.6,0.04174079817748311,41,41.0,scolv:abakken,unknown,man_confirm,manual,aka2026snxgwj,aka2026snxgwj
matched,onsite,2026-09-18 22:00:03.00,2026-09-18 22:00:03.31,0.318,63.20549774169922,63.205,-150.58628845214844,-150.586,0.057203860387755254,120.8893585205078,120.9,0.010641479492207395,1.892586852401425,1.9,0.00741314759857481,68,68.0,scolv:abakken,unknown,man_confirm,manual,aka2026snxsio,aka2026snxsio
matched,onsite,2026-09-18 22:18:45.00,2026-09-18 22:18:45.60,0.609,60.74421691894531,60.744,-149.42271423339844,-149.423,0.028686994102473093,14.39083480834961,14.4,0.00916519165039098,1.7827943012331584,1.8,0.017205698766841637,52,52.0,scolv:abakken,unknown,man_confirm,manual,aka2026snyirr,aka2026snyirr
matched,onsite,2026-09-18 23:07:19.00,2026-09-18 23:07:19.91,0.916,52.43082427978516,52.4379,-171.18516540527344,-171.1811,0.8336583499667501,99.26933288574219,99.699,0.42966711425781057,3.1573279277496256,3.0,0.15732792774962556,53,26.0,scolv:abakken,unknown,man_confirm,manual,aka2026snzzcb,us6000txfz
matched,onsite,2026-09-18 23:20:05.00,2026-09-18 23:20:05.82,0.824,63.22383499145508,63.224,-150.2867889404297,-150.287,0.02117633367771648,110.22988891601562,110.2,0.029888916015622158,2.2815914394457835,2.3,0.018408560554216358,95,95.0,scolv:abakken,unknown,man_confirm,manual,aka2026soajsw,aka2026soajsw
matched,onsite,2026-09-18 23:30:17.00,2026-09-18 23:30:17.57,0.575,61.46719360351562,61.4752,-140.50497436523438,-140.5562,2.8623949280595276,1.4041051864624023,5.0,3.5958948135375977,2.647454697146268,2.6,0.04745469714626793,38,28.0,scolv:abakken,unknown,man_confirm,manual,aka2026soasos,us7000tigg
matched,onsite,2026-09-18 23:38:54.00,2026-09-18 23:38:54.28,0.287,56.90885162353516,56.909,-156.95721435546875,-156.957,0.021013210072717906,5.939050197601318,5.9,0.039050197601318004,1.7478855024605036,1.7,0.047885502460503604,28,28.0,scolv:abakken,unknown,man_confirm,manual,aka2026sobaax,aka2026sobaax
matched,onsite,2026-09-18 23:43:33.00,2026-09-18 23:43:33.59,0.591,63.03144454956055,63.031,-151.00086975097656,-151.001,0.04986610935567506,123.21957397460938,123.2,0.019573974609372158,1.5841844897798696,1.6,0.015815510220130502,34,34.0,scolv:abakken,unknown,man_confirm,manual,aka2026sobebz,aka2026sobebz
matched,onsite,2026-09-19 00:29:16.00,2026-09-19 00:29:16.45,0.45,64.87383270263672,64.874,-147.93594360351562,-147.936,0.018792221435357716,12.889602661132812,12.9,0.010397338867187855,1.1104504381031386,1.1,0.010450438103138504,26,26.0,scolv:djgossett,unknown,man_confirm,manual,aka2026socrsl,aka2026socrsl
matched,onsite,2026-09-19 00:42:38.00,2026-09-19 00:42:38.61,0.61,58.68840789794922,58.688,-154.31011962890625,-154.31,0.04587999069393707,106.69993591308594,106.7,6.408691406534217e-05,1.6880595075133538,1.7,0.011940492486646193,55,55.0,scolv:djgossett,unknown,man_confirm,manual,aka2026soddcg,aka2026soddcg
matched,onsite,2026-09-19 00:44:28.00,2026-09-19 00:44:28.39,0.392,53.42005920410156,53.42,-164.9690704345703,-164.969,0.008069896535566536,1.2297108173370361,1.2,0.029710817337036177,2.138533944224746,2.1,0.0385339442247461,15,15.0,scolv:djgossett,unknown,man_confirm,manual,aka2026sodezm,aka2026sodezm
matched,onsite,2026-09-19 00:52:42.00,2026-09-19 00:52:42.28,0.283,57.85085678100586,57.851,-155.9766387939453,-155.977,0.02665316466837983,110.93093872070312,110.9,0.030938720703119316,1.07324078479695,1.1,0.026759215203050024,30,30.0,scolv:djgossett,unknown,man_confirm,manual,aka2026sodltp,aka2026sodltp
matched,onsite,2026-09-19 01:24:10.00,2026-09-19 01:24:10.22,0.221,53.90082550048828,53.901,-166.66476440429688,-166.665,0.024793737273780685,10.689384460449219,10.7,0.01061553955078054,2.039597182537066,2.0,0.03959718253706601,39,39.0,scolv:djgossett,unknown,man_confirm,manual,aka2026soenie,aka2026soenie
matched,onsite,2026-09-19 01:26:55.00,2026-09-19 01:26:55.64,0.647,61.8505859375,61.851,-149.66543579101562,-149.665,0.05140479793510186,24.43402099609375,24.4,0.03402099609375142,1.791920709546357,1.8,0.008079290453643084,58,58.0,scolv:djgossett,unknown,man_confirm,manual,aka2026soepjv,aka2026soepjv
matched,onsite,2026-09-19 01:57:21.00,2026-09-19 01:57:21.08,0.082,59.8892822265625,59.889,-152.17442321777344,-152.174,0.03927095892465514,91.25564575195312,91.3,0.04435424804687216,1.239895793755017,1.2,0.03989579375501706,35,35.0,scolv:djgossett,unknown,man_confirm,manual,aka2026sofqcb,aka2026sofqcb
matched,onsite,2026-09-19 02:08:49.00,2026-09-19 02:08:49.90,0.907,60.17516708374023,60.175,-152.3964080810547,-152.396,0.029231703926722613,87.9301528930664,87.9,0.030152893066400566,1.840735757353886,1.8,0.040735757353886015,57,57.0,scolv:djgossett,unknown,man_confirm,manual,aka2026sogabd,aka2026sogabd
matched,onsite,2026-09-19 03:00:22.00,2026-09-19 03:00:22.28,0.28,62.52712631225586,62.527,-148.1868438720703,-148.187,0.016168290324937617,57.31235885620117,57.3,0.012358856201174717,1.9948509147070466,2.0,0.005149085292953437,72,72.0,scolv:djgossett,unknown,man_confirm,manual,aka2026sohssn,aka2026sohssn
matched,onsite,2026-09-19 03:15:43.00,2026-09-19 03:15:43.77,0.779,59.83800506591797,59.838,-152.79261779785156,-152.793,0.02136087607021622,104.7706069946289,104.8,0.029393005371090908,2.1049390440639746,2.1,0.004939044063974496,104,104.0,scolv:djgossett,unknown,man_confirm,manual,aka2026soigah,aka2026soigah
matched,onsite,2026-09-19 04:17:34.00,2026-09-19 04:17:34.63,0.631,51.77385711669922,51.8007,179.60943603515625,179.6378,3.5658456869709534,99.26676177978516,97.57,1.696761779785163,2.108545598167801,2.6,0.49145440183219913,15,16.0,scolv:djgossett,unknown,man_confirm,manual,aka2026sojzwq,us6000txfm
matched,onsite,2026-09-19 04:21:52.00,2026-09-19 04:21:52.86,0.866,61.64790344238281,61.648,-153.93414306640625,-153.934,0.013128201000829027,10.0,10.0,0.0,2.028066484240991,2.0,0.028066484240990786,61,61.0,scolv:djgossett,unknown,man_confirm,manual,aka2026sokllf,aka2026sokllf
matched,onsite,2026-09-19 04:25:38.00,2026-09-19 04:25:38.16,0.162,60.52976989746094,60.53,-141.32229614257812,-141.322,0.030283763139492825,11.30259609222412,11.3,0.002596092224118607,2.2021764498869207,2.2,0.0021764498869205617,35,35.0,scolv:djgossett,unknown,man_confirm,manual,aka2026sokork,aka2026sokork
matched,onsite,2026-09-19 04:27:06.00,2026-09-19 04:27:06.68,0.682,57.84555053710938,57.846,-155.7707977294922,-155.771,0.051391434895434705,21.530960083007812,21.5,0.0309600830078125,0.9324994244058001,0.9,0.032499424405800115,23,23.0,scolv:djgossett,unknown,man_confirm,manual,aka2026sokpyd,aka2026sokpyd
matched,onsite,2026-09-19 04:39:46.00,2026-09-19 04:39:46.66,0.665,56.78187942504883,56.782,-157.07078552246094,-157.071,0.01872034023771429,73.86919403076172,73.9,0.030805969238286934,1.6835946254328837,1.7,0.016405374567116215,21,21.0,scolv:djgossett,unknown,man_confirm,manual,aka2026solayc,aka2026solayc
matched,onsite,2026-09-19 04:56:50.00,2026-09-19 04:56:51.22,1.222,54.50500869750977,54.4165,-159.982421875,-159.9175,10.698912325623493,15.55118465423584,35.0,19.44881534576416,2.4901356872895635,2.5,0.009864312710436529,36,26.0,scolv:djgossett,unknown,man_confirm,manual,aka2026solpsh,us6000txgc
matched,onsite,2026-09-19 05:07:38.00,2026-09-19 05:07:38.77,0.772,61.17417907714844,61.174,-150.5586395263672,-150.559,0.027748843762468466,53.84001541137695,53.8,0.04001541137695597,1.88070817980154,1.9,0.019291820198459986,78,78.0,scolv:djgossett,unknown,man_confirm,manual,aka2026solzbx,aka2026solzbx
matched,onsite,2026-09-19 05:23:20.00,2026-09-19 05:23:20.98,0.988,59.7654037475586,59.765,-153.34056091308594,-153.341,0.051185582200610695,132.87342834472656,132.9,0.026571655273443184,1.4924513972982936,1.5,0.0075486027017064306,36,36.0,scolv:djgossett,unknown,man_confirm,manual,aka2026sommrt,aka2026sommrt
matched,onsite,2026-09-19 05:38:52.00,2026-09-19 05:38:52.76,0.767,61.07985305786133,61.08,-151.078857421875,-151.079,0.018048545687570135,62.7853012084961,62.8,0.014698791503896302,1.3150427328710375,1.3,0.015042732871037412,15,15.0,scolv:djgossett,unknown,man_confirm,manual,aka2026sonadg,aka2026sonadg
matched,onsite,2026-09-19 05:46:26.00,2026-09-19 05:46:26.65,0.657,61.48146057128906,61.481,-146.68728637695312,-146.687,0.053422297597551134,49.93472671508789,49.9,0.034726715087892046,1.7157714469894672,1.7,0.015771446989467197,33,33.0,scolv:djgossett,unknown,man_confirm,manual,aka2026songsy,aka2026songsy
matched,onsite,2026-09-19 06:21:35.00,2026-09-19 06:21:35.22,0.223,54.32119750976562,54.321,-161.63035583496094,-161.63,0.031857318147455384,0.966985285282135,1.0,0.03301471471786499,2.36888856948607,2.4,0.03111143051392995,30,30.0,scolv:djgossett,unknown,man_confirm,manual,aka2026soolff,aka2026soolff
matched,onsite,2026-09-19 06:25:31.00,2026-09-19 06:25:31.28,0.284,55.70711135864258,55.707,-157.35153198242188,-157.352,0.031828656343070236,6.561171531677246,6.6,0.03882846832275355,2.0416960801392263,2.0,0.04169608013922632,15,15.0,scolv:djgossett,unknown,man_confirm,manual,aka2026sooose,aka2026sooose
matched,onsite,2026-09-19 06:28:34.00,2026-09-19 06:28:34.69,0.695,61.44257736206055,61.443,-149.78762817382812,-149.788,0.05098218624439349,36.80945587158203,36.8,0.009455871582034092,1.6406697176643708,1.6,0.040669717664370664,46,46.0,scolv:djgossett,unknown,man_confirm,manual,aka2026soorgk,aka2026soorgk
matched,onsite,2026-09-16 00:12:54.00,2026-09-16 00:12:54.00,0.001,65.20722198486328,65.207,-152.3828125,-152.383,0.026186192622123326,2.108809471130371,2.1,0.008809471130371005,1.6598344511230243,1.7,0.040165548876975654,26,26.0,scolv:abakken,unknown,man_confirm,manual,aka2026siobva,aka2026siobva
matched,onsite,2026-09-19 07:10:09.00,2026-09-19 07:10:09.86,0.861,61.49045181274414,61.49,-154.16221618652344,-154.162,0.05153287549144098,14.392640113830566,14.4,0.007359886169433949,1.58495207446028,1.6,0.015047925539720008,19,19.0,scolv:djgossett,unknown,man_confirm,manual,aka2026soqbhs,aka2026soqbhs
matched,onsite,2026-09-16 02:04:43.00,2026-09-16 02:04:43.05,0.05,64.83684539794922,64.837,-152.0863037109375,-152.086,0.022399108874773463,6.900432109832764,6.9,0.0004321098327633166,1.7983489203958896,1.8,0.0016510796041104836,26,26.0,scolv:abakken,unknown,man_confirm,manual,aka2026sirutu,aka2026sirutu
matched,onsite,2026-09-16 08:19:08.00,2026-09-16 08:19:08.83,0.832,65.32813262939453,65.328,-153.61422729492188,-153.614,0.018132743214843577,5.0,5.0,0.0,1.88486621765846,1.9,0.015133782341539836,24,24.0,scolv:abakken,unknown,man_confirm,manual,aka2026sjehkt,aka2026sjehkt
matched,onsite,2026-09-16 10:43:52.00,2026-09-16 10:43:52.37,0.371,69.53313446044922,69.533,-144.23297119140625,-144.233,0.014993218924739326,5.0,5.0,0.0,1.8121744967667834,1.8,0.012174496766783394,15,15.0,scolv:abakken,unknown,man_confirm,manual,aka2026sjjcxk,aka2026sjjcxk
matched,onsite,2026-09-16 16:58:53.00,2026-09-16 16:58:53.77,0.77,67.45094299316406,67.451,-142.47927856445312,-142.479,0.013463662002392051,1.8868829011917114,1.9,0.013117098808288485,1.8034573543480739,1.8,0.0034573543480738156,20,20.0,scolv:abakken,unknown,man_confirm,manual,aka2026sjvqbu,aka2026sjvqbu
matched,onsite,2026-09-19 07:40:14.00,2026-09-19 07:40:14.83,0.835,58.0126838684082,58.013,-151.65647888183594,-151.656,0.04507052159363526,27.85087013244629,27.9,0.049129867553709516,2.0661864901717757,2.1,0.0338135098282244,48,48.0,scolv:djgossett,unknown,man_confirm,manual,aka2026sorbkd,aka2026sorbkd
matched,onsite,2026-09-19 07:53:08.00,2026-09-19 07:53:08.86,0.869,54.49454498291016,54.495,-160.10690307617188,-160.107,0.05098129697150542,16.675151824951172,16.7,0.024848175048827414,2.472855182010302,2.5,0.027144817989698034,36,36.0,scolv:djgossett,unknown,man_confirm,manual,aka2026sormoy,aka2026sormoy
matched,onsite,2026-09-19 07:56:03.00,2026-09-19 07:56:03.53,0.531,61.12431716918945,61.124,-150.91627502441406,-150.916,0.038234819232019844,16.9123592376709,16.9,0.012359237670899859,1.5650169040491544,1.6,0.0349830959508457,41,41.0,scolv:djgossett,unknown,man_confirm,manual,aka2026sorpcn,aka2026sorpcn
matched,onsite,2026-09-19 08:01:42.00,2026-09-19 08:01:42.54,0.547,60.88763809204102,60.888,-150.0749053955078,-150.075,0.040566473117375955,38.61339569091797,38.6,0.013395690917967329,2.309994031244197,2.3,0.009994031244197288,118,118.0,scolv:djgossett,unknown,man_confirm,manual,aka2026sortzr,aka2026sortzr
matched,onsite,2026-09-19 08:33:36.00,2026-09-19 08:33:36.88,0.882,59.89845657348633,59.898,-152.27809143066406,-152.278,0.05102406876724032,83.5765380859375,83.6,0.023461914062494316,1.2659655815224395,1.3,0.0340344184775605,35,35.0,scolv:djgossett,unknown,man_confirm,manual,aka2026sosvrf,aka2026sosvrf
matched,onsite,2026-09-19 08:47:51.00,2026-09-19 08:47:51.18,0.187,52.02622604370117,52.026,-170.79928588867188,-170.799,0.03184902250048354,18.52047348022461,18.5,0.020473480224609375,3.98547682954365,4.0,0.014523170456349987,57,57.0,scolv:djgossett,unknown,man_confirm,manual,aka2026sotica,aka2026sotica
matched,onsite,2026-09-19 08:49:47.00,2026-09-19 08:49:47.29,0.296,64.63164520263672,64.632,-147.9004364013672,-147.9,0.04459436979771837,13.018647193908691,13.0,0.018647193908691406,1.464296613292899,1.5,0.03570338670710105,34,34.0,scolv:djgossett,unknown,man_confirm,manual,aka2026sotjsj,aka2026sotjsj
matched,onsite,2026-09-19 08:53:32.00,2026-09-19 08:53:32.83,0.83,61.16299438476562,61.163,-146.82205200195312,-146.822,0.002857980749299692,18.883852005004883,18.9,0.016147994995115766,1.1963762736305446,1.2,0.0036237263694554045,16,16.0,scolv:djgossett,unknown,man_confirm,manual,aka2026sotmzg,aka2026sotmzg
matched,onsite,2026-09-19 09:08:38.00,2026-09-19 09:08:38.58,0.582,58.23422622680664,58.234,-154.90914916992188,-154.909,0.026627784098748136,10.0,10.0,0.0,0.8782263223581328,0.9,0.021773677641867217,21,21.0,scolv:djgossett,unknown,man_confirm,manual,aka2026souaba,aka2026souaba
matched,onsite,2026-09-19 09:23:33.00,2026-09-19 09:23:33.47,0.473,54.00090408325195,54.001,-157.09303283691406,-157.093,0.010879238087857332,5.0,5.0,0.0,2.7872312790616554,2.8,0.012768720938344469,27,27.0,scolv:djgossett,unknown,man_confirm,manual,aka2026soumzk,aka2026soumzk
matched,onsite,2026-09-19 09:35:25.00,2026-09-19 09:35:25.16,0.162,59.53203201293945,59.532,-152.93495178222656,-152.935,0.004479084670241731,91.05850219726562,91.1,0.041497802734369316,1.601793762472347,1.6,0.0017937624723469714,52,52.0,scolv:djgossett,unknown,man_confirm,manual,aka2026souxgj,aka2026souxgj
matched,onsite,2026-09-19 09:58:18.00,2026-09-19 09:58:18.87,0.875,57.87753677368164,57.878,-155.4331817626953,-155.433,0.05261758637017579,17.65947914123535,17.7,0.04052085876464773,0.94267001487923,0.9,0.042670014879229945,25,25.0,scolv:djgossett,unknown,man_confirm,manual,aka2026sovrcv,aka2026sovrcv
matched,onsite,2026-09-19 11:01:09.00,2026-09-19 11:01:09.91,0.915,60.43294906616211,60.433,-148.7770233154297,-148.777,0.005806266681701419,19.125158309936523,19.1,0.025158309936522016,1.8477729710865318,1.8,0.04777297108653178,44,44.0,scolv:djgossett,unknown,man_confirm,manual,aka2026soxtpr,aka2026soxtpr
matched,onsite,2026-09-19 11:01:43.00,2026-09-19 11:01:43.71,0.713,57.37895965576172,57.379,-155.17420959472656,-155.174,0.013340615983630531,53.59017562866211,53.6,0.009824371337892046,2.3706639696821594,2.4,0.02933603031784049,74,74.0,scolv:djgossett,unknown,man_confirm,manual,aka2026soxubn,aka2026soxubn
matched,onsite,2026-09-19 11:18:42.00,2026-09-19 11:18:42.66,0.665,57.73811340332031,57.738,-154.61016845703125,-154.61,0.01609297003873167,63.08882904052734,63.1,0.011170959472664777,2.144828586734919,2.1,0.04482858673491874,69,69.0,scolv:djgossett,unknown,man_confirm,manual,aka2026soyium,aka2026soyium
matched,onsite,2026-09-19 11:42:13.00,2026-09-19 11:42:13.34,0.345,57.86450958251953,57.865,-155.08438110351562,-155.084,0.05900703687496864,91.7679214477539,91.8,0.03207855224609091,1.1707569980703638,1.2,0.029243001929636137,26,26.0,scolv:djgossett,unknown,man_confirm,manual,aka2026sozdfb,aka2026sozdfb
matched,onsite,2026-09-19 11:43:39.00,2026-09-19 11:43:39.65,0.653,57.79806137084961,57.798,-154.29100036621094,-154.291,0.006824161623231111,55.44158554077148,55.4,0.04158554077147869,1.5173553105303272,1.5,0.01735531053032724,30,30.0,scolv:djgossett,unknown,man_confirm,manual,aka2026sozelf,aka2026sozelf
matched,onsite,2026-09-19 11:52:25.00,2026-09-19 11:52:25.00,0.005,50.91228485107422,50.912,-179.8777618408203,-179.878,0.035805591533009384,10.044488906860352,10.0,0.04448890686035156,2.7287135743752065,2.7,0.028713574375206274,15,15.0,scolv:djgossett,unknown,man_confirm,manual,aka2026sozmel,aka2026sozmel
matched,onsite,2026-09-19 11:53:34.00,2026-09-19 11:53:34.26,0.266,57.54387664794922,57.544,-154.71929931640625,-154.719,0.0225200305817125,75.9324951171875,75.9,0.032495117187494316,1.8914784633788158,1.9,0.008521536621184156,67,67.0,scolv:djgossett,unknown,man_confirm,manual,aka2026sozndd,aka2026sozndd
matched,onsite,2026-09-19 12:11:47.00,2026-09-19 12:11:47.12,0.121,57.72677612304688,57.727,-152.2142791748047,-152.214,0.02990747655316234,42.406124114990234,42.4,0.006124114990235796,2.407906497797291,2.4,0.007906497797291134,86,86.0,scolv:djgossett,unknown,man_confirm,manual,aka2026spacwr,aka2026spacwr
matched,onsite,2026-09-19 12:44:03.00,2026-09-19 12:44:03.37,0.379,52.24947738647461,52.2629,-169.3631134033203,-169.4516,6.205099174199664,19.67644691467285,37.555,17.878553085327148,3.9857781189697,4.0,0.014221881030299866,78,47.0,scolv:djgossett,unknown,man_confirm,manual,aka2026spbesg,us7000tikp
matched,onsite,2026-09-19 13:28:36.00,2026-09-19 13:28:36.61,0.617,59.7766342163086,59.777,-152.21495056152344,-152.215,0.04076731351479929,72.92233276367188,72.9,0.022332763671869316,1.7393273105213147,1.7,0.03932731052131477,67,67.0,scolv:djgossett,unknown,man_confirm,manual,aka2026spcrlr,aka2026spcrlr
matched,onsite,2026-09-19 13:58:57.00,2026-09-19 13:58:57.90,0.903,62.25448608398438,62.254,-150.2686309814453,-150.269,0.057326520265133026,20.919673919677734,20.9,0.019673919677735796,1.536674686359468,1.5,0.03667468635946802,24,24.0,scolv:djgossett,unknown,man_confirm,manual,aka2026spdrtk,aka2026spdrtk
matched,onsite,2026-09-19 14:00:24.00,2026-09-19 14:00:24.63,0.632,59.7305908203125,59.731,-152.74624633789062,-152.746,0.04754752662859185,89.2694091796875,89.3,0.030590820312497158,1.3200193865812109,1.3,0.02001938658121083,35,35.0,scolv:djgossett,unknown,man_confirm,manual,aka2026spdtam,aka2026spdtam
matched,onsite,2026-09-19 14:19:59.00,2026-09-19 14:19:59.93,0.936,51.72844314575195,51.728,176.66648864746094,176.666,0.05967179917967229,4.757519245147705,4.8,0.042480754852294744,3.0017410781466545,3.0,0.0017410781466544734,17,17.0,scolv:djgossett,unknown,man_confirm,manual,aka2026spekcp,aka2026spekcp
matched,onsite,2026-09-19 14:27:22.00,2026-09-19 14:27:22.17,0.176,64.75582122802734,64.756,-151.68885803222656,-151.689,0.020987643486254547,7.235764026641846,7.2,0.035764026641845525,2.381951977892913,2.4,0.018048022107087114,64,64.0,scolv:djgossett,unknown,man_confirm,manual,aka2026speqkg,aka2026speqkg
matched,onsite,2026-09-19 14:45:35.00,2026-09-19 14:45:35.37,0.374,51.12885284423828,51.129,-178.4154052734375,-178.415,0.03267359797698361,20.505046844482422,20.5,0.005046844482421875,2.4093308426807063,2.4,0.009330842680706386,26,26.0,scolv:djgossett,unknown,man_confirm,manual,aka2026spfgfa,aka2026spfgfa
matched,onsite,2026-09-19 15:27:36.00,2026-09-19 15:27:36.88,0.884,60.36788940429688,60.368,-147.9139862060547,-147.914,0.01232104190992311,14.059518814086914,14.1,0.04048118591308558,2.104163500418629,2.1,0.004163500418628896,58,58.0,scolv:djgossett,unknown,man_confirm,manual,aka2026spgqqi,aka2026spgqqi
matched,onsite,2026-09-19 15:34:29.00,2026-09-19 15:34:29.05,0.059,51.72446060180664,51.724,-175.60659790039062,-175.607,0.05822565905033668,14.966645240783691,15.0,0.033354759216308594,2.3379767847855595,2.3,0.03797678478555966,26,26.0,scolv:djgossett,unknown,man_confirm,manual,aka2026spgwpj,aka2026spgwpj
matched,onsite,2026-09-19 15:45:06.00,2026-09-19 15:45:06.03,0.036,54.50580215454102,54.506,-160.38389587402344,-160.384,0.023003631343130795,3.199834108352661,3.2,0.00016589164733904482,2.6612613579388156,2.7,0.0387386420611846,31,31.0,scolv:djgossett,unknown,man_confirm,manual,aka2026sphfvp,aka2026sphfvp
matched,onsite,2026-09-19 15:55:46.00,2026-09-19 15:55:46.53,0.538,60.03328323364258,60.033,-151.46505737304688,-151.465,0.03165494479606662,83.8734359741211,83.9,0.026564025878911934,2.6258253109524525,2.6,0.02582531095245244,148,148.0,scolv:djgossett,unknown,man_confirm,manual,aka2026sphpae,aka2026sphpae
matched,onsite,2026-09-19 16:39:55.00,2026-09-19 16:39:55.96,0.962,58.24946594238281,58.285,-154.79345703125,-154.919,8.337894575966859,5.0,5.2,0.20000000000000018,0.649006688627217,0.6,0.04900668862721702,9,7.0,scolv:djgossett,unknown,man_reject,automatic,aka2026spjbip,aka2026spjbip
matched,onsite,2026-09-19 16:42:11.00,2026-09-19 16:42:11.05,0.058,54.64599227905273,54.646,-159.98255920410156,-159.983,0.0283739512433892,5.215271949768066,5.2,0.015271949768066229,2.446532341620521,2.4,0.04653234162052122,21,21.0,scolv:djgossett,unknown,man_confirm,manual,aka2026spjdix,aka2026spjdix
matched,onsite,2026-09-19 16:55:16.00,2026-09-19 16:55:16.55,0.556,54.43151473999023,54.432,-160.07191467285156,-160.072,0.054239952342924815,1.0676147937774658,1.1,0.03238520622253427,2.451833819580268,2.5,0.048166180419732196,16,16.0,scolv:djgossett,unknown,man_confirm,manual,aka2026spjora,aka2026spjora
matched,onsite,2026-09-19 17:11:00.00,2026-09-19 17:11:00.91,0.913,54.3335075378418,54.334,-161.60191345214844,-161.602,0.05504603445019315,1.7522326707839966,1.8,0.04776732921600346,2.70932634612055,2.7,0.009326346120549722,25,25.0,scolv:djgossett,unknown,man_confirm,manual,aka2026spkcht,aka2026spkcht
matched,onsite,2026-09-19 17:17:06.00,2026-09-19 17:17:06.03,0.033,62.74831008911133,62.748,-149.39584350585938,-149.396,0.03538904600395457,69.5489730834961,69.5,0.04897308349609375,1.470976006363511,1.5,0.02902399363648911,29,29.0,scolv:djgossett,unknown,man_confirm,manual,aka2026spkhok,aka2026spkhok
matched,onsite,2026-09-19 17:28:02.00,2026-09-19 17:28:02.65,0.656,56.62645721435547,56.626,-155.4566192626953,-155.457,0.05592025331224524,7.091238021850586,7.1,0.008761978149413707,2.094597596692799,2.1,0.005402403307201098,16,16.0,scolv:djgossett,unknown,man_confirm,manual,aka2026spkrdt,aka2026spkrdt
matched,onsite,2026-09-19 18:53:36.00,2026-09-19 18:53:36.48,0.489,60.59645462036133,60.596,-141.22340393066406,-141.223,0.05515181096584527,21.9020938873291,21.9,0.0020938873291029836,1.6805218628734977,1.7,0.01947813712650226,23,23.0,scolv:djgossett,unknown,man_confirm,manual,aka2026spnngj,aka2026spnngj
matched,onsite,2026-09-19 18:56:13.00,2026-09-19 18:56:13.65,0.658,60.53845596313477,60.538,-139.89942932128906,-139.899,0.05587368791120452,5.534540176391602,5.5,0.03454017639160156,1.8762506259878342,1.9,0.023749374012165703,17,17.0,scolv:djgossett,unknown,man_confirm,manual,aka2026spnpmz,aka2026spnpmz
matched,onsite,2026-09-19 19:02:26.00,2026-09-19 19:02:26.39,0.398,60.36893844604492,60.369,-147.5730438232422,-147.573,0.007256129887824205,16.690092086791992,16.7,0.009907913208007102,1.6352416620422963,1.6,0.035241662042296173,28,28.0,scolv:djgossett,unknown,man_confirm,manual,aka2026spnvaq,aka2026spnvaq
matched,onsite,2026-09-19 19:11:26.00,2026-09-19 19:11:26.10,0.1,59.85026931762695,59.85,-153.41920471191406,-153.419,0.032054972377524554,141.10438537597656,141.1,0.004385375976568184,2.0327039660093944,2.0,0.0327039660093944,60,60.0,scolv:djgossett,unknown,man_confirm,manual,aka2026spobdy,aka2026spobdy
matched,onsite,2026-09-19 19:14:08.00,2026-09-19 19:14:08.98,0.982,58.1272964477539,58.127,-156.3574981689453,-156.357,0.044069843958880396,12.849430084228516,12.8,0.049430084228514914,1.5437886081503194,1.5,0.043788608150319375,40,40.0,scolv:djgossett,unknown,man_confirm,manual,aka2026spofay,aka2026spofay
matched,onsite,2026-09-19 19:15:20.00,2026-09-19 19:15:20.27,0.272,51.37284469604492,51.373,-177.9024200439453,-177.902,0.03388699446257511,43.767784118652344,43.8,0.03221588134765341,2.7458860105206746,2.7,0.045886010520674425,57,57.0,scolv:djgossett,unknown,man_confirm,manual,aka2026spogai,aka2026spogai
matched,onsite,2026-09-19 19:18:17.00,2026-09-19 19:18:17.19,0.193,63.43057632446289,63.431,-151.6527557373047,-151.653,0.04865172352533992,1.2185494899749756,1.2,0.01854948997497563,1.7953374172447785,1.8,0.004662582755221578,28,28.0,scolv:djgossett,unknown,man_confirm,manual,aka2026spoiqh,aka2026spoiqh
matched,onsite,2026-09-19 19:28:51.00,2026-09-19 19:28:51.81,0.813,59.71754837036133,59.718,-152.7163848876953,-152.716,0.05465970809971116,85.966796875,86.0,0.033203125,1.713075509850458,1.7,0.013075509850458022,54,54.0,scolv:djgossett,unknown,man_confirm,manual,aka2026sporqt,aka2026sporqt
matched,onsite,2026-09-19 19:41:39.00,2026-09-19 19:41:39.17,0.173,52.22551727294922,52.226,-175.66293334960938,-175.663,0.05386843176786788,177.16848754882812,177.2,0.03151245117186363,2.660975488650667,2.7,0.039024511349333046,37,37.0,scolv:djgossett,unknown,man_confirm,manual,aka2026sppcxh,aka2026sppcxh
matched,onsite,2026-09-19 20:01:00.00,2026-09-19 20:01:00.87,0.87,57.85647964477539,57.856,-153.6327362060547,-153.633,0.05557047358202914,52.45700073242188,52.5,0.042999267578117895,1.8483847107059457,1.8,0.04838471070594563,24,24.0,scolv:djgossett,unknown,man_confirm,manual,aka2026spptrk,aka2026spptrk
matched,onsite,2026-09-19 20:08:20.00,2026-09-19 20:08:20.26,0.261,52.83372497558594,52.834,-167.5795135498047,-167.58,0.0447554934097441,41.07957077026367,41.1,0.020429229736329546,2.692151158913928,2.7,0.007848841086071978,27,27.0,scolv:djgossett,unknown,man_confirm,manual,aka2026sppzvy,aka2026sppzvy
matched,onsite,2026-09-19 20:20:42.00,2026-09-19 20:20:42.56,0.565,69.51334381103516,69.513,-144.1249237060547,-144.125,0.03834517010385896,1.8280140161514282,1.8,0.028014016151428178,2.5945775602205896,2.6,0.005422439779410482,43,43.0,scolv:djgossett,unknown,man_confirm,manual,aka2026spqkpb,aka2026spqkpb
matched,onsite,2026-09-19 20:28:45.00,2026-09-19 20:28:45.81,0.816,50.93513488769531,50.935,-179.92530822753906,-179.925,0.026296105963792265,8.933707237243652,8.9,0.03370723724365199,3.009137698049816,3.0,0.009137698049816123,35,35.0,scolv:djgossett,unknown,man_confirm,manual,aka2026spqrrn,aka2026spqrrn
matched,onsite,2026-09-19 20:47:51.00,2026-09-19 20:47:51.32,0.329,61.02898025512695,61.029,-147.28353881835938,-147.284,0.02493569747331166,25.989253997802734,26.0,0.010746002197265625,1.6113168702342962,1.6,0.011316870234296061,35,35.0,scolv:djgossett,unknown,man_confirm,manual,aka2026sprihr,aka2026sprihr
matched,onsite,2026-09-19 21:28:32.00,2026-09-19 21:28:32.82,0.829,63.33110427856445,63.331,-145.47439575195312,-145.474,0.022903308113242735,9.09164047241211,9.1,0.00835952758789027,1.3289050025656002,1.3,0.028905002565600135,26,26.0,scolv:djgossett,unknown,man_confirm,manual,aka2026spsrpe,aka2026spsrpe
matched,onsite,2026-09-19 21:34:04.00,2026-09-19 21:34:04.83,0.839,63.80651092529297,63.807,-147.65264892578125,-147.653,0.05704722027417572,1.634351134300232,1.6,0.034351134300231845,1.630693805329866,1.6,0.030693805329865986,45,45.0,scolv:djgossett,unknown,man_confirm,manual,aka2026spswjx,aka2026spswjx
matched,onsite,2026-09-19 21:37:04.00,2026-09-19 21:37:04.11,0.115,51.24847412109375,51.248,-177.01168823242188,-177.012,0.05701105871722733,29.79636764526367,29.8,0.0036323547363323883,2.222447866394162,2.2,0.022447866394161853,18,18.0,scolv:djgossett,unknown,man_confirm,manual,aka2026spsywo,aka2026spsywo
matched,onsite,2026-09-19 21:55:43.00,2026-09-19 21:55:43.26,0.266,60.11714553833008,60.117,-152.4089813232422,-152.409,0.016216168203883764,94.71097564697266,94.7,0.010975646972653408,2.5762302651643316,2.6,0.023769734835668466,166,166.0,scolv:djgossett,unknown,man_confirm,manual,aka2026sptokh,aka2026sptokh
matched,onsite,2026-09-19 22:18:04.00,2026-09-19 22:18:04.30,0.309,59.14236068725586,59.142,-153.2586212158203,-153.259,0.04555475542023565,21.23088264465332,21.2,0.030882644653321023,1.7654421380851655,1.8,0.034557861914834564,34,34.0,scolv:djgossett,unknown,man_confirm,manual,aka2026spuinj,aka2026spuinj
matched,onsite,2026-09-19 22:27:03.00,2026-09-19 22:27:03.08,0.088,60.4098892211914,60.41,-152.04588317871094,-152.046,0.013888036076928477,92.411865234375,92.4,0.011865234374994316,1.408237744335784,1.4,0.00823774433578417,32,32.0,scolv:djgossett,unknown,man_confirm,manual,aka2026spupmj,aka2026spupmj
matched,onsite,2026-09-19 22:41:43.00,2026-09-19 22:41:43.55,0.55,60.04774856567383,60.048,-150.7847900390625,-150.785,0.03029081952040141,50.30117416381836,50.3,0.0011741638183622172,1.6765022843166342,1.7,0.023497715683365783,26,26.0,scolv:djgossett,unknown,man_confirm,manual,aka2026spvcyl,aka2026spvcyl
matched,onsite,2026-09-19 22:42:49.00,2026-09-19 22:42:49.94,0.943,60.88725280761719,60.887,-150.0753631591797,-150.075,0.03429610989077528,39.78957748413086,39.8,0.010422515869137783,1.684138628256285,1.7,0.015861371743715047,45,45.0,scolv:djgossett,unknown,man_confirm,manual,aka2026spvcxu,aka2026spvcxu
matched,onsite,2026-09-19 23:10:34.00,2026-09-19 23:10:34.29,0.293,64.98464965820312,64.985,-147.40171813964844,-147.402,0.04114887097205498,2.1668715476989746,2.2,0.03312845230102557,1.3428656485071535,1.3,0.042865648507153464,24,24.0,scolv:djgossett,unknown,man_confirm,manual,aka2026spwcaz,aka2026spwcaz
matched,onsite,2026-09-19 23:27:01.00,2026-09-19 23:27:01.11,0.111,60.29230880737305,60.292,-152.08975219726562,-152.09,0.036953401967917215,80.04169464111328,80.0,0.04169464111328125,1.4856636187573966,1.5,0.014336381242603391,33,33.0,scolv:djgossett,unknown,man_confirm,manual,aka2026spwqhz,aka2026spwqhz
matched,onsite,2026-09-20 00:07:53.00,2026-09-20 00:07:53.69,0.695,64.77892303466797,64.779,-149.1917266845703,-149.192,0.015522452394926159,14.577973365783691,14.6,0.02202663421630824,1.2212375505509365,1.2,0.021237550550936568,31,31.0,scolv:abakken,unknown,man_confirm,manual,aka2026spxztd,aka2026spxztd
matched,onsite,2026-09-20 00:32:03.00,2026-09-20 00:32:03.66,0.669,57.42017364501953,57.42,-155.19912719726562,-155.199,0.02075620297702235,71.42353057861328,71.4,0.023530578613275566,1.8703818225517364,1.9,0.02961817744826356,36,36.0,scolv:abakken,unknown,man_confirm,manual,aka2026spyukv,aka2026spyukv
matched,onsite,2026-09-20 00:35:58.00,2026-09-20 00:35:58.25,0.256,61.94131088256836,61.941,-148.5239715576172,-148.524,0.03460055951271608,7.953827381134033,8.0,0.0461726188659668,2.301612595242541,2.3,0.0016125952425412038,121,121.0,scolv:abakken,unknown,man_confirm,manual,aka2026spyyci,aka2026spyyci
matched,onsite,2026-09-20 00:57:32.00,2026-09-20 00:57:32.51,0.514,57.20148849487305,57.201,-156.1913299560547,-156.191,0.05783986014306818,16.772785186767578,16.8,0.027214813232422586,1.8654253471153128,1.9,0.034574652884687085,22,22.0,scolv:abakken,unknown,man_confirm,manual,aka2026spzqva,aka2026spzqva
matched,onsite,2026-09-20 01:02:35.00,2026-09-20 01:02:35.44,0.44,61.64058685302734,61.641,-148.10769653320312,-148.108,0.04865569145593101,17.386598587036133,17.4,0.013401412963865766,1.675704591920016,1.7,0.024295408079983982,27,27.0,scolv:abakken,unknown,man_confirm,manual,aka2026spzvej,aka2026spzvej
matched,onsite,2026-09-20 01:07:03.00,2026-09-20 01:07:03.15,0.158,57.18148803710938,57.181,-156.2226104736328,-156.223,0.059127114111462625,17.841272354125977,17.8,0.04127235412597585,2.049447949551753,2.0,0.04944794955175302,25,25.0,scolv:abakken,unknown,man_confirm,manual,aka2026spzzat,aka2026spzzat
matched,onsite,2026-09-20 01:12:30.00,2026-09-20 01:12:30.16,0.166,58.38455200195312,58.385,-154.47943115234375,-154.479,0.055795612518215215,1.9814579486846924,2.0,0.018542051315307617,2.6479941441017405,2.6,0.04799414410174041,62,62.0,scolv:abakken,unknown,man_confirm,manual,aka2026sqadtu,aka2026sqadtu
matched,onsite,2026-09-20 01:14:47.00,2026-09-20 01:14:47.54,0.541,58.39524459838867,58.395,-154.47811889648438,-154.478,0.02806669779952533,3.6508002281188965,3.7,0.04919977188110369,1.466939238024649,1.5,0.033060761975350905,30,30.0,scolv:abakken,unknown,man_confirm,manual,aka2026sqaftm,aka2026sqaftm
matched,onsite,2026-09-20 01:15:55.00,2026-09-20 01:15:55.75,0.751,58.40015029907227,58.4,-154.485107421875,-154.485,0.017846036004525175,3.33183479309082,3.3,0.031834793090820046,1.1604773267966952,1.2,0.039522673203304715,18,18.0,scolv:abakken,unknown,man_confirm,manual,aka2026sqagtb,aka2026sqagtb
matched,onsite,2026-09-20 01:24:36.00,2026-09-20 01:24:36.43,0.437,61.36411666870117,61.364,-146.67034912109375,-146.67,0.02268088993354517,33.44306564331055,33.4,0.043065643310548296,1.5884807900498679,1.6,0.011519209950132225,33,33.0,scolv:abakken,unknown,man_confirm,manual,aka2026sqaogn,aka2026sqaogn
matched,onsite,2026-09-20 01:58:05.00,2026-09-20 01:58:05.24,0.247,59.55683135986328,59.557,-152.39138793945312,-152.391,0.028798438778132377,68.16859436035156,68.2,0.03140563964844034,2.602479531338464,2.6,0.002479531338464014,118,118.0,scolv:abakken,unknown,man_confirm,manual,aka2026sqbrhg,aka2026sqbrhg
matched,onsite,2026-09-20 02:02:44.00,2026-09-20 02:02:44.64,0.64,51.44001007080078,51.44,-177.46316528320312,-177.463,0.01151063640866522,44.87574005126953,44.9,0.02425994873046733,2.0247333420142004,2.0,0.02473334201420041,22,22.0,scolv:abakken,unknown,man_confirm,manual,aka2026sqbvif,aka2026sqbvif
matched,onsite,2026-09-20 02:09:51.00,2026-09-20 02:09:51.50,0.502,60.1523323059082,60.152,-140.7288055419922,-140.729,0.03848595328957176,17.579957962036133,17.6,0.02004203796386861,1.7988980416421754,1.8,0.0011019583578246728,16,16.0,scolv:abakken,unknown,man_confirm,manual,aka2026sqcbmu,aka2026sqcbmu
matched,onsite,2026-09-20 02:37:14.00,2026-09-20 02:37:16.67,2.67,54.48454666137695,54.4878,-160.71665954589844,-160.8116,6.143155241077271,6.735686779022217,26.558,19.822313220977783,2.916235291809157,2.7,0.21623529180915702,25,23.0,scolv:abakken,unknown,man_confirm,manual,aka2026sqczhq,us6000txgy
matched,onsite,2026-09-20 03:08:04.00,2026-09-20 03:08:04.76,0.769,61.4157600402832,61.416,-150.76426696777344,-150.764,0.03022696653871546,68.35964965820312,68.4,0.040350341796880684,1.8501919232147437,1.9,0.04980807678525623,63,63.0,scolv:abakken,unknown,man_confirm,manual,aka2026sqdzzi,aka2026sqdzzi
matched,onsite,2026-09-20 03:18:10.00,2026-09-20 03:18:10.42,0.425,52.2864990234375,52.2962,-171.1168212890625,-171.1305,1.4244580595539027,96.85699462890625,95.29,1.5669946289062437,3.2353435809017386,3.2,0.03534358090173839,35,25.0,scolv:abakken,unknown,man_confirm,manual,aka2026sqejhz,us6000txh6
matched,onsite,2026-09-20 03:25:28.00,2026-09-20 03:25:28.27,0.279,59.71324157714844,59.713,-152.8079376220703,-152.808,0.027088962593477803,98.77854919433594,98.8,0.021450805664059658,2.642256200119852,2.6,0.04225620011985187,157,157.0,scolv:abakken,unknown,man_confirm,manual,aka2026sqeovj,aka2026sqeovj
matched,onsite,2026-09-20 03:47:29.00,2026-09-20 03:47:29.72,0.726,60.23112106323242,60.231,-151.04843139648438,-151.048,0.0273579288670475,67.53329467773438,67.5,0.033294677734375,1.7729270963336043,1.8,0.027072903666395698,32,32.0,scolv:abakken,unknown,man_confirm,manual,aka2026sqfidr,aka2026sqfidr
matched,onsite,2026-09-20 03:54:22.00,2026-09-20 03:54:22.32,0.327,61.05819320678711,61.058,-146.5570831298828,-146.557,0.021944365566577077,18.65006446838379,18.7,0.04993553161621023,1.623041327146624,1.6,0.02304132714662388,16,16.0,scolv:abakken,unknown,man_confirm,manual,aka2026sqfocu,aka2026sqfocu
matched,onsite,2026-09-20 04:07:35.00,2026-09-20 04:07:35.92,0.92,56.36470031738281,56.365,-155.31222534179688,-155.312,0.03609796421645901,55.10060119628906,55.1,0.0006011962890610789,2.5303799393600164,2.5,0.030379939360016373,35,35.0,scolv:abakken,unknown,man_confirm,manual,aka2026sqfzmu,aka2026sqfzmu
matched,onsite,2026-09-20 04:16:23.00,2026-09-20 04:16:23.43,0.436,60.21641159057617,60.216,-150.67242431640625,-150.672,0.051418584909183204,51.52210235595703,51.5,0.02210235595703125,1.9390072008487338,1.9,0.03900720084873388,58,58.0,scolv:abakken,unknown,man_confirm,manual,aka2026sqgdzc,aka2026sqgdzc
matched,onsite,2026-09-20 04:28:33.00,2026-09-20 04:28:33.37,0.377,65.14888000488281,65.149,-148.50848388671875,-148.508,0.026255562857574397,8.760026931762695,8.8,0.0399730682373054,1.2933993054563526,1.3,0.006600694543647423,34,34.0,scolv:abakken,unknown,man_confirm,manual,aka2026sqgrtn,aka2026sqgrtn
matched,onsite,2026-09-20 04:36:03.00,2026-09-20 04:36:03.10,0.109,61.1747817993164,61.175,-150.64389038085938,-150.644,0.024964393022481803,59.2609748840332,59.3,0.03902511596679403,2.2894959598041913,2.3,0.010504040195808528,113,113.0,scolv:abakken,unknown,man_confirm,manual,aka2026sqgyfq,aka2026sqgyfq
matched,onsite,2026-09-20 05:02:37.00,2026-09-20 05:02:37.46,0.467,52.34885787963867,52.4372,-171.0050048828125,-171.0776,10.989112296092658,110.82852172851562,105.699,5.129521728515627,3.6855556336810844,3.8,0.11444436631891541,77,38.0,scolv:abakken,unknown,man_confirm,manual,aka2026sqhvgv,us6000txhz
matched,onsite,2026-09-20 05:45:04.00,2026-09-20 05:45:04.51,0.512,57.85903930664062,57.859,-155.63597106933594,-155.636,0.0046938251571761605,15.878177642822266,15.9,0.02182235717773473,1.328215174155701,1.3,0.02821517415570085,19,19.0,scolv:abakken,unknown,man_confirm,manual,aka2026sqjgcj,aka2026sqjgcj
matched,onsite,2026-09-20 05:46:00.00,2026-09-20 05:46:00.28,0.287,57.85636901855469,57.856,-155.66522216796875,-155.665,0.043086677098575846,6.623498916625977,6.6,0.023498916625976918,2.139788731387177,2.1,0.03978873138717676,50,50.0,scolv:abakken,unknown,man_confirm,manual,aka2026sqjgxd,aka2026sqjgxd
matched,onsite,2026-09-20 05:49:12.00,2026-09-20 05:49:12.58,0.585,57.85034561157227,57.85,-155.64427185058594,-155.644,0.041660901923856374,16.345808029174805,16.3,0.04580802917480398,1.4053619544480453,1.4,0.005361954448045436,22,22.0,scolv:abakken,unknown,man_confirm,manual,aka2026sqjjrs,aka2026sqjjrs
matched,onsite,2026-09-20 05:57:07.00,2026-09-20 05:57:09.37,2.371,52.09312057495117,52.1556,-169.15032958984375,-169.2336,8.976760072952253,10.553018569946289,23.034,12.48098143005371,3.1874254150742236,2.9,0.2874254150742237,35,25.0,scolv:abakken,unknown,man_confirm,manual,aka2026sqjqnz,us6000txi5
matched,onsite,2026-09-20 06:00:45.00,2026-09-20 06:00:45.18,0.184,52.09978485107422,52.1,-169.13926696777344,-169.139,0.03008091749237047,10.20759105682373,10.2,0.007591056823731179,2.8725642784284693,2.9,0.027435721571530625,13,13.0,scolv:abakken,unknown,man_confirm,manual,aka2026sqjtre,aka2026sqjtre
matched,onsite,2026-09-20 06:10:11.00,2026-09-20 06:10:11.03,0.033,60.21546173095703,60.215,-152.45022583007812,-152.45,0.05283569810210253,94.02117919921875,94.0,0.02117919921875,1.4040458591646037,1.4,0.00404585916460376,37,37.0,scolv:abakken,unknown,man_confirm,manual,aka2026sqkbqr,aka2026sqkbqr
matched,onsite,2026-09-20 06:32:24.00,2026-09-20 06:32:24.42,0.42,63.10864639282227,63.109,-148.84922790527344,-148.849,0.040955933861618145,0.4859113693237305,0.5,0.014088630676269476,1.8407983298524984,1.8,0.040798329852498316,48,48.0,scolv:abakken,unknown,man_confirm,manual,aka2026sqkves,aka2026sqkves
matched,onsite,2026-09-20 06:35:36.00,2026-09-20 06:35:36.81,0.819,51.1064453125,51.106,-177.912109375,-177.912,0.050101844067146635,27.264829635620117,27.3,0.03517036437988352,2.3599212695032863,2.4,0.04007873049671362,21,21.0,scolv:abakken,unknown,man_confirm,manual,aka2026sqkxvx,aka2026sqkxvx
matched,onsite,2026-09-20 06:36:40.00,2026-09-20 06:36:40.45,0.453,63.96540451049805,63.965,-148.84788513183594,-148.848,0.045327541639446786,113.62882232666016,113.6,0.028822326660161934,1.988113833393579,2.0,0.011886166606420945,82,82.0,scolv:abakken,unknown,man_confirm,manual,aka2026sqkyvn,aka2026sqkyvn
matched,onsite,2026-09-20 06:48:16.00,2026-09-20 06:48:16.20,0.208,62.02367401123047,62.024,-147.97439575195312,-147.974,0.04171428301027951,37.8724365234375,37.9,0.02756347656249858,1.6071102442027196,1.6,0.007110244202719551,29,29.0,scolv:abakken,unknown,man_confirm,manual,aka2026sqlivy,aka2026sqlivy
matched,onsite,2026-09-20 06:52:39.00,2026-09-20 06:52:39.17,0.177,60.3579330444336,60.358,-152.3805694580078,-152.381,0.024820475737634608,120.26616668701172,120.3,0.03383331298827841,1.575860379938603,1.6,0.024139620061397027,36,36.0,scolv:abakken,unknown,man_confirm,manual,aka2026sqlmrc,aka2026sqlmrc
matched,onsite,2026-09-20 06:59:28.00,2026-09-20 06:59:28.32,0.326,59.11793518066406,59.118,-151.9085235595703,-151.909,0.028131024006398574,53.88039398193359,53.9,0.019606018066411934,2.434164276266139,2.4,0.03416427626613894,86,86.0,scolv:abakken,unknown,man_confirm,manual,aka2026sqlsqi,aka2026sqlsqi
matched,onsite,2026-09-20 07:22:53.00,2026-09-20 07:22:53.03,0.032,65.40786743164062,65.408,-144.32191467285156,-144.322,0.015260579456855848,0.7806832194328308,0.8,0.019316780567169234,2.3872736309720404,2.4,0.012726369027959539,53,53.0,scolv:abakken,unknown,man_confirm,manual,aka2026sqmmxq,aka2026sqmmxq
matched,onsite,2026-09-20 07:24:05.00,2026-09-20 07:24:05.79,0.794,60.29929733276367,60.299,-147.83245849609375,-147.832,0.04160738098931267,19.612497329711914,19.6,0.012497329711912641,1.8559356107767622,1.9,0.04406438922323774,21,21.0,scolv:abakken,unknown,man_confirm,manual,aka2026sqmnys,aka2026sqmnys
matched,onsite,2026-09-20 07:41:09.00,2026-09-20 07:41:09.99,0.996,57.84646606445312,57.846,-155.62608337402344,-155.626,0.05205833303402525,18.295595169067383,18.3,0.004404830932617898,1.3092946762196231,1.3,0.0092946762196231,13,13.0,scolv:abakken,unknown,man_confirm,manual,aka2026sqnctp,aka2026sqnctp
matched,onsite,2026-09-20 07:49:52.00,2026-09-20 07:49:52.59,0.591,53.47989273071289,53.48,-165.91941833496094,-165.919,0.030142691109989656,53.28786468505859,53.3,0.012135314941410513,2.43924240672844,2.4,0.03924240672844004,26,26.0,scolv:abakken,unknown,man_confirm,manual,aka2026sqnkht,aka2026sqnkht
matched,onsite,2026-09-20 07:49:52.00,2026-09-20 07:49:52.46,0.466,56.50667953491211,56.507,-155.22364807128906,-155.224,0.04166686243573045,6.246804714202881,6.2,0.04680471420288068,2.360002242031254,2.4,0.03999775796874605,20,20.0,scolv:abakken,unknown,man_confirm,manual,aka2026sqnkka,aka2026sqnkka
matched,onsite,2026-09-20 08:07:08.00,2026-09-20 08:07:08.01,0.015,60.21025085449219,60.21,-153.41961669921875,-153.42,0.035020615359928946,12.639095306396484,12.6,0.03909530639648473,1.412738589281604,1.4,0.012738589281604096,28,28.0,scolv:abakken,unknown,man_confirm,manual,aka2026sqnzhe,aka2026sqnzhe
matched,onsite,2026-09-20 08:36:11.00,2026-09-20 08:36:14.04,3.041,54.52801132202148,54.5111,-159.99903869628906,-159.9182,5.545890169815782,5.51233959197998,35.0,29.48766040802002,2.846724405745497,2.8,0.046724405745496966,25,20.0,scolv:abakken,unknown,man_confirm,manual,aka2026sqoyly,us6000txmx
matched,onsite,2026-09-20 08:46:49.00,2026-09-20 08:46:49.78,0.782,51.20722961425781,51.207,-176.9813690185547,-176.981,0.03623193834339033,30.240060806274414,30.2,0.04006080627441477,2.3395663398509754,2.3,0.039566339850975574,19,19.0,scolv:abakken,unknown,man_confirm,manual,aka2026sqphqf,aka2026sqphqf
matched,onsite,2026-09-20 08:58:32.00,2026-09-20 08:58:32.43,0.437,58.59833526611328,58.598,-153.98410034179688,-153.984,0.03773044770346869,92.81836700439453,92.8,0.018367004394534092,1.9425320199260312,1.9,0.042532019926031284,26,26.0,scolv:abakken,unknown,man_confirm,manual,aka2026sqprwe,aka2026sqprwe
matched,onsite,2026-09-20 09:00:32.00,2026-09-20 09:00:32.26,0.265,59.6850700378418,59.685,-152.8973388671875,-152.897,0.02055195139691759,95.6888427734375,95.7,0.011157226562502842,1.7238460399185707,1.7,0.023846039918570705,34,34.0,scolv:abakken,unknown,man_confirm,manual,aka2026sqptqf,aka2026sqptqf
matched,onsite,2026-09-20 09:09:19.00,2026-09-20 09:09:19.17,0.177,60.20845794677734,60.208,-152.9917755126953,-152.992,0.05240993448263782,138.81187438964844,138.8,0.011874389648426131,2.5015309662485836,2.5,0.0015309662485836206,133,133.0,scolv:abakken,unknown,man_confirm,manual,aka2026sqqbej,aka2026sqqbej
matched,onsite,2026-09-20 09:12:01.00,2026-09-20 09:12:01.02,0.027,53.79374313354492,53.794,-166.54705810546875,-166.547,0.028816097174616917,11.728546142578125,11.7,0.02854614257812571,1.8229237412056487,1.8,0.022923741205648662,30,30.0,scolv:abakken,unknown,man_confirm,manual,aka2026sqqdob,aka2026sqqdob
matched,onsite,2026-09-20 10:15:45.00,2026-09-20 10:15:45.00,0.005,52.50806045532227,52.508,-169.80642700195312,-169.806,0.029670543101921135,90.04155731201172,90.0,0.04155731201171875,2.720209086060757,2.7,0.020209086060756665,31,31.0,scolv:abakken,unknown,man_confirm,manual,aka2026sqsgud,aka2026sqsgud
matched,onsite,2026-09-20 10:43:06.00,2026-09-20 10:43:06.66,0.665,59.18693542480469,59.187,-152.40020751953125,-152.4,0.013830041324482742,68.21955871582031,68.2,0.019558715820309658,2.0935473542932024,2.1,0.0064526457067977105,25,25.0,scolv:abakken,unknown,man_confirm,manual,aka2026sqteng,aka2026sqteng
matched,onsite,2026-09-20 10:44:16.00,2026-09-20 10:44:16.86,0.863,59.82846450805664,59.828,-152.0722198486328,-152.072,0.05309214755263787,69.9410400390625,69.9,0.041040039062494316,2.489652532833493,2.5,0.01034746716650714,111,111.0,scolv:abakken,unknown,man_confirm,manual,aka2026sqtfof,aka2026sqtfof
matched,onsite,2026-09-20 10:59:43.00,2026-09-20 10:59:43.50,0.505,59.89528274536133,59.895,-152.98617553710938,-152.986,0.0329289365711567,127.5049591064453,127.5,0.004959106445298289,2.1656297457909095,2.2,0.03437025420909068,80,80.0,scolv:abakken,unknown,man_confirm,manual,aka2026sqtsxq,aka2026sqtsxq
matched,onsite,2026-09-20 11:19:26.00,2026-09-20 11:19:26.90,0.9,59.87924575805664,59.879,-151.42984008789062,-151.43,0.028747011536207324,70.48592376708984,70.5,0.01407623291015625,1.9942872218821963,2.0,0.005712778117803685,51,51.0,scolv:abakken,unknown,man_confirm,manual,aka2026squivi,aka2026squivi
matched,onsite,2026-09-20 11:50:06.00,2026-09-20 11:50:06.82,0.82,51.53545379638672,51.535,178.55638122558594,178.556,0.05693399399848925,61.62865829467773,61.6,0.02865829467772585,2.749338734537536,2.7,0.04933873453753579,28,28.0,scolv:abakken,unknown,man_confirm,manual,aka2026sqvkpm,aka2026sqvkpm
matched,onsite,2026-09-20 11:53:07.00,2026-09-20 11:53:07.05,0.054,57.51986312866211,57.52,-155.4969482421875,-155.497,0.015530028323757916,11.588074684143066,11.6,0.011925315856933238,2.0096926174285104,2.0,0.009692617428510353,40,40.0,scolv:abakken,unknown,man_confirm,manual,aka2026sqvnfm,aka2026sqvnfm
matched,onsite,2026-09-20 12:27:35.00,2026-09-20 12:27:35.85,0.856,63.39432525634766,63.394,-147.46250915527344,-147.463,0.04365228431792015,64.56674194335938,64.6,0.033258056640619316,1.8425929407116357,1.8,0.04259294071163566,75,75.0,scolv:abakken,unknown,man_confirm,manual,aka2026sqwrcl,aka2026sqwrcl
matched,onsite,2026-09-20 13:20:28.00,2026-09-20 13:20:28.62,0.622,61.68639373779297,61.686,-149.85739135742188,-149.857,0.048402959417928174,36.5011100769043,36.5,0.001110076904296875,2.368331590252137,2.4,0.031668409747863,125,125.0,scolv:abakken,unknown,man_confirm,manual,aka2026sqykyj,aka2026sqykyj
matched,onsite,2026-09-20 13:21:50.00,2026-09-20 13:21:50.93,0.933,60.49327087402344,60.3947,-139.6742706298828,-139.5607,12.607078957493412,1.4610660076141357,5.0,3.5389339923858643,2.6945588027260277,2.7,0.00544119727397252,37,18.0,scolv:abakken,unknown,man_confirm,manual,aka2026sqymdk,us7000tirn
matched,onsite,2026-09-20 13:55:48.00,2026-09-20 13:55:47.12,0.875,52.58953094482422,52.7501,-170.21600341796875,-170.3466,19.90799139410607,89.75650787353516,87.277,2.4795078735351552,3.983602187344544,4.6,0.6163978126554555,85,44.0,scolv:enadin,unknown,man_confirm,manual,aka2026sqzpoi,us7000tirv
matched,onsite,2026-09-20 14:17:12.00,2026-09-20 14:17:12.27,0.272,60.21998596191406,60.22,-147.0178680419922,-147.018,0.0074529841331640555,16.036373138427734,16.0,0.036373138427734375,3.228777406005332,3.2,0.02877740600533185,180,180.0,scolv:abakken,unknown,man_confirm,manual,aka2026sraido,aka2026sraido
matched,onsite,2026-09-20 14:23:04.00,2026-09-20 14:23:04.04,0.042,60.94721603393555,60.947,-152.3708953857422,-152.371,0.024677145487411487,119.86078643798828,119.9,0.039213562011724434,2.1342644251925793,2.1,0.03426442519257922,97,97.0,scolv:abakken,unknown,man_confirm,manual,aka2026srangn,aka2026srangn
matched,onsite,2026-09-20 14:29:56.00,2026-09-20 14:29:56.61,0.613,51.09524536132812,51.095,179.804931640625,179.805,0.027697428949156448,18.222490310668945,18.2,0.022490310668946023,2.66603388022048,2.7,0.03396611977952002,17,17.0,scolv:abakken,unknown,man_confirm,manual,aka2026sraptq,aka2026sraptq
matched,onsite,2026-09-20 14:46:21.00,2026-09-20 14:46:21.71,0.711,61.12116241455078,61.121,-151.0959014892578,-151.096,0.018818582691768716,62.65808486938477,62.7,0.04191513061523011,1.8994972331212563,1.9,0.0005027668787436212,42,42.0,scolv:abakken,unknown,man_confirm,manual,aka2026srbhkx,aka2026srbhkx
matched,onsite,2026-09-20 15:07:16.00,2026-09-20 15:07:16.50,0.504,65.50106811523438,65.501,-148.58370971679688,-148.584,0.015379314206411083,11.014222145080566,11.0,0.014222145080566406,1.2266563474627177,1.2,0.026656347462717722,31,31.0,scolv:abakken,unknown,man_confirm,manual,aka2026srbzoo,aka2026srbzoo
matched,onsite,2026-09-20 15:09:55.00,2026-09-20 15:09:55.03,0.032,62.5609130859375,62.561,-151.0286102294922,-151.029,0.022186972254527,86.53116607666016,86.5,0.03116607666015625,2.3107361424843393,2.3,0.010736142484339517,116,116.0,scolv:abakken,unknown,man_confirm,manual,aka2026srcbwk,aka2026srcbwk
matched,onsite,2026-09-20 15:14:04.00,2026-09-20 15:14:05.22,1.228,52.13845062255859,52.1836,-168.67430114746094,-168.7521,7.305233197461025,7.105411529541016,10.0,2.8945884704589844,2.877849331831112,2.7,0.17784933183111162,24,25.0,scolv:abakken,unknown,man_confirm,manual,aka2026srcfja,us6000txns
matched,onsite,2026-09-20 15:25:55.00,2026-09-20 15:25:55.73,0.734,61.94091033935547,61.941,-147.3436737060547,-147.344,0.01976516703261607,57.75927734375,57.8,0.04072265624999716,1.6915208826223844,1.7,0.00847911737761553,36,36.0,scolv:abakken,unknown,man_confirm,manual,aka2026srcpsn,aka2026srcpsn
matched,onsite,2026-09-20 16:40:39.00,2026-09-20 16:40:39.85,0.853,61.91489028930664,61.915,-149.63929748535156,-149.639,0.01978227100377444,5.236139297485352,5.2,0.036139297485351385,1.7682471673580638,1.8,0.03175283264193629,46,46.0,scolv:abakken,unknown,man_confirm,manual,aka2026srfcnz,aka2026srfcnz
matched,onsite,2026-09-20 16:46:18.00,2026-09-20 16:46:18.60,0.603,52.53597640991211,52.5409,-174.49676513671875,-174.5378,2.828754427643442,199.0830078125,196.044,3.039007812499989,2.6811299381122,2.7,0.018870061887800382,21,21.0,scolv:abakken,unknown,man_confirm,manual,aka2026srfhoq,us6000txnu
matched,onsite,2026-09-20 17:10:13.00,2026-09-20 17:10:13.34,0.348,55.94572830200195,55.946,-157.77243041992188,-157.772,0.040385771189563435,33.687713623046875,33.7,0.012286376953127842,3.608821053074998,3.6,0.00882105307499792,115,115.0,scolv:enadin,unknown,man_confirm,manual,aka2026srgcdi,aka2026srgcdi
matched,onsite,2026-09-20 17:18:32.00,2026-09-20 17:18:32.23,0.234,62.22294998168945,62.223,-148.10916137695312,-148.109,0.010043244490393316,12.522052764892578,12.5,0.022052764892578125,1.6855671553289204,1.7,0.014432844671079526,36,36.0,scolv:abakken,unknown,man_confirm,manual,aka2026srgjjr,aka2026srgjjr
matched,onsite,2026-09-20 17:25:15.00,2026-09-20 17:25:15.09,0.095,60.53115844726562,60.531,-139.92572021484375,-139.926,0.023337824813354568,0.7156668305397034,0.7,0.015666830539703414,2.1778631572678435,2.2,0.02213684273215666,19,19.0,scolv:abakken,unknown,man_confirm,manual,aka2026srgpgp,aka2026srgpgp
matched,onsite,2026-09-20 17:59:43.00,2026-09-20 17:59:43.34,0.342,59.7767333984375,59.777,-153.3017120361328,-153.302,0.03374312382594431,127.0985336303711,127.1,0.0014663696289005657,1.56826824908677,1.6,0.031731750913229995,38,38.0,scolv:abakken,unknown,man_confirm,manual,aka2026srhtbx,aka2026srhtbx
matched,onsite,2026-09-20 18:19:40.00,2026-09-20 18:19:40.09,0.099,58.46822738647461,58.468,-139.37289428710938,-139.373,0.026020809965873345,5.0,5.0,0.0,3.4782156180896275,3.5,0.021784381910372463,52,52.0,scolv:enadin,unknown,man_confirm,manual,aka2026srikrm,aka2026srikrm
matched,onsite,2026-09-20 18:31:14.00,2026-09-20 18:31:14.42,0.424,59.87761306762695,59.878,-152.34674072265625,-152.347,0.045392482114114334,77.51725769042969,77.5,0.0172576904296875,1.518722098269188,1.5,0.018722098269188026,34,34.0,scolv:abakken,unknown,man_confirm,manual,aka2026sriukr,aka2026sriukr
matched,onsite,2026-09-20 19:02:54.00,2026-09-20 19:02:54.29,0.293,64.98196411132812,64.982,-147.3829803466797,-147.383,0.004096257230321458,1.2334355115890503,1.2,0.03343551158905034,1.3908646581203474,1.4,0.009135341879652481,30,30.0,scolv:abakken,unknown,man_confirm,manual,aka2026srjvwk,aka2026srjvwk
matched,onsite,2026-09-20 19:15:56.00,2026-09-20 19:15:55.68,0.316,52.10565948486328,52.0702,-170.93707275390625,-170.9708,4.56691651341997,103.53938293457031,105.521,1.9816170654296883,3.5398099570127437,3.3,0.23980995701274388,50,30.0,scolv:enadin,unknown,man_confirm,manual,aka2026srkhbo,us7000titf
matched,onsite,2026-09-20 19:36:57.00,2026-09-20 19:36:57.19,0.197,60.26850891113281,60.269,-152.09332275390625,-152.093,0.05743395963256283,87.41495513916016,87.4,0.014955139160150566,1.8159611249915943,1.8,0.0159611249915943,51,51.0,scolv:abakken,unknown,man_confirm,manual,aka2026srkzhs,aka2026srkzhs
matched,onsite,2026-09-20 19:59:16.00,2026-09-20 19:59:16.56,0.56,56.14822769165039,56.148,-156.6150360107422,-156.615,0.025416221998749322,1.2878632545471191,1.3,0.012136745452880904,2.792157681253037,2.8,0.007842318746962729,44,44.0,scolv:abakken,unknown,man_confirm,manual,aka2026srlstj,aka2026srlstj
matched,onsite,2026-09-20 20:19:00.00,2026-09-20 20:19:00.78,0.788,64.4651107788086,64.465,-147.3637237548828,-147.364,0.018084707381644076,7.431624889373779,7.4,0.03162488937377894,1.491618505369653,1.5,0.008381494630347097,46,46.0,scolv:abakken,unknown,man_confirm,manual,aka2026srmjwe,aka2026srmjwe
matched,onsite,2026-09-20 21:06:22.00,2026-09-20 21:06:20.16,1.831,52.81169128417969,52.7316,-162.52386474609375,-162.4841,9.298829429758865,19.36447525024414,10.0,9.36447525024414,4.651740616455437,5.0,0.3482593835445629,255,111.0,scolv:enadin,unknown,man_confirm,manual,aka2026srnyvl,us7000tit6
matched,onsite,2026-09-20 21:18:38.00,2026-09-20 21:18:38.62,0.625,63.43764877319336,63.438,-153.4041290283203,-153.404,0.03957809413690546,1.7577641010284424,1.8,0.04223589897155766,2.3915810845764747,2.4,0.008418915423525242,38,38.0,scolv:abakken,unknown,man_confirm,manual,aka2026srohda,aka2026srohda
matched,onsite,2026-09-20 21:34:31.00,2026-09-20 21:34:31.03,0.032,59.93876647949219,59.939,-152.36643981933594,-152.366,0.035698749162881634,78.82189178466797,78.8,0.021891784667971592,1.6736710304686844,1.7,0.026328969531315582,50,50.0,scolv:abakken,unknown,man_confirm,manual,aka2026sroxig,aka2026sroxig
matched,onsite,2026-09-20 21:48:08.00,2026-09-20 21:48:09.04,1.042,52.2459716796875,52.2384,-171.08802795410156,-171.1023,1.2857459414841224,101.43831634521484,96.786,4.652316345214842,3.229585320500263,2.9,0.329585320500263,25,29.0,scolv:aaholland3,unknown,man_confirm,manual,aka2026srpjla,us7000tive
matched,onsite,2026-09-20 22:20:39.00,2026-09-20 22:20:39.18,0.184,61.21063995361328,61.211,-147.5927276611328,-147.593,0.042608857293840945,0.0,0.0,0.0,1.9087303487631875,1.9,0.008730348763187568,26,26.0,scolv:abakken,unknown,man_confirm,manual,aka2026srqlie,aka2026srqlie
matched,onsite,2026-09-20 22:49:51.00,2026-09-20 22:49:51.00,0.005,57.83578491210938,57.836,-155.64434814453125,-155.644,0.031570599640538294,8.921416282653809,8.9,0.02141628265380824,1.8533409029421544,1.9,0.046659097057845544,39,39.0,scolv:abakken,unknown,man_confirm,manual,aka2026srrkqm,aka2026srrkqm
matched,onsite,2026-09-20 22:58:23.00,2026-09-20 22:58:23.81,0.81,57.70158386230469,57.702,-156.9973602294922,-156.997,0.05098249354049338,159.5621337890625,159.6,0.037866210937494316,2.2314094627171226,2.2,0.031409462717122416,31,31.0,scolv:abakken,unknown,man_confirm,manual,aka2026srrruy,aka2026srrruy
matched,onsite,2026-09-20 23:01:56.00,2026-09-20 23:01:56.62,0.627,51.39533615112305,51.395,-175.8699493408203,-175.87,0.03754318145645872,17.90591049194336,17.9,0.005910491943360796,2.2257765940304735,2.2,0.025776594030473277,15,15.0,scolv:abakken,unknown,man_confirm,manual,aka2026srrvdm,aka2026srrvdm
matched,onsite,2026-09-20 23:14:16.00,2026-09-20 23:14:16.58,0.585,60.41343307495117,60.413,-152.4449462890625,-152.445,0.04824593808782604,101.4661636352539,101.5,0.03383636474609375,1.440755721399334,1.4,0.040755721399334144,30,30.0,scolv:abakken,unknown,man_confirm,manual,aka2026srsfvb,aka2026srsfvb
matched,onsite,2026-09-20 23:19:41.00,2026-09-20 23:19:41.91,0.911,65.8719253540039,65.872,-151.12051391601562,-151.121,0.023602080047179598,1.7308034896850586,1.7,0.030803489685058638,1.7102549221351222,1.7,0.010254922135122246,32,32.0,scolv:abakken,unknown,man_confirm,manual,aka2026srsknc,aka2026srsknc
matched,onsite,2026-09-20 23:27:12.00,2026-09-20 23:27:12.19,0.197,57.62545013427734,57.625,-155.7601776123047,-155.76,0.05115758517685513,19.37200164794922,19.4,0.02799835205077983,1.7788056554367624,1.8,0.021194344563237655,16,16.0,scolv:abakken,unknown,man_confirm,manual,aka2026srsrae,aka2026srsrae
matched,onsite,2026-09-20 23:31:39.00,2026-09-20 23:31:39.25,0.252,57.6673355102539,57.667,-155.76109313964844,-155.761,0.03771600363503632,5.319200992584229,5.3,0.01920099258422958,2.067523352531789,2.1,0.032476647468210995,47,47.0,scolv:abakken,unknown,man_confirm,manual,aka2026srsuwu,aka2026srsuwu
matched,onsite,2026-09-20 23:43:10.00,2026-09-20 23:43:10.49,0.491,52.44936370849609,52.4786,-170.8144989013672,-170.8962,6.419069633541296,51.00081253051758,51.296,0.29518746948242125,3.0210353560598815,3.1,0.0789646439401186,26,27.0,scolv:abakken,unknown,man_confirm,manual,aka2026srtegk,us6000txqr
matched,onsite,2026-09-20 23:55:25.00,2026-09-20 23:55:25.43,0.435,51.39822387695312,51.398,-177.94378662109375,-177.944,0.028962814007084003,30.33761978149414,30.3,0.037619781494139914,2.176520246443907,2.2,0.023479753556093108,17,17.0,scolv:abakken,unknown,man_confirm,manual,aka2026srtpqf,aka2026srtpqf
matched,onsite,2026-09-21 00:10:00.00,2026-09-21 00:10:00.54,0.542,58.14165496826172,58.142,-154.08291625976562,-154.083,0.03867929683648931,61.6462516784668,61.6,0.046251678466795454,2.434771783818134,2.4,0.03477178381813406,71,71.0,scolv:abakken,unknown,man_confirm,manual,aka2026srucdt,aka2026srucdt
matched,onsite,2026-09-21 00:25:40.00,2026-09-21 00:25:40.09,0.094,58.04190444946289,58.042,-154.42088317871094,-154.421,0.012655361062883595,72.74990844726562,72.7,0.04990844726562216,2.12792795606823,2.1,0.027927956068229953,30,30.0,scolv:abakken,unknown,man_confirm,manual,aka2026srupsk,aka2026srupsk
matched,onsite,2026-09-21 00:33:59.00,2026-09-21 00:33:59.85,0.852,59.97335052490234,59.973,-141.59033203125,-141.59,0.04313354348054851,14.504681587219238,14.5,0.004681587219238281,2.3151459472756435,2.3,0.015145947275643667,35,35.0,scolv:abakken,unknown,man_confirm,manual,aka2026sruwxs,aka2026sruwxs
matched,onsite,2026-09-21 00:57:40.00,2026-09-21 00:57:40.73,0.733,65.44233703613281,65.442,-148.22923278808594,-148.229,0.038990244139152044,8.498483657836914,8.5,0.0015163421630859375,1.8114497983372164,1.8,0.011449798337216377,33,33.0,scolv:abakken,unknown,man_confirm,manual,aka2026srvrmj,aka2026srvrmj
matched,onsite,2026-09-21 01:16:30.00,2026-09-21 01:16:30.01,0.015,59.96236038208008,59.962,-151.81748962402344,-151.817,0.04846176209716562,65.4558334350586,65.5,0.04416656494140625,1.726586879217978,1.7,0.026586879217977977,33,33.0,scolv:abakken,unknown,man_confirm,manual,aka2026srwhug,aka2026srwhug
matched,onsite,2026-09-21 01:28:55.00,2026-09-21 01:28:55.13,0.137,61.23418045043945,61.234,-154.05902099609375,-154.059,0.020096603306215276,4.623954296112061,4.6,0.02395429611206179,1.8992095936006057,1.9,0.0007904063993942056,37,37.0,scolv:abakken,unknown,man_confirm,manual,aka2026srwsol,aka2026srwsol
matched,onsite,2026-09-21 01:47:47.00,2026-09-21 01:47:47.91,0.912,62.89377975463867,62.894,-150.58642578125,-150.586,0.03263625924726594,0.8676556348800659,0.9,0.032344365119934104,1.8753246209305827,1.9,0.02467537906941719,39,39.0,scolv:abakken,unknown,man_confirm,manual,aka2026srxiyb,aka2026srxiyb
matched,onsite,2026-09-21 01:50:10.00,2026-09-21 01:50:10.59,0.598,60.1074333190918,60.107,-152.9617156982422,-152.962,0.05069335878341878,108.12495422363281,108.1,0.024954223632818184,1.7911623498319325,1.8,0.00883765016806759,57,57.0,scolv:abakken,unknown,man_confirm,manual,aka2026srxlca,aka2026srxlca
matched,onsite,2026-09-21 02:01:02.00,2026-09-21 02:01:02.75,0.755,52.61330032348633,52.613,-168.18960571289062,-168.19,0.04270676487706001,31.187990188598633,31.2,0.012009811401366477,2.6873699731771685,2.7,0.012630026822831653,19,19.0,scolv:abakken,unknown,man_confirm,manual,aka2026srxuiv,aka2026srxuiv
matched,onsite,2026-09-21 02:05:31.00,2026-09-21 02:05:31.21,0.218,52.28055191040039,52.266,-175.73977661132812,-175.7233,1.968509100516836,172.07839965820312,175.179,3.100600341796877,2.5893471623713724,3.2,0.6106528376286278,37,32.0,scolv:abakken,unknown,man_confirm,manual,aka2026srxyig,us6000ty7m
matched,onsite,2026-09-21 02:07:20.00,2026-09-21 02:07:20.72,0.721,59.37307357788086,59.373,-152.82994079589844,-152.83,0.008842206049586245,88.48997497558594,88.5,0.0100250244140625,1.890209223655864,1.9,0.009790776344135832,41,41.0,scolv:abakken,unknown,man_confirm,manual,aka2026srxzwy,aka2026srxzwy
matched,onsite,2026-09-21 02:21:32.00,2026-09-21 02:21:32.60,0.601,58.62662887573242,58.627,-153.4746856689453,-153.475,0.04510082624860676,81.4994125366211,81.5,0.00058746337890625,2.276367451412346,2.3,0.023632548587653623,101,101.0,scolv:abakken,unknown,man_confirm,manual,aka2026srymeg,aka2026srymeg
matched,onsite,2026-09-21 02:29:56.00,2026-09-21 02:29:56.69,0.69,60.31169509887695,60.312,-152.05889892578125,-152.059,0.034357377713807404,78.36614990234375,78.4,0.033850097656255684,2.718783910845359,2.7,0.018783910845358687,161,161.0,scolv:abakken,unknown,man_confirm,manual,aka2026srytln,aka2026srytln
matched,onsite,2026-09-21 02:38:33.00,2026-09-21 02:38:33.60,0.606,52.17096710205078,52.0937,-170.5387420654297,-170.4991,9.007710217327684,26.61814308166504,35.0,8.381856918334961,3.6209135744272483,3.5,0.12091357442724826,55,29.0,scolv:aaholland3,unknown,man_confirm,manual,aka2026srzaxg,us7000tivh
matched,onsite,2026-09-21 02:55:35.00,2026-09-21 02:55:35.37,0.374,57.84323501586914,57.843,-155.64772033691406,-155.648,0.030933000554054544,15.39631462097168,15.4,0.0036853790283206678,1.6041198411865303,1.6,0.004119841186530193,21,21.0,scolv:abakken,unknown,man_confirm,manual,aka2026srzpsk,aka2026srzpsk
matched,onsite,2026-09-21 03:02:22.00,2026-09-21 03:02:22.81,0.815,59.51099395751953,59.511,-153.11158752441406,-153.112,0.023280457035974988,101.66629028320312,101.7,0.03370971679687784,2.819728675464095,2.8,0.01972867546409507,182,182.0,scolv:abakken,unknown,man_confirm,manual,aka2026srzvla,aka2026srzvla
matched,onsite,2026-09-21 03:07:38.00,2026-09-21 03:07:38.05,0.05,50.24131011962891,50.241,-179.87002563476562,-179.87,0.03453188431523778,5.0,5.0,0.0,3.001214995133995,3.0,0.0012149951339948117,34,34.0,scolv:abakken,unknown,man_confirm,manual,aka2026ssaaoz,aka2026ssaaoz
matched,onsite,2026-09-21 03:27:15.00,2026-09-21 03:27:15.41,0.414,58.01773834228516,58.018,-154.98626708984375,-154.986,0.03307506515002401,85.1689224243164,85.2,0.031077575683596592,1.7125715633089424,1.7,0.01257156330894249,52,52.0,scolv:abakken,unknown,man_confirm,manual,aka2026ssarak,aka2026ssarak
matched,onsite,2026-09-21 03:58:03.00,2026-09-21 03:58:03.82,0.829,52.30499267578125,52.305,-167.84654235839844,-167.847,0.031126181205056936,28.241275787353516,28.2,0.041275787353516336,2.827451730947958,2.8,0.027451730947958275,32,32.0,scolv:abakken,unknown,man_confirm,manual,aka2026ssbrty,aka2026ssbrty
matched,onsite,2026-09-21 04:00:33.00,2026-09-21 04:00:33.76,0.769,60.44590377807617,60.446,-152.66262817382812,-152.663,0.023029606269900173,121.28346252441406,121.3,0.016537475585934658,1.617311740717777,1.6,0.01731174071777697,38,38.0,scolv:abakken,unknown,man_confirm,manual,aka2026ssbubj,aka2026ssbubj
matched,onsite,2026-09-21 04:05:27.00,2026-09-21 04:05:27.02,0.023,62.93550109863281,62.936,-151.32020568847656,-151.32,0.05644289156307124,113.51848602294922,113.5,0.01848602294921875,2.1141256093534317,2.1,0.014125609353431656,67,67.0,scolv:abakken,unknown,man_confirm,manual,aka2026ssbyhh,aka2026ssbyhh
matched,onsite,2026-09-21 04:11:58.00,2026-09-21 04:11:58.76,0.761,59.65273666381836,59.653,-153.23455810546875,-153.235,0.038389114394417626,128.10525512695312,128.1,0.005255126953130684,1.857249751379055,1.9,0.04275024862094501,53,53.0,scolv:abakken,unknown,man_confirm,manual,aka2026sscdzd,aka2026sscdzd
matched,onsite,2026-09-21 04:18:44.00,2026-09-21 04:18:44.64,0.641,59.44623947143555,59.446,-153.45985412597656,-153.46,0.027875462972414854,122.53456115722656,122.5,0.0345611572265625,2.2040522429806066,2.2,0.004052242980606469,50,50.0,scolv:abakken,unknown,man_confirm,manual,aka2026sscjvg,aka2026sscjvg
matched,onsite,2026-09-21 04:28:15.00,2026-09-21 04:28:15.02,0.024,63.16183090209961,63.162,-150.82313537597656,-150.823,0.019993313372597687,124.82532501220703,124.8,0.025325012207034092,1.801901968229831,1.8,0.0019019682298309082,31,31.0,scolv:abakken,unknown,man_confirm,manual,aka2026sscrzc,aka2026sscrzc
matched,onsite,2026-09-21 04:31:39.00,2026-09-21 04:31:39.41,0.417,61.20358276367188,61.204,-151.0750274658203,-151.075,0.046417881065377246,64.72016906738281,64.7,0.020169067382809658,1.8363454899561065,1.8,0.036345489956106425,24,24.0,scolv:abakken,unknown,man_confirm,manual,aka2026sscuzf,aka2026sscuzf
matched,onsite,2026-09-21 05:08:12.00,2026-09-21 05:08:12.16,0.162,59.5572280883789,59.557,-152.7371063232422,-152.737,0.0260600859936105,90.44774627685547,90.4,0.047746276855463066,2.6258619761799027,2.6,0.0258619761799026,176,176.0,scolv:abakken,unknown,man_confirm,manual,aka2026sseasm,aka2026sseasm
matched,onsite,2026-09-21 05:22:32.00,2026-09-21 05:22:32.33,0.338,57.31915283203125,57.319,-155.59715270996094,-155.597,0.019309803124603297,75.05956268310547,75.1,0.040437316894525566,2.6200913188255486,2.6,0.020091318825548488,57,57.0,scolv:abakken,unknown,man_confirm,manual,aka2026ssende,aka2026ssende
matched,onsite,2026-09-21 05:26:13.00,2026-09-21 05:26:13.45,0.459,51.49911499023438,51.499,178.93592834472656,178.936,0.013714699608759788,64.96874237060547,65.0,0.03125762939453125,2.2933350111712913,2.3,0.0066649888287084735,23,23.0,scolv:abakken,unknown,man_confirm,manual,aka2026ssepmm,aka2026ssepmm
matched,onsite,2026-09-21 05:36:53.00,2026-09-21 05:36:53.71,0.715,56.00751495361328,56.008,-159.54873657226562,-159.549,0.0563661346976124,111.68104553222656,111.7,0.018954467773440342,2.542005593665759,2.5,0.042005593665758845,21,21.0,scolv:abakken,unknown,man_confirm,manual,aka2026ssezpi,aka2026ssezpi
matched,onsite,2026-09-21 05:37:41.00,2026-09-21 05:37:41.59,0.595,63.07025527954102,63.07,-150.56591796875,-150.566,0.02868482341091977,98.38054656982422,98.4,0.019453430175786934,2.184626216040611,2.2,0.015373783959389264,88,88.0,scolv:abakken,unknown,man_confirm,manual,aka2026ssfahp,aka2026ssfahp
matched,onsite,2026-09-21 06:08:20.00,2026-09-21 06:08:20.50,0.505,60.26987838745117,60.27,-152.42930603027344,-152.429,0.021625102470410395,101.14913940429688,101.1,0.049139404296880684,1.731179406652133,1.7,0.031179406652133146,50,50.0,scolv:abakken,unknown,man_confirm,manual,aka2026ssgawl,aka2026ssgawl
matched,onsite,2026-09-21 06:12:55.00,2026-09-21 06:12:55.56,0.56,54.32263565063477,54.323,-161.37586975097656,-161.376,0.04138497108126936,3.975905656814575,4.0,0.024094343185424805,2.7424717949332424,2.7,0.04247179493324227,25,25.0,scolv:abakken,unknown,man_confirm,manual,aka2026ssgfae,aka2026ssgfae
matched,onsite,2026-09-21 06:17:00.00,2026-09-21 06:17:00.85,0.85,59.1136589050293,59.114,-152.34915161132812,-152.349,0.03890279102934411,70.04304504394531,70.0,0.0430450439453125,1.877681073150395,1.9,0.022318926849604903,39,39.0,scolv:abakken,unknown,man_confirm,manual,aka2026ssgibq,aka2026ssgibq
matched,onsite,2026-09-21 06:18:21.00,2026-09-21 06:18:21.96,0.969,58.830810546875,58.831,-154.74819946289062,-154.748,0.023990798716972947,123.68099975585938,123.7,0.019000244140627842,2.2423390571650077,2.2,0.04233905716500752,75,75.0,scolv:abakken,unknown,man_confirm,manual,aka2026ssgjoz,aka2026ssgjoz
matched,onsite,2026-09-21 06:20:55.00,2026-09-21 06:20:55.97,0.972,58.52338027954102,58.523,-153.9794158935547,-153.979,0.04869412345631879,14.295865058898926,14.3,0.004134941101074929,1.8289613075747893,1.8,0.028961307574789208,21,21.0,scolv:abakken,unknown,man_confirm,manual,aka2026ssgltk,aka2026ssgltk
matched,onsite,2026-09-21 06:43:32.00,2026-09-21 06:43:32.98,0.983,59.71065139770508,59.711,-152.82717895507812,-152.827,0.04004100934071472,88.8376693725586,88.8,0.03766937255859659,1.8599664643530047,1.9,0.04003353564699519,83,83.0,scolv:abakken,unknown,man_confirm,manual,aka2026sshbxi,aka2026sshbxi
matched,onsite,2026-09-21 07:02:22.00,2026-09-21 07:02:22.11,0.112,58.41876983642578,58.419,-153.82452392578125,-153.825,0.03773048658913272,85.06538391113281,85.1,0.034616088867181816,1.9184580210120172,1.9,0.018458021012017323,27,27.0,scolv:abakken,unknown,man_confirm,manual,aka2026sshvrw,aka2026sshvrw
matched,onsite,2026-09-21 07:10:41.00,2026-09-21 07:10:41.85,0.859,60.04468536376953,60.045,-152.90457153320312,-152.905,0.04230781098150959,118.57775115966797,118.6,0.022248840332025566,1.55802165925045,1.6,0.04197834074954998,51,51.0,scolv:abakken,unknown,man_confirm,manual,aka2026ssicyl,aka2026ssicyl
matched,onsite,2026-09-21 07:22:14.00,2026-09-21 07:22:14.78,0.784,64.53892517089844,64.539,-147.92388916015625,-147.924,0.009864370238217415,13.73356056213379,13.7,0.03356056213379155,1.579968044666611,1.6,0.020031955333389195,40,40.0,scolv:abakken,unknown,man_confirm,manual,aka2026ssimxv,aka2026ssimxv
matched,onsite,2026-09-21 07:22:45.00,2026-09-21 07:22:45.27,0.277,58.89017105102539,58.89,-154.25692749023438,-154.257,0.019470875756022268,111.20100402832031,111.2,0.0010040283203096578,1.9256580653357473,1.9,0.025658065335747438,37,37.0,scolv:abakken,unknown,man_confirm,manual,aka2026ssinle,aka2026ssinle
matched,onsite,2026-09-21 07:54:41.00,2026-09-21 07:54:41.92,0.922,61.21630477905273,61.216,-146.89707946777344,-146.897,0.034155929430354094,0.0,0.0,0.0,1.7435405290366361,1.7,0.04354052903663619,28,28.0,scolv:abakken,unknown,man_confirm,manual,aka2026ssjowo,aka2026ssjowo
matched,onsite,2026-09-21 08:03:34.00,2026-09-21 08:03:34.31,0.319,60.35183715820312,60.352,-150.74221801757812,-150.742,0.021718175988498054,51.47066497802734,51.5,0.029335021972663355,1.9548131120509111,2.0,0.04518688794908887,66,66.0,scolv:abakken,unknown,man_confirm,manual,aka2026ssjwtj,aka2026ssjwtj
matched,onsite,2026-09-21 08:32:36.00,2026-09-21 08:32:36.90,0.903,59.93534851074219,59.935,-152.5888214111328,-152.589,0.04000924257861652,103.73030090332031,103.7,0.030300903320309658,2.3952186136115863,2.4,0.004781386388413633,115,115.0,scolv:abakken,unknown,man_confirm,manual,aka2026sskvxt,aka2026sskvxt
matched,onsite,2026-09-21 08:48:02.00,2026-09-21 08:48:02.44,0.447,59.6345443725586,59.635,-153.74278259277344,-153.743,0.052116472754840854,143.27679443359375,143.3,0.02320556640626137,1.7985508747643435,1.8,0.0014491252356565454,41,41.0,scolv:abakken,unknown,man_confirm,manual,aka2026ssljgs,aka2026ssljgs
matched,onsite,2026-09-21 09:15:30.00,2026-09-21 09:15:30.69,0.697,66.04212951660156,66.042,-151.27947998046875,-151.279,0.026021036234156074,3.976917266845703,4.0,0.023082733154296875,2.188157226476441,2.2,0.011842773523559114,50,50.0,scolv:abakken,unknown,man_confirm,manual,aka2026ssmhdn,aka2026ssmhdn
matched,onsite,2026-09-21 09:38:37.00,2026-09-21 09:38:37.68,0.689,59.9346694946289,59.935,-151.3349151611328,-151.335,0.03705316337724329,46.24892807006836,46.2,0.04892807006835653,3.0807560929122983,3.1,0.01924390708770174,174,174.0,scolv:abakken,unknown,man_confirm,manual,aka2026ssnawb,aka2026ssnawb
matched,onsite,2026-09-21 09:43:48.00,2026-09-21 09:43:48.44,0.444,61.52433395385742,61.524,-150.00123596191406,-150.001,0.03918454437321218,38.21161651611328,38.2,0.011616516113278408,2.580224573728828,2.6,0.019775426271172236,130,130.0,scolv:abakken,unknown,man_confirm,manual,aka2026ssnfqn,aka2026ssnfqn
matched,onsite,2026-09-21 09:56:09.00,2026-09-21 09:56:09.93,0.931,62.51487350463867,62.515,-149.80628967285156,-149.806,0.020465255810246937,64.49115753173828,64.5,0.00884246826171875,2.11780678197938,2.1,0.017806781979380126,55,55.0,scolv:abakken,unknown,man_confirm,manual,aka2026ssnpvh,aka2026ssnpvh
matched,onsite,2026-09-21 10:00:11.00,2026-09-21 10:00:11.10,0.101,52.18238067626953,52.182,-171.00401306152344,-171.004,0.04233863633602798,105.63824462890625,105.6,0.038244628906255684,3.580398511001049,3.6,0.01960148899895131,61,61.0,scolv:aaholland3,unknown,man_confirm,manual,aka2026ssnubr,aka2026ssnubr
matched,onsite,2026-09-21 10:09:27.00,2026-09-21 10:09:27.57,0.574,58.95212173461914,58.952,-153.78465270996094,-153.785,0.024081359472417234,14.254558563232422,14.3,0.045441436767578836,1.8817504665371438,1.9,0.01824953346285607,57,57.0,scolv:abakken,unknown,man_confirm,manual,aka2026ssobxi,aka2026ssobxi
matched,onsite,2026-09-21 10:18:17.00,2026-09-21 10:18:17.86,0.86,51.88047409057617,51.88,-173.9291229248047,-173.929,0.05338746343771064,92.70914459228516,92.7,0.009144592285153408,2.438525832922473,2.4,0.038525832922473136,18,18.0,scolv:abakken,unknown,man_confirm,manual,aka2026ssojqw,aka2026ssojqw
matched,onsite,2026-09-21 10:40:40.00,2026-09-21 10:40:40.96,0.968,60.29656219482422,60.297,-152.16209411621094,-152.162,0.04895712245142186,91.55118560791016,91.6,0.048814392089838066,1.6351029048753665,1.6,0.03510290487536638,37,37.0,scolv:abakken,unknown,man_confirm,manual,aka2026sspcze,aka2026sspcze
matched,onsite,2026-09-21 10:48:50.00,2026-09-21 10:48:50.22,0.223,51.92575454711914,51.926,178.1552734375,178.155,0.033113135434769535,147.02532958984375,147.0,0.02532958984375,2.3416852419029386,2.3,0.04168524190293876,20,20.0,scolv:abakken,unknown,man_confirm,manual,aka2026sspkcu,aka2026sspkcu
matched,onsite,2026-09-21 10:56:40.00,2026-09-21 10:56:40.67,0.674,52.48357772827148,52.484,-171.14454650878906,-171.145,0.05610477061067488,109.39677429199219,109.4,0.0032257080078181843,3.3203039719279976,3.3,0.02030397192799782,61,61.0,scolv:abakken,unknown,man_confirm,manual,aka2026ssprcc,aka2026ssprcc
matched,onsite,2026-09-21 11:02:37.00,2026-09-21 11:02:37.63,0.634,64.74505615234375,64.745,-147.80760192871094,-147.808,0.01989033144047874,15.284992218017578,15.3,0.015007781982422586,1.2476729733849408,1.2,0.04767297338494081,32,32.0,scolv:abakken,unknown,man_confirm,manual,aka2026sspwaa,aka2026sspwaa
matched,onsite,2026-09-21 11:05:51.00,2026-09-21 11:05:51.36,0.367,63.13542938232422,63.135,-150.69549560546875,-150.695,0.05384936327856452,111.09818267822266,111.1,0.0018173217773380657,2.1948470330968517,2.2,0.0051529669031484815,89,89.0,scolv:abakken,unknown,man_confirm,manual,aka2026sspyry,aka2026sspyry
matched,onsite,2026-09-21 11:18:44.00,2026-09-21 11:18:44.14,0.14,59.46297454833984,59.463,-152.65736389160156,-152.657,0.020752869155399145,90.84342193603516,90.8,0.04342193603515909,1.9934453813276234,2.0,0.006554618672376611,78,78.0,scolv:abakken,unknown,man_confirm,manual,aka2026ssqjze,aka2026ssqjze
matched,onsite,2026-09-21 11:28:06.00,2026-09-21 11:28:06.38,0.38,60.27633666992188,60.276,-150.83816528320312,-150.838,0.03852909092663843,64.8427505493164,64.8,0.04275054931640909,2.0173468717247283,2.0,0.017346871724728263,87,87.0,scolv:abakken,unknown,man_confirm,manual,aka2026ssqscs,aka2026ssqscs
matched,onsite,2026-09-21 11:35:41.00,2026-09-21 11:35:41.75,0.756,62.54787063598633,62.548,-149.07606506347656,-149.076,0.01476622096807796,52.62732315063477,52.6,0.02732315063477131,2.085836712299355,2.1,0.01416328770064501,70,70.0,scolv:abakken,unknown,man_confirm,manual,aka2026ssqxrw,aka2026ssqxrw
matched,onsite,2026-09-21 11:57:03.00,2026-09-21 11:57:03.85,0.854,58.24431228637695,58.244,-155.81260681152344,-155.813,0.04165656714917053,140.03038024902344,140.0,0.0303802490234375,1.6570105568983267,1.7,0.0429894431016733,29,29.0,scolv:abakken,unknown,man_confirm,manual,aka2026ssrreb,aka2026ssrreb
matched,onsite,2026-09-21 12:04:19.00,2026-09-21 12:04:19.71,0.715,54.17757415771484,54.178,-163.90301513671875,-163.903,0.04736174728167529,58.65344619750977,58.7,0.04655380249023011,2.65135566110552,2.7,0.04864433889448039,45,45.0,scolv:abakken,unknown,man_confirm,manual,aka2026ssrxml,aka2026ssrxml
matched,onsite,2026-09-21 12:04:29.00,2026-09-21 12:04:29.01,0.016,65.62216186523438,65.622,-150.00779724121094,-150.008,0.020261981990364913,1.3148237466812134,1.3,0.014823746681213334,2.1328204948462974,2.1,0.03282049484629734,55,55.0,scolv:abakken,unknown,man_confirm,manual,aka2026ssrxqq,aka2026ssrxqq
matched,onsite,2026-09-21 12:18:47.00,2026-09-21 12:18:47.21,0.213,51.87908172607422,51.879,-176.62307739257812,-176.623,0.010526421140550775,6.64627742767334,6.6,0.0462774276733402,1.4640075679426647,1.5,0.035992432057335266,17,17.0,scolv:abakken,unknown,man_confirm,manual,aka2026ssskbb,aka2026ssskbb
matched,onsite,2026-09-21 12:53:55.00,2026-09-21 12:53:55.68,0.684,52.89307403564453,52.893,-167.7630157470703,-167.763,0.008299889111381808,55.25225830078125,55.3,0.04774169921874716,2.3300586262213905,2.3,0.03005862622139066,28,28.0,scolv:abakken,unknown,man_confirm,manual,aka2026sstomx,aka2026sstomx
matched,onsite,2026-09-21 12:58:05.00,2026-09-21 12:58:05.17,0.179,59.60737991333008,59.607,-152.78866577148438,-152.789,0.046239868237547804,86.12605285644531,86.1,0.026052856445318184,1.7082546676256045,1.7,0.008254667625604561,37,37.0,scolv:abakken,unknown,man_confirm,manual,aka2026sstsda,aka2026sstsda
matched,onsite,2026-09-21 13:01:42.00,2026-09-21 13:01:42.24,0.242,61.33490371704102,61.335,-151.48338317871094,-151.483,0.023072661722176643,76.28984832763672,76.3,0.010151672363278408,1.579346660669913,1.6,0.020653339330087173,47,47.0,scolv:abakken,unknown,man_confirm,manual,aka2026sstvge,aka2026sstvge
matched,onsite,2026-09-21 13:09:48.00,2026-09-21 13:09:48.25,0.259,60.22282409667969,60.223,-143.29002380371094,-143.29,0.0196036773795622,11.21911907196045,11.2,0.01911907196044993,1.8265152342783713,1.8,0.026515234278371214,24,24.0,scolv:abakken,unknown,man_confirm,manual,aka2026ssuchf,aka2026ssuchf
matched,onsite,2026-09-21 13:12:50.00,2026-09-21 13:12:50.22,0.227,61.57621383666992,61.576,-148.0460205078125,-148.046,0.023802314663211508,7.487894058227539,7.5,0.012105941772460938,1.903365878558457,1.9,0.0033658785584571582,37,37.0,scolv:abakken,unknown,man_confirm,manual,aka2026ssuexk,aka2026ssuexk
matched,onsite,2026-09-21 13:21:07.00,2026-09-21 13:21:07.08,0.082,61.20280456542969,61.203,-151.67848205566406,-151.678,0.033748434271580016,79.78072357177734,79.8,0.019276428222653408,1.8125097707620808,1.8,0.012509770762080707,63,63.0,scolv:abakken,unknown,man_confirm,manual,aka2026ssumby,aka2026ssumby
matched,onsite,2026-09-21 13:26:59.00,2026-09-21 13:27:00.02,1.021,51.31550598144531,51.3761,-178.1748504638672,-178.1606,6.810055826111288,13.710290908813477,22.246,8.535709091186522,2.948305823176814,2.8,0.14830582317681396,68,32.0,scolv:abakken,unknown,man_confirm,manual,aka2026ssurej,us6000tyak
matched,onsite,2026-09-21 13:36:36.00,2026-09-21 13:36:36.44,0.446,64.88257598876953,64.883,-149.22389221191406,-149.224,0.047421586703267696,20.805450439453125,20.8,0.0054504394531242895,1.3134701085804108,1.3,0.013470108580410756,27,27.0,scolv:abakken,unknown,man_confirm,manual,aka2026ssuznb,aka2026ssuznb
matched,onsite,2026-09-21 13:38:03.00,2026-09-21 13:38:03.43,0.433,51.33443069458008,51.334,-176.52590942382812,-176.526,0.04830267603582432,27.1875,27.2,0.01249999999999929,2.2813567415450287,2.3,0.018643258454971168,24,24.0,scolv:abakken,unknown,man_confirm,manual,aka2026ssvatz,aka2026ssvatz
matched,onsite,2026-09-21 13:42:06.00,2026-09-21 13:42:06.24,0.24,65.8624267578125,65.862,-151.11416625976562,-151.114,0.048051744135222826,4.339369297027588,4.3,0.03936929702758807,1.5565845580824131,1.6,0.04341544191758695,29,29.0,scolv:abakken,unknown,man_confirm,manual,aka2026ssvehn,aka2026ssvehn
matched,onsite,2026-09-21 13:54:27.00,2026-09-21 13:54:27.94,0.942,65.92262268066406,65.923,-151.08656311035156,-151.087,0.046401491282974924,5.005690097808838,5.0,0.005690097808837891,1.667118463201323,1.7,0.032881536798677,31,31.0,scolv:abakken,unknown,man_confirm,manual,aka2026ssvozy,aka2026ssvozy
matched,onsite,2026-09-21 14:15:25.00,2026-09-21 14:15:25.03,0.037,63.92611694335938,63.926,-146.93679809570312,-146.937,0.016323738477875025,5.992488861083984,6.0,0.007511138916015625,1.439344665708442,1.4,0.039344665708442195,28,28.0,scolv:abakken,unknown,man_confirm,manual,aka2026sswheg,aka2026sswheg
matched,onsite,2026-09-21 14:22:25.00,2026-09-21 14:22:25.41,0.412,61.16808700561523,61.168,-152.1060028076172,-152.106,0.00967575435520037,103.45047760009766,103.5,0.04952239990234375,1.4299272725554009,1.4,0.029927272555400952,35,35.0,scolv:abakken,unknown,man_confirm,manual,aka2026sswner,aka2026sswner
matched,onsite,2026-09-21 14:27:25.00,2026-09-21 14:27:25.76,0.762,53.75080871582031,53.751,-164.11573791503906,-164.116,0.027374137595014923,19.185157775878906,19.2,0.01484222412109304,2.6387552381684944,2.6,0.038755238168494355,39,39.0,scolv:abakken,unknown,man_confirm,manual,aka2026sswroj,aka2026sswroj
matched,onsite,2026-09-21 14:34:51.00,2026-09-21 14:34:51.08,0.084,60.00030899047852,60.0,-140.70803833007812,-140.708,0.03442419855509683,21.790699005126953,21.8,0.009300994873047586,2.185504587571783,2.2,0.014495412428217058,18,18.0,scolv:abakken,unknown,man_confirm,manual,aka2026sswyal,aka2026sswyal
matched,onsite,2026-09-21 14:40:39.00,2026-09-21 14:40:39.34,0.349,52.08817672729492,52.0423,-176.11871337890625,-176.1314,5.174451807560385,173.91358947753906,171.402,2.5115894775390757,2.10184954519977,2.6,0.49815045480023024,29,30.0,scolv:abakken,unknown,man_confirm,manual,aka2026ssxdca,us6000tyeh
matched,onsite,2026-09-21 14:52:13.00,2026-09-21 14:52:13.80,0.804,54.062255859375,54.062,-164.84121704101562,-164.841,0.03178122523726703,97.28992462158203,97.3,0.010075378417965908,2.376913317607879,2.4,0.02308668239212075,23,23.0,scolv:abakken,unknown,man_confirm,manual,aka2026ssxnbd,aka2026ssxnbd
matched,onsite,2026-09-21 14:56:01.00,2026-09-21 14:56:01.37,0.371,59.09324264526367,59.093,-152.25054931640625,-152.251,0.03729008146512181,74.26277923583984,74.3,0.03722076416015341,2.0680902140941515,2.1,0.03190978590584859,43,43.0,scolv:abakken,unknown,man_confirm,manual,aka2026ssxqjv,aka2026ssxqjv
matched,onsite,2026-09-21 15:12:15.00,2026-09-21 15:12:15.70,0.705,57.90851974487305,57.909,-156.53172302246094,-156.532,0.05585240371241152,162.82394409179688,162.8,0.02394409179686363,1.6669210730820592,1.7,0.03307892691794079,24,24.0,scolv:abakken,unknown,man_confirm,manual,aka2026ssyeah,aka2026ssyeah
matched,onsite,2026-09-21 15:25:37.00,2026-09-21 15:25:37.80,0.803,60.99643325805664,60.996,-150.89096069335938,-150.891,0.048222686051517465,31.323781967163086,31.3,0.023781967163085227,1.8355968197845338,1.8,0.03559681978453377,33,33.0,scolv:abakken,unknown,man_confirm,manual,aka2026ssyqbu,aka2026ssyqbu
matched,onsite,2026-09-21 15:30:44.00,2026-09-21 15:30:44.99,0.995,59.69562911987305,59.696,-152.2202606201172,-152.22,0.043755736903606,71.80342102050781,71.8,0.003421020507815342,1.856333675012614,1.9,0.043666324987385874,52,52.0,scolv:abakken,unknown,man_confirm,manual,aka2026ssyumw,aka2026ssyumw
matched,onsite,2026-09-21 15:37:23.00,2026-09-21 15:37:23.02,0.021,63.56118392944336,63.561,-147.51882934570312,-147.519,0.02212846341172472,1.3001527786254883,1.3,0.00015277862548823684,1.6319437128193348,1.6,0.031943712819334724,44,44.0,scolv:abakken,unknown,man_confirm,manual,aka2026sszagf,aka2026sszagf
matched,onsite,2026-09-21 15:52:47.00,2026-09-21 15:52:47.44,0.444,61.56248092651367,61.562,-151.02835083007812,-151.028,0.05661138563762084,74.54732513427734,74.5,0.04732513427734375,1.4028491250238773,1.4,0.0028491250238773524,33,33.0,scolv:abakken,unknown,man_confirm,manual,aka2026ssznpf,aka2026ssznpf
matched,onsite,2026-09-21 16:23:43.00,2026-09-21 16:23:43.64,0.643,58.39612197875977,58.396,-154.4857177734375,-154.486,0.021317262550884605,4.2948832511901855,4.3,0.0051167488098142755,1.3419696811306256,1.3,0.0419696811306256,20,20.0,scolv:abakken,unknown,man_confirm,manual,aka2026staoli,aka2026staoli
matched,onsite,2026-09-21 16:33:04.00,2026-09-21 16:33:04.63,0.639,50.46163940429688,50.462,-174.0354766845703,-174.035,0.05240495696031347,19.216577529907227,19.2,0.016577529907227273,2.9283300676780146,2.9,0.028330067678014714,19,19.0,scolv:abakken,unknown,man_confirm,manual,aka2026stawzi,aka2026stawzi
matched,onsite,2026-09-21 16:38:19.00,2026-09-21 16:38:22.96,3.967,52.79269790649414,52.9167,-167.2137451171875,-167.3554,16.750628709786515,5.517395973205566,35.0,29.482604026794434,2.862345454696071,2.6,0.26234545469607085,50,27.0,scolv:abakken,unknown,man_confirm,manual,aka2026stbbch,us6000tyfg
matched,onsite,2026-09-21 16:41:21.00,2026-09-21 16:41:21.39,0.396,64.17251586914062,64.173,-146.90597534179688,-146.906,0.05384614659650531,4.333533763885498,4.3,0.033533763885498225,1.5454162174110189,1.5,0.04541621741101887,37,37.0,scolv:abakken,unknown,man_confirm,manual,aka2026stbdsg,aka2026stbdsg
matched,onsite,2026-09-21 17:14:00.00,2026-09-21 17:14:00.57,0.574,59.88249588012695,59.882,-151.9224395751953,-151.922,0.06034801848321692,77.24251556396484,77.2,0.04251556396484091,1.753346928871742,1.8,0.046653071128258006,56,56.0,scolv:abakken,unknown,man_confirm,manual,aka2026stcgav,aka2026stcgav
matched,onsite,2026-09-21 17:52:03.00,2026-09-21 17:52:03.78,0.784,59.9184799194336,59.918,-153.1166229248047,-153.117,0.057353837249655565,114.05643463134766,114.1,0.043565368652338066,1.5050098997880756,1.5,0.005009899788075645,46,46.0,scolv:abakken,unknown,man_confirm,manual,aka2026stdmut,aka2026stdmut
matched,onsite,2026-09-21 18:06:01.00,2026-09-21 18:06:01.86,0.864,64.9738998413086,64.974,-147.39154052734375,-147.392,0.024313779361561243,1.513818860054016,1.5,0.013818860054015891,1.3910865941004535,1.4,0.008913405899546367,28,28.0,scolv:abakken,unknown,man_confirm,manual,aka2026stdzcy,aka2026stdzcy
matched,onsite,2026-09-21 18:14:09.00,2026-09-21 18:14:09.63,0.637,58.58408737182617,58.584,-155.06387329101562,-155.064,0.01217876615075794,135.96295166015625,136.0,0.03704833984375,2.1336185103619623,2.1,0.03361851036196217,64,64.0,scolv:abakken,unknown,man_confirm,manual,aka2026steflf,aka2026steflf
matched,onsite,2026-09-21 18:26:49.00,2026-09-21 18:26:49.27,0.27,55.47946166992188,55.479,-154.0760040283203,-154.076,0.051335980697545115,20.0,20.0,0.0,3.7590339480393804,3.8,0.04096605196061942,139,139.0,scolv:aaholland3,unknown,man_confirm,manual,aka2026steqzi,aka2026steqzi
matched,onsite,2026-09-21 18:52:48.00,2026-09-21 18:52:48.21,0.219,58.72249984741211,58.722,-153.68655395507812,-153.687,0.061255903521968615,8.492544174194336,8.5,0.0074558258056640625,1.92060492642302,1.9,0.020604926423020142,48,48.0,scolv:abakken,unknown,man_confirm,manual,aka2026stfnot,aka2026stfnot
matched,onsite,2026-09-21 19:05:25.00,2026-09-21 19:05:25.39,0.39,59.33755493164062,59.338,-152.42718505859375,-152.427,0.05058972803603921,78.51272583007812,78.5,0.012725830078125,1.7043228497126155,1.7,0.00432284971261554,44,44.0,scolv:abakken,unknown,man_confirm,manual,aka2026stfyqx,aka2026stfyqx
matched,onsite,2026-09-21 19:08:52.00,2026-09-21 19:08:52.52,0.526,58.87763977050781,58.878,-154.5386962890625,-154.539,0.04369369475577104,121.63065338134766,121.6,0.030653381347661934,1.791974495117583,1.8,0.008025504882416934,38,38.0,scolv:abakken,unknown,man_confirm,manual,aka2026stgbqd,aka2026stgbqd
matched,onsite,2026-09-21 19:24:38.00,2026-09-21 19:24:38.40,0.403,62.9114990234375,62.911,-151.60943603515625,-151.609,0.059720001570948034,2.6230342388153076,2.6,0.02303423881530753,1.9962952203599695,2.0,0.0037047796400304644,36,36.0,scolv:abakken,unknown,man_confirm,manual,aka2026stgphi,aka2026stgphi
matched,onsite,2026-09-21 19:32:47.00,2026-09-21 19:32:47.93,0.939,56.70545959472656,56.705,-155.34547424316406,-155.345,0.05873378502894562,42.040252685546875,42.0,0.040252685546875,3.1222423011120255,3.1,0.02224230111202541,69,69.0,scolv:abakken,unknown,man_confirm,manual,aka2026stgwir,aka2026stgwir
matched,onsite,2026-09-21 19:39:31.00,2026-09-21 19:39:31.67,0.675,57.22921752929688,57.229,-155.88758850097656,-155.888,0.03461907331507751,65.80780029296875,65.8,0.007800292968752842,2.3766192476877377,2.4,0.02338075231226222,62,62.0,scolv:abakken,unknown,man_confirm,manual,aka2026sthcdv,aka2026sthcdv
matched,onsite,2026-09-21 19:43:49.00,2026-09-21 19:43:49.50,0.503,60.04978561401367,60.05,-152.84307861328125,-152.843,0.024234807332288475,118.90145874023438,118.9,0.0014587402343693157,1.5817989120523956,1.6,0.018201087947604444,54,54.0,scolv:abakken,unknown,man_confirm,manual,aka2026sthetm,aka2026sthetm
matched,onsite,2026-09-21 19:54:33.00,2026-09-21 19:54:33.86,0.867,62.91576766967773,62.916,-151.6221466064453,-151.622,0.02687903453942366,7.983973503112793,8.0,0.01602649688720703,1.9648765086640878,2.0,0.035123491335912194,30,30.0,scolv:abakken,unknown,man_confirm,manual,aka2026sthpfw,aka2026sthpfw
matched,onsite,2026-09-21 20:34:40.00,2026-09-21 20:34:40.13,0.13,61.2255744934082,61.226,-150.68246459960938,-150.682,0.053451159449540084,19.023387908935547,19.0,0.023387908935546875,1.665611253092813,1.7,0.03438874690718685,32,32.0,scolv:abakken,unknown,man_confirm,manual,aka2026stivqh,aka2026stivqh
matched,onsite,2026-09-21 21:04:55.00,2026-09-21 21:04:55.02,0.024,52.26104354858398,52.261,-175.66720581054688,-175.667,0.014820571781224617,243.58843994140625,243.6,0.011560058593744316,1.9606663770302197,2.0,0.03933362296978027,14,14.0,scolv:abakken,unknown,man_confirm,manual,aka2026stjyeo,aka2026stjyeo
matched,onsite,2026-09-21 21:17:48.00,2026-09-21 21:17:48.09,0.094,61.65188217163086,61.652,-151.6601104736328,-151.66,0.014341618548968297,101.6661148071289,101.7,0.03388519287109659,2.8074333071350916,2.8,0.007433307135091827,177,177.0,scolv:abakken,unknown,man_confirm,manual,aka2026stkjjp,aka2026stkjjp
matched,onsite,2026-09-21 22:00:04.00,2026-09-21 22:00:04.86,0.863,59.8046760559082,59.805,-151.79409790039062,-151.794,0.03643466398648799,69.92691040039062,69.9,0.026910400390619316,1.614627495043173,1.6,0.014627495043172845,38,38.0,scolv:abakken,unknown,man_confirm,manual,aka2026stluba,aka2026stluba
matched,onsite,2026-09-21 22:13:01.00,2026-09-21 22:13:01.76,0.764,58.37154006958008,58.372,-154.4388427734375,-154.439,0.05195719891812175,5.0,5.0,0.0,1.2215764937530378,1.2,0.02157649375303783,23,23.0,scolv:abakken,unknown,man_confirm,manual,aka2026stmfhe,aka2026stmfhe
matched,onsite,2026-09-21 22:19:17.00,2026-09-21 22:19:17.52,0.521,59.6225700378418,59.623,-152.44769287109375,-152.448,0.050833153134151536,75.36153411865234,75.4,0.038465881347661934,1.5524982021065548,1.6,0.04750179789344533,25,25.0,scolv:abakken,unknown,man_confirm,manual,aka2026stmkse,aka2026stmkse
matched,onsite,2026-09-21 22:24:59.00,2026-09-21 22:24:59.97,0.973,59.85084533691406,59.851,-152.79588317871094,-152.796,0.018393694871011196,106.34933471679688,106.3,0.04933471679687784,2.432748693700036,2.4,0.0327486937000363,148,148.0,scolv:abakken,unknown,man_confirm,manual,aka2026stmoxb,aka2026stmoxb
matched,onsite,2026-09-21 22:32:46.00,2026-09-21 22:32:46.31,0.313,53.84817504882812,53.848,-166.82102966308594,-166.821,0.019561558135306256,9.717191696166992,9.7,0.017191696166992898,2.5186752952249556,2.5,0.01867529522495559,43,43.0,scolv:abakken,unknown,man_confirm,manual,aka2026stmwaj,aka2026stmwaj
matched,onsite,2026-09-21 22:33:24.00,2026-09-21 22:33:24.83,0.836,60.7115592956543,60.712,-152.15501403808594,-152.155,0.04901003682637577,89.44992065429688,89.4,0.049920654296869316,1.6310150086404431,1.6,0.031015008640443043,37,37.0,scolv:abakken,unknown,man_confirm,manual,aka2026stmwyu,aka2026stmwyu
matched,onsite,2026-09-21 23:02:51.00,2026-09-21 23:02:51.58,0.588,51.40354156494141,51.404,-177.7075653076172,-177.708,0.05922606398048199,32.480648040771484,32.5,0.019351959228515625,2.124553017281665,2.1,0.024553017281665035,43,43.0,scolv:abakken,unknown,man_confirm,manual,aka2026stnwmw,aka2026stnwmw
matched,onsite,2026-09-21 23:14:44.00,2026-09-21 23:14:44.56,0.56,68.26171875,68.262,-145.32608032226562,-145.326,0.03144802875387993,7.085850715637207,7.1,0.014149284362792613,2.507249819889559,2.5,0.007249819889559195,55,55.0,scolv:abakken,unknown,man_confirm,manual,aka2026stogux,aka2026stogux
matched,onsite,2026-09-21 23:29:20.00,2026-09-21 23:29:20.67,0.678,53.67176055908203,53.672,-165.15756225585938,-165.158,0.03924733352599378,34.469970703125,34.5,0.030029296875,3.2633945586724677,3.3,0.03660544132753207,72,72.0,scolv:abakken,unknown,man_confirm,manual,aka2026stotia,aka2026stotia
matched,onsite,2026-09-21 23:50:41.00,2026-09-21 23:50:41.41,0.418,64.78483581542969,64.785,-149.1451873779297,-149.145,0.02029994459777539,0.0,0.0,0.0,2.242315696986234,2.2,0.04231569698623394,15,15.0,scolv:abakken,unknown,man_confirm,manual,aka2026stplyl,aka2026stplyl
matched,onsite,2026-09-22 00:07:10.00,2026-09-22 00:07:10.98,0.981,51.98567581176758,51.986,179.60513305664062,179.605,0.037181826070842194,172.01025390625,172.0,0.01025390625,2.2642324554979023,2.3,0.035767544502097515,33,33.0,scolv:abakken,unknown,man_confirm,manual,aka2026stqapo,aka2026stqapo
matched,onsite,2026-09-22 00:23:32.00,2026-09-22 00:23:32.06,0.065,59.87491226196289,59.875,-152.88499450683594,-152.885,0.009760839865334568,102.82950592041016,102.8,0.029505920410159092,1.4845206948941314,1.5,0.01547930510586859,24,24.0,scolv:abakken,unknown,man_confirm,manual,aka2026stqolr,aka2026stqolr
matched,onsite,2026-09-22 00:27:57.00,2026-09-22 00:27:57.17,0.178,61.16355514526367,61.164,-151.67247009277344,-151.672,0.05551978559066807,83.16065979003906,83.2,0.03934020996094034,1.1121725480821179,1.1,0.012172548082117762,29,29.0,scolv:abakken,unknown,man_confirm,manual,aka2026stqsgl,aka2026stqsgl
matched,onsite,2026-09-22 00:44:44.00,2026-09-22 00:44:44.01,0.011,52.14919662475586,52.2568,-170.96368408203125,-171.031,12.814224738137536,112.04354095458984,121.396,9.352459045410157,3.8978487673935223,3.9,0.002151232606477649,77,46.0,scolv:aaholland3,unknown,man_confirm,manual,aka2026strgoh,us7000tj31
matched,onsite,2026-09-22 00:52:01.00,2026-09-22 00:52:01.32,0.321,60.7754898071289,60.775,-142.8975372314453,-142.898,0.05997935033616134,0.0,0.0,0.0,1.3561046081532686,1.4,0.0438953918467313,17,17.0,scolv:abakken,unknown,man_confirm,manual,aka2026strndn,aka2026strndn
matched,onsite,2026-09-22 01:03:53.00,2026-09-22 01:03:53.94,0.946,51.48128890991211,51.481,-175.22840881347656,-175.228,0.042819273507896945,22.159557342529297,22.2,0.040442657470702414,2.697319131438716,2.7,0.002680868561284022,40,40.0,scolv:abakken,unknown,man_confirm,manual,aka2026strxlb,aka2026strxlb
matched,onsite,2026-09-22 01:27:31.00,2026-09-22 01:27:31.95,0.958,58.0349006652832,58.035,-154.353515625,-154.354,0.030578247128305227,5.695966243743896,5.7,0.0040337562561045814,1.5659156989255891,1.6,0.03408430107441096,35,35.0,scolv:abakken,unknown,man_confirm,manual,aka2026stsryh,aka2026stsryh
matched,onsite,2026-09-22 01:49:43.00,2026-09-22 01:49:43.06,0.062,61.6957778930664,61.696,-149.5277099609375,-149.528,0.02904804528436402,22.387346267700195,22.4,0.012653732299803266,1.5958999152882865,1.6,0.004100084711713636,53,53.0,scolv:abakken,unknown,man_confirm,manual,aka2026sttldx,aka2026sttldx
matched,onsite,2026-09-22 01:58:43.00,2026-09-22 01:58:43.84,0.845,65.44220733642578,65.442,-148.23435974121094,-148.234,0.02842385001237798,13.53266143798828,13.5,0.032661437988279474,1.134041813918723,1.1,0.03404181391872285,21,21.0,scolv:abakken,unknown,man_confirm,manual,aka2026sttsxn,aka2026sttsxn
matched,onsite,2026-09-22 02:13:23.00,2026-09-22 02:13:23.26,0.262,64.82503509521484,64.825,-149.091552734375,-149.092,0.02151282290015983,19.27202606201172,19.3,0.02797393798828196,1.0654456155685073,1.1,0.034554384431492835,22,22.0,scolv:abakken,unknown,man_confirm,manual,aka2026stufrd,aka2026stufrd
matched,onsite,2026-09-22 02:20:00.00,2026-09-22 02:20:00.06,0.065,51.63418197631836,51.634,-178.53445434570312,-178.534,0.03731937446107613,14.564675331115723,14.6,0.03532466888427699,2.0157844344921694,2.0,0.015784434492169375,33,33.0,scolv:aaholland3,unknown,man_confirm,manual,aka2026stulbq,aka2026stulbq
matched,onsite,2026-09-22 02:29:05.00,2026-09-22 02:29:05.78,0.785,51.29293441772461,51.293,-177.1622772216797,-177.162,0.02060973715792702,39.25286102294922,39.3,0.04713897705077841,1.966374492577318,2.0,0.03362550742268211,26,26.0,scolv:abakken,unknown,man_confirm,manual,aka2026stuthd,aka2026stuthd
matched,onsite,2026-09-22 02:38:27.00,2026-09-22 02:38:27.67,0.678,60.04332733154297,60.043,-152.07260131835938,-152.073,0.042600726371393303,83.766845703125,83.8,0.03315429687499716,1.5985379918732756,1.6,0.0014620081267244789,51,51.0,scolv:abakken,unknown,man_confirm,manual,aka2026stvblh,aka2026stvblh
matched,onsite,2026-09-22 02:39:59.00,2026-09-22 02:39:59.47,0.47,62.94191360473633,62.942,-151.3263397216797,-151.326,0.01968678444878227,116.41413116455078,116.4,0.014131164550775566,1.6091913175041166,1.6,0.009191317504116503,25,25.0,scolv:abakken,unknown,man_confirm,manual,aka2026stvctr,aka2026stvctr
matched,onsite,2026-09-22 02:52:54.00,2026-09-22 02:52:54.25,0.257,51.35910034179688,51.359,-175.7312774658203,-175.731,0.022263316343924675,28.83466148376465,28.8,0.03466148376464773,2.1969899229568095,2.2,0.003010077043190673,19,19.0,scolv:abakken,unknown,man_confirm,manual,aka2026stvnyf,aka2026stvnyf
matched,onsite,2026-09-22 03:05:12.00,2026-09-22 03:05:12.47,0.474,51.28514099121094,51.285,-178.0735626220703,-178.074,0.034220508468718824,22.85671615600586,22.9,0.043283843994139204,2.042176332508665,2.0,0.04217633250866504,25,25.0,scolv:abakken,unknown,man_confirm,manual,aka2026stvyqm,aka2026stvyqm
matched,onsite,2026-09-22 03:35:20.00,2026-09-22 03:35:20.98,0.987,51.31685638427734,51.317,-178.22262573242188,-178.223,0.03052191543781624,12.643329620361328,12.6,0.04332962036132848,2.0155119810093773,2.0,0.01551198100937734,30,30.0,scolv:abakken,unknown,man_confirm,manual,aka2026stwywb,aka2026stwywb
matched,onsite,2026-09-22 03:49:07.00,2026-09-22 03:49:07.61,0.614,51.10202789306641,51.102,-178.9691925048828,-178.969,0.013794520135674494,20.756086349487305,20.8,0.04391365051269602,2.9936328394032437,3.0,0.006367160596756349,66,66.0,scolv:abakken,unknown,man_confirm,manual,aka2026stxksg,aka2026stxksg
matched,onsite,2026-09-22 03:56:45.00,2026-09-22 03:56:45.24,0.246,53.52242660522461,53.522,-164.74917602539062,-164.749,0.04884273583073327,9.033353805541992,9.0,0.03335380554199219,2.597159843333823,2.6,0.002840156666176874,29,29.0,scolv:abakken,unknown,man_confirm,manual,aka2026stxrkm,aka2026stxrkm
matched,onsite,2026-09-22 03:58:46.00,2026-09-22 03:58:46.79,0.799,53.58978652954102,53.59,-164.89479064941406,-164.895,0.027465542893765755,27.053394317626953,27.1,0.046605682373048296,2.575316664601617,2.6,0.0246833353983833,24,24.0,scolv:abakken,unknown,man_confirm,manual,aka2026stxsyg,aka2026stxsyg
matched,onsite,2026-09-22 04:12:47.00,2026-09-22 04:12:47.53,0.534,52.80384826660156,52.804,-167.76124572753906,-167.761,0.023611867974236235,28.447547912597656,28.4,0.04754791259765767,2.3430577727151376,2.3,0.043057772715137776,26,26.0,scolv:abakken,unknown,man_confirm,manual,aka2026styfbb,aka2026styfbb
matched,onsite,2026-09-22 04:16:41.00,2026-09-22 04:16:41.98,0.987,53.23376846313477,53.234,-168.46742248535156,-168.467,0.03812492807980459,99.19305419921875,99.2,0.006945800781252842,1.61509936194671,1.6,0.01509936194670991,21,21.0,scolv:abakken,unknown,man_confirm,manual,aka2026styirq,aka2026styirq
matched,onsite,2026-09-22 04:29:09.00,2026-09-22 04:29:09.61,0.611,69.15743255615234,69.157,-144.5941619873047,-144.594,0.04852314208516722,5.0,5.0,0.0,2.2986538674278996,2.3,0.001346132572100256,25,25.0,scolv:abakken,unknown,man_confirm,manual,aka2026stytyr,aka2026stytyr
matched,onsite,2026-09-22 04:56:59.00,2026-09-22 04:56:59.86,0.863,51.33330917358398,51.333,-176.0537109375,-176.054,0.03981430234671237,17.84481430053711,17.8,0.044814300537108664,2.2669394694298424,2.3,0.033060530570157454,16,16.0,scolv:abakken,unknown,man_confirm,manual,aka2026stzrly,aka2026stzrly
matched,onsite,2026-09-22 05:24:39.00,2026-09-22 05:24:39.90,0.904,51.50171279907227,51.502,179.6014862060547,179.601,0.046394578712687894,65.42882537841797,65.4,0.028825378417963066,2.3686096718156855,2.4,0.03139032818431442,43,43.0,scolv:abakken,unknown,man_confirm,manual,aka2026suapns,aka2026suapns
matched,onsite,2026-09-22 05:45:45.00,2026-09-22 05:45:45.19,0.199,63.02251434326172,63.023,-149.409912109375,-149.41,0.054184241095094794,71.20841979980469,71.2,0.008419799804684658,1.7683075747187127,1.8,0.03169242528128735,57,57.0,scolv:abakken,unknown,man_confirm,manual,aka2026subhud,aka2026subhud
matched,onsite,2026-09-22 05:49:01.00,2026-09-22 05:49:01.32,0.328,51.25566482543945,51.256,-178.53274536132812,-178.533,0.041267986937395015,0.14585134387016296,0.1,0.04585134387016296,3.460129439131212,3.5,0.03987056086878793,66,66.0,scolv:aaholland3,unknown,man_confirm,manual,aka2026subkpx,aka2026subkpx
matched,onsite,2026-09-22 06:05:32.00,2026-09-22 06:05:32.25,0.255,61.74831771850586,61.748,-149.59666442871094,-149.597,0.039497813243995594,40.83722686767578,40.8,0.03722686767578409,1.530071929965638,1.5,0.03007192996563801,35,35.0,scolv:abakken,unknown,man_confirm,manual,aka2026subyxi,aka2026subyxi
matched,onsite,2026-09-22 06:37:03.00,2026-09-22 06:37:03.38,0.383,54.56956481933594,54.57,-161.219970703125,-161.22,0.04842671914652092,23.773557662963867,23.8,0.026442337036133523,2.3717524580723244,2.4,0.028247541927675535,20,20.0,scolv:abakken,unknown,man_confirm,manual,aka2026sudahv,aka2026sudahv
matched,onsite,2026-09-22 06:37:15.00,2026-09-22 06:37:15.91,0.912,66.48517608642578,66.485,-148.88243103027344,-148.882,0.02736888734684505,9.47767448425293,9.5,0.022325515747070312,1.8184362017316416,1.8,0.01843620173164151,29,29.0,scolv:abakken,unknown,man_confirm,manual,aka2026sudamr,aka2026sudamr
matched,onsite,2026-09-22 07:01:38.00,2026-09-22 07:01:38.20,0.2,68.26729583740234,68.267,-145.2822723388672,-145.282,0.034754200385126735,6.45032548904419,6.5,0.04967451095580966,2.41143830530306,2.4,0.011438305303060226,52,52.0,scolv:abakken,unknown,man_confirm,manual,aka2026sudvyu,aka2026sudvyu
matched,onsite,2026-09-22 07:13:32.00,2026-09-22 07:13:32.63,0.635,51.28934478759766,51.289,-178.5301971435547,-178.53,0.04071607097750748,9.434489250183105,9.4,0.034489250183105113,2.363745497783733,2.4,0.036254502216266804,48,48.0,scolv:abakken,unknown,man_confirm,manual,aka2026suefyv,aka2026suefyv
matched,onsite,2026-09-22 07:19:34.00,2026-09-22 07:19:34.40,0.404,62.40965270996094,62.41,-148.50595092773438,-148.506,0.0386994947421092,53.95125961303711,54.0,0.048740386962890625,1.5079001824881426,1.5,0.007900182488142615,25,25.0,scolv:abakken,unknown,man_confirm,manual,aka2026sueitr,aka2026sueitr
matched,onsite,2026-09-22 07:46:02.00,2026-09-22 07:46:02.35,0.356,59.88145446777344,59.881,-152.83815002441406,-152.838,0.05122312819301975,105.78079986572266,105.8,0.019200134277340908,1.5600082862115965,1.6,0.039991713788403604,47,47.0,scolv:abakken,unknown,man_confirm,manual,aka2026sufiap,aka2026sufiap
matched,onsite,2026-09-22 07:56:35.00,2026-09-22 07:56:35.51,0.51,61.19137573242188,61.191,-148.1522216796875,-148.152,0.04343530717303261,17.451828002929688,17.5,0.0481719970703125,1.8949886451307105,1.9,0.005011354869289386,58,58.0,scolv:abakken,unknown,man_confirm,manual,aka2026sufqus,aka2026sufqus
matched,onsite,2026-09-22 08:25:34.00,2026-09-22 08:25:34.15,0.156,56.89023208618164,56.89,-154.92506408691406,-154.925,0.02609873158933535,14.124011993408203,14.1,0.02401199340820348,2.2229826468491,2.2,0.022982646849099897,31,31.0,scolv:abakken,unknown,man_confirm,manual,aka2026sugqle,aka2026sugqle
matched,onsite,2026-09-22 08:32:53.00,2026-09-22 08:32:53.05,0.058,52.45640182495117,52.456,-174.66017150878906,-174.66,0.046167463044810016,223.51412963867188,223.5,0.014129638671875,2.8087112878401705,2.8,0.008711287840170723,63,63.0,scolv:abakken,unknown,man_confirm,manual,aka2026sugwco,aka2026sugwco
matched,onsite,2026-09-22 08:37:00.00,2026-09-22 08:37:00.78,0.785,51.69330978393555,51.693,-178.6825408935547,-178.683,0.046775435979900644,18.026958465576172,18.0,0.026958465576171875,1.9928487883349313,2.0,0.007151211665068713,30,30.0,scolv:abakken,unknown,man_confirm,manual,aka2026suhafb,aka2026suhafb
matched,onsite,2026-09-22 08:48:00.00,2026-09-22 08:48:00.58,0.581,57.29512786865234,57.295,-154.82708740234375,-154.827,0.015157037389529874,50.89804077148438,50.9,0.0019592285156164735,3.693119763515789,3.7,0.0068802364842111,271,271.0,scolv:aaholland3,unknown,man_confirm,manual,aka2026suhjvu,aka2026suhjvu
matched,onsite,2026-09-22 08:48:44.00,2026-09-22 08:48:44.02,0.024,51.47310638427734,51.473,-176.80882263183594,-176.809,0.017054324219296417,32.30326461791992,32.3,0.003264617919924717,1.8723171184294856,1.9,0.02768288157051435,33,33.0,scolv:abakken,unknown,man_confirm,manual,aka2026suhklx,aka2026suhklx
matched,onsite,2026-09-22 08:59:54.00,2026-09-22 08:59:54.79,0.79,61.59319686889648,61.593,-149.6136016845703,-149.614,0.030383710915640606,34.39287567138672,34.4,0.007124328613279829,1.691739461269022,1.7,0.008260538730977984,66,66.0,scolv:abakken,unknown,man_confirm,manual,aka2026suhudy,aka2026suhudy
matched,onsite,2026-09-22 09:04:48.00,2026-09-22 09:04:48.44,0.449,61.8132095336914,61.813,-150.278564453125,-150.279,0.03265219410984712,29.71182441711426,29.7,0.011824417114262076,1.5834775787379114,1.6,0.016522421262088693,45,45.0,scolv:abakken,unknown,man_confirm,manual,aka2026suhykj,aka2026suhykj
matched,onsite,2026-09-22 09:13:41.00,2026-09-22 09:13:41.87,0.876,54.1087532043457,54.109,-165.94935607910156,-165.949,0.03594276254054084,7.890179634094238,7.9,0.009820365905762074,2.1387130972809683,2.1,0.03871309728096817,30,30.0,scolv:abakken,unknown,man_confirm,manual,aka2026suigdm,aka2026suigdm
matched,onsite,2026-09-22 09:21:44.00,2026-09-22 09:21:44.16,0.167,64.8183364868164,64.818,-149.0962677001953,-149.096,0.03950121897375226,17.80556869506836,17.8,0.0055686950683586645,1.298253292520158,1.3,0.001746707479842069,31,31.0,scolv:abakken,unknown,man_confirm,manual,aka2026suinck,aka2026suinck
matched,onsite,2026-09-22 10:00:27.00,2026-09-22 10:00:27.69,0.692,61.01753997802734,61.018,-148.9041748046875,-148.904,0.05201192264256148,13.065845489501953,13.1,0.03415451049804652,1.6013788508008533,1.6,0.001378850800853204,35,35.0,scolv:abakken,unknown,man_confirm,manual,aka2026sujumo,aka2026sujumo
matched,onsite,2026-09-22 10:14:20.00,2026-09-22 10:14:20.94,0.942,51.66190719604492,51.662,-176.18199157714844,-176.182,0.010335669526865744,66.6719970703125,66.7,0.028002929687502842,1.8192044636291098,1.8,0.01920446362910977,31,31.0,scolv:abakken,unknown,man_confirm,manual,aka2026sukgsc,aka2026sukgsc
matched,onsite,2026-09-22 10:15:03.00,2026-09-22 10:15:03.41,0.419,52.61856079101562,52.619,-164.7083282470703,-164.708,0.05362992375904817,20.90224266052246,20.9,0.0022426605224623586,2.7455993820532547,2.7,0.045599382053254534,30,30.0,scolv:abakken,unknown,man_confirm,manual,aka2026sukhki,aka2026sukhki
matched,onsite,2026-09-22 10:25:09.00,2026-09-22 10:25:09.94,0.946,61.3122444152832,61.312,-147.32740783691406,-147.327,0.03482151005876199,17.948379516601562,17.9,0.04837951660156392,2.037659875498946,2.0,0.037659875498945894,79,79.0,scolv:abakken,unknown,man_confirm,manual,aka2026sukqcc,aka2026sukqcc
matched,onsite,2026-09-22 10:56:25.00,2026-09-22 10:56:25.65,0.653,61.43915176391602,61.439,-146.7098846435547,-146.71,0.017955116388471866,20.85276985168457,20.9,0.047230148315428266,1.8491742321761604,1.8,0.04917423217616035,63,63.0,scolv:abakken,unknown,man_confirm,manual,aka2026sulrfb,aka2026sulrfb
matched,onsite,2026-09-22 10:58:52.00,2026-09-22 10:58:52.96,0.96,58.18345260620117,58.183,-155.34202575683594,-155.342,0.05035015874660957,1.7263113260269165,1.7,0.02631132602691655,1.676256008089394,1.7,0.023743991910605944,35,35.0,scolv:abakken,unknown,man_confirm,manual,aka2026sultij,aka2026sultij
matched,onsite,2026-09-22 11:08:04.00,2026-09-22 11:08:04.25,0.257,54.16916275024414,54.169,-164.22610473632812,-164.226,0.019338591799783752,77.83478546142578,77.8,0.03478546142578409,2.3380416880466384,2.3,0.038041688046638544,42,42.0,scolv:abakken,unknown,man_confirm,manual,aka2026sumbhp,aka2026sumbhp
matched,onsite,2026-09-22 11:21:47.00,2026-09-22 11:21:47.20,0.203,60.7713851928711,60.771,-152.294189453125,-152.294,0.04404941622273249,99.58311462402344,99.6,0.016885375976556816,1.334049802364686,1.3,0.03404980236468602,40,40.0,scolv:abakken,unknown,man_confirm,manual,aka2026sumnfg,aka2026sumnfg
matched,onsite,2026-09-22 11:26:53.00,2026-09-22 11:26:53.79,0.797,59.98472595214844,59.985,-152.70755004882812,-152.708,0.03943307729795919,92.09581756591797,92.1,0.004182434082025566,1.6377812168180779,1.6,0.03778121681807778,80,80.0,scolv:abakken,unknown,man_confirm,manual,aka2026sumrpz,aka2026sumrpz
matched,onsite,2026-09-22 11:40:20.00,2026-09-22 11:40:20.67,0.674,51.26225280761719,51.262,-177.0375518798828,-177.038,0.04198167697270519,36.47435760498047,36.5,0.02564239501953125,2.0238814876928086,2.0,0.023881487692808623,36,36.0,scolv:abakken,unknown,man_confirm,manual,aka2026sundfw,aka2026sundfw
matched,onsite,2026-09-22 11:52:25.00,2026-09-22 11:52:25.29,0.293,53.46241760253906,53.462,-164.3544921875,-164.354,0.05672638048141201,12.528185844421387,12.5,0.02818584442138672,3.2894799574916735,3.3,0.010520042508326277,58,58.0,scolv:abakken,unknown,man_confirm,manual,aka2026sunnue,aka2026sunnue
matched,onsite,2026-09-22 11:56:22.00,2026-09-22 11:56:22.17,0.178,59.89895629882812,59.899,-152.62095642089844,-152.621,0.005433189128901905,87.54667663574219,87.5,0.0466766357421875,1.8812699398324577,1.9,0.018730060167542195,89,89.0,scolv:abakken,unknown,man_confirm,manual,aka2026sunreh,aka2026sunreh
matched,onsite,2026-09-22 11:56:24.00,2026-09-22 11:56:24.77,0.771,61.40888214111328,61.409,-140.94639587402344,-140.946,0.024809441191398884,4.859864711761475,4.9,0.040135288238525746,1.5730804121648219,1.6,0.026919587835178227,30,30.0,scolv:abakken,unknown,man_confirm,manual,aka2026sunrfj,aka2026sunrfj
matched,onsite,2026-09-22 11:58:13.00,2026-09-22 11:58:13.84,0.847,60.15008926391602,60.15,-153.0095672607422,-153.01,0.02592530836630707,122.90499877929688,122.9,0.004998779296869316,1.4650811800082855,1.5,0.034918819991714534,50,50.0,scolv:abakken,unknown,man_confirm,manual,aka2026sunsvc,aka2026sunsvc
matched,onsite,2026-09-22 12:02:11.00,2026-09-22 12:02:11.54,0.545,63.01032257080078,63.01,-149.4409942626953,-149.441,0.035869405033210774,71.15354919433594,71.2,0.04645080566406534,1.4497481926676759,1.4,0.04974819266767594,26,26.0,scolv:abakken,unknown,man_confirm,manual,aka2026sunwek,aka2026sunwek
matched,onsite,2026-09-22 12:05:33.00,2026-09-22 12:05:33.66,0.667,53.36748504638672,53.367,-164.83909606933594,-164.839,0.0543100342399394,8.400452613830566,8.4,0.000452613830566051,2.609942615816103,2.6,0.009942615816103118,19,19.0,scolv:abakken,unknown,man_confirm,manual,aka2026sunzdt,aka2026sunzdt
matched,onsite,2026-09-22 12:12:57.00,2026-09-22 12:12:57.57,0.574,60.77063751220703,60.771,-140.446044921875,-140.446,0.04038053642606086,19.824485778808594,19.8,0.02448577880859304,1.55995026256878,1.6,0.04004973743122009,21,21.0,scolv:abakken,unknown,man_confirm,manual,aka2026suofpi,aka2026suofpi
matched,onsite,2026-09-22 12:43:49.00,2026-09-22 12:43:49.27,0.272,51.2130126953125,51.213,178.6849365234375,178.685,0.004641373926856658,30.31308937072754,30.3,0.013089370727538352,2.398636632392112,2.4,0.001363367607888133,19,19.0,scolv:abakken,unknown,man_confirm,manual,aka2026supgjy,aka2026supgjy
matched,onsite,2026-09-22 12:45:54.00,2026-09-22 12:45:54.36,0.361,61.1011848449707,61.1047,-140.0119171142578,-140.0156,0.43810908626865697,2.473299503326416,5.158,2.6847004966735843,2.841620070872805,2.8,0.04162007087280539,36,29.0,scolv:abakken,unknown,man_confirm,manual,aka2026supicz,us7000tj5e
matched,onsite,2026-09-22 13:43:17.00,2026-09-22 13:43:17.59,0.598,61.40893936157227,61.409,-146.69046020507812,-146.69,0.02540011147113926,34.74934005737305,34.7,0.04934005737304403,1.2559807295107612,1.3,0.044019270489238815,23,23.0,scolv:abakken,unknown,man_confirm,manual,aka2026surfvn,aka2026surfvn
matched,onsite,2026-09-22 14:04:26.00,2026-09-22 14:04:26.17,0.179,50.45116424560547,50.451,-174.81626892089844,-174.816,0.026383197980795026,15.080229759216309,15.1,0.01977024078369105,2.872637308139434,2.9,0.027362691860565835,45,45.0,scolv:abakken,unknown,man_confirm,manual,aka2026suryen,aka2026suryen
matched,onsite,2026-09-22 14:11:48.00,2026-09-22 14:11:48.87,0.876,50.2120361328125,50.212,178.9748992919922,178.975,0.008215730567260217,5.817953586578369,5.8,0.017953586578369318,2.909090121842299,2.9,0.00909012184229896,34,34.0,scolv:abakken,unknown,man_confirm,manual,aka2026susevq,aka2026susevq
matched,onsite,2026-09-22 14:12:26.00,2026-09-22 14:12:26.94,0.941,52.00734710693359,52.007,-169.1285400390625,-169.129,0.04980844709653542,4.748259544372559,4.7,0.048259544372558416,2.5403624327443133,2.5,0.04036243274431328,15,15.0,scolv:abakken,unknown,man_confirm,manual,aka2026susfec,aka2026susfec
matched,onsite,2026-09-22 14:20:54.00,2026-09-22 14:20:54.40,0.404,60.7157211303711,60.716,-151.8214111328125,-151.821,0.03823072634377407,84.56561279296875,84.6,0.034387207031244316,2.2365087151367753,2.2,0.036508715136775116,119,119.0,scolv:abakken,unknown,man_confirm,manual,aka2026susmnb,aka2026susmnb
matched,onsite,2026-09-22 14:20:46.00,2026-09-22 14:20:46.02,0.022,67.38858795166016,67.389,-157.30804443359375,-157.308,0.04585704730441981,5.0,5.0,0.0,3.545021460259429,3.5,0.04502146025942899,86,86.0,scolv:aaholland3,unknown,man_confirm,manual,aka2026susmgb,aka2026susmgb
matched,onsite,2026-09-22 14:23:13.00,2026-09-22 14:23:13.60,0.605,52.47634506225586,52.476,-168.12115478515625,-168.121,0.039775523665012774,11.855432510375977,11.9,0.04456748962402379,2.263293059527297,2.3,0.036706940472702954,18,18.0,scolv:abakken,unknown,man_confirm,manual,aka2026susong,aka2026susong
matched,onsite,2026-09-22 14:32:47.00,2026-09-22 14:32:47.30,0.307,63.24872589111328,63.249,-150.51333618164062,-150.513,0.0348154961272063,125.6846694946289,125.7,0.015330505371096592,1.6555582261405075,1.7,0.04444177385949244,35,35.0,scolv:abakken,unknown,man_confirm,manual,aka2026susxku,aka2026susxku
matched,onsite,2026-09-22 14:39:27.00,2026-09-22 14:39:27.55,0.555,62.99892044067383,62.999,-151.01129150390625,-151.011,0.017170459269590342,121.66454315185547,121.7,0.03545684814453409,1.6503194457073949,1.7,0.049680554292605095,42,42.0,scolv:abakken,unknown,man_confirm,manual,aka2026sutdda,aka2026sutdda
matched,onsite,2026-09-22 14:54:01.00,2026-09-22 14:54:01.60,0.604,59.70898056030273,59.709,-152.1677703857422,-152.168,0.013058262446482739,72.57275390625,72.6,0.027246093749994316,1.536087692617839,1.5,0.03608769261783906,56,56.0,scolv:abakken,unknown,man_confirm,manual,aka2026sutpgd,aka2026sutpgd
matched,onsite,2026-09-22 15:03:59.00,2026-09-22 15:03:59.51,0.516,58.09834289550781,58.098,-154.19175720214844,-154.192,0.04071023104119691,69.96028137207031,70.0,0.0397186279296875,1.5453732505340705,1.5,0.045373250534070486,32,32.0,scolv:abakken,unknown,man_confirm,manual,aka2026sutxvz,aka2026sutxvz
matched,onsite,2026-09-22 15:38:39.00,2026-09-22 15:38:39.04,0.042,60.58306121826172,60.583,-143.17333984375,-143.173,0.01976937578646756,10.097068786621094,10.1,0.0029312133789058947,1.643540743559171,1.6,0.043540743559170814,37,37.0,scolv:abakken,unknown,man_confirm,manual,aka2026suvbnm,aka2026suvbnm
matched,onsite,2026-09-22 15:46:55.00,2026-09-22 15:46:55.66,0.66,60.46331787109375,60.463,-143.0350799560547,-143.035,0.035616366969890685,14.379300117492676,14.4,0.020699882507324574,1.1161038757979669,1.1,0.016103875797966793,19,19.0,scolv:abakken,unknown,man_confirm,manual,aka2026suvjcb,aka2026suvjcb
matched,onsite,2026-09-22 15:51:49.00,2026-09-22 15:51:49.12,0.129,61.24728012084961,61.247,-151.77113342285156,-151.771,0.03195511915013305,89.21923065185547,89.2,0.019230651855465908,1.6385783877808167,1.6,0.03857838778081657,58,58.0,scolv:abakken,unknown,man_confirm,manual,aka2026suvnig,aka2026suvnig
matched,onsite,2026-09-22 16:00:29.00,2026-09-22 16:00:29.49,0.492,60.53701782226562,60.537,-152.19044494628906,-152.19,0.024415773775758588,88.24150848388672,88.2,0.04150848388671591,1.2736915275148386,1.3,0.026308472485161438,33,33.0,scolv:abakken,unknown,man_confirm,manual,aka2026suvuvl,aka2026suvuvl
matched,onsite,2026-09-22 16:10:42.00,2026-09-22 16:10:42.47,0.476,51.29055023193359,51.291,-178.18211364746094,-178.182,0.05063246967369201,21.429628372192383,21.4,0.029628372192384234,1.981115082065287,2.0,0.01888491793471303,34,34.0,scolv:abakken,unknown,man_confirm,manual,aka2026suwdsg,aka2026suwdsg
matched,onsite,2026-09-22 16:14:17.00,2026-09-22 16:14:17.41,0.417,58.18217849731445,58.182,-151.63832092285156,-151.638,0.027347861530773912,28.588314056396484,28.6,0.011685943603517046,2.218407603009184,2.2,0.01840760300918376,47,47.0,scolv:abakken,unknown,man_confirm,manual,aka2026suwggu,aka2026suwggu
matched,onsite,2026-09-22 16:23:51.00,2026-09-22 16:23:51.56,0.562,51.22511672973633,51.225,-177.0262451171875,-177.026,0.02144375543847591,19.165008544921875,19.2,0.03499145507812429,2.7110739008614217,2.7,0.01107390086142157,53,53.0,scolv:abakken,unknown,man_confirm,manual,aka2026suwpbt,aka2026suwpbt
matched,onsite,2026-09-22 16:56:07.00,2026-09-22 16:56:07.75,0.757,54.59257888793945,54.593,-160.18655395507812,-160.187,0.054939976553415905,10.345937728881836,10.3,0.04593772888183523,3.104285831962571,3.1,0.0042858319625707075,54,54.0,scolv:abakken,unknown,man_confirm,manual,aka2026suxreh,aka2026suxreh
matched,onsite,2026-09-22 16:57:38.00,2026-09-22 16:57:38.91,0.916,51.39359283447266,51.394,-175.5830841064453,-175.583,0.04564925605342174,29.15764808654785,29.2,0.04235191345214773,2.015238977393441,2.0,0.015238977393440933,24,24.0,scolv:abakken,unknown,man_confirm,manual,aka2026suxski,aka2026suxski
matched,onsite,2026-09-22 16:58:31.00,2026-09-22 16:58:31.82,0.821,62.81579971313477,62.816,-150.83966064453125,-150.84,0.0281634280429318,88.20030212402344,88.2,0.00030212402343465783,2.1960205500774896,2.2,0.003979449922510536,107,107.0,scolv:abakken,unknown,man_confirm,manual,aka2026suxtdp,aka2026suxtdp
matched,onsite,2026-09-22 17:10:50.00,2026-09-22 17:10:50.78,0.781,59.28194427490234,59.282,-152.73426818847656,-152.734,0.01644509392807593,73.10934448242188,73.1,0.009344482421880684,2.0438191934452097,2.0,0.04381919344520968,90,90.0,scolv:abakken,unknown,man_confirm,manual,aka2026suydot,aka2026suydot
matched,onsite,2026-09-22 17:15:42.00,2026-09-22 17:15:42.85,0.858,60.79603576660156,60.796,-151.92507934570312,-151.925,0.005860777651365497,85.55497741699219,85.6,0.045022583007806816,1.4402358277438405,1.4,0.0402358277438406,27,27.0,scolv:abakken,unknown,man_confirm,manual,aka2026suyica,aka2026suyica
matched,onsite,2026-09-22 17:22:54.00,2026-09-22 17:22:54.08,0.082,57.01852798461914,57.019,-156.1453399658203,-156.145,0.056375682459582015,10.229199409484863,10.2,0.029199409484863992,2.0141494386784813,2.0,0.014149438678481285,29,29.0,scolv:abakken,unknown,man_confirm,manual,aka2026suyohh,aka2026suyohh
matched,onsite,2026-09-22 17:29:54.00,2026-09-22 17:29:54.37,0.378,61.32944869995117,61.329,-146.7333984375,-146.733,0.05423236417754835,14.046229362487793,14.0,0.04622936248779297,2.238705269205529,2.2,0.03870526920552875,86,86.0,scolv:abakken,unknown,man_confirm,manual,aka2026suytul,aka2026suytul
matched,onsite,2026-09-22 17:39:40.00,2026-09-22 17:39:40.76,0.763,51.37736892700195,51.377,-178.08804321289062,-178.088,0.041132306507470684,31.46189308166504,31.5,0.03810691833496094,1.955614003740328,2.0,0.04438599625967199,38,38.0,scolv:abakken,unknown,man_confirm,manual,aka2026suzcxj,aka2026suzcxj
matched,onsite,2026-09-22 17:49:39.00,2026-09-22 17:49:39.37,0.374,59.77630996704102,59.776,-153.3953094482422,-153.395,0.038574197595174955,131.20816040039062,131.2,0.008160400390636369,1.6741875410710911,1.7,0.02581245892890882,32,32.0,scolv:abakken,unknown,man_confirm,manual,aka2026suzlmg,aka2026suzlmg
matched,onsite,2026-09-22 17:50:42.00,2026-09-22 17:50:42.52,0.522,54.27764511108398,54.278,-163.89857482910156,-163.899,0.04815760100179364,72.25102996826172,72.3,0.04897003173827841,2.169304384959849,2.2,0.03069561504015139,32,32.0,scolv:abakken,unknown,man_confirm,manual,aka2026suzmki,aka2026suzmki
matched,onsite,2026-09-22 17:51:59.00,2026-09-22 17:51:59.78,0.78,61.6015739440918,61.602,-146.47801208496094,-146.478,0.04737956604973304,23.701478958129883,23.7,0.001478958129883523,1.587175068926667,1.6,0.012824931073333046,49,49.0,scolv:abakken,unknown,man_confirm,manual,aka2026suznkw,aka2026suznkw
matched,onsite,2026-09-22 18:01:23.00,2026-09-22 18:01:23.43,0.435,57.37884902954102,57.379,-154.74774169921875,-154.748,0.022837292764741345,41.96244812011719,42.0,0.0375518798828125,1.8554276681624409,1.9,0.04457233183755904,28,28.0,scolv:abakken,unknown,man_confirm,manual,aka2026suzvrb,aka2026suzvrb
matched,onsite,2026-09-22 18:17:16.00,2026-09-22 18:17:16.46,0.468,60.1103401184082,60.11,-152.51516723632812,-152.515,0.038938235526931965,95.53443145751953,95.5,0.03443145751953125,1.3660550023546836,1.4,0.03394499764531633,39,39.0,scolv:abakken,unknown,man_confirm,manual,aka2026svajli,aka2026svajli
matched,onsite,2026-09-22 18:20:02.00,2026-09-22 18:20:02.73,0.737,57.29330444335938,57.293,-155.46710205078125,-155.467,0.03440336212670234,73.37127685546875,73.4,0.028723144531255684,1.8342972703192357,1.8,0.034297270319235684,25,25.0,scolv:abakken,unknown,man_confirm,manual,aka2026svalvy,aka2026svalvy
matched,onsite,2026-09-22 18:22:35.00,2026-09-22 18:22:35.33,0.333,60.44850540161133,60.449,-139.52914428710938,-139.529,0.055563170386987416,3.5457136631011963,3.5,0.04571366310119629,1.8152386472479978,1.8,0.015238647247997728,24,24.0,scolv:abakken,unknown,man_confirm,manual,aka2026svaoas,aka2026svaoas
matched,onsite,2026-09-22 18:57:50.00,2026-09-22 18:57:50.19,0.192,61.12350082397461,61.124,-140.0106964111328,-140.011,0.05785031802930375,4.303944110870361,4.3,0.003944110870361506,1.827767445372172,1.8,0.027767445372171906,30,30.0,scolv:abakken,unknown,man_confirm,manual,aka2026svbspx,aka2026svbspx
matched,onsite,2026-09-22 19:04:13.00,2026-09-22 19:04:13.31,0.319,53.43923187255859,53.439,-166.97520446777344,-166.975,0.02912358675697905,16.441354751586914,16.4,0.041354751586915484,1.8729542999572242,1.9,0.027045700042775733,30,30.0,scolv:abakken,unknown,man_confirm,manual,aka2026svbydu,aka2026svbydu
matched,onsite,2026-09-22 19:13:41.00,2026-09-22 19:13:41.32,0.329,59.74767684936523,59.748,-152.61932373046875,-152.619,0.040249973772954264,94.30908203125,94.3,0.009082031250002842,1.49960139111211,1.5,0.00039860888789000626,46,46.0,scolv:abakken,unknown,man_confirm,manual,aka2026svcgjb,aka2026svcgjb
matched,onsite,2026-09-22 19:29:26.00,2026-09-22 19:29:26.38,0.388,63.95719146728516,63.957,-149.87982177734375,-149.88,0.022999457118309755,0.5195555090904236,0.5,0.019555509090423584,1.4546375861182474,1.5,0.04536241388175255,38,38.0,scolv:abakken,unknown,man_confirm,manual,aka2026svctzj,aka2026svctzj
matched,onsite,2026-09-22 19:30:32.00,2026-09-22 19:30:32.28,0.285,60.83441543579102,60.834,-150.619140625,-150.619,0.04681867984250693,50.72721099853516,50.7,0.027210998535160513,1.5998145016026206,1.6,0.00018549839737946883,32,32.0,scolv:abakken,unknown,man_confirm,manual,aka2026svcsyx,aka2026svcsyx
matched,onsite,2026-09-22 19:32:12.00,2026-09-22 19:32:12.67,0.672,51.68056869506836,51.681,-179.47532653808594,-179.475,0.052980268098129835,13.021793365478516,13.0,0.021793365478515625,2.405028893929902,2.4,0.005028893929901912,45,45.0,scolv:abakken,unknown,man_confirm,manual,aka2026svcwkn,aka2026svcwkn
matched,onsite,2026-09-22 19:32:31.00,2026-09-22 19:32:31.02,0.028,57.68777847290039,57.688,-155.07839965820312,-155.078,0.03422057146473715,76.88392639160156,76.9,0.016073608398443184,1.6488260463692077,1.6,0.04882604636920762,33,33.0,scolv:abakken,unknown,man_confirm,manual,aka2026svcwrq,aka2026svcwrq
matched,onsite,2026-09-22 19:50:21.00,2026-09-22 19:50:21.51,0.513,60.64155578613281,60.642,-152.69540405273438,-152.695,0.05408319382840072,11.59084129333496,11.6,0.009158706665040484,1.36483893816769,1.4,0.03516106183230994,47,47.0,scolv:abakken,unknown,man_confirm,manual,aka2026svdlzp,aka2026svdlzp
matched,onsite,2026-09-22 19:51:18.00,2026-09-22 19:51:18.23,0.236,55.24019622802734,55.24,-159.09083557128906,-159.091,0.024181757951642638,8.743489265441895,8.7,0.04348926544189524,2.6834596399317467,2.7,0.016540360068253435,36,36.0,scolv:abakken,unknown,man_confirm,manual,aka2026svdmzd,aka2026svdmzd
matched,onsite,2026-09-22 20:09:30.00,2026-09-22 20:09:30.82,0.821,60.68109893798828,60.681,-150.62986755371094,-150.63,0.0131543682901403,19.69218635559082,19.7,0.007813644409178977,1.613363111233918,1.6,0.013363111233917868,46,46.0,scolv:abakken,unknown,man_confirm,manual,aka2026svectv,aka2026svectv
matched,onsite,2026-09-22 20:15:03.00,2026-09-22 20:15:03.26,0.265,63.22719955444336,63.227,-150.7143096923828,-150.714,0.02707384012116946,131.08364868164062,131.1,0.016351318359369316,1.7132168846995282,1.7,0.013216884699528197,41,41.0,scolv:abakken,unknown,man_confirm,manual,aka2026svehoq,aka2026svehoq
matched,onsite,2026-09-22 20:19:47.00,2026-09-22 20:19:47.79,0.791,62.17714309692383,62.177,-149.48001098632812,-149.48,0.015921864673100306,10.35197639465332,10.4,0.04802360534668004,1.6344098774295355,1.6,0.034409877429535385,48,48.0,scolv:abakken,unknown,man_confirm,manual,aka2026svelro,aka2026svelro
matched,onsite,2026-09-22 20:21:55.00,2026-09-22 20:21:55.15,0.152,52.3613395690918,52.361,-167.39288330078125,-167.393,0.03858095846161953,9.081804275512695,9.1,0.018195724487304332,2.447573768900853,2.4,0.047573768900853075,43,43.0,scolv:abakken,unknown,man_confirm,manual,aka2026svenmh,aka2026svenmh
matched,onsite,2026-09-22 20:50:52.00,2026-09-22 20:50:53.53,1.538,54.88901138305664,54.8509,-160.09205627441406,-160.0964,4.246896814879586,15.0,35.0,20.0,3.549886962640304,3.9,0.3501130373596961,103,43.0,scolv:afozkos,unknown,man_confirm,manual,aka2026svfmrw,us6000twyy
matched,onsite,2026-09-22 21:00:49.00,2026-09-22 21:00:49.63,0.638,51.99984359741211,52.0,-169.2606964111328,-169.261,0.027099752814988106,11.928412437438965,11.9,0.02841243743896449,3.0981672696156624,3.1,0.001832730384337733,51,51.0,scolv:abakken,unknown,man_confirm,manual,aka2026svfvft,aka2026svfvft
matched,onsite,2026-09-22 21:03:45.00,2026-09-22 21:03:45.17,0.17,61.37063980102539,61.371,-141.868896484375,-141.869,0.04043022139824153,6.667279243469238,6.7,0.032720756530761896,1.2372083893966324,1.2,0.0372083893966324,15,15.0,scolv:abakken,unknown,man_confirm,manual,aka2026svfxuj,aka2026svfxuj
matched,onsite,2026-09-22 21:04:46.00,2026-09-22 21:04:46.90,0.9,57.84443283081055,57.844,-155.63473510742188,-155.635,0.050617320512855585,9.105688095092773,9.1,0.005688095092773793,1.5903389991549077,1.6,0.00966100084509236,43,43.0,scolv:abakken,unknown,man_confirm,manual,aka2026svfyrj,aka2026svfyrj
matched,onsite,2026-09-22 21:11:00.00,2026-09-22 21:11:00.24,0.246,52.00166702270508,52.002,-169.27749633789062,-169.277,0.05025260230078428,15.952415466308594,16.0,0.04758453369140625,3.139945633530288,3.1,0.03994563353028813,60,60.0,scolv:abakken,unknown,man_confirm,manual,aka2026svgdzf,aka2026svgdzf
matched,onsite,2026-09-22 21:15:51.00,2026-09-22 21:15:51.37,0.379,59.02197647094727,59.022,-153.6802520751953,-153.68,0.014662341683769236,11.391737937927246,11.4,0.008262062072754262,1.786010440526219,1.8,0.01398955947378111,71,71.0,scolv:abakken,unknown,man_confirm,manual,aka2026svgihc,aka2026svgihc
matched,onsite,2026-09-22 21:23:49.00,2026-09-22 21:23:49.77,0.775,60.01553344726562,60.016,-151.69007873535156,-151.69,0.0520624800200369,65.55620574951172,65.6,0.043794250488275566,1.5327240803523594,1.5,0.03272408035235941,52,52.0,scolv:abakken,unknown,man_confirm,manual,aka2026svgpff,aka2026svgpff
matched,onsite,2026-09-22 21:30:27.00,2026-09-22 21:30:27.37,0.373,57.46367263793945,57.464,-152.7310028076172,-152.731,0.036401387560495144,1.632341980934143,1.6,0.03234198093414298,2.389350690014616,2.4,0.010649309985383937,40,40.0,scolv:abakken,unknown,man_confirm,manual,aka2026svguyk,aka2026svguyk
matched,onsite,2026-09-22 21:34:02.00,2026-09-22 21:34:02.88,0.889,61.92472839355469,61.925,-149.24594116210938,-149.246,0.030357812108528708,6.287344932556152,6.3,0.012655067443847479,1.5204746942676768,1.5,0.020474694267676785,37,37.0,scolv:abakken,unknown,man_confirm,manual,aka2026svgybo,aka2026svgybo
matched,onsite,2026-09-22 21:40:44.00,2026-09-22 21:40:44.39,0.39,61.28631591796875,61.286,-147.046142578125,-147.046,0.035944756321944035,25.56985664367676,25.6,0.030143356323240056,1.2988559156878592,1.3,0.0011440843121408584,26,26.0,scolv:abakken,unknown,man_confirm,manual,aka2026svhdsd,aka2026svhdsd
matched,onsite,2026-09-22 21:52:18.00,2026-09-22 21:52:18.86,0.86,55.51828002929688,55.518,-158.93809509277344,-158.938,0.03170805896147332,4.134348392486572,4.1,0.03434839248657262,2.613637809647805,2.6,0.013637809647804922,38,38.0,scolv:abakken,unknown,man_confirm,manual,aka2026svhnuz,aka2026svhnuz
matched,onsite,2026-09-22 21:52:50.00,2026-09-22 21:52:50.86,0.862,61.17841720581055,61.178,-146.52468872070312,-146.525,0.04930085067265383,16.622455596923828,16.6,0.022455596923826704,1.2012970824644855,1.2,0.001297082464485566,19,19.0,scolv:abakken,unknown,man_confirm,manual,aka2026svhojd,aka2026svhojd
matched,onsite,2026-09-17 13:27:22.00,2026-09-17 13:27:22.55,0.554,68.19735717773438,68.197,-160.53639221191406,-160.536,0.042892497816717515,1.9883497953414917,2.0,0.0116502046585083,2.1534347504819085,2.2,0.04656524951809171,17,17.0,scolv:abakken,unknown,man_confirm,manual,aka2026slkpgd,aka2026slkpgd
matched,onsite,2026-09-17 18:17:05.00,2026-09-17 18:17:05.35,0.355,68.71143341064453,68.711,-145.43368530273438,-145.434,0.049839570130919976,1.3787786960601807,1.4,0.021221303939819247,1.432425560017677,1.4,0.032425560017677046,14,14.0,scolv:abakken,unknown,man_confirm,manual,aka2026slugli,aka2026slugli
matched,onsite,2026-09-17 23:58:14.00,2026-09-17 23:58:14.96,0.96,63.02695083618164,63.027,-160.137939453125,-160.138,0.006261823769673363,18.407129287719727,18.4,0.007129287719727984,1.8603933016018803,1.9,0.03960669839811959,12,12.0,scolv:abakken,unknown,man_confirm,manual,aka2026smfqgh,aka2026smfqgh
matched,onsite,2026-09-22 22:22:25.00,2026-09-22 22:22:25.23,0.23,59.90365600585938,59.904,-153.34706115722656,-153.347,0.03840210808535127,148.03529357910156,148.0,0.0352935791015625,2.193452371307569,2.2,0.0065476286924313065,124,124.0,scolv:abakken,unknown,man_confirm,manual,aka2026svinsl,aka2026svinsl
matched,onsite,2026-09-22 22:24:17.00,2026-09-22 22:24:17.64,0.648,64.05677032470703,64.057,-145.3302764892578,-145.33,0.028863943156733247,7.540054321289062,7.5,0.04005432128906161,1.570189696760001,1.6,0.029810303239999003,44,44.0,scolv:abakken,unknown,man_confirm,manual,aka2026svipaj,aka2026svipaj
matched,onsite,2026-09-22 22:24:12.00,2026-09-22 22:24:12.45,0.452,52.0909309387207,52.091,-171.0570831298828,-171.057,0.009551247817593549,66.9597396850586,67.0,0.04026031494140625,2.8108205784198583,2.8,0.010820578419858506,28,28.0,scolv:abakken,unknown,man_confirm,manual,aka2026svipty,aka2026svipty
matched,onsite,2026-09-22 22:27:29.00,2026-09-22 22:27:29.57,0.57,60.94983291625977,60.95,-150.83482360839844,-150.835,0.020877746613603726,8.333880424499512,8.3,0.03388042449951101,1.8882696246380317,1.9,0.011730375361968193,72,72.0,scolv:abakken,unknown,man_confirm,manual,aka2026svisiq,aka2026svisiq
matched,onsite,2026-09-22 22:32:56.00,2026-09-22 22:32:56.16,0.16,60.38016510009766,60.38,-152.23614501953125,-152.236,0.020013651900942956,85.80841064453125,85.8,0.008410644531252842,1.2938352075228503,1.3,0.006164792477149739,47,47.0,scolv:abakken,unknown,man_confirm,manual,aka2026svixdr,aka2026svixdr
matched,onsite,2026-09-22 22:35:13.00,2026-09-22 22:35:13.67,0.678,63.5791130065918,63.579,-147.67320251464844,-147.673,0.016071633576043843,4.124492168426514,4.1,0.024492168426514027,1.670977999179448,1.7,0.029022000820551952,14,14.0,scolv:afozkos,unknown,man_confirm,manual,aka2026svizcf,aka2026svizcf
matched,onsite,2026-09-22 22:39:05.00,2026-09-22 22:39:05.38,0.386,52.00314712524414,52.003,-169.1988067626953,-169.199,0.021038321295708807,13.54109287261963,13.5,0.04109287261963068,2.6516051034280754,2.7,0.04839489657192475,35,35.0,scolv:abakken,unknown,man_confirm,manual,aka2026svjclg,aka2026svjclg
matched,onsite,2026-09-22 22:45:02.00,2026-09-22 22:45:02.82,0.828,57.6151123046875,57.615,-152.7085723876953,-152.709,0.028364004854559262,22.09253692626953,22.1,0.007463073730470171,2.1883775817304683,2.2,0.01162241826953192,22,22.0,scolv:abakken,unknown,man_confirm,manual,aka2026svjhpm,aka2026svjhpm
matched,onsite,2026-09-22 22:47:45.00,2026-09-22 22:47:45.40,0.401,61.3906364440918,61.391,-151.28675842285156,-151.287,0.04242251921807918,75.53107452392578,75.5,0.03107452392578125,1.1821144749178598,1.2,0.01788552508214014,22,22.0,scolv:abakken,unknown,man_confirm,manual,aka2026svjhwq,aka2026svjhwq
matched,onsite,2026-09-22 22:54:12.00,2026-09-22 22:54:12.60,0.605,59.02099227905273,59.021,-153.6700897216797,-153.67,0.005206464823847663,12.929770469665527,12.9,0.02977046966552699,1.8280893405160963,1.8,0.02808934051609624,75,75.0,scolv:abakken,unknown,man_confirm,manual,aka2026svjpnz,aka2026svjpnz
matched,onsite,2026-09-22 23:22:49.00,2026-09-22 23:22:49.72,0.727,51.02442932128906,51.024,-177.98715209960938,-177.987,0.048909263537285266,6.427950382232666,6.4,0.02795038223266566,2.348111342799011,2.3,0.04811134279901097,27,27.0,scolv:abakken,unknown,man_confirm,manual,aka2026svkojp,aka2026svkojp
matched,onsite,2026-09-22 23:25:21.00,2026-09-22 23:25:21.58,0.589,50.928466796875,50.928,179.0189208984375,179.019,0.0522006666409963,24.80366325378418,24.8,0.003663253784178977,2.907419436568097,2.9,0.007419436568097293,24,24.0,scolv:abakken,unknown,man_confirm,manual,aka2026svkqop,aka2026svkqop
matched,onsite,2026-09-23 00:02:58.00,2026-09-23 00:02:58.38,0.384,59.68701934814453,59.687,-151.26779174804688,-151.268,0.011884019478133952,48.4390983581543,48.4,0.039098358154298296,1.7568085618754907,1.8,0.04319143812450932,37,37.0,scolv:odsimonds,unknown,man_confirm,manual,aka2026svlxbk,aka2026svlxbk
matched,onsite,2026-09-23 00:05:39.00,2026-09-23 00:05:39.39,0.397,52.59923934936523,52.599,-169.42210388183594,-169.422,0.027523675177110046,5.493996620178223,5.5,0.006003379821777344,2.4893090484534426,2.5,0.010690951546557415,41,41.0,scolv:odsimonds,unknown,man_confirm,manual,aka2026svlznh,aka2026svlznh
matched,onsite,2026-09-23 00:13:31.00,2026-09-23 00:13:31.80,0.8,51.21080017089844,51.211,-176.46559143066406,-176.466,0.036107090137527054,17.254934310913086,17.3,0.04506568908691477,2.139767793432184,2.1,0.03976779343218384,20,20.0,scolv:odsimonds,unknown,man_confirm,manual,aka2026svmgit,aka2026svmgit
matched,onsite,2026-09-23 00:27:36.00,2026-09-23 00:27:36.64,0.646,52.82604598999023,52.826,-165.31214904785156,-165.312,0.011244403048664264,19.030229568481445,19.0,0.030229568481445312,2.3812426560992663,2.4,0.01875734390073358,32,32.0,scolv:odsimonds,unknown,man_confirm,manual,aka2026svmsqg,aka2026svmsqg
matched,onsite,2026-09-23 00:30:58.00,2026-09-23 00:30:58.18,0.184,59.99219512939453,59.992,-153.2235565185547,-153.224,0.03284825409198563,134.90614318847656,134.9,0.006143188476556816,1.9510831810833367,2.0,0.04891681891666333,94,94.0,scolv:odsimonds,unknown,man_confirm,manual,aka2026svmvlz,aka2026svmvlz
matched,onsite,2026-09-23 00:47:08.00,2026-09-23 00:47:08.33,0.334,53.22014617919922,53.22,-168.48776245117188,-168.488,0.02267884028961036,38.37202835083008,38.4,0.027971649169920454,1.4660657345850487,1.5,0.03393426541495126,13,13.0,scolv:odsimonds,unknown,man_confirm,manual,aka2026svnjmj,aka2026svnjmj
matched,onsite,2026-09-23 01:00:53.00,2026-09-23 01:00:53.86,0.869,58.31461334228516,58.315,-151.09933471679688,-151.099,0.04723017449692159,11.136741638183594,11.1,0.036741638183594105,1.8732813232194478,1.9,0.026718676780552064,18,18.0,scolv:odsimonds,unknown,man_confirm,manual,aka2026svnvkp,aka2026svnvkp
matched,onsite,2026-09-23 01:19:16.00,2026-09-23 01:19:16.14,0.149,59.79283905029297,59.793,-153.04930114746094,-153.049,0.024579287603652713,105.81328582763672,105.8,0.013285827636721592,1.2553218981058458,1.3,0.04467810189415422,27,27.0,scolv:odsimonds,unknown,man_confirm,manual,aka2026svolkp,aka2026svolkp
matched,onsite,2026-09-23 01:25:02.00,2026-09-23 01:25:02.14,0.141,57.53438568115234,57.534,-155.8167724609375,-155.817,0.04498499904981328,75.56024169921875,75.6,0.039758300781244316,1.8555612784536775,1.9,0.044438721546322446,33,33.0,scolv:odsimonds,unknown,man_confirm,manual,aka2026svoqjb,aka2026svoqjb
matched,onsite,2026-09-23 01:38:55.00,2026-09-23 01:38:55.29,0.297,58.2248764038086,58.225,-154.85118103027344,-154.851,0.0173561858127458,5.0,5.0,0.0,0.8486122951936651,0.8,0.048612295193665056,18,18.0,scolv:odsimonds,unknown,man_confirm,manual,aka2026svpcjs,aka2026svpcjs
matched,onsite,2026-09-23 01:50:03.00,2026-09-23 01:50:03.33,0.338,60.28046035766602,60.28,-152.20196533203125,-152.202,0.05122509886487306,94.54096984863281,94.5,0.0409698486328125,1.6512381642446954,1.7,0.04876183575530457,70,70.0,scolv:odsimonds,unknown,man_confirm,manual,aka2026svpmbi,aka2026svpmbi
matched,onsite,2026-09-23 02:11:27.00,2026-09-23 02:11:27.15,0.152,61.02851867675781,61.029,-148.41493225097656,-148.415,0.05364494673871639,5.0,5.0,0.0,1.2330049604417406,1.2,0.033004960441740616,18,18.0,scolv:odsimonds,unknown,man_confirm,manual,aka2026svqepb,aka2026svqepb
matched,onsite,2026-09-23 02:27:53.00,2026-09-23 02:27:53.37,0.377,54.03438568115234,54.034,-163.6666259765625,-163.667,0.04935383956176713,38.75111389160156,38.8,0.04888610839843466,2.3164116648147406,2.3,0.016411664814740767,43,43.0,scolv:odsimonds,unknown,man_confirm,manual,aka2026svqsts,aka2026svqsts
matched,onsite,2026-09-23 02:39:25.00,2026-09-23 02:39:25.17,0.171,59.43947219848633,59.439,-152.55593872070312,-152.556,0.052620254901172406,70.71568298339844,70.7,0.015682983398434658,2.1637047141261054,2.2,0.036295285873894745,117,117.0,scolv:odsimonds,unknown,man_confirm,manual,aka2026svrcwd,aka2026svrcwd
matched,onsite,2026-09-23 02:47:47.00,2026-09-23 02:47:47.03,0.038,53.89077377319336,53.891,-166.74298095703125,-166.743,0.025186206223573347,5.199972629547119,5.2,2.737045288103701e-05,0.7629193138549081,0.8,0.03708068614509197,13,13.0,scolv:odsimonds,unknown,man_confirm,manual,aka2026svrkbq,aka2026svrkbq
matched,onsite,2026-09-23 02:54:51.00,2026-09-23 02:54:50.22,0.778,54.47782897949219,54.4239,-160.38339233398438,-160.3204,7.248712579069986,5.768676280975342,11.859,6.090323719024658,2.604216113756306,2.5,0.1042161137563058,29,23.0,scolv:odsimonds,unknown,man_confirm,manual,aka2026svrqfl,us6000tyxl
matched,onsite,2026-09-23 03:17:25.00,2026-09-23 03:17:25.54,0.546,60.2061538696289,60.206,-150.96009826660156,-150.96,0.017950294729430098,68.80777740478516,68.8,0.007777404785159092,2.1510579153955347,2.2,0.048942084604465474,101,101.0,scolv:odsimonds,unknown,man_confirm,manual,aka2026svsjuj,aka2026svsjuj
matched,onsite,2026-09-23 03:25:39.00,2026-09-23 03:25:39.56,0.566,53.05275344848633,53.053,-166.9436798095703,-166.944,0.03477900104957735,26.380531311035156,26.4,0.01946868896484233,2.292448090692637,2.3,0.007551909307362603,52,52.0,scolv:odsimonds,unknown,man_confirm,manual,aka2026svsqxv,aka2026svsqxv
matched,onsite,2026-09-23 03:53:41.00,2026-09-23 03:53:41.25,0.256,55.2814826965332,55.281,-158.75741577148438,-158.757,0.05978432995030643,18.461082458496094,18.5,0.03891754150390625,2.536798711961148,2.5,0.03679871196114792,30,30.0,scolv:odsimonds,unknown,man_confirm,manual,aka2026svtpfm,aka2026svtpfm
matched,onsite,2026-09-23 04:27:34.00,2026-09-23 04:27:34.98,0.983,53.89634704589844,53.896,-166.80148315429688,-166.801,0.04991330511882263,8.353395462036133,8.4,0.04660453796386754,2.0744342430278166,2.1,0.02556575697218344,45,45.0,scolv:odsimonds,unknown,man_confirm,manual,aka2026svusqc,aka2026svusqc
matched,onsite,2026-09-23 04:44:50.00,2026-09-23 04:44:49.36,0.632,51.31084823608398,51.3457,-178.57858276367188,-178.5858,3.9076486118557416,52.06037902832031,61.998,9.937620971679685,2.8265310713393497,2.8,0.026531071339349843,56,33.0,scolv:odsimonds,unknown,man_confirm,manual,aka2026svvhfc,us6000tyxq
matched,onsite,2026-09-23 05:13:06.00,2026-09-23 05:13:06.24,0.244,60.08331298828125,60.083,-152.5329132080078,-152.533,0.03513397514600726,92.42090606689453,92.4,0.020906066894525566,1.8038256835740083,1.8,0.003825683574008254,79,79.0,scolv:odsimonds,unknown,man_confirm,manual,aka2026svwgci,aka2026svwgci
matched,onsite,2026-09-23 05:36:11.00,2026-09-23 05:36:11.24,0.248,60.14493942260742,60.145,-151.40032958984375,-151.4,0.01944776851000537,56.81405639648438,56.8,0.014056396484384948,1.5087226921635228,1.5,0.008722692163522838,42,42.0,scolv:odsimonds,unknown,man_confirm,manual,aka2026svxacs,aka2026svxacs
matched,onsite,2026-09-23 05:44:58.00,2026-09-23 05:44:58.87,0.87,58.2751350402832,58.275,-154.96632385253906,-154.966,0.024167018945232807,5.0,5.0,0.0,0.7540398089399616,0.8,0.04596019106003846,27,27.0,scolv:odsimonds,unknown,man_confirm,manual,aka2026svxhsu,aka2026svxhsu
matched,onsite,2026-09-23 05:44:38.00,2026-09-23 05:44:38.76,0.767,54.32620239257812,54.326,-159.944580078125,-159.945,0.03532641609365078,5.0,5.0,0.0,2.6891600173827723,2.7,0.01083998261722785,33,33.0,scolv:odsimonds,unknown,man_confirm,manual,aka2026svxhnr,aka2026svxhnr
matched,onsite,2026-09-23 05:50:31.00,2026-09-23 05:50:31.25,0.252,60.97599029541016,60.976,-149.5558624267578,-149.556,0.007499990815076853,27.586008071899414,27.6,0.013991928100587359,1.664088322094644,1.7,0.03591167790535588,55,55.0,scolv:odsimonds,unknown,man_confirm,manual,aka2026svxmnl,aka2026svxmnl
matched,onsite,2026-09-23 06:00:11.00,2026-09-23 06:00:11.80,0.807,61.50032043457031,61.5,-140.5346221923828,-140.535,0.040882364633067374,1.340327262878418,1.3,0.040327262878417924,1.823103352055476,1.8,0.02310335205547598,31,31.0,scolv:odsimonds,unknown,man_confirm,manual,aka2026svxuxt,aka2026svxuxt
matched,onsite,2026-09-23 06:27:50.00,2026-09-23 06:27:50.06,0.068,60.57676696777344,60.577,-139.954345703125,-139.954,0.03206305762310419,1.2537665367126465,1.3,0.04623346328735356,2.102590443525104,2.1,0.002590443525103847,29,29.0,scolv:odsimonds,unknown,man_confirm,manual,aka2026svyswv,aka2026svyswv
matched,onsite,2026-09-23 06:31:43.00,2026-09-23 06:31:43.14,0.145,58.21725082397461,58.217,-151.4461669921875,-151.446,0.02955542778353245,22.29071044921875,22.3,0.00928955078125071,2.6273642671377577,2.6,0.027364267137757636,86,86.0,scolv:odsimonds,unknown,man_confirm,manual,aka2026svywgt,aka2026svywgt
matched,onsite,2026-09-23 06:33:48.00,2026-09-23 06:33:48.12,0.129,51.83705520629883,51.837,179.2757568359375,179.276,0.017799230776672836,106.1117172241211,106.1,0.011717224121099434,2.509874099686835,2.5,0.00987409968683517,42,42.0,scolv:odsimonds,unknown,man_confirm,manual,aka2026svyycf,aka2026svyycf
matched,onsite,2026-09-23 06:41:33.00,2026-09-23 06:41:33.20,0.206,63.11489486694336,63.115,-151.44378662109375,-151.444,0.015867540341849746,5.0,5.0,0.0,2.0002124685217972,2.0,0.00021246852179723774,49,49.0,scolv:odsimonds,unknown,man_confirm,manual,aka2026svzeue,aka2026svzeue
matched,onsite,2026-09-23 06:56:23.00,2026-09-23 06:56:23.45,0.456,53.93972778320312,53.94,-163.1944122314453,-163.194,0.04054922215201066,13.909350395202637,13.9,0.009350395202636363,2.410519937058808,2.4,0.01051993705880827,41,41.0,scolv:odsimonds,unknown,man_confirm,manual,aka2026svzrqj,aka2026svzrqj
matched,onsite,2026-09-23 06:57:00.00,2026-09-23 06:57:00.22,0.223,62.7940902709961,62.794,-150.30531311035156,-150.305,0.018818266071608646,75.09556579589844,75.1,0.004434204101556816,1.8545240056385066,1.9,0.0454759943614933,65,65.0,scolv:odsimonds,unknown,man_confirm,manual,aka2026svzsgo,aka2026svzsgo
matched,onsite,2026-09-23 06:57:46.00,2026-09-23 06:57:46.20,0.207,52.35659027099609,52.357,-165.40777587890625,-165.408,0.048034929372744915,20.0,20.0,0.0,2.6298984255681774,2.6,0.029898425568177345,39,39.0,scolv:odsimonds,unknown,man_confirm,manual,aka2026svzswv,aka2026svzswv
matched,onsite,2026-09-23 07:28:44.00,2026-09-23 07:28:44.34,0.346,51.2368278503418,51.237,178.7500457763672,178.75,0.019405645448402363,35.16606140136719,35.2,0.03393859863281534,2.672427350874108,2.7,0.0275726491258923,22,22.0,scolv:afozkos,unknown,man_confirm,manual,aka2026swatrm,aka2026swatrm
matched,onsite,2026-09-23 07:34:09.00,2026-09-23 07:34:09.90,0.909,61.50154113769531,61.502,-150.28794860839844,-150.288,0.051095958998026235,30.8675479888916,30.9,0.032452011108397016,1.7745245547099016,1.8,0.025475445290098486,68,68.0,scolv:odsimonds,unknown,man_confirm,manual,aka2026swayjy,aka2026swayjy
matched,onsite,2026-09-23 08:00:47.00,2026-09-23 08:00:47.50,0.504,62.07217407226562,62.072,-145.55088806152344,-145.551,0.02021479743926278,8.620179176330566,8.6,0.02017917633056676,1.9383884815083985,1.9,0.038388481508398575,56,56.0,scolv:odsimonds,unknown,man_confirm,manual,aka2026swbvmh,aka2026swbvmh
matched,onsite,2026-09-23 08:23:27.00,2026-09-23 08:23:27.20,0.204,61.62163925170898,61.622,-150.43370056152344,-150.434,0.043122171677512276,60.44014739990234,60.4,0.040147399902338066,2.3650445574919416,2.4,0.034955442508058265,115,115.0,scolv:odsimonds,unknown,man_confirm,manual,aka2026swcpao,aka2026swcpao
matched,onsite,2026-09-23 08:43:35.00,2026-09-23 08:43:35.30,0.306,59.94924545288086,59.949,-152.54537963867188,-152.545,0.03452228896361854,90.8699951171875,90.9,0.030004882812505684,1.3690476144184778,1.4,0.030952385581522135,17,17.0,scolv:odsimonds,unknown,man_confirm,manual,aka2026swdgow,aka2026swdgow
matched,onsite,2026-09-23 08:46:01.00,2026-09-23 08:46:01.76,0.765,57.52251815795898,57.523,-155.46868896484375,-155.469,0.05670567477409091,83.57359313964844,83.6,0.026406860351556816,1.744129502630084,1.7,0.04412950263008408,28,28.0,scolv:odsimonds,unknown,man_confirm,manual,aka2026swdisa,aka2026swdisa
matched,onsite,2026-09-23 08:48:42.00,2026-09-23 08:48:42.77,0.775,53.40248489379883,53.402,-167.33242797851562,-167.332,0.06092706769106307,17.36406135559082,17.4,0.035938644409178266,1.816208619141393,1.8,0.016208619141393044,33,33.0,scolv:odsimonds,unknown,man_confirm,manual,aka2026swdlas,aka2026swdlas
matched,onsite,2026-09-23 08:49:50.00,2026-09-23 08:49:50.99,0.993,62.63148498535156,62.631,-149.63450622558594,-149.635,0.05954256125707815,66.87271118164062,66.9,0.027288818359380684,1.781248286787282,1.8,0.018751713212717958,60,60.0,scolv:odsimonds,unknown,man_confirm,manual,aka2026swdmag,aka2026swdmag
matched,onsite,2026-09-23 08:56:32.00,2026-09-23 08:56:32.43,0.439,58.26207733154297,58.262,-154.74867248535156,-154.749,0.020998486765804212,38.145660400390625,38.1,0.04566040039062358,0.9248287826428173,0.9,0.024828782642817293,22,22.0,scolv:odsimonds,unknown,man_confirm,manual,aka2026swdrvg,aka2026swdrvg
matched,onsite,2026-09-23 09:08:31.00,2026-09-23 09:08:31.09,0.092,64.3342056274414,64.334,-147.38414001464844,-147.384,0.023838356543241315,12.04561424255371,12.0,0.04561424255370916,1.073344092275156,1.1,0.026655907724844052,17,17.0,scolv:odsimonds,unknown,man_confirm,manual,aka2026swecfe,aka2026swecfe
matched,onsite,2026-09-23 09:13:49.00,2026-09-23 09:13:49.09,0.098,61.51522827148438,61.515,-150.0692901611328,-150.069,0.029682685411304945,32.249935150146484,32.2,0.04993515014648153,1.6611050488569856,1.7,0.038894951143014334,42,42.0,scolv:odsimonds,unknown,man_confirm,manual,aka2026sweguj,aka2026sweguj
matched,onsite,2026-09-23 09:19:33.00,2026-09-23 09:19:33.86,0.86,55.4454460144043,55.445,-152.021728515625,-152.022,0.05246704136263292,5.0,5.0,0.0,3.20026306387208,3.2,0.0002630638720799716,65,65.0,scolv:odsimonds,unknown,man_confirm,manual,aka2026swelob,aka2026swelob
matched,onsite,2026-09-23 09:30:04.00,2026-09-23 09:30:04.02,0.02,60.74513626098633,60.745,-152.69601440429688,-152.696,0.015171735260020603,11.445255279541016,11.4,0.04525527954101527,1.4140750167612204,1.4,0.014075016761220471,28,28.0,scolv:odsimonds,unknown,man_confirm,manual,aka2026sweuxa,aka2026sweuxa
matched,onsite,2026-09-23 09:50:26.00,2026-09-23 09:50:26.28,0.285,61.60620498657227,61.606,-146.20916748046875,-146.209,0.02445336845681746,31.608642578125,31.6,0.008642578124998579,1.7134529988387939,1.7,0.013452998838793917,38,38.0,scolv:odsimonds,unknown,man_confirm,manual,aka2026swfmoc,aka2026swfmoc
matched,onsite,2026-09-23 10:02:05.00,2026-09-23 10:02:05.01,0.015,59.46639251708984,59.464,-152.84552001953125,-152.861,0.9140938091305175,89.47054290771484,90.0,0.5294570922851562,1.8754181067980007,1.8,0.07541810679800065,59,57.0,scanloc_state:AEC,unknown,auto_confirm,automatic,aka2026swfwqu,aka2026swfwqu
matched,onsite,2026-09-23 10:12:16.00,2026-09-23 10:12:16.82,0.828,59.85923385620117,59.859,-152.7109832763672,-152.709,0.11374663819619743,93.59283447265625,93.7,0.10716552734375284,2.801823167288727,2.8,0.0018231672887272232,208,206.0,scanloc_global_assoc:AEC,unknown,auto_confirm,automatic,aka2026swgfml,aka2026swgfml
matched,onsite,2026-09-23 10:17:51.00,2026-09-23 10:17:51.39,0.394,60.46351623535156,60.463,-152.2667694091797,-152.265,0.11270701879620958,108.94432067871094,109.1,0.15567932128905682,2.582389387840564,2.6,0.017610612159435934,166,165.0,scanloc_state:AEC,unknown,auto_confirm,automatic,aka2026swgkjb,aka2026swgkjb
matched,onsite,2026-09-23 10:50:05.00,2026-09-23 10:50:05.70,0.702,61.38373184204102,61.384,-150.7411651611328,-150.742,0.05353297021151418,60.87826538085938,60.9,0.021734619140616473,3.248811318408861,3.2,0.04881131840886077,234,229.0,scanloc_global_assoc:AEC,unknown,auto_confirm,automatic,aka2026swhmgk,aka2026swhmgk
matched,onsite,2026-09-23 10:56:20.00,2026-09-23 10:56:20.79,0.795,61.89918518066406,61.899,-150.91943359375,-150.919,0.030655001414909726,68.99901580810547,68.6,0.39901580810547443,3.183054179395739,3.2,0.016945820604261197,230,224.0,scanloc_global_assoc:AEC,unknown,auto_confirm,automatic,aka2026swhrry,aka2026swhrry
matched,onsite,2026-09-23 11:27:55.00,2026-09-23 11:27:55.43,0.432,58.2505989074707,58.256,-155.1331024169922,-155.154,1.3621922496825511,5.0,0.0,5.0,0.9221034383228542,0.9,0.02210343832285422,14,9.0,scanloc_state:AEC,unknown,auto_confirm,automatic,aka2026switbx,aka2026switbx
matched,onsite,2026-09-23 11:33:32.00,2026-09-23 11:33:32.40,0.402,59.73025512695312,59.751,-153.03363037109375,-153.076,3.3101783224104673,103.65345001220703,107.7,4.046549987792972,1.6159528643859784,1.6,0.015952864385978316,50,44.0,scanloc_state:AEC,unknown,auto_confirm,automatic,aka2026swixyv,aka2026swixyv
root_only,onsite,2026-09-23 11:42:46.00,,,53.84169387817383,,-163.8816680908203,,,14.907772064208984,,,2.3021581442676595,,,42,,scanloc_state:AEC,,auto_confirm,,aka2026swjfyc,
matched,onsite,2026-09-23 12:19:17.00,2026-09-23 12:19:12.73,4.269,56.60198593139648,56.3563,-149.1956024169922,-149.1422,27.515135541140776,20.0,10.0,10.0,3.1980858323529406,3.1,0.09808583235294055,107,44.0,scolv:odsimonds,unknown,man_confirm,manual,aka2026swklpw,us6000tx30
matched,onsite,2026-09-23 12:49:02.00,2026-09-23 12:49:02.19,0.197,61.91254043579102,61.913,-151.1841278076172,-151.184,0.051537396531879005,76.58433532714844,76.6,0.015664672851556816,1.8767463974321186,1.9,0.023253602567881337,68,68.0,scolv:odsimonds,unknown,man_confirm,manual,aka2026swllkm,aka2026swllkm
matched,onsite,2026-09-23 13:02:10.00,2026-09-23 13:02:10.26,0.268,60.34119415283203,60.341,-140.0484619140625,-140.048,0.033347401078415655,9.510605812072754,9.5,0.010605812072753906,1.842725719478329,1.8,0.04272571947832904,18,18.0,scolv:odsimonds,unknown,man_confirm,manual,aka2026swlwws,aka2026swlwws
matched,onsite,2026-09-23 13:26:37.00,2026-09-23 13:26:36.28,0.72,54.11293411254883,54.122833333333,-166.001220703125,-165.96266666667,2.743229233911565,2.227735996246338,4.92,2.692264003753662,1.1104655565294612,0.16,0.9504655565294612,9,17.0,scanloc_state:AEC,unknown,auto_confirm,manual,aka2026swmrzx,av94445051
matched,onsite,2026-09-23 13:30:25.00,2026-09-23 13:30:25.05,0.056,57.20242691040039,57.202,-155.5080108642578,-155.508,0.04747478065512142,51.31430435180664,51.3,0.014304351806643467,3.110944090794179,3.1,0.010944090794179129,166,166.0,scanloc_global_assoc:AEC,unknown,auto_confirm,automatic,aka2026swmvfb,aka2026swmvfb
matched,onsite,2026-09-23 13:38:37.00,2026-09-23 13:38:37.44,0.44,53.8969841003418,53.899666666667,-166.79901123046875,-166.767,2.1184260107770885,5.559364795684814,6.34,0.7806352043151863,1.8716700504526296,1.15,0.7216700504526297,23,24.0,scanloc_state:AEC,unknown,auto_confirm,manual,aka2026swnckp,av94445066
matched,onsite,2026-09-23 14:50:31.00,2026-09-23 14:50:31.91,0.913,57.26257705688477,57.265,-155.51513671875,-155.519,0.3557407074148434,64.71671295166016,65.8,1.083287048339841,2.3882531601663373,2.3,0.08825316016633744,57,55.0,scanloc_state:AEC,unknown,auto_confirm,automatic,aka2026swpmtg,aka2026swpmtg
matched,onsite,2026-09-23 15:11:46.00,2026-09-23 15:11:46.88,0.884,58.8498649597168,58.85,-154.53790283203125,-154.536,0.11047435714801283,129.96119689941406,129.9,0.061196899414056816,2.1362653849495965,2.1,0.03626538494959641,63,61.0,scanloc_state:AEC,unknown,auto_confirm,automatic,aka2026swqfex,aka2026swqfex
root_only,onsite,2026-09-23 15:24:38.00,,,54.60736846923828,,-159.7375946044922,,,35.77962875366211,,,3.2145305557973347,,,86,,scanloc_state:AEC,,auto_confirm,,aka2026swqqhz,
matched,onsite,2026-09-23 15:34:53.00,2026-09-23 15:34:53.09,0.093,63.2007827758789,63.2,-150.38575744628906,-150.384,0.12385177535428271,114.47808074951172,114.6,0.12191925048827557,2.6215519145605484,2.6,0.02155191456054828,125,123.0,scanloc_state:AEC,unknown,auto_confirm,automatic,aka2026swqzfi,aka2026swqzfi
matched,onsite,2026-09-23 16:09:50.00,2026-09-23 16:09:50.47,0.471,59.94786071777344,59.948,-152.69436645507812,-152.694,0.025617731721995354,86.5616455078125,86.6,0.038354492187494316,1.4905681989109474,1.4,0.09056819891094747,44,44.0,scanloc_state:AEC,unknown,auto_confirm,automatic,aka2026swsakh,aka2026swsakh
matched,onsite,2026-09-23 16:38:10.00,2026-09-23 16:38:10.84,0.842,59.39957809448242,59.402,-152.4927520751953,-152.503,0.6395154987049372,71.32047271728516,71.8,0.4795272827148409,3.3768818736116897,3.4,0.023118126388310234,285,274.0,scanloc_global_assoc:AEC,unknown,auto_confirm,automatic,aka2026swtbxe,aka2026swtbxe
matched,onsite,2026-09-23 16:46:00.00,2026-09-23 16:46:05.38,5.38,53.89384460449219,53.897,-166.81390380859375,-166.76983333333,2.908859906565061,5.859667301177979,5.21,0.6496673011779794,2.241274242850109,1.46,0.7812742428501092,28,13.0,scanloc_state:AEC,unknown,auto_confirm,manual,aka2026swtiwt,av93067289
root_only,onsite,2026-09-23 17:06:07.00,,,54.28557205200195,,-161.32192993164062,,,5.326815128326416,,,2.2692442036420064,,,17,,scanloc_state:AEC,,auto_confirm,,aka2026swuajm,
matched,onsite,2026-09-23 17:38:48.00,2026-09-23 17:38:48.48,0.483,59.88187026977539,59.882,-152.81881713867188,-152.819,0.017668884543821924,100.90852355957031,101.0,0.0914764404296875,2.798398649993306,2.8,0.0016013500066938136,189,187.0,scanloc_state:AEC,unknown,auto_confirm,automatic,aka2026swvbrg,aka2026swvbrg
root_only,onsite,2026-09-23 17:48:15.00,,,61.3958511352539,,-140.29075622558594,,,5.0,,,1.8246749165777687,,,25,,scanloc_state:AEC,,auto_confirm,,aka2026swvkwb,
root_only,onsite,2026-09-23 18:14:46.00,,,52.08184432983398,,-169.32162475585938,,,14.17112636566162,,,3.2442244056569325,,,26,,scanloc_state:AEC,,auto_confirm,,aka2026swwhuk,
matched,onsite,2026-09-23 18:36:36.00,2026-09-23 18:36:36.41,0.416,64.87885284423828,64.88,-144.42288208007812,-144.431,0.40387873424535375,5.0,5.0,0.0,1.616826648909553,1.5,0.11682664890955308,27,14.0,scanloc_state:AEC,unknown,auto_confirm,automatic,aka2026swxatz,aka2026swxatz
root_only,onsite,2026-09-23 18:47:56.00,,,51.57216644287109,,179.25466918945312,,,68.09445190429688,,,2.661290705400681,,,19,,scanloc_state:AEC,,auto_confirm,,aka2026swxjxo,
matched,onsite,2026-09-23 18:59:01.00,2026-09-23 18:59:01.60,0.608,63.15095901489258,63.151,-147.65725708007812,-147.657,0.013691354576251591,5.231031894683838,5.2,0.031031894683837713,1.5892191988495028,1.5,0.0892191988495028,16,16.0,scanloc_state:AEC,unknown,auto_confirm,automatic,aka2026swxufl,aka2026swxufl
matched,onsite,2026-09-23 19:14:34.00,2026-09-23 19:14:34.40,0.404,60.01008224487305,60.01,-153.18524169921875,-153.185,0.01625119915177805,135.2426300048828,135.2,0.04263000488282387,2.204907957339377,2.1,0.10490795733937697,84,84.0,scanloc_state:AEC,unknown,auto_confirm,automatic,aka2026swyhso,aka2026swyhso
root_only,onsite,2026-09-23 19:23:22.00,,,53.40195465087891,,-165.84312438964844,,,20.04546356201172,,,2.492100524305177,,,31,,scanloc_state:AEC,,auto_confirm,,aka2026swyphw,
root_only,onsite,2026-09-23 19:31:56.00,,,60.55443954467773,,-139.96217346191406,,,0.6323457956314087,,,1.914256719744944,,,23,,scanloc_state:AEC,,auto_confirm,,aka2026swywti,
matched,onsite,2026-09-23 20:16:45.00,2026-09-23 20:16:45.41,0.411,61.80156326293945,61.8,-150.26170349121094,-150.261,0.1777136586223125,58.1795539855957,58.0,0.17955398559570312,2.0268762302472414,2.0,0.026876230247241395,66,65.0,scanloc_state:AEC,unknown,auto_confirm,automatic,aka2026sxajpm,aka2026sxajpm
matched,onsite,2026-09-23 21:13:06.00,2026-09-23 21:13:06.67,0.674,63.29751968383789,63.298,-150.97085571289062,-150.971,0.05389311018354147,0.10388370603322983,0.1,0.0038837060332298223,2.063496588409907,2.0,0.0634965884099068,46,46.0,scanloc_state:AEC,unknown,auto_confirm,automatic,aka2026sxcgqj,aka2026sxcgqj
root_only,onsite,2026-09-23 21:19:42.00,,,55.03984451293945,,-160.34585571289062,,,29.172006607055664,,,2.090208394029071,,,28,,scanloc_state:AEC,,auto_confirm,,aka2026sxcmdx,
matched,onsite,2026-09-23 21:33:06.00,2026-09-23 21:33:06.78,0.78,60.2327880859375,60.233,-153.10140991210938,-153.098,0.18971523598808776,141.63116455078125,141.6,0.031164550781255684,1.6639381774563,1.6,0.06393817745629993,49,48.0,scanloc_state:AEC,unknown,auto_confirm,automatic,aka2026sxcxvi,aka2026sxcxvi
matched,onsite,2026-09-23 23:41:36.00,2026-09-23 23:41:36.87,0.872,64.98770904541016,64.983,-147.44334411621094,-147.456,0.7926418761615986,5.0,0.1,4.9,1.2187690081263407,0.9,0.3187690081263407,15,14.0,scanloc_state:AEC,unknown,auto_confirm,automatic,aka2026sxhffr,aka2026sxhffr
root_only,onsite,2026-09-23 23:48:52.00,,,54.35977554321289,,-161.56637573242188,,,5.0,,,2.472296554986219,,,26,,scanloc_state:AEC,,auto_confirm,,aka2026sxhlnx,
matched,onsite,2026-09-24 00:05:26.00,2026-09-24 00:05:26.46,0.465,62.78165435791016,62.782,-143.71730041503906,-143.717,0.041359171923639484,10.0,10.0,0.0,3.040625151522632,3.0,0.04062515152263213,119,119.0,scolv:djgossett,unknown,man_confirm,manual,aka2026sxhzwp,aka2026sxhzwp
matched,onsite,2026-09-24 00:29:50.00,2026-09-24 00:29:50.60,0.6,51.30600357055664,51.306,-176.78851318359375,-176.789,0.03384323540947567,38.03622055053711,38.0,0.036220550537109375,2.501859048041308,2.5,0.0018590480413078758,25,25.0,scolv:djgossett,unknown,man_confirm,manual,aka2026sxivau,aka2026sxivau
matched,onsite,2026-09-24 00:42:57.00,2026-09-24 00:42:57.00,0.001,52.73408508300781,52.734,-167.8472442626953,-167.847,0.01897331314256134,24.76459312438965,24.8,0.03540687561035227,2.533174827521334,2.5,0.03317482752133394,17,17.0,scolv:djgossett,unknown,man_confirm,manual,aka2026sxjgjv,aka2026sxjgjv
matched,onsite,2026-09-24 00:47:34.00,2026-09-24 00:47:34.13,0.132,55.96793365478516,55.968,-159.753662109375,-159.754,0.02228383216491953,8.362691879272461,8.4,0.03730812072753942,1.9499201614222863,1.9,0.04992016142228639,26,26.0,scolv:djgossett,unknown,man_confirm,manual,aka2026sxjklo,aka2026sxjklo
matched,onsite,2026-09-24 00:53:27.00,2026-09-24 00:53:27.45,0.455,60.62703323364258,60.627,-150.41810607910156,-150.418,0.006865064119009071,40.6641845703125,40.7,0.03581542968750284,1.7952801617927292,1.8,0.004719838207270843,26,26.0,scolv:djgossett,unknown,man_confirm,manual,aka2026sxjpke,aka2026sxjpke
matched,onsite,2026-09-24 01:21:27.00,2026-09-24 01:21:27.25,0.254,60.48678207397461,60.487,-151.98390197753906,-151.984,0.024820015807732035,89.73030090332031,89.7,0.030300903320309658,1.726018889834934,1.7,0.026018889834934056,46,46.0,scolv:djgossett,unknown,man_confirm,manual,aka2026sxknvb,aka2026sxknvb
matched,onsite,2026-09-24 01:27:20.00,2026-09-24 01:27:20.87,0.879,62.04018783569336,62.04,-149.75465393066406,-149.755,0.027599917695221278,26.305904388427734,26.3,0.0059043884277336645,3.7455028947464655,3.7,0.045502894746465294,257,257.0,scolv:djgossett,unknown,man_confirm,manual,aka2026sxksxl,aka2026sxksxl
matched,onsite,2026-09-24 01:34:30.00,2026-09-24 01:34:30.28,0.283,62.07096862792969,62.071,-149.72586059570312,-149.726,0.008054910420706253,50.69757843017578,50.7,0.002421569824221592,2.322342795673536,2.3,0.02234279567353603,92,92.0,scolv:djgossett,unknown,man_confirm,manual,aka2026sxkzcn,aka2026sxkzcn
matched,onsite,2026-09-24 01:40:29.00,2026-09-24 01:40:29.85,0.859,61.26536178588867,61.265,-146.9532012939453,-146.953,0.041643073551429516,14.464630126953125,14.5,0.035369873046875,1.3269457271416532,1.3,0.02694572714165311,24,24.0,scolv:djgossett,unknown,man_confirm,manual,aka2026sxlejd,aka2026sxlejd
matched,onsite,2026-09-24 01:44:44.00,2026-09-24 01:44:44.11,0.117,57.6063232421875,57.606,-153.4254913330078,-153.425,0.046352788495165255,58.46036529541016,58.5,0.039634704589836645,2.1016848415455827,2.1,0.0016848415455825716,48,48.0,scolv:djgossett,unknown,man_confirm,manual,aka2026sxlhxf,aka2026sxlhxf
matched,onsite,2026-09-24 01:57:31.00,2026-09-24 01:57:31.39,0.392,58.25463104248047,58.255,-155.1450653076172,-155.145,0.04120373537627073,2.6351187229156494,2.6,0.035118722915649325,1.2540378069364135,1.3,0.04596219306358651,39,39.0,scolv:djgossett,unknown,man_confirm,manual,aka2026sxltbu,aka2026sxltbu
matched,onsite,2026-09-24 02:00:00.00,2026-09-24 02:00:00.93,0.931,60.1167221069336,60.117,-153.09629821777344,-153.096,0.03503983328942317,125.66259002685547,125.7,0.03740997314453409,1.6118763152551008,1.6,0.011876315255100689,46,46.0,scolv:djgossett,unknown,man_confirm,manual,aka2026sxlvgp,aka2026sxlvgp
matched,onsite,2026-09-24 02:10:32.00,2026-09-24 02:10:32.31,0.315,57.77462768554688,57.775,-153.7415008544922,-153.742,0.05089080829752123,26.10157585144043,26.1,0.0015758514404282664,2.015316776466098,2.0,0.01531677646609797,54,54.0,scolv:djgossett,unknown,man_confirm,manual,aka2026sxmelx,aka2026sxmelx
matched,onsite,2026-09-24 02:11:51.00,2026-09-24 02:11:51.89,0.893,61.33718872070312,61.337,-146.73382568359375,-146.734,0.022952109268041008,25.472442626953125,25.5,0.027557373046875,1.688327550103786,1.7,0.011672449896213966,18,18.0,scolv:djgossett,unknown,man_confirm,manual,aka2026sxmfmt,aka2026sxmfmt
matched,onsite,2026-09-24 02:18:48.00,2026-09-24 02:18:48.34,0.348,60.57157516479492,60.572,-147.52894592285156,-147.529,0.04733181682665999,15.97663402557373,16.0,0.02336597442626953,2.0628644286447826,2.1,0.0371355713552175,57,57.0,scolv:djgossett,unknown,man_confirm,manual,aka2026sxmlnf,aka2026sxmlnf
matched,onsite,2026-09-08 00:08:45.00,2026-09-08 00:08:45.49,0.498,69.43610382080078,69.436,-144.03152465820312,-144.032,0.02186220131068551,10.0,10.0,0.0,1.511975405931966,1.5,0.01197540593196611,11,11.0,scolv:djgossett,unknown,man_confirm,manual,aka2026rtttrl,aka2026rtttrl
matched,onsite,2026-09-08 02:13:55.00,2026-09-08 02:13:55.12,0.124,63.24012756347656,63.24,-151.08331298828125,-151.083,0.021136402354311596,5.787623882293701,5.8,0.01237611770629865,1.924855130195532,1.9,0.024855130195531983,31,31.0,scolv:djgossett,unknown,man_confirm,manual,aka2026rtxyez,aka2026rtxyez
matched,onsite,2026-09-08 04:04:18.00,2026-09-08 04:04:18.94,0.943,65.18978118896484,65.19,-162.82272338867188,-162.823,0.027541885300407992,9.910933494567871,9.9,0.010933494567870738,2.877525947100435,2.9,0.022474052899565056,18,18.0,scolv:djgossett,unknown,man_confirm,manual,aka2026rubpxt,aka2026rubpxt
matched,onsite,2026-09-24 02:44:16.00,2026-09-24 02:44:16.24,0.247,56.75572204589844,56.756,-154.80465698242188,-154.805,0.037315691354017966,25.50086212158203,25.5,0.00086212158203125,1.9338574229430892,1.9,0.033857422943089244,21,21.0,scolv:djgossett,unknown,man_confirm,manual,aka2026sxnhpr,aka2026sxnhpr
matched,onsite,2026-09-08 04:09:55.00,2026-09-08 04:09:55.96,0.961,69.46302032470703,69.463,-143.50521850585938,-143.505,0.008818117528464982,10.0,10.0,0.0,1.7407119003287563,1.7,0.04071190032875638,15,15.0,scolv:djgossett,unknown,man_confirm,manual,aka2026rubuuj,aka2026rubuuj
matched,onsite,2026-09-08 07:53:31.00,2026-09-08 07:53:31.98,0.982,63.23582077026367,63.236,-151.27783203125,-151.278,0.021631517734779185,2.3813087940216064,2.4,0.018691205978393466,1.342453071912163,1.3,0.042453071912162965,16,16.0,scolv:djgossett,unknown,man_confirm,manual,aka2026rujgrd,aka2026rujgrd
matched,onsite,2026-09-24 02:55:13.00,2026-09-24 02:55:13.07,0.075,60.55733108520508,60.557,-140.17237854003906,-140.172,0.04223075253501449,9.910225868225098,9.9,0.010225868225097301,1.851834892622867,1.9,0.048165107377132976,24,24.0,scolv:djgossett,unknown,man_confirm,manual,aka2026sxnrco,aka2026sxnrco
matched,onsite,2026-09-24 02:57:34.00,2026-09-24 02:57:34.65,0.652,60.24446868896484,60.244,-151.1983184814453,-151.198,0.05499973981658129,59.67901229858398,59.7,0.020987701416025573,1.7144839386012853,1.7,0.014483938601285384,23,23.0,scolv:djgossett,unknown,man_confirm,manual,aka2026sxntdt,aka2026sxntdt
matched,onsite,2026-09-24 03:06:33.00,2026-09-24 03:06:33.39,0.393,63.49669647216797,63.497,-148.5660400390625,-148.566,0.03380918008487583,6.02239990234375,6.0,0.02239990234375,1.696490252804535,1.7,0.0035097471954650405,42,42.0,scolv:djgossett,unknown,man_confirm,manual,aka2026sxoaye,aka2026sxoaye
matched,onsite,2026-09-08 16:01:28.00,2026-09-08 16:01:28.58,0.582,67.2541275024414,67.254,-152.9911346435547,-152.991,0.015313865484355746,16.571474075317383,16.6,0.02852592468261861,1.5140325728887898,1.5,0.014032572888789785,13,13.0,scolv:djgossett,unknown,man_confirm,manual,aka2026ruzntd,aka2026ruzntd
matched,onsite,2026-09-24 03:11:02.00,2026-09-24 03:11:02.86,0.865,57.88155746459961,57.882,-155.6110382080078,-155.611,0.04925950788829201,12.953399658203125,13.0,0.046600341796875,0.9039810151165333,0.9,0.00398101511653326,15,15.0,scolv:djgossett,unknown,man_confirm,manual,aka2026sxoevm,aka2026sxoevm
matched,onsite,2026-09-08 19:11:05.00,2026-09-08 19:11:05.92,0.921,66.2674560546875,66.267,-149.8389434814453,-149.839,0.05077400813924755,3.2775754928588867,3.3,0.022424507141113104,1.3278344991471585,1.3,0.02783449914715841,16,16.0,scolv:djgossett,unknown,man_confirm,manual,aka2026rvfwdx,aka2026rvfwdx
matched,onsite,2026-09-24 03:14:25.00,2026-09-24 03:14:25.14,0.149,61.738525390625,61.739,-151.2239227294922,-151.224,0.05293073182539712,82.97784423828125,83.0,0.02215576171875,1.6531072463318262,1.7,0.0468927536681738,31,31.0,scolv:djgossett,unknown,man_confirm,manual,aka2026sxohtj,aka2026sxohtj
matched,onsite,2026-09-08 21:35:46.00,2026-09-08 21:35:46.62,0.626,69.3575668334961,69.358,-147.07810974121094,-147.078,0.04835763937871874,11.907113075256348,11.9,0.007113075256347301,1.257870146861457,1.3,0.042129853138543005,16,16.0,scolv:djgossett,unknown,man_confirm,manual,aka2026rvkrpm,aka2026rvkrpm
matched,onsite,2026-09-24 03:18:04.00,2026-09-24 03:18:04.07,0.078,51.43840789794922,51.438,179.50025939941406,179.5,0.0487900272584859,20.565303802490234,20.6,0.034696197509767046,2.6869270264974747,2.7,0.013072973502525453,18,18.0,scolv:djgossett,unknown,man_confirm,manual,aka2026sxokxq,aka2026sxokxq
matched,onsite,2026-09-08 23:41:54.00,2026-09-08 23:41:54.93,0.93,65.33946228027344,65.339,-162.64739990234375,-162.647,0.05464915399239983,18.012866973876953,18.0,0.012866973876953125,2.5684904672831435,2.6,0.031509532716856636,12,12.0,scolv:djgossett,unknown,man_confirm,manual,aka2026rvowzb,aka2026rvowzb
matched,onsite,2026-09-24 03:59:57.00,2026-09-24 03:59:57.04,0.049,59.55378341674805,59.554,-138.82151794433594,-138.822,0.03630077655932567,9.38825511932373,9.4,0.011744880676269887,2.8599823957431827,2.9,0.04001760425681722,57,57.0,scolv:djgossett,unknown,man_confirm,manual,aka2026sxpvgj,aka2026sxpvgj
matched,onsite,2026-09-24 04:02:39.00,2026-09-24 04:02:39.07,0.07,60.1985092163086,60.199,-139.6450653076172,-139.645,0.054691868206872205,10.0,10.0,0.0,1.9689715080234744,2.0,0.031028491976525574,25,25.0,scolv:djgossett,unknown,man_confirm,manual,aka2026sxpxox,aka2026sxpxox
matched,onsite,2026-09-24 04:07:37.00,2026-09-24 04:07:37.06,0.06,57.5296745300293,57.53,-153.8517303466797,-153.852,0.03960911660677019,63.16217803955078,63.2,0.03782196044922159,2.2546147100212157,2.3,0.045385289978784105,65,65.0,scolv:djgossett,unknown,man_confirm,manual,aka2026sxqbwt,aka2026sxqbwt
matched,onsite,2026-09-24 04:04:07.00,2026-09-24 04:04:07.09,0.099,59.85157775878906,59.852,-151.73361206054688,-151.734,0.05170857515988387,61.78693008422852,61.8,0.013069915771474427,1.4138868649086715,1.4,0.013886864908671637,13,13.0,scolv:djgossett,unknown,man_confirm,manual,aka2026sxpytu,aka2026sxpytu
matched,onsite,2026-09-24 04:07:36.00,2026-09-24 04:07:36.23,0.23,53.91029739379883,53.91,-166.74415588378906,-166.744,0.034609086603220415,7.725298404693604,7.7,0.025298404693604226,1.4068506699060048,1.4,0.006850669906004914,12,12.0,scolv:djgossett,unknown,man_confirm,manual,aka2026sxqbwj,aka2026sxqbwj
matched,onsite,2026-09-24 04:09:32.00,2026-09-24 04:09:32.74,0.74,61.36558151245117,61.366,-140.99423217773438,-140.994,0.048150272436694876,6.51083755493164,6.5,0.010837554931639737,2.241038907864837,2.2,0.04103890786483699,27,27.0,scolv:djgossett,unknown,man_confirm,manual,aka2026sxqdny,aka2026sxqdny
matched,onsite,2026-09-24 04:16:00.00,2026-09-24 04:16:00.54,0.548,58.2551383972168,58.244,-155.14767456054688,-155.137,1.3871160311066788,4.464292526245117,5.0,0.5357074737548828,1.491028310329241,1.3,0.19102831032924095,43,24.0,scolv:djgossett,unknown,man_confirm,automatic,aka2026sxqjdq,aka2026sxqjdq
matched,onsite,2026-09-24 04:16:29.00,2026-09-24 04:16:29.97,0.977,61.84735870361328,61.847,-151.1311492919922,-151.131,0.04064779642914471,71.40998840332031,71.4,0.009988403320306816,1.666173255422142,1.7,0.03382674457785795,38,38.0,scolv:djgossett,unknown,man_confirm,manual,aka2026sxqjos,aka2026sxqjos
matched,onsite,2026-09-24 04:17:40.00,2026-09-24 04:17:40.85,0.857,59.95580291748047,59.956,-152.44680786132812,-152.447,0.024385799073773463,83.03555297851562,83.0,0.035552978515625,1.2028415539426025,1.2,0.0028415539426025482,22,22.0,scolv:djgossett,unknown,man_confirm,manual,aka2026sxqkqn,aka2026sxqkqn
matched,onsite,2026-09-24 04:36:37.00,2026-09-24 04:36:37.07,0.078,57.0825080871582,57.083,-155.98023986816406,-155.98,0.05658604760342931,78.46894073486328,78.5,0.03105926513671875,1.760166948950772,1.8,0.03983305104922796,24,24.0,scolv:djgossett,unknown,man_confirm,manual,aka2026sxrazz,aka2026sxrazz
matched,onsite,2026-09-24 04:51:13.00,2026-09-24 04:51:13.85,0.852,60.23445892333984,60.234,-151.0159149169922,-151.016,0.05124564414908293,64.63026428222656,64.6,0.030264282226568184,1.7199593890538134,1.7,0.019959389053813448,23,23.0,scolv:djgossett,unknown,man_confirm,manual,aka2026sxrnsb,aka2026sxrnsb
matched,onsite,2026-09-24 04:53:54.00,2026-09-24 04:53:54.59,0.598,57.478759765625,57.479,-154.2590789794922,-154.259,0.027126873191218908,23.46805000305176,23.5,0.031949996948238635,2.891265697166707,2.9,0.008734302833293128,121,121.0,scolv:djgossett,unknown,man_confirm,manual,aka2026sxrotv,aka2026sxrotv
matched,onsite,2026-09-24 05:21:18.00,2026-09-24 05:21:18.21,0.214,58.33483123779297,58.335,-151.38134765625,-151.381,0.0276399604722399,2.4596922397613525,2.5,0.04030776023864746,2.093329451480787,2.1,0.006670548519212893,20,20.0,scolv:djgossett,unknown,man_confirm,manual,aka2026sxsnti,aka2026sxsnti
matched,onsite,2026-09-24 05:54:00.00,2026-09-24 05:54:00.51,0.512,59.78353881835938,59.784,-152.0651397705078,-152.065,0.051874124675864906,66.76068115234375,66.8,0.03931884765624716,1.602499141430691,1.6,0.0024991414306909654,25,25.0,scolv:djgossett,unknown,man_confirm,manual,aka2026sxtqdi,aka2026sxtqdi
matched,onsite,2026-09-24 06:08:27.00,2026-09-24 06:08:27.56,0.561,58.70380783081055,58.704,-152.71209716796875,-152.712,0.02209304094337854,9.202129364013672,9.2,0.0021293640136725855,2.034860215658734,2.0,0.034860215658734095,75,75.0,scolv:djgossett,unknown,man_confirm,manual,aka2026sxuclx,aka2026sxuclx
matched,onsite,2026-09-24 06:14:50.00,2026-09-24 06:14:50.65,0.655,62.01501083374023,62.015,-149.74490356445312,-149.745,0.005173926662563773,51.47460556030273,51.5,0.02539443969727273,1.6188315845690637,1.6,0.018831584569063642,43,43.0,scolv:djgossett,unknown,man_confirm,manual,aka2026sxuiet,aka2026sxuiet
matched,onsite,2026-09-24 06:27:47.00,2026-09-24 06:27:47.61,0.611,60.56206130981445,60.562,-145.01185607910156,-145.012,0.010408609376841797,17.2489013671875,17.2,0.04890136718750071,1.883261130552211,1.9,0.016738869447789018,42,42.0,scolv:djgossett,unknown,man_confirm,manual,aka2026sxutkn,aka2026sxutkn
matched,onsite,2026-09-24 06:46:20.00,2026-09-24 06:46:20.11,0.11,53.51123809814453,53.511,-164.78579711914062,-164.786,0.029680153895959873,14.72289752960205,14.7,0.022897529602051492,2.69181461556277,2.7,0.008185384437230159,17,17.0,scolv:djgossett,unknown,man_confirm,manual,aka2026sxvjmw,aka2026sxvjmw
matched,onsite,2026-09-24 06:49:47.00,2026-09-24 06:49:47.03,0.036,61.96489715576172,61.965,-151.4542999267578,-151.454,0.01940318473845028,77.48003387451172,77.5,0.01996612548828125,1.9726611056963514,2.0,0.027338894303648553,60,60.0,scolv:djgossett,unknown,man_confirm,manual,aka2026sxvmmg,aka2026sxvmmg
matched,onsite,2026-09-24 06:53:03.00,2026-09-24 06:53:03.74,0.742,61.71972274780273,61.72,-149.54420471191406,-149.544,0.03266097113756857,10.0,10.0,0.0,1.74401597660245,1.7,0.044015976602449935,58,58.0,scolv:djgossett,unknown,man_confirm,manual,aka2026sxvpee,aka2026sxvpee
matched,onsite,2026-09-24 07:17:26.00,2026-09-24 07:17:26.84,0.846,59.56250381469727,59.563,-152.49952697753906,-152.5,0.06127058814633094,73.40977478027344,73.4,0.009774780273431816,1.641158702950709,1.6,0.041158702950709,36,36.0,scolv:djgossett,unknown,man_confirm,manual,aka2026sxwklz,aka2026sxwklz
matched,onsite,2026-09-24 07:22:15.00,2026-09-24 07:22:15.91,0.91,53.50832748413086,53.508,-163.7111358642578,-163.711,0.037506566385244515,9.06003475189209,9.1,0.0399652481079098,3.7787881140266304,3.8,0.021211885973369426,151,151.0,scolv:djgossett,unknown,man_confirm,manual,aka2026sxwopr,aka2026sxwopr
matched,onsite,2026-09-24 07:33:02.00,2026-09-24 07:33:02.60,0.608,61.30614852905273,61.306,-149.94979858398438,-149.95,0.019707845972131172,33.83608627319336,33.8,0.03608627319336222,1.7464093195741988,1.7,0.046409319574198804,46,46.0,scolv:djgossett,unknown,man_confirm,manual,aka2026sxwxzm,aka2026sxwxzm
matched,onsite,2026-09-24 07:39:06.00,2026-09-24 07:39:06.79,0.79,61.8249626159668,61.825,-150.81166076660156,-150.812,0.018289277051419424,65.39022827148438,65.4,0.009771728515630684,2.4006429190432277,2.4,0.0006429190432277743,146,146.0,scolv:djgossett,unknown,man_confirm,manual,aka2026sxxdfz,aka2026sxxdfz
matched,onsite,2026-09-24 08:38:12.00,2026-09-24 08:38:12.56,0.561,55.12285995483398,55.123,-159.45428466796875,-159.454,0.02387699100810461,5.096528053283691,5.1,0.0034719467163082385,2.6417174068889167,2.6,0.041717406888916564,32,32.0,scolv:djgossett,unknown,man_confirm,manual,aka2026sxzcnz,aka2026sxzcnz
matched,onsite,2026-09-24 08:56:24.00,2026-09-24 08:56:24.32,0.324,62.75468826293945,62.755,-150.65521240234375,-150.655,0.03631074231792188,87.31039428710938,87.3,0.010394287109377842,2.253746677009778,2.3,0.04625332299022178,106,106.0,scolv:djgossett,unknown,man_confirm,manual,aka2026sxzseg,aka2026sxzseg
matched,onsite,2026-09-24 09:10:51.00,2026-09-24 09:10:51.41,0.41,54.45305633544922,54.453,-162.77474975585938,-162.775,0.017347626418084537,82.78665161132812,82.8,0.013348388671872158,2.733740283523736,2.7,0.033740283523735926,31,31.0,scolv:djgossett,unknown,man_confirm,manual,aka2026syadyo,aka2026syadyo
matched,onsite,2026-09-24 09:50:33.00,2026-09-24 09:50:33.98,0.987,60.61963272094727,60.62,-151.28396606445312,-151.284,0.04088150505733844,74.5810317993164,74.6,0.018968200683588066,1.7408299906196656,1.7,0.040829990619665635,47,47.0,scolv:djgossett,unknown,man_confirm,manual,aka2026sybnil,aka2026sybnil
matched,onsite,2026-09-24 09:55:04.00,2026-09-24 09:55:04.36,0.364,55.0445556640625,55.045,-153.2940216064453,-153.294,0.049427072689349046,5.0,5.0,0.0,3.208102108257808,3.2,0.00810210825780766,82,82.0,scolv:djgossett,unknown,man_confirm,manual,aka2026sybrit,aka2026sybrit
matched,onsite,2026-09-24 10:16:46.00,2026-09-24 10:16:46.55,0.554,63.94989013671875,63.95,-145.81483459472656,-145.815,0.014644979070459757,18.183265686035156,18.2,0.01673431396484304,1.0528689282123427,1.1,0.04713107178765741,21,21.0,scolv:djgossett,unknown,man_confirm,manual,aka2026sycjyr,aka2026sycjyr
matched,onsite,2026-09-24 10:17:44.00,2026-09-24 10:17:44.55,0.552,61.43069458007812,61.431,-140.68991088867188,-140.69,0.0342901328648196,11.04484748840332,11.0,0.04484748840332031,1.7464006036912898,1.7,0.04640060369128984,25,25.0,scolv:djgossett,unknown,man_confirm,manual,aka2026syckuq,aka2026syckuq
matched,onsite,2026-09-24 10:28:58.00,2026-09-24 10:28:58.20,0.207,61.46095657348633,61.461,-150.12570190429688,-150.126,0.01655593759288677,29.04713249206543,29.0,0.04713249206542969,2.0070014379355574,2.0,0.0070014379355574086,90,90.0,scolv:djgossett,unknown,man_confirm,manual,aka2026sycuna,aka2026sycuna
matched,onsite,2026-09-24 10:41:04.00,2026-09-24 10:41:04.75,0.757,61.55105972290039,61.551,-151.96371459960938,-151.964,0.01651211479902081,1.1791983842849731,1.2,0.02080161571502681,1.2210137700941668,1.2,0.021013770094166828,14,14.0,scolv:djgossett,unknown,man_confirm,manual,aka2026sydfbi,aka2026sydfbi
matched,onsite,2026-09-24 10:49:32.00,2026-09-24 10:49:32.77,0.777,60.6701889038086,60.67,-150.9764862060547,-150.976,0.033801388845315306,63.27006530761719,63.3,0.029934692382809658,1.7201494291146806,1.7,0.02014942911468065,48,48.0,scolv:djgossett,unknown,man_confirm,manual,aka2026sydmju,aka2026sydmju
matched,onsite,2026-09-24 11:01:58.00,2026-09-24 11:01:58.50,0.501,59.77310943603516,59.773,-153.32119750976562,-153.321,0.01644139960272369,132.45358276367188,132.5,0.046417236328125,1.882978387717766,1.9,0.017021612282233978,62,62.0,scolv:djgossett,unknown,man_confirm,manual,aka2026sydxeb,aka2026sydxeb
matched,onsite,2026-09-24 11:26:20.00,2026-09-24 11:26:20.01,0.016,65.00179290771484,65.002,-146.66448974609375,-146.664,0.03255563571524438,8.853257179260254,8.9,0.04674282073974645,1.4506908926095523,1.5,0.04930910739044769,34,34.0,scolv:djgossett,unknown,man_confirm,manual,aka2026syesgp,aka2026syesgp
matched,onsite,2026-09-24 11:30:32.00,2026-09-24 11:30:32.50,0.502,61.790771484375,61.791,-150.876708984375,-150.877,0.02965847584805611,74.9738540649414,75.0,0.02614593505859375,2.2077934018140635,2.2,0.007793401814063294,106,106.0,scolv:djgossett,unknown,man_confirm,manual,aka2026syevxr,aka2026syevxr
matched,onsite,2026-09-24 11:34:12.00,2026-09-24 11:34:12.60,0.607,52.396240234375,52.396,-167.34011840820312,-167.34,0.027894856981024244,17.195213317871094,17.2,0.0047866821289055395,3.4503185393852136,3.5,0.0496814606147864,34,34.0,scolv:djgossett,unknown,man_confirm,manual,aka2026syezcx,aka2026syezcx
matched,onsite,2026-09-24 11:38:13.00,2026-09-24 11:38:13.03,0.037,62.75209045410156,62.752,-151.46058654785156,-151.461,0.023328382097477514,100.91786193847656,100.9,0.017861938476556816,2.3761283837707916,2.4,0.023871616229208303,106,106.0,scolv:djgossett,unknown,man_confirm,manual,aka2026syfcpg,aka2026syfcpg
matched,onsite,2026-09-24 12:38:19.00,2026-09-24 12:38:19.80,0.803,60.27659225463867,60.277,-150.95257568359375,-150.953,0.051018509361541106,68.72306823730469,68.7,0.023068237304684658,1.8965551286524285,1.9,0.003444871347571432,69,69.0,scolv:djgossett,unknown,man_confirm,manual,aka2026syhcrx,aka2026syhcrx
matched,onsite,2026-09-24 12:43:19.00,2026-09-24 12:43:19.78,0.789,62.22665405273438,62.227,-148.12100219726562,-148.121,0.03846774929498854,11.659659385681152,11.7,0.040340614318846946,1.6433055291673877,1.6,0.04330552916738761,36,36.0,scolv:djgossett,unknown,man_confirm,manual,aka2026syhham,aka2026syhham
matched,onsite,2026-09-24 12:44:29.00,2026-09-24 12:44:29.50,0.501,60.32597351074219,60.326,-153.49339294433594,-153.493,0.02183068501691314,6.873500347137451,6.9,0.026499652862549183,1.2320942649340272,1.2,0.03209426493402723,34,34.0,scolv:djgossett,unknown,man_confirm,manual,aka2026syhhzm,aka2026syhhzm
matched,onsite,2026-09-24 13:46:53.00,2026-09-24 13:46:53.07,0.076,60.6442642211914,60.644,-149.1258087158203,-149.126,0.031175526044735953,10.572366714477539,10.6,0.027633285522460582,1.676409488353079,1.7,0.023590511646921053,72,72.0,scolv:djgossett,unknown,man_confirm,manual,aka2026syjkdf,aka2026syjkdf
matched,onsite,2026-09-24 14:14:05.00,2026-09-24 14:14:05.18,0.188,61.10926818847656,61.1063,-139.978515625,-140.0197,2.2371240531984884,5.0,5.0,0.0,2.91044462362606,2.9,0.010444623626060245,62,26.0,scolv:djgossett,unknown,man_confirm,manual,aka2026sykhse,us6000txc4
matched,onsite,2026-09-24 14:32:07.00,2026-09-24 14:32:07.26,0.265,59.65899276733398,59.659,-151.6781463623047,-151.678,0.008260356430911988,65.11749267578125,65.1,0.017492675781255684,1.4904113154444418,1.5,0.009588684555558169,30,30.0,scolv:djgossett,unknown,man_confirm,manual,aka2026sykxja,aka2026sykxja
matched,onsite,2026-09-24 14:33:53.00,2026-09-24 14:33:53.16,0.161,61.44348526000977,61.443,-146.42437744140625,-146.424,0.057567572282794716,17.785888671875,17.8,0.01411132812500071,2.6986343913830617,2.7,0.001365608616938463,143,143.0,scolv:djgossett,unknown,man_confirm,manual,aka2026sykywt,aka2026sykywt
matched,onsite,2026-09-24 14:42:33.00,2026-09-24 14:42:33.10,0.103,63.38636779785156,63.386,-144.9756622314453,-144.976,0.04422295195313587,10.387588500976562,10.4,0.012411499023437855,1.2864386614644086,1.3,0.013561338535591494,27,27.0,scolv:djgossett,unknown,man_confirm,manual,aka2026sylgkh,aka2026sylgkh
matched,onsite,2026-09-24 15:02:45.00,2026-09-24 15:02:45.81,0.812,60.60611343383789,60.606,-150.3319091796875,-150.332,0.013552205627544328,59.71358871459961,59.7,0.013588714599606533,1.9616138730150006,2.0,0.038386126984999436,78,78.0,scolv:djgossett,unknown,man_confirm,manual,aka2026sylxxz,aka2026sylxxz
matched,onsite,2026-09-24 15:25:45.00,2026-09-24 15:25:45.46,0.468,61.44718551635742,61.447,-152.49566650390625,-152.496,0.02719734369845462,14.221458435058594,14.2,0.02145843505859446,0.528093871337031,0.5,0.028093871337031007,20,20.0,scolv:djgossett,unknown,man_confirm,manual,aka2026symrwh,aka2026symrwh
matched,onsite,2026-09-24 15:50:07.00,2026-09-24 15:50:07.69,0.691,61.15189743041992,61.152,-151.11630249023438,-151.116,0.01983555052892322,62.45993041992188,62.5,0.040069580078117895,1.6633972980226654,1.7,0.036602701977334506,34,34.0,scolv:djgossett,unknown,man_confirm,manual,aka2026synmzl,aka2026synmzl
matched,onsite,2026-09-24 16:16:51.00,2026-09-24 16:16:51.04,0.048,60.14425659179688,60.144,-152.76966857910156,-152.77,0.03392089874696378,103.87596130371094,103.9,0.024038696289068184,1.1473089372242817,1.1,0.047308937224281644,20,20.0,scolv:djgossett,unknown,man_confirm,manual,aka2026syoked,aka2026syoked
matched,onsite,2026-09-24 16:47:42.00,2026-09-24 16:47:42.72,0.726,61.52280044555664,61.523,-151.58555603027344,-151.586,0.03234870844097057,82.80587768554688,82.8,0.005877685546877842,1.4157819356376575,1.4,0.015781935637657618,31,31.0,scolv:djgossett,unknown,man_confirm,manual,aka2026sypkxs,aka2026sypkxs
matched,onsite,2026-09-24 16:52:48.00,2026-09-24 16:52:47.90,0.094,52.17905807495117,52.1563,-170.7821807861328,-170.808,3.0829640176045183,10.863834381103516,10.0,0.8638343811035156,3.695564508073944,3.5,0.19556450807394388,37,23.0,scolv:djgossett,unknown,man_confirm,manual,aka2026sypoor,us6000txfy
matched,onsite,2026-09-24 17:15:28.00,2026-09-24 17:15:28.70,0.704,59.8238410949707,59.824,-151.8844757080078,-151.884,0.03192450286610388,61.7973518371582,61.8,0.002648162841794033,1.6825020125344097,1.7,0.01749798746559028,40,40.0,scolv:djgossett,unknown,man_confirm,manual,aka2026syqizg,aka2026syqizg
matched,onsite,2026-09-24 17:22:11.00,2026-09-24 17:22:11.85,0.859,60.5783920288086,60.578,-141.27186584472656,-141.272,0.04420325390203066,14.342284202575684,14.3,0.04228420257568288,1.5592664723955616,1.6,0.04073352760443849,23,23.0,scolv:djgossett,unknown,man_confirm,manual,aka2026syqove,aka2026syqove
matched,onsite,2026-09-24 17:23:58.00,2026-09-24 17:23:58.69,0.693,63.2642707824707,63.264,-150.97157287597656,-150.972,0.036920435016536524,1.072433352470398,1.1,0.02756664752960214,1.7640386972974755,1.8,0.03596130270252451,18,18.0,scolv:djgossett,unknown,man_confirm,manual,aka2026syqqmr,aka2026syqqmr
matched,onsite,2026-09-24 17:52:17.00,2026-09-24 17:52:17.46,0.46,59.67370223999023,59.674,-153.5476531982422,-153.548,0.038410360615773735,137.2061004638672,137.2,0.006100463867198869,2.6868287093474215,2.7,0.013171290652578715,159,159.0,scolv:djgossett,unknown,man_confirm,manual,aka2026syrpcd,aka2026syrpcd
matched,onsite,2026-09-24 18:28:19.00,2026-09-24 18:28:19.93,0.934,64.90731811523438,64.907,-147.77117919921875,-147.771,0.03636816743546195,6.699353218078613,6.7,0.0006467819213868964,1.4893550145135734,1.5,0.010644985486426561,19,19.0,scolv:djgossett,unknown,man_confirm,manual,aka2026sysuef,aka2026sysuef
matched,onsite,2026-09-24 18:58:56.00,2026-09-24 18:58:56.41,0.416,58.98624420166016,58.986,-154.1347198486328,-154.135,0.03154301276686879,122.06574249267578,122.1,0.034257507324213066,2.0347516610340812,2.0,0.03475166103408123,44,44.0,scolv:djgossett,unknown,man_confirm,manual,aka2026sytusd,aka2026sytusd
matched,onsite,2026-09-24 19:45:12.00,2026-09-24 19:45:12.00,0.007,61.3936996459961,61.394,-150.07879638671875,-150.079,0.03511300630468407,30.83028221130371,30.8,0.030282211303710227,2.0055572569773457,2.0,0.005557256977345659,74,74.0,scolv:djgossett,unknown,man_confirm,manual,aka2026syviuq,aka2026syviuq
matched,onsite,2026-09-24 20:04:47.00,2026-09-24 20:04:47.74,0.749,62.5001106262207,62.5,-148.377197265625,-148.377,0.01593427371170729,30.003448486328125,30.0,0.003448486328125,2.2678566832968667,2.3,0.032143316703133085,89,89.0,scolv:djgossett,unknown,man_confirm,manual,aka2026syvzuj,aka2026syvzuj
matched,onsite,2026-09-18 07:41:18.00,2026-09-18 07:41:18.15,0.157,68.16738891601562,68.167,-145.0525665283203,-145.053,0.046813412697188465,5.0,5.0,0.0,1.6322833046732417,1.6,0.032283304673241586,23,23.0,scolv:abakken,unknown,man_confirm,manual,aka2026smvbte,aka2026smvbte
matched,onsite,2026-09-24 20:09:55.00,2026-09-24 20:09:55.42,0.426,60.00671005249023,60.007,-151.26577758789062,-151.266,0.03452977934420583,48.13130569458008,48.1,0.031305694580076704,2.0750031927953545,2.1,0.024996807204645588,69,69.0,scolv:djgossett,unknown,man_confirm,manual,aka2026sywdhx,aka2026sywdhx
matched,onsite,2026-09-18 10:56:05.00,2026-09-18 10:56:05.77,0.77,69.5130615234375,69.513,-144.2083282470703,-144.208,0.014491053604068976,0.8692743182182312,0.9,0.03072568178176882,1.3192959284591597,1.3,0.019295928459159617,14,14.0,scolv:abakken,unknown,man_confirm,manual,aka2026snboqn,aka2026snboqn
matched,onsite,2026-09-18 11:33:28.00,2026-09-18 11:33:28.40,0.4,66.91417694091797,66.914,-160.18655395507812,-160.187,0.02766447981497528,9.332934379577637,9.3,0.03293437957763601,2.020453211703369,2.0,0.02045321170336889,16,16.0,scolv:abakken,unknown,man_confirm,manual,aka2026sncvbd,aka2026sncvbd
matched,onsite,2026-09-24 20:18:27.00,2026-09-24 20:18:27.48,0.487,63.08150482177734,63.082,-149.9383087158203,-149.938,0.057212434886355835,84.92510986328125,84.9,0.025109863281244316,2.63084251850913,2.6,0.030842518509130112,139,139.0,scolv:djgossett,unknown,man_confirm,manual,aka2026sywlqq,aka2026sywlqq
matched,onsite,2026-09-18 18:01:55.00,2026-09-18 18:01:55.03,0.038,69.40221405029297,69.402,-143.93984985351562,-143.94,0.024515331077741686,5.0,5.0,0.0,1.4987066286489181,1.5,0.0012933713510818734,14,14.0,scolv:abakken,unknown,man_confirm,manual,aka2026snptwb,aka2026snptwb
matched,onsite,2026-09-24 20:30:18.00,2026-09-24 20:30:18.01,0.011,53.84188461303711,53.842,-167.41184997558594,-167.412,0.016170871304082485,16.758525848388672,16.8,0.041474151611328836,2.4436163406247626,2.4,0.04361634062476272,19,19.0,scolv:djgossett,unknown,man_confirm,manual,aka2026sywvxu,aka2026sywvxu
matched,onsite,2026-09-05 03:17:36.00,2026-09-05 03:17:36.57,0.579,67.17495727539062,67.175,-157.7215576171875,-157.722,0.01966447169316752,6.724145889282227,6.7,0.024145889282226385,1.9734860160812637,2.0,0.026513983918736272,17,17.0,scolv:odsimonds,unknown,man_confirm,manual,aka2026rolzsm,aka2026rolzsm
matched,onsite,2026-09-24 20:56:04.00,2026-09-24 20:56:04.07,0.075,61.15662002563477,61.157,-151.32614135742188,-151.326,0.04292625065324015,75.11383056640625,75.1,0.013830566406255684,1.7923747473565883,1.8,0.00762525264341174,34,34.0,scolv:djgossett,unknown,man_confirm,manual,aka2026syxshm,aka2026syxshm
matched,onsite,2026-09-24 20:57:28.00,2026-09-24 20:57:28.79,0.791,60.3198471069336,60.32,-152.67352294921875,-152.674,0.0312878377080421,114.39604949951172,114.4,0.003950500488286934,0.9734219142008693,1.0,0.02657808579913068,17,17.0,scolv:djgossett,unknown,man_confirm,manual,aka2026syxtmn,aka2026syxtmn
matched,onsite,2026-09-05 04:26:19.00,2026-09-05 04:26:19.57,0.57,68.50891876220703,68.509,-148.53643798828125,-148.536,0.019998658957690756,5.0,5.0,0.0,1.536809827299175,1.5,0.036809827299175035,15,15.0,scolv:odsimonds,unknown,man_confirm,manual,aka2026roohhp,aka2026roohhp
matched,onsite,2026-09-05 04:34:57.00,2026-09-05 04:34:57.88,0.884,69.6200180053711,69.62,-144.1652374267578,-144.165,0.009409356226209316,5.0,5.0,0.0,1.455907355249363,1.5,0.0440926447506369,10,10.0,scolv:odsimonds,unknown,man_confirm,manual,aka2026rooouj,aka2026rooouj
matched,onsite,2026-09-05 08:13:22.00,2026-09-05 08:13:22.15,0.152,65.28961944580078,65.29,-162.65013122558594,-162.65,0.04275306624051375,6.802663803100586,6.8,0.002663803100586115,2.400904022051032,2.4,0.0009040220510319052,12,12.0,scolv:odsimonds,unknown,man_confirm,manual,aka2026rovwdz,aka2026rovwdz
matched,onsite,2026-09-05 08:15:38.00,2026-09-05 08:15:38.59,0.592,65.32685852050781,65.327,-162.6455841064453,-162.646,0.024902970264612325,15.144566535949707,15.1,0.044566535949707387,1.9543990195510617,2.0,0.045600980448938344,12,12.0,scolv:odsimonds,unknown,man_confirm,manual,aka2026rovydg,aka2026rovydg
matched,onsite,2026-09-05 19:19:27.00,2026-09-05 19:19:27.43,0.438,64.52645111083984,64.526,-152.64593505859375,-152.646,0.05025729487789395,7.679735660552979,7.7,0.020264339447020774,1.6232115697951228,1.6,0.023211569795122733,21,21.0,scolv:odsimonds,unknown,man_confirm,manual,aka2026rpsbrz,aka2026rpsbrz
matched,onsite,2026-09-24 22:09:56.00,2026-09-24 22:09:56.42,0.42,58.84153366088867,58.842,-154.4395751953125,-154.44,0.05732550547950968,118.54791259765625,118.5,0.04791259765625,2.253938522856545,2.3,0.046061477143454876,53,53.0,scolv:djgossett,unknown,man_confirm,manual,aka2026szaebw,aka2026szaebw
matched,onsite,2026-09-24 23:11:58.00,2026-09-24 23:11:58.38,0.389,61.82051086425781,61.821,-146.85455322265625,-146.855,0.059233331449515696,34.49521255493164,34.5,0.004787445068359375,1.6496362216960923,1.6,0.049636221696092164,27,27.0,scolv:djgossett,unknown,man_confirm,manual,aka2026szcgcd,aka2026szcgcd
matched,onsite,2026-09-24 23:35:36.00,2026-09-24 23:35:36.10,0.1,61.30265808105469,61.303,-151.39706420898438,-151.397,0.038173911476068224,74.5314712524414,74.5,0.03147125244140625,1.377451589795083,1.4,0.022548410204916935,19,19.0,scolv:djgossett,unknown,man_confirm,manual,aka2026szdapb,aka2026szdapb
matched,onsite,2026-09-24 23:50:25.00,2026-09-24 23:50:25.97,0.979,59.29588317871094,59.296,-153.2060089111328,-153.206,0.012999783899080294,94.2751693725586,94.3,0.024830627441403408,1.9989309416447811,2.0,0.001069058355218866,37,37.0,scolv:djgossett,unknown,man_confirm,manual,aka2026szdnlo,aka2026szdnlo
matched,onsite,2026-09-25 00:18:28.00,2026-09-25 00:18:28.28,0.28,58.02932357788086,58.029,-154.8166961669922,-154.817,0.04018180152445578,86.17430877685547,86.2,0.025691223144534092,1.8788409415400216,1.9,0.02115905845997834,32,32.0,scolv:abakken,unknown,man_confirm,manual,aka2026szeltj,aka2026szeltj
matched,onsite,2026-09-25 00:32:25.00,2026-09-25 00:32:25.45,0.458,60.50058364868164,60.501,-139.9544677734375,-139.954,0.052908641177874714,8.150425910949707,8.2,0.04957408905029226,1.8211506496025618,1.8,0.021150649602561744,21,21.0,scolv:abakken,unknown,man_confirm,manual,aka2026szexwg,aka2026szexwg
matched,onsite,2026-09-25 00:48:50.00,2026-09-25 00:48:50.26,0.266,54.28792190551758,54.288,-159.8880615234375,-159.888,0.009557860128445301,18.510150909423828,18.5,0.010150909423828125,3.3059385600350937,3.3,0.005938560035093854,39,39.0,scolv:abakken,unknown,man_confirm,manual,aka2026szfmha,aka2026szfmha
matched,onsite,2026-09-25 01:14:32.00,2026-09-25 01:14:32.25,0.253,63.17950439453125,63.18,-150.6143798828125,-150.614,0.0583114181900989,119.6464080810547,119.6,0.046408081054707395,2.2812075926981503,2.3,0.0187924073018495,71,71.0,scolv:abakken,unknown,man_confirm,manual,aka2026szgijs,aka2026szgijs
matched,onsite,2026-09-25 02:03:15.00,2026-09-25 02:03:15.43,0.433,61.82148361206055,61.821,-150.64503479003906,-150.645,0.05380622736586845,66.28809356689453,66.3,0.011906433105465908,1.8489324528027729,1.8,0.04893245280277281,44,44.0,scolv:abakken,unknown,man_confirm,manual,aka2026szhypw,aka2026szhypw
matched,onsite,2026-09-25 02:09:46.00,2026-09-25 02:09:46.60,0.608,61.36698150634766,61.367,-147.3443145751953,-147.344,0.016887603696919568,19.38309669494629,19.4,0.016903305053709516,1.7051166867309775,1.7,0.005116686730977538,34,34.0,scolv:abakken,unknown,man_confirm,manual,aka2026szieff,aka2026szieff
matched,onsite,2026-09-25 02:32:43.00,2026-09-25 02:32:43.93,0.934,61.80426406860352,61.804,-150.93194580078125,-150.932,0.029500837497171712,78.83269500732422,78.8,0.03269500732422159,2.081575877991074,2.1,0.01842412200892607,65,65.0,scolv:abakken,unknown,man_confirm,manual,aka2026sziyem,aka2026sziyem
matched,onsite,2026-09-25 03:48:38.00,2026-09-25 03:48:38.35,0.351,60.48541259765625,60.485,-149.80299377441406,-149.803,0.04588003364561178,0.9388275742530823,0.9,0.03882757425308225,1.9328709046568628,1.9,0.03287090465686293,27,27.0,scolv:abakken,unknown,man_confirm,manual,aka2026szllzo,aka2026szllzo
matched,onsite,2026-09-25 03:57:13.00,2026-09-25 03:57:13.65,0.651,60.93850326538086,60.939,-152.29737854003906,-152.297,0.058897088928939724,110.7160873413086,110.7,0.016087341308590908,1.8513041760301008,1.9,0.04869582396989913,42,42.0,scolv:abakken,unknown,man_confirm,manual,aka2026szltlj,aka2026szltlj
matched,onsite,2026-09-25 04:08:00.00,2026-09-25 04:08:00.51,0.515,61.51287078857422,61.513,-149.86831665039062,-149.868,0.022101108864263346,42.97359085083008,43.0,0.026409149169921875,2.235277491874716,2.2,0.03527749187471585,65,65.0,scolv:abakken,unknown,man_confirm,manual,aka2026szmctx,aka2026szmctx
matched,onsite,2026-09-25 04:14:59.00,2026-09-25 04:14:59.18,0.189,64.33757019042969,64.338,-149.8091583251953,-149.809,0.0483969367713598,11.399845123291016,11.4,0.00015487670898473027,2.150254715332156,2.2,0.049745284667844114,43,43.0,scolv:abakken,unknown,man_confirm,manual,aka2026szmivm,aka2026szmivm
matched,onsite,2026-09-25 04:26:15.00,2026-09-25 04:26:14.01,0.987,53.30661773681641,53.3225,-164.1672821044922,-164.0639,7.091128327914666,14.884089469909668,10.0,4.884089469909668,3.094349294989995,2.6,0.4943492949899948,23,12.0,scolv:abakken,unknown,man_confirm,manual,aka2026szmsvi,us6000tyyb
matched,onsite,2026-09-25 04:35:12.00,2026-09-25 04:35:12.39,0.395,61.46389770507812,61.464,-146.5679168701172,-146.568,0.012201738476823997,17.432687759399414,17.4,0.032687759399415484,2.129087692082266,2.1,0.029087692082265804,82,82.0,scolv:abakken,unknown,man_confirm,manual,aka2026sznajc,aka2026sznajc
matched,onsite,2026-09-25 04:58:25.00,2026-09-25 04:58:25.69,0.693,64.57472229003906,64.575,-145.98236083984375,-145.982,0.0353598108158052,1.1754417419433594,1.2,0.02455825805664058,1.775673142020445,1.8,0.024326857979555028,50,50.0,scolv:abakken,unknown,man_confirm,manual,aka2026sznumy,aka2026sznumy
matched,onsite,2026-09-25 05:08:43.00,2026-09-25 05:08:43.09,0.096,61.20537567138672,61.205,-150.14332580566406,-150.143,0.045271046782500116,40.56977844238281,40.6,0.03022155761718892,2.065321096795161,2.1,0.03467890320483891,28,28.0,scolv:abakken,unknown,man_confirm,manual,aka2026szodju,aka2026szodju
matched,onsite,2026-09-25 05:10:44.00,2026-09-25 05:10:44.90,0.905,51.33370971679688,51.334,-178.2395782470703,-178.24,0.043593286250575944,13.593900680541992,13.6,0.006099319458007457,3.4988575202779475,3.5,0.001142479722052503,52,52.0,scolv:afozkos,unknown,man_confirm,manual,aka2026szoffz,aka2026szoffz
matched,onsite,2026-09-25 05:17:43.00,2026-09-25 05:17:43.93,0.93,53.0595588684082,53.06,-167.136474609375,-167.136,0.05841217222544183,46.52298736572266,46.5,0.022987365722663355,2.9160812541351153,2.9,0.016081254135115408,40,40.0,scolv:abakken,unknown,man_confirm,manual,aka2026szohri,aka2026szohri
matched,onsite,2026-09-25 05:21:28.00,2026-09-25 05:21:28.63,0.632,52.98568725585938,52.986,-167.00975036621094,-167.01,0.03858219813092853,25.98163604736328,26.0,0.01836395263671875,2.686900225173799,2.7,0.013099774826201394,20,20.0,scolv:abakken,unknown,man_confirm,manual,aka2026szoomo,aka2026szoomo
matched,onsite,2026-09-25 05:36:05.00,2026-09-25 05:36:05.31,0.316,64.83794403076172,64.838,-147.39202880859375,-147.392,0.006370789414980238,12.31160545349121,12.3,0.01160545349120845,1.5864169537981974,1.6,0.013583046201802729,42,42.0,scolv:abakken,unknown,man_confirm,manual,aka2026szpbdv,aka2026szpbdv
matched,onsite,2026-09-25 05:39:30.00,2026-09-25 05:39:30.94,0.949,66.33878326416016,66.339,-151.08673095703125,-151.087,0.02692497475637414,6.326906681060791,6.3,0.026906681060791193,1.8905508049454947,1.9,0.009449195054505255,32,32.0,scolv:abakken,unknown,man_confirm,manual,aka2026szpedj,aka2026szpedj
matched,onsite,2026-09-25 05:41:05.00,2026-09-25 05:41:05.22,0.221,60.39375305175781,60.394,-147.77581787109375,-147.776,0.0292253348167042,18.00727653503418,18.0,0.0072765350341796875,2.056941950918231,2.1,0.043058049081769134,46,46.0,scolv:abakken,unknown,man_confirm,manual,aka2026szpfmt,aka2026szpfmt
matched,onsite,2026-09-25 05:51:55.00,2026-09-25 05:51:55.76,0.765,61.54942321777344,61.549,-146.680419921875,-146.68,0.052052319277209096,35.10623550415039,35.1,0.006235504150389204,1.7127322886703462,1.7,0.012732288670346259,27,27.0,scolv:abakken,unknown,man_confirm,manual,aka2026szpowp,aka2026szpowp
matched,onsite,2026-09-25 06:07:24.00,2026-09-25 06:07:24.75,0.758,65.6551513671875,65.655,-145.07762145996094,-145.078,0.02417360969951965,4.634805202484131,4.6,0.034805202484131215,1.9261808565939706,1.9,0.026180856593970736,38,38.0,scolv:abakken,unknown,man_confirm,manual,aka2026szqcic,aka2026szqcic
matched,onsite,2026-09-25 06:24:01.00,2026-09-25 06:24:01.35,0.352,60.99878692626953,60.999,-150.74319458007812,-150.743,0.02591104104607865,59.85216522216797,59.9,0.04783477783202983,1.8568669482213942,1.9,0.04313305177860571,30,30.0,scolv:abakken,unknown,man_confirm,manual,aka2026szqqsn,aka2026szqqsn
matched,onsite,2026-09-25 07:04:17.00,2026-09-25 07:04:17.68,0.687,58.37051391601562,58.371,-154.82806396484375,-154.828,0.05417862225597446,109.26901245117188,109.3,0.030987548828122158,2.1049818341972526,2.1,0.00498183419725251,35,35.0,scolv:abakken,unknown,man_confirm,manual,aka2026szrzqd,aka2026szrzqd
matched,onsite,2026-09-25 07:38:55.00,2026-09-25 07:38:55.54,0.545,60.34461212158203,60.345,-143.4795379638672,-143.48,0.050063694968792295,0.7371020913124084,0.7,0.03710209131240849,1.89326894897221,1.9,0.006731051027789814,51,51.0,scolv:abakken,unknown,man_confirm,manual,aka2026sztdqy,aka2026sztdqy
matched,onsite,2026-09-25 07:59:34.00,2026-09-25 07:59:34.55,0.554,61.94036102294922,61.94,-149.92437744140625,-149.924,0.04473576550906872,42.605289459228516,42.6,0.005289459228514204,1.9304168272991444,1.9,0.030416827299144522,49,49.0,scolv:abakken,unknown,man_confirm,manual,aka2026sztvoe,aka2026sztvoe
matched,onsite,2026-09-25 08:04:57.00,2026-09-25 08:04:57.99,0.997,53.98624420166016,53.986,-163.35916137695312,-163.359,0.029131780589440714,33.849334716796875,33.8,0.04933471679687784,2.844021354574506,2.8,0.044021354574506066,35,35.0,scolv:abakken,unknown,man_confirm,manual,aka2026szuagl,aka2026szuagl
matched,onsite,2026-09-25 08:17:05.00,2026-09-25 08:17:05.46,0.465,60.45434951782227,60.454,-150.64614868164062,-150.646,0.039710479608671655,43.656925201416016,43.7,0.04307479858398722,2.0392969467766373,2.0,0.03929694677663731,21,21.0,scolv:abakken,unknown,man_confirm,manual,aka2026szukth,aka2026szukth
matched,onsite,2026-09-25 08:59:39.00,2026-09-25 08:59:39.88,0.882,62.08914184570312,62.089,-149.2475128173828,-149.248,0.029862976640893865,21.928882598876953,21.9,0.028882598876954546,1.7448360888342196,1.7,0.044836088834219634,21,21.0,scolv:abakken,unknown,man_confirm,manual,aka2026szvvri,aka2026szvvri
matched,onsite,2026-09-25 09:32:27.00,2026-09-25 09:32:29.78,2.781,54.51583099365234,54.4334,-159.75267028808594,-159.552,15.87827569505318,0.6892200112342834,35.0,34.31077998876572,3.1096238292740233,2.6,0.5096238292740232,29,28.0,scolv:abakken,unknown,man_confirm,manual,aka2026szwykp,us6000tyyt
matched,onsite,2026-09-25 09:40:04.00,2026-09-25 09:40:04.19,0.19,62.94450378417969,62.945,-151.30723571777344,-151.307,0.056449956444776704,111.32743835449219,111.3,0.027438354492190342,2.0962422211026945,2.1,0.0037577788973055526,37,37.0,scolv:abakken,unknown,man_confirm,manual,aka2026szxerq,aka2026szxerq
matched,onsite,2026-09-25 10:24:18.00,2026-09-25 10:24:18.52,0.527,64.7736587524414,64.774,-149.78915405273438,-149.789,0.03864093667249109,12.154145240783691,12.2,0.04585475921630788,1.7703296737974592,1.8,0.029670326202540842,31,31.0,scolv:abakken,unknown,man_confirm,manual,aka2026szyrbl,aka2026szyrbl
matched,onsite,2026-09-25 10:36:16.00,2026-09-25 10:36:16.67,0.672,52.31579971313477,52.316,-168.08941650390625,-168.089,0.03602133320517315,57.10307693481445,57.1,0.003076934814451704,3.166438559886596,3.2,0.03356144011340412,27,27.0,scolv:abakken,unknown,man_confirm,manual,aka2026szzbon,aka2026szzbon
matched,onsite,2026-09-25 10:54:47.00,2026-09-25 10:54:47.70,0.704,60.42934799194336,60.429,-150.9295196533203,-150.93,0.04681971931981535,59.6422004699707,59.6,0.042200469970701704,1.8722931936097218,1.9,0.027706806390278116,27,27.0,scolv:abakken,unknown,man_confirm,manual,aka2026szzrps,aka2026szzrps
matched,onsite,2026-09-25 11:26:51.00,2026-09-25 11:26:51.67,0.672,65.01881408691406,65.019,-145.50718688964844,-145.507,0.02245839131435699,5.341566562652588,5.3,0.04156656265258807,1.717081591164907,1.7,0.01708159116490715,44,44.0,scolv:abakken,unknown,man_confirm,manual,aka2026taathn,aka2026taathn
matched,onsite,2026-09-25 11:36:33.00,2026-09-25 11:36:33.80,0.801,64.89643096923828,64.896,-148.62403869628906,-148.624,0.04795635065217087,15.886823654174805,15.9,0.013176345825195668,1.7446966089779907,1.7,0.04469660897799077,34,34.0,scolv:abakken,unknown,man_confirm,manual,aka2026tabbrw,aka2026tabbrw
matched,onsite,2026-09-25 12:37:32.00,2026-09-25 12:37:32.90,0.903,52.12343215942383,52.123,-170.35752868652344,-170.358,0.05783171760000647,23.33603096008301,23.3,0.036030960083010655,3.7976946130629634,3.8,0.0023053869370364133,45,45.0,scolv:afozkos,unknown,man_confirm,manual,aka2026tadcql,aka2026tadcql
matched,onsite,2026-09-25 13:32:00.00,2026-09-25 13:32:00.94,0.944,61.35847473144531,61.358,-141.78402709960938,-141.784,0.05280748537714007,5.0,5.0,0.0,1.2994009441148329,1.3,0.0005990558851671768,17,17.0,scolv:abakken,unknown,man_confirm,manual,aka2026taexva,aka2026taexva
matched,onsite,2026-09-25 13:52:05.00,2026-09-25 13:52:07.86,2.869,53.25933456420898,53.3298,-164.8675994873047,-164.8342,8.143762774313164,19.55427360534668,35.0,15.44572639465332,2.958463440346958,2.8,0.15846344034695825,27,20.0,scolv:abakken,unknown,man_confirm,manual,aka2026tafpkc,us6000tyyy
matched,onsite,2026-09-25 13:52:21.00,2026-09-25 13:52:21.74,0.746,60.08996200561523,60.09,-141.06849670410156,-141.068,0.027862500298714746,4.368663311004639,4.4,0.03133668899536168,1.8531597271073452,1.9,0.04684027289265469,34,34.0,scolv:abakken,unknown,man_confirm,manual,aka2026tafpkh,aka2026tafpkh
matched,onsite,2026-09-25 13:53:17.00,2026-09-25 13:53:17.20,0.207,63.13592910766602,63.136,-149.86334228515625,-149.863,0.018919007980651187,90.69271087646484,90.7,0.007289123535159092,2.2296221362817685,2.2,0.029622136281768352,70,70.0,scolv:abakken,unknown,man_confirm,manual,aka2026tafqko,aka2026tafqko
matched,onsite,2026-09-25 14:06:31.00,2026-09-25 14:06:31.92,0.926,61.9454574584961,61.945,-147.90713500976562,-147.907,0.05135474413401922,20.816946029663086,20.8,0.016946029663085227,1.4932525615238628,1.5,0.006747438476137235,23,23.0,scolv:afozkos,unknown,man_confirm,manual,aka2026tagbtb,aka2026tagbtb
matched,onsite,2026-09-25 14:30:32.00,2026-09-25 14:30:31.50,0.496,51.86722183227539,51.7918,178.2852325439453,178.2366,9.027877748252193,113.23019409179688,124.123,10.89280590820313,3.1568389044316745,3.3,0.14316109556832535,35,21.0,scolv:abakken,unknown,man_confirm,manual,aka2026tagwsk,us6000tyyz
matched,onsite,2026-09-25 15:06:08.00,2026-09-25 15:06:08.93,0.932,60.27520370483398,60.275,-152.30972290039062,-152.31,0.02732168561618193,87.83692169189453,87.8,0.03692169189453409,1.7427566949849513,1.7,0.04275669498495138,34,34.0,scolv:abakken,unknown,man_confirm,manual,aka2026taibkt,aka2026taibkt
matched,onsite,2026-09-25 15:12:21.00,2026-09-25 15:12:22.58,1.585,51.39056015014648,51.4665,-175.8992156982422,-175.8631,8.807530529291823,24.52621078491211,35.0,10.47378921508789,2.9688772795759135,2.7,0.26887727957591334,28,24.0,scolv:abakken,unknown,man_confirm,manual,aka2026taigvb,us6000tyz1
matched,onsite,2026-09-25 15:55:47.00,2026-09-25 15:55:47.21,0.21,51.64603424072266,51.641,-177.861083984375,-177.8851,1.7491524369139855,77.14083862304688,77.433,0.29216137695313193,2.5071380706514286,2.5,0.007138070651428574,24,20.0,scolv:abakken,unknown,man_confirm,manual,aka2026tajsls,us6000tyz2
matched,onsite,2026-09-25 16:15:24.00,2026-09-25 16:15:24.81,0.812,63.52027893066406,63.52,-149.65846252441406,-149.658,0.03857260504979664,0.885341227054596,0.9,0.014658772945404075,1.988630929012036,2.0,0.011369070987963914,35,35.0,scolv:abakken,unknown,man_confirm,manual,aka2026takjmz,aka2026takjmz
matched,onsite,2026-09-25 16:59:29.00,2026-09-25 16:59:29.65,0.659,58.85503005981445,58.855,-152.59890747070312,-152.599,0.006284089642830063,58.2590560913086,58.3,0.0409439086913963,2.1759648167041323,2.2,0.024035183295867846,28,28.0,scolv:abakken,unknown,man_confirm,manual,aka2026talvsg,aka2026talvsg
matched,onsite,2026-09-25 17:07:23.00,2026-09-25 17:07:23.72,0.723,57.42574310302734,57.426,-155.34432983398438,-155.344,0.03472603623795864,68.44400787353516,68.4,0.044007873535150566,2.5396904641867195,2.5,0.03969046418671951,51,51.0,scolv:abakken,unknown,man_confirm,manual,aka2026tamcpb,aka2026tamcpb
matched,onsite,2026-09-25 17:09:13.00,2026-09-25 17:09:13.01,0.014,60.38247680664062,60.382,-152.78355407714844,-152.784,0.058407720065494675,112.6647720336914,112.7,0.03522796630859659,1.891925918648297,1.9,0.008074081351702844,58,58.0,scolv:abakken,unknown,man_confirm,manual,aka2026tamedp,aka2026tamedp
matched,onsite,2026-09-25 17:12:03.00,2026-09-25 17:12:03.56,0.563,61.24591827392578,61.246,-141.25267028808594,-141.253,0.019840018491994474,16.656368255615234,16.7,0.043631744384764914,1.4767663053889546,1.5,0.023233694611045408,20,20.0,scolv:abakken,unknown,man_confirm,manual,aka2026tamgpl,aka2026tamgpl
matched,onsite,2026-09-25 17:30:15.00,2026-09-25 17:30:15.23,0.233,60.56987762451172,60.57,-151.2662353515625,-151.266,0.018722054084186663,67.18931579589844,67.2,0.010684204101565342,1.9144280131978324,1.9,0.01442801319783249,23,23.0,scolv:abakken,unknown,man_confirm,manual,aka2026tamwkf,aka2026tamwkf
matched,onsite,2026-09-25 17:46:38.00,2026-09-25 17:46:38.10,0.1,61.2652359008789,61.265,-141.27232360839844,-141.272,0.03142185870889983,5.875285625457764,5.9,0.024714374542236683,1.7268707698055588,1.7,0.026870769805558803,31,31.0,scolv:abakken,unknown,man_confirm,manual,aka2026tankot,aka2026tankot
matched,onsite,2026-09-25 17:47:54.00,2026-09-25 17:47:54.40,0.404,61.23297500610352,61.233,-141.2484893798828,-141.248,0.02633497711062467,11.555792808532715,11.6,0.0442071914672848,1.4984483659370198,1.5,0.0015516340629802006,21,21.0,scolv:abakken,unknown,man_confirm,manual,aka2026tanlrk,aka2026tanlrk
matched,onsite,2026-09-25 18:19:31.00,2026-09-25 18:19:31.70,0.707,65.1249008178711,65.125,-150.032470703125,-150.032,0.024624060631262448,1.7363920211791992,1.7,0.03639202117919926,1.7143466236921567,1.7,0.014346623692156779,32,32.0,scolv:abakken,unknown,man_confirm,manual,aka2026taoncq,aka2026taoncq
matched,onsite,2026-09-25 18:37:58.00,2026-09-25 18:38:00.75,2.754,54.53322982788086,54.595,-161.32861328125,-161.2887,7.334717316059872,16.020296096801758,35.0,18.979703903198242,2.874609334718649,2.6,0.2746093347186491,32,28.0,scolv:abakken,unknown,man_confirm,manual,aka2026tapdcd,us6000tz5f
matched,onsite,2026-09-25 20:20:42.00,2026-09-25 20:20:42.29,0.291,64.99738311767578,64.997,-147.69833374023438,-147.698,0.045396538905881814,1.378844976425171,1.4,0.021155023574829013,1.871609765592076,1.9,0.028390234407923876,45,45.0,scolv:abakken,unknown,man_confirm,manual,aka2026tasodo,aka2026tasodo
matched,onsite,2026-09-25 20:31:53.00,2026-09-25 20:31:53.05,0.055,56.35684585571289,56.357,-156.28536987304688,-156.285,0.028512578546422643,8.98995590209961,9.0,0.010044097900390625,2.919591770381257,2.9,0.019591770381257145,42,42.0,scolv:abakken,unknown,man_confirm,manual,aka2026tasxwj,aka2026tasxwj
matched,onsite,2026-09-25 20:44:47.00,2026-09-25 20:44:47.69,0.695,59.96807861328125,59.968,-151.4899444580078,-151.49,0.009271794760280882,71.09268951416016,71.1,0.007310485839838066,2.2766335087860163,2.3,0.023366491213983487,74,74.0,scolv:abakken,unknown,man_confirm,manual,aka2026tatjbm,aka2026tatjbm
matched,onsite,2026-09-25 20:47:24.00,2026-09-25 20:47:24.59,0.598,53.65213775634766,53.652,-166.9151611328125,-166.915,0.018638777217217267,78.75643157958984,78.8,0.04356842041015341,2.138942663050763,2.1,0.03894266305076277,25,25.0,scolv:abakken,unknown,man_confirm,manual,aka2026tatlio,aka2026tatlio
matched,onsite,2026-09-25 20:51:34.00,2026-09-25 20:51:34.47,0.475,61.56841659545898,61.568,-151.0620880126953,-151.062,0.04655705352960143,17.48610496520996,17.5,0.013895034790039062,1.7645076361634255,1.8,0.0354923638365745,47,47.0,scolv:abakken,unknown,man_confirm,manual,aka2026tatoya,aka2026tatoya
matched,onsite,2026-09-25 20:58:51.00,2026-09-25 20:58:51.00,0.006,64.68587493896484,64.686,-150.56216430664062,-150.562,0.015950141504681808,6.714014530181885,6.7,0.014014530181884588,1.7824911829031973,1.8,0.017508817096802742,38,38.0,scolv:abakken,unknown,man_confirm,manual,aka2026tatvgi,aka2026tatvgi
matched,onsite,2026-09-25 21:21:58.00,2026-09-25 21:21:58.35,0.355,52.27909851074219,52.279,-167.59921264648438,-167.599,0.0181457479576755,19.707721710205078,19.7,0.0077217102050788355,3.3077792878700354,3.3,0.007779287870035567,39,39.0,scolv:abakken,unknown,man_confirm,manual,aka2026taupfj,aka2026taupfj
matched,onsite,2026-09-25 21:45:34.00,2026-09-25 21:45:34.10,0.106,54.5375862121582,54.538,-162.12229919433594,-162.122,0.04989558135443538,40.046051025390625,40.0,0.046051025390625,2.644748908990809,2.6,0.04474890899080908,24,24.0,scolv:abakken,unknown,man_confirm,manual,aka2026tavjsz,aka2026tavjsz
matched,onsite,2026-09-25 21:55:16.00,2026-09-25 21:55:16.48,0.487,64.92448425292969,64.924,-147.76800537109375,-147.768,0.053847063915633694,0.0,0.0,0.0,1.525630491544904,1.5,0.025630491544903933,28,28.0,scolv:abakken,unknown,man_confirm,manual,aka2026tavsed,aka2026tavsed
matched,onsite,2026-09-25 22:21:11.00,2026-09-25 22:21:11.36,0.366,61.9317512512207,61.932,-149.32012939453125,-149.32,0.028476036553687453,3.433570146560669,3.4,0.033570146560669034,2.0990253298167527,2.1,0.0009746701832473725,48,48.0,scolv:abakken,unknown,man_confirm,manual,aka2026tawoqs,aka2026tawoqs
matched,onsite,2026-09-25 22:23:50.00,2026-09-25 22:23:50.19,0.199,63.29544448852539,63.295,-149.3113250732422,-149.311,0.05202581284814403,83.06539154052734,83.1,0.034608459472650566,2.526694512661478,2.5,0.026694512661478154,91,91.0,scolv:abakken,unknown,man_confirm,manual,aka2026tawqyh,aka2026tawqyh
matched,onsite,2026-09-25 22:26:12.00,2026-09-25 22:26:12.81,0.816,55.83687210083008,55.837,-161.5541534423828,-161.554,0.01714808387684919,176.18807983398438,176.2,0.011920166015613631,2.681491541489908,2.7,0.018508458510092307,30,30.0,scolv:abakken,unknown,man_confirm,manual,aka2026tawtcn,aka2026tawtcn
matched,onsite,2026-09-25 22:33:17.00,2026-09-25 22:33:17.09,0.098,60.56536483764648,60.565,-139.83966064453125,-139.84,0.044605510380749336,5.192062854766846,5.2,0.007937145233154475,1.8853442092889594,1.9,0.014655790711040506,28,28.0,scolv:abakken,unknown,man_confirm,manual,aka2026tawzcx,aka2026tawzcx
matched,onsite,2026-09-25 22:33:56.00,2026-09-25 22:33:56.98,0.984,64.9955062866211,64.996,-147.33822631835938,-147.338,0.0559194430843835,0.0,0.0,0.0,1.3419146584781676,1.3,0.041914658478167555,17,17.0,scolv:abakken,unknown,man_confirm,manual,aka2026tawzrb,aka2026tawzrb
matched,onsite,2026-09-25 22:36:32.00,2026-09-25 22:36:32.58,0.587,63.72050857543945,63.721,-149.5450897216797,-149.545,0.05482215392256266,125.4758529663086,125.5,0.02414703369140625,2.404768010836819,2.4,0.004768010836818881,42,42.0,scolv:abakken,unknown,man_confirm,manual,aka2026taxceu,aka2026taxceu
matched,onsite,2026-09-25 22:44:16.00,2026-09-25 22:44:16.04,0.047,61.64520645141602,61.645,-150.4840545654297,-150.484,0.0231364998164457,59.84725189208984,59.8,0.04725189208983949,1.9467668504216078,1.9,0.046766850421607886,45,45.0,scolv:abakken,unknown,man_confirm,manual,aka2026taxecs,aka2026taxecs
matched,onsite,2026-09-25 23:03:30.00,2026-09-25 23:03:30.38,0.384,61.3437271118164,61.344,-146.35885620117188,-146.359,0.03129762961682235,25.985578536987305,26.0,0.014421463012695312,1.7808886162865083,1.8,0.019111383713491747,36,36.0,scolv:abakken,unknown,man_confirm,manual,aka2026taxzil,aka2026taxzil
matched,onsite,2026-09-25 23:11:02.00,2026-09-25 23:11:02.72,0.728,56.24714660644531,56.247,-158.77273559570312,-158.773,0.023077953498958137,93.92444610595703,93.9,0.024446105957025566,2.3618411586619463,2.4,0.038158841338053584,28,28.0,scolv:abakken,unknown,man_confirm,manual,aka2026tayfwa,aka2026tayfwa
matched,onsite,2026-09-25 23:19:48.00,2026-09-25 23:19:48.53,0.538,61.30252838134766,61.303,-150.12844848632812,-150.128,0.05765023168069196,40.926448822021484,40.9,0.026448822021485796,2.0075071104344024,2.0,0.007507110434402442,65,65.0,scolv:abakken,unknown,man_confirm,manual,aka2026taynlo,aka2026taynlo
matched,onsite,2026-09-25 23:41:04.00,2026-09-25 23:41:04.68,0.687,62.72522354125977,62.725,-149.10836791992188,-149.108,0.031134116082232575,75.61091613769531,75.6,0.010916137695318184,1.9834258632847517,2.0,0.016574136715248322,50,50.0,scolv:abakken,unknown,man_confirm,manual,aka2026tazfxf,aka2026tazfxf
matched,onsite,2026-09-26 00:28:43.00,2026-09-26 00:28:43.58,0.581,62.98238372802734,62.982,-151.6118927001953,-151.612,0.043011465362561896,7.757500648498535,7.8,0.042499351501464666,2.0489594379563463,2.0,0.048959437956346274,37,37.0,scolv:abakken,unknown,man_confirm,manual,aka2026tbavfp,aka2026tbavfp
matched,onsite,2026-09-20 01:20:02.00,2026-09-20 01:20:02.40,0.403,67.5524673461914,67.552,-157.12063598632812,-157.121,0.05421618446469234,3.508817672729492,3.5,0.008817672729492188,1.6263682697738435,1.6,0.026368269773843434,12,12.0,scolv:abakken,unknown,man_confirm,manual,aka2026sqakhr,aka2026sqakhr
matched,onsite,2026-09-20 04:23:46.00,2026-09-20 04:23:46.31,0.311,67.65816497802734,67.658,-157.15316772460938,-157.153,0.019666980787604996,14.326594352722168,14.3,0.026594352722167258,1.6633928121232102,1.7,0.03660718787678974,10,10.0,scolv:abakken,unknown,man_confirm,manual,aka2026sqgnpr,aka2026sqgnpr
matched,onsite,2026-09-20 07:12:32.00,2026-09-20 07:12:32.74,0.744,68.77322387695312,68.773,-142.7045440673828,-142.705,0.03092957255831412,5.0,5.0,0.0,1.6718970785701512,1.7,0.028102921429848715,11,11.0,scolv:abakken,unknown,man_confirm,manual,aka2026sqmdyl,aka2026sqmdyl
matched,onsite,2026-09-26 02:16:50.00,2026-09-26 02:16:50.72,0.724,60.56133270263672,60.561,-147.70388793945312,-147.704,0.03749834072037493,15.094083786010742,15.1,0.005916213989257457,2.071109343940216,2.1,0.028890656059783915,50,50.0,scolv:abakken,unknown,man_confirm,manual,aka2026tbekyx,aka2026tbekyx
matched,onsite,2026-09-26 03:01:50.00,2026-09-26 03:01:50.80,0.806,63.8968276977539,63.897,-149.17637634277344,-149.176,0.026572291156940646,5.214361190795898,5.2,0.01436119079589826,1.7213952127160186,1.7,0.02139521271601863,30,30.0,scolv:abakken,unknown,man_confirm,manual,aka2026tbfxzm,aka2026tbfxzm
matched,onsite,2026-09-26 03:08:11.00,2026-09-26 03:08:11.58,0.585,59.70814895629883,59.708,-153.03765869140625,-153.038,0.025313979819959132,102.1893539428711,102.2,0.010646057128909092,1.8909405070578957,1.9,0.009059492942104175,26,26.0,scolv:abakken,unknown,man_confirm,manual,aka2026tbgdmi,aka2026tbgdmi
matched,onsite,2026-09-26 03:16:12.00,2026-09-26 03:16:12.16,0.165,62.10856246948242,62.109,-148.53921508789062,-148.539,0.049921038154049004,32.73617172241211,32.7,0.03617172241210653,1.8094297662922274,1.8,0.00942976629222736,42,42.0,scolv:abakken,unknown,man_confirm,manual,aka2026tbgkkl,aka2026tbgkkl
matched,onsite,2026-09-26 03:23:30.00,2026-09-26 03:23:30.48,0.489,62.16924285888672,62.169,-149.41937255859375,-149.419,0.03321611392929419,54.68072509765625,54.7,0.019274902343752842,1.6817681124600037,1.7,0.018231887539996272,26,26.0,scolv:abakken,unknown,man_confirm,manual,aka2026tbgqum,aka2026tbgqum
matched,onsite,2026-09-26 03:30:18.00,2026-09-26 03:30:18.60,0.601,60.00905990600586,60.009,-153.0423126220703,-153.042,0.018609304393993283,131.95550537109375,132.0,0.04449462890625,2.2099736552768965,2.2,0.00997365527689631,56,56.0,scolv:abakken,unknown,man_confirm,manual,aka2026tbgwra,aka2026tbgwra
matched,onsite,2026-09-26 03:35:20.00,2026-09-26 03:35:20.35,0.355,61.32989501953125,61.33,-141.91806030273438,-141.918,0.012108463606739993,10.41097640991211,10.4,0.01097640991210902,1.4154002609320486,1.4,0.015400260932048715,19,19.0,scolv:abakken,unknown,man_confirm,manual,aka2026tbhbao,aka2026tbhbao
matched,onsite,2026-09-26 04:12:31.00,2026-09-26 04:12:31.81,0.812,60.56825637817383,60.568,-139.89364624023438,-139.894,0.034443124034392016,6.012686729431152,6.0,0.012686729431152344,1.89537880949353,1.9,0.004621190506469919,26,26.0,scolv:abakken,unknown,man_confirm,manual,aka2026tbihhl,aka2026tbihhl
matched,onsite,2026-09-26 04:22:42.00,2026-09-26 04:22:42.98,0.986,64.90581512451172,64.906,-148.888427734375,-148.888,0.028800693359197823,16.823144912719727,16.8,0.023144912719725852,1.6015745950495792,1.6,0.0015745950495791305,26,26.0,scolv:abakken,unknown,man_confirm,manual,aka2026tbiqck,aka2026tbiqck
matched,onsite,2026-09-26 04:31:34.00,2026-09-26 04:31:34.92,0.92,60.2504768371582,60.25,-150.92759704589844,-150.928,0.05749477587457136,66.07691955566406,66.1,0.023080444335931816,2.0404136933977055,2.0,0.04041369339770551,41,41.0,scolv:abakken,unknown,man_confirm,manual,aka2026tbixdw,aka2026tbixdw
matched,onsite,2026-09-26 05:27:03.00,2026-09-26 05:27:03.92,0.921,61.12178039550781,61.122,-140.06846618652344,-140.068,0.034971795941966484,1.336698055267334,1.3,0.03669805526733394,1.565875506908417,1.6,0.03412449309158316,18,18.0,scolv:abakken,unknown,man_confirm,manual,aka2026tbktxx,aka2026tbktxx
matched,onsite,2026-09-26 05:32:01.00,2026-09-26 05:32:01.18,0.183,54.15373229980469,54.154,-162.4067840576172,-162.407,0.032921033103019644,7.346865177154541,7.3,0.04686517715454119,2.921365298521227,2.9,0.02136529852122715,30,30.0,scolv:abakken,unknown,man_confirm,manual,aka2026tbkydj,aka2026tbkydj
matched,onsite,2026-09-26 05:49:00.00,2026-09-26 05:49:00.45,0.458,60.0976333618164,60.098,-152.89004516601562,-152.89,0.0408451125157224,107.82562255859375,107.8,0.025622558593752842,1.7830961471942028,1.8,0.016903852805797204,34,34.0,scolv:abakken,unknown,man_confirm,manual,aka2026tblmxv,aka2026tblmxv
matched,onsite,2026-09-26 05:55:46.00,2026-09-26 05:55:46.94,0.94,60.85971069335938,60.86,-152.3113250732422,-152.311,0.03666992123488245,111.12287139892578,111.1,0.022871398925786934,2.457914541473934,2.5,0.042085458526066155,110,110.0,scolv:abakken,unknown,man_confirm,manual,aka2026tblsvb,aka2026tblsvb
matched,onsite,2026-09-26 06:04:48.00,2026-09-26 06:04:48.76,0.765,53.75386810302734,53.754,-163.11410522460938,-163.114,0.016215962756790357,11.864815711975098,11.9,0.0351842880249027,3.484999374839071,3.5,0.015000625160928927,62,62.0,scolv:afozkos,unknown,man_confirm,manual,aka2026tbmaoo,aka2026tbmaoo
matched,onsite,2026-09-26 07:26:38.00,2026-09-26 07:26:38.39,0.396,61.45101928710938,61.451,-151.12954711914062,-151.13,0.024161985482033906,17.695655822753906,17.7,0.0043441772460930395,1.7617517643470166,1.8,0.03824823565298341,43,43.0,scolv:abakken,unknown,man_confirm,manual,aka2026tbotor,aka2026tbotor
matched,onsite,2026-09-26 07:46:18.00,2026-09-26 07:46:18.01,0.013,61.59882736206055,61.599,-151.31370544433594,-151.314,0.024722468330529657,11.243826866149902,11.2,0.043826866149903054,1.964134078776184,2.0,0.03586592122381593,30,30.0,scolv:abakken,unknown,man_confirm,manual,aka2026tbpkpz,aka2026tbpkpz
matched,onsite,2026-09-26 08:07:30.00,2026-09-26 08:07:30.03,0.032,60.30212020874023,60.302,-152.07534790039062,-152.075,0.023366259502678444,85.56033325195312,85.6,0.039666748046869316,1.6757487187963316,1.7,0.024251281203668373,25,25.0,scolv:abakken,unknown,man_confirm,manual,aka2026tbqczs,aka2026tbqczs
matched,onsite,2026-09-26 08:15:08.00,2026-09-26 08:15:08.69,0.699,60.17058563232422,60.171,-152.44442749023438,-152.444,0.05178826455442152,101.9145278930664,101.9,0.014527893066400566,1.9577144045066628,2.0,0.042285595493337214,57,57.0,scolv:abakken,unknown,man_confirm,manual,aka2026tbqjqd,aka2026tbqjqd
matched,onsite,2026-09-26 08:38:36.00,2026-09-26 08:38:36.74,0.749,58.62987899780273,58.63,-151.06304931640625,-151.063,0.01375432247830019,0.5680054426193237,0.6,0.03199455738067625,2.410427581349772,2.4,0.010427581349772286,34,34.0,scolv:abakken,unknown,man_confirm,manual,aka2026tbreai,aka2026tbreai
matched,onsite,2026-09-26 08:58:02.00,2026-09-26 08:58:02.29,0.292,61.12897491455078,61.129,-151.6492156982422,-151.649,0.011911880453925744,85.80473327636719,85.8,0.004733276367190342,1.854886679356031,1.9,0.04511332064396889,42,42.0,scolv:abakken,unknown,man_confirm,manual,aka2026tbruvi,aka2026tbruvi
matched,onsite,2026-09-26 09:02:14.00,2026-09-26 09:02:14.84,0.841,61.2429313659668,61.243,-152.0792694091797,-152.079,0.01630810962567766,113.24703979492188,113.2,0.04703979492187216,2.1289268335102585,2.1,0.028926833510258376,53,53.0,scolv:abakken,unknown,man_confirm,manual,aka2026tbrymd,aka2026tbrymd
matched,onsite,2026-09-26 09:30:23.00,2026-09-26 09:30:23.80,0.808,58.38030242919922,58.38,-155.19540405273438,-155.195,0.04105764771496581,35.07755661010742,35.1,0.022443389892579546,1.2809573629038842,1.3,0.019042637096115866,23,23.0,scolv:abakken,unknown,man_confirm,manual,aka2026tbswwq,aka2026tbswwq
matched,onsite,2026-09-26 09:42:30.00,2026-09-26 09:42:30.86,0.862,61.90752029418945,61.908,-151.0184326171875,-151.018,0.05795143474893195,65.57624816894531,65.6,0.023751831054681816,1.6436113353958641,1.6,0.04361133539586404,23,23.0,scolv:abakken,unknown,man_confirm,manual,aka2026tbthkx,aka2026tbthkx
matched,onsite,2026-09-26 09:43:46.00,2026-09-26 09:43:46.07,0.077,60.26636123657227,60.266,-152.67124938964844,-152.671,0.04245711547731111,116.8109130859375,116.8,0.010913085937502842,2.34095645222966,2.3,0.04095645222966038,80,80.0,scolv:abakken,unknown,man_confirm,manual,aka2026tbtimd,aka2026tbtimd
matched,onsite,2026-09-26 09:52:30.00,2026-09-26 09:52:30.71,0.713,60.46638870239258,60.466,-139.58970642089844,-139.59,0.046120067497144396,5.0,5.0,0.0,2.4719923627719464,2.5,0.02800763722805355,38,38.0,scolv:abakken,unknown,man_confirm,manual,aka2026tbtqeh,aka2026tbtqeh
matched,onsite,2026-09-26 10:09:13.00,2026-09-26 10:09:13.76,0.76,59.49111557006836,59.491,-152.5126495361328,-152.513,0.023591233996128336,73.75395965576172,73.8,0.04604034423827841,2.135031862476733,2.1,0.035031862476732734,47,47.0,scolv:abakken,unknown,man_confirm,manual,aka2026tbudiv,aka2026tbudiv
matched,onsite,2026-09-26 10:47:13.00,2026-09-26 10:47:13.70,0.7,62.9139404296875,62.914,-151.2444305419922,-151.244,0.02278259581404561,114.44725036621094,114.4,0.047250366210931816,2.599392504272758,2.6,0.0006074957272419468,99,99.0,scolv:abakken,unknown,man_confirm,manual,aka2026tbvlmd,aka2026tbvlmd
matched,onsite,2026-09-26 11:02:22.00,2026-09-26 11:02:22.42,0.424,60.16594696044922,60.166,-153.0307159423828,-153.031,0.016783913108522796,134.32565307617188,134.3,0.02565307617186363,1.973918128999092,2.0,0.026081871000908086,53,53.0,scolv:abakken,unknown,man_confirm,manual,aka2026tbvygw,aka2026tbvygw
matched,onsite,2026-09-26 11:26:07.00,2026-09-26 11:26:07.09,0.098,64.42457580566406,64.425,-146.7098846435547,-146.71,0.04749217996282933,0.0,0.0,0.0,1.571669273330783,1.6,0.028330726669216988,45,45.0,scolv:abakken,unknown,man_confirm,manual,aka2026tbwtfi,aka2026tbwtfi
matched,onsite,2026-09-26 11:48:20.00,2026-09-26 11:48:20.63,0.631,59.57076644897461,59.571,-152.03713989257812,-152.037,0.027138406429350555,55.63091659545898,55.6,0.03091659545897585,1.8986010530050754,1.9,0.0013989469949244882,29,29.0,scolv:abakken,unknown,man_confirm,manual,aka2026tbxmml,aka2026tbxmml
matched,onsite,2026-09-26 11:50:58.00,2026-09-26 11:50:58.26,0.266,60.54451751708984,60.545,-139.96340942382812,-139.963,0.058133164274134536,0.0,0.0,0.0,2.1828536461447947,2.2,0.017146353855205465,29,29.0,scolv:abakken,unknown,man_confirm,manual,aka2026tbxouj,aka2026tbxouj
matched,onsite,2026-09-26 11:54:15.00,2026-09-26 11:54:15.79,0.794,51.43768692016602,51.438,-179.6501922607422,-179.65,0.037276445945636554,69.5976333618164,69.6,0.0023666381835880657,2.9260256649156937,2.9,0.026025664915693802,32,32.0,scolv:abakken,unknown,man_confirm,manual,aka2026tbxrqc,aka2026tbxrqc
matched,onsite,2026-09-26 12:43:22.00,2026-09-26 12:43:22.54,0.54,51.3491325378418,51.349,-177.51809692382812,-177.518,0.016202020549976597,36.04173278808594,36.0,0.0417327880859375,2.668058726531345,2.7,0.03194127346865505,27,27.0,scolv:abakken,unknown,man_confirm,manual,aka2026tbzhob,aka2026tbzhob
matched,onsite,2026-09-26 13:09:31.00,2026-09-26 13:09:31.59,0.591,62.3687629699707,62.369,-148.51629638671875,-148.516,0.03046777087577378,27.806684494018555,27.8,0.006684494018553977,1.8303482772183368,1.8,0.030348277218336772,27,27.0,scolv:abakken,unknown,man_confirm,manual,aka2026tcaewn,aka2026tcaewn
matched,onsite,2026-09-26 13:12:50.00,2026-09-26 13:12:50.20,0.206,61.52607727050781,61.526,-149.8875274658203,-149.888,0.02648309677965106,35.143272399902344,35.1,0.04327239990234233,2.300063299027434,2.3,6.329902743429372e-05,88,88.0,scolv:abakken,unknown,man_confirm,manual,aka2026tcahsv,aka2026tcahsv
matched,onsite,2026-09-26 13:13:56.00,2026-09-26 13:13:56.53,0.537,58.80085754394531,58.801,-153.523193359375,-153.523,0.01936398064084115,1.087726354598999,1.1,0.012273645401001065,2.0331971520145555,2.0,0.03319715201455553,22,22.0,scolv:abakken,unknown,man_confirm,manual,aka2026tcaisc,aka2026tcaisc
matched,onsite,2026-09-26 13:19:38.00,2026-09-26 13:19:38.84,0.843,60.24681091308594,60.247,-143.46267700195312,-143.463,0.02756365474697566,5.0,5.0,0.0,2.03002395615012,2.0,0.03002395615011988,23,23.0,scolv:abakken,unknown,man_confirm,manual,aka2026tcanql,aka2026tcanql
matched,onsite,2026-09-26 13:25:39.00,2026-09-26 13:25:39.45,0.454,62.30611801147461,62.306,-148.52566528320312,-148.526,0.02171160081620178,27.82457733154297,27.8,0.02457733154296804,2.017436253908299,2.0,0.017436253908298838,37,37.0,scolv:abakken,unknown,man_confirm,manual,aka2026tcasvt,aka2026tcasvt
matched,onsite,2026-09-26 13:32:09.00,2026-09-26 13:32:09.42,0.427,61.57734298706055,61.577,-148.25173950195312,-148.252,0.04055395894905968,11.798537254333496,11.8,0.0014627456665046168,2.061435348033207,2.1,0.03856465196679304,55,55.0,scolv:abakken,unknown,man_confirm,manual,aka2026tcaymx,aka2026tcaymx
matched,onsite,2026-09-26 13:55:20.00,2026-09-26 13:55:20.13,0.138,58.08439254760742,58.084,-154.93753051757812,-154.938,0.0516426008961305,96.88184356689453,96.9,0.018156433105474434,1.6941471968086768,1.7,0.005852803191323197,25,25.0,scolv:abakken,unknown,man_confirm,manual,aka2026tcbsph,aka2026tcbsph
matched,onsite,2026-09-26 13:59:54.00,2026-09-26 13:59:54.34,0.349,59.17340087890625,59.173,-151.7217559814453,-151.722,0.04669397844881377,47.64157485961914,47.6,0.041574859619139204,2.118637260013043,2.1,0.01863726001304311,28,28.0,scolv:abakken,unknown,man_confirm,manual,aka2026tcbwoq,aka2026tcbwoq
matched,onsite,2026-09-26 14:15:22.00,2026-09-26 14:15:22.67,0.679,57.70621490478516,57.706,-154.89842224121094,-154.898,0.03464463549782861,76.65901947021484,76.7,0.04098052978515909,2.0364379542040707,2.0,0.0364379542040707,33,33.0,scolv:abakken,unknown,man_confirm,manual,aka2026tccjzs,aka2026tccjzs
matched,onsite,2026-09-26 14:22:36.00,2026-09-26 14:22:36.50,0.503,61.65970611572266,61.66,-149.78781127929688,-149.788,0.034163044673235214,58.3655891418457,58.4,0.034410858154295454,2.2623238462129343,2.3,0.03767615378706557,79,79.0,scolv:abakken,unknown,man_confirm,manual,aka2026tccqgl,aka2026tccqgl
matched,onsite,2026-09-26 15:05:17.00,2026-09-26 15:05:17.63,0.635,61.65846633911133,61.658,-141.5150146484375,-141.515,0.05186030834953165,0.0,0.0,0.0,1.8937197979606313,1.9,0.006280202039368632,18,18.0,scolv:abakken,unknown,man_confirm,manual,aka2026tcebgi,aka2026tcebgi
matched,onsite,2026-09-26 15:12:11.00,2026-09-26 15:12:11.95,0.959,51.12320709228516,51.123,-179.2129669189453,-179.213,0.023143062106884365,20.050012588500977,20.1,0.04998741149902486,2.978534740144404,3.0,0.02146525985559622,50,50.0,scolv:abakken,unknown,man_confirm,manual,aka2026tcedzx,aka2026tcedzx
matched,onsite,2026-09-26 15:32:57.00,2026-09-26 15:32:57.94,0.941,61.71708679199219,61.717,-149.6537628173828,-149.654,0.01578923667241915,26.82866668701172,26.8,0.02866668701171804,1.9302084526660295,1.9,0.03020845266602956,41,41.0,scolv:abakken,unknown,man_confirm,manual,aka2026tcezgi,aka2026tcezgi
matched,onsite,2026-09-26 15:42:17.00,2026-09-26 15:42:17.32,0.32,59.89326858520508,59.893,-152.97869873046875,-152.979,0.03426817838660351,123.29076385498047,123.3,0.009236145019528408,2.4352407144251424,2.4,0.03524071442514254,101,101.0,scolv:abakken,unknown,man_confirm,manual,aka2026tcfgwi,aka2026tcfgwi
matched,onsite,2026-09-26 15:46:04.00,2026-09-26 15:46:04.31,0.318,65.25191497802734,65.252,-148.93527221679688,-148.935,0.015809677480036734,0.7612832188606262,0.8,0.038716781139373824,1.274141739910533,1.3,0.02585826008946701,25,25.0,scolv:abakken,unknown,man_confirm,manual,aka2026tcfkpt,aka2026tcfkpt
matched,onsite,2026-09-26 16:06:30.00,2026-09-26 16:06:30.20,0.207,63.3544921875,63.354,-145.10272216796875,-145.103,0.05645524604151563,7.078509330749512,7.1,0.021490669250487926,1.742983187146572,1.7,0.04298318714657201,35,35.0,scolv:abakken,unknown,man_confirm,manual,aka2026tcgcii,aka2026tcgcii
matched,onsite,2026-09-26 16:24:41.00,2026-09-26 16:24:41.98,0.986,61.10216903686523,61.102,-140.0209503173828,-140.021,0.0189846902566324,2.860041379928589,2.9,0.039958620071411044,2.2543188965211995,2.3,0.04568110347880028,28,28.0,scolv:abakken,unknown,man_confirm,manual,aka2026tcgsdj,aka2026tcgsdj
matched,onsite,2026-09-26 16:27:59.00,2026-09-26 16:27:59.18,0.18,61.81060028076172,61.811,-151.75872802734375,-151.759,0.04668617692038315,86.06448364257812,86.1,0.035516357421869316,1.9159750992492304,1.9,0.015975099249230462,33,33.0,scolv:abakken,unknown,man_confirm,manual,aka2026tcguzq,aka2026tcguzq
matched,onsite,2026-09-26 16:33:52.00,2026-09-26 16:33:52.06,0.063,58.88703155517578,58.887,-153.57972717285156,-153.58,0.01606384379952877,15.351587295532227,15.4,0.04841270446777379,1.9196428730838646,1.9,0.019642873083864698,26,26.0,scolv:abakken,unknown,man_confirm,manual,aka2026tchabp,aka2026tchabp
matched,onsite,2026-09-26 16:41:08.00,2026-09-26 16:41:08.68,0.68,59.85810852050781,59.858,-153.32687377929688,-153.327,0.013974263919723473,142.8176727294922,142.8,0.01767272949217613,2.014827322182684,2.0,0.01482732218268401,43,43.0,scolv:abakken,unknown,man_confirm,manual,aka2026tchgjl,aka2026tchgjl
matched,onsite,2026-09-26 16:43:38.00,2026-09-26 16:43:38.36,0.365,51.26704406738281,51.267,-176.64312744140625,-176.643,0.010130491360988833,11.733037948608398,11.7,0.03303794860839915,3.273636308931835,3.3,0.02636369106816483,50,50.0,scolv:abakken,unknown,man_confirm,manual,aka2026tchimz,aka2026tchimz
matched,onsite,2026-09-26 17:02:00.00,2026-09-26 17:01:57.59,2.406,51.08927154541016,50.9448,179.7394256591797,179.5818,19.484455129409895,5.655645847320557,10.0,4.344354152679443,4.520292529439804,4.4,0.12029252943980406,141,103.0,scolv:afozkos,unknown,man_confirm,manual,aka2026tchyll,us6000txu2
matched,onsite,2026-09-26 17:06:07.00,2026-09-26 17:06:07.99,0.999,60.20885848999023,60.209,-143.48817443847656,-143.488,0.01845178829540252,10.227775573730469,10.2,0.02777557373046946,1.941180040973182,1.9,0.041180040973182175,23,23.0,scolv:abakken,unknown,man_confirm,manual,aka2026tcibyo,aka2026tcibyo
matched,onsite,2026-09-26 17:13:39.00,2026-09-26 17:13:39.47,0.471,64.99054718017578,64.991,-147.40528869628906,-147.405,0.05214818087739124,0.0,0.0,0.0,1.4938560611632963,1.5,0.006143938836703722,16,16.0,scolv:abakken,unknown,man_confirm,manual,aka2026tciimr,aka2026tciimr
matched,onsite,2026-09-26 17:15:21.00,2026-09-26 17:15:21.86,0.868,58.84284591674805,58.843,-153.54434204101562,-153.544,0.0260915189868101,12.487035751342773,12.5,0.012964248657226562,2.0400347422812417,2.0,0.04003474228124171,23,23.0,scolv:abakken,unknown,man_confirm,manual,aka2026tcikas,aka2026tcikas
matched,onsite,2026-09-26 17:24:20.00,2026-09-26 17:24:20.24,0.241,61.66177368164062,61.662,-149.93283081054688,-149.933,0.026702915563904132,29.95166015625,30.0,0.04833984375,2.288153580513097,2.3,0.011846419486902793,64,64.0,scolv:abakken,unknown,man_confirm,manual,aka2026tcirfg,aka2026tcirfg
matched,onsite,2026-09-26 17:37:11.00,2026-09-26 17:37:11.80,0.809,63.31624221801758,63.316,-150.5718231201172,-150.572,0.02834464379648743,127.6469955444336,127.6,0.046995544433599434,1.9788655462805627,2.0,0.02113445371943734,32,32.0,scolv:abakken,unknown,man_confirm,manual,aka2026tcjcze,aka2026tcjcze
matched,onsite,2026-09-26 19:12:20.00,2026-09-26 19:12:20.61,0.616,51.70468902587891,51.705,178.6114959716797,178.611,0.048618388661519144,99.28999328613281,99.3,0.010006713867184658,3.27645001738307,3.3,0.023549982616929643,39,39.0,scolv:abakken,unknown,man_confirm,manual,aka2026tcmhkm,aka2026tcmhkm
matched,onsite,2026-09-26 19:22:30.00,2026-09-26 19:22:30.33,0.337,61.3438835144043,61.344,-151.62742614746094,-151.627,0.02615601882999613,80.15921020507812,80.2,0.04078979492187784,1.5469668752424803,1.5,0.04696687524248033,37,37.0,scolv:abakken,unknown,man_confirm,manual,aka2026tcmqgy,aka2026tcmqgy
matched,onsite,2026-09-26 19:32:10.00,2026-09-26 19:32:10.49,0.493,61.67753219604492,61.678,-150.77040100097656,-150.77,0.05615447254616197,68.65904235839844,68.7,0.04095764160156534,1.7292573363919053,1.7,0.02925733639190531,33,33.0,scolv:abakken,unknown,man_confirm,manual,aka2026tcmypx,aka2026tcmypx
matched,onsite,2026-09-26 20:46:58.00,2026-09-26 20:46:58.28,0.28,58.35615921020508,58.356,-156.29930114746094,-156.299,0.024940867375734213,171.77157592773438,171.8,0.02842407226563637,1.8515019631101097,1.9,0.048498036889890184,27,27.0,scolv:abakken,unknown,man_confirm,manual,aka2026tcplnl,aka2026tcplnl
matched,onsite,2026-09-26 21:14:55.00,2026-09-26 21:14:55.68,0.684,60.72069549560547,60.721,-151.0147705078125,-151.015,0.036086134859640184,54.18197631835938,54.2,0.018023681640620737,2.375229674788107,2.4,0.024770325211892708,92,92.0,scolv:abakken,unknown,man_confirm,manual,aka2026tcqjtm,aka2026tcqjtm
matched,onsite,2026-09-26 21:31:20.00,2026-09-26 21:31:20.66,0.667,52.24446868896484,52.2872,-169.39317321777344,-169.4239,5.191247466718047,15.42904281616211,35.0,19.57095718383789,4.364375707875287,4.0,0.36437570787528717,79,71.0,scolv:afozkos,unknown,man_confirm,manual,aka2026tcqxxq,us6000txwq
matched,onsite,2026-09-26 21:48:54.00,2026-09-26 21:48:54.62,0.626,61.76118469238281,61.761,-148.267822265625,-148.268,0.02256550902029909,27.391820907592773,27.4,0.008179092407225141,2.2367709945161725,2.2,0.03677099451617227,78,78.0,scolv:abakken,unknown,man_confirm,manual,aka2026tcrnff,aka2026tcrnff
matched,onsite,2026-09-26 22:00:12.00,2026-09-26 22:00:12.87,0.873,57.56982421875,57.57,-155.814208984375,-155.814,0.023180661397847274,92.78307342529297,92.8,0.016926574707028408,2.131113612831937,2.1,0.0311136128319367,46,46.0,scolv:abakken,unknown,man_confirm,manual,aka2026tcrxav,aka2026tcrxav
matched,onsite,2026-09-26 22:08:29.00,2026-09-26 22:08:29.07,0.077,51.07898330688477,51.079,179.33599853515625,179.336,0.0018590083225849157,29.10147285461426,29.1,0.0014728546142599441,2.9334701446988976,2.9,0.03347014469889764,16,16.0,scolv:abakken,unknown,man_confirm,manual,aka2026tcseem,aka2026tcseem
matched,onsite,2026-09-26 22:16:43.00,2026-09-26 22:16:43.31,0.312,61.78696823120117,61.787,-149.68292236328125,-149.683,0.005397657092650369,46.4949836730957,46.5,0.005016326904296875,1.8936998486767882,1.9,0.006300151323211711,43,43.0,scolv:abakken,unknown,man_confirm,manual,aka2026tcsldf,aka2026tcsldf
matched,onsite,2026-09-20 07:20:44.00,2026-09-20 07:20:44.78,0.786,67.21063232421875,67.211,-153.4636688232422,-153.464,0.04330051783590542,4.130018711090088,4.1,0.030018711090088246,1.8427575868700654,1.8,0.04275758687006537,17,17.0,scolv:abakken,unknown,man_confirm,manual,aka2026sqmlbi,aka2026sqmlbi
matched,onsite,2026-09-20 07:27:01.00,2026-09-20 07:27:01.05,0.058,67.22149658203125,67.221,-153.43698120117188,-153.437,0.05522333334644402,4.35293436050415,4.4,0.047065639495849965,2.0085500189377052,2.0,0.00855001893770524,28,28.0,scolv:abakken,unknown,man_confirm,manual,aka2026sqmqmr,aka2026sqmqmr
matched,onsite,2026-09-20 13:50:32.00,2026-09-20 13:50:32.37,0.377,65.68763732910156,65.688,-154.8754119873047,-154.875,0.04451973561754612,6.645092010498047,6.6,0.04509201049804723,1.6491614717570284,1.6,0.04916147175702834,19,19.0,scolv:abakken,unknown,man_confirm,manual,aka2026sqzlaq,aka2026sqzlaq
matched,onsite,2026-09-20 21:38:05.00,2026-09-20 21:38:05.63,0.636,69.4234619140625,69.423,-144.06568908691406,-144.066,0.052780173702521055,5.0,5.0,0.0,1.553798242881395,1.6,0.04620175711860508,9,9.0,scolv:abakken,unknown,man_confirm,manual,aka2026srpala,aka2026srpala
matched,onsite,2026-09-27 00:33:05.00,2026-09-27 00:33:05.25,0.254,61.30659866333008,61.307,-150.28213500976562,-150.282,0.04520492401958971,53.28659439086914,53.3,0.013405609130856533,2.1382708051914556,2.1,0.03827080519145554,63,63.0,scolv:djgossett,unknown,man_confirm,manual,aka2026tcwzoh,aka2026tcwzoh
matched,onsite,2026-09-20 22:06:30.00,2026-09-20 22:06:30.10,0.102,69.55985260009766,69.56,-144.5832061767578,-144.583,0.018241088022313917,5.0,5.0,0.0,1.2469784574659373,1.2,0.04697845746593732,9,9.0,scolv:abakken,unknown,man_confirm,manual,aka2026srpzbk,aka2026srpzbk
matched,onsite,2026-09-27 01:14:56.00,2026-09-27 01:14:56.72,0.723,51.28885650634766,51.289,-176.12139892578125,-176.121,0.032002796035018335,16.10011863708496,16.1,0.00011863708495951641,2.572255583794388,2.6,0.027744416205611966,21,21.0,scolv:djgossett,unknown,man_confirm,manual,aka2026tcyjwg,aka2026tcyjwg
matched,onsite,2026-09-27 01:30:49.00,2026-09-27 01:30:49.16,0.166,59.21738815307617,59.217,-153.57461547851562,-153.575,0.04839088255583165,106.01618957519531,106.0,0.0161895751953125,2.342619339787018,2.3,0.04261933978701826,83,83.0,scolv:djgossett,unknown,man_confirm,manual,aka2026tcyxpz,aka2026tcyxpz
matched,onsite,2026-09-27 01:39:30.00,2026-09-27 01:39:30.41,0.418,51.2408332824707,51.241,-176.89837646484375,-176.898,0.03210088416704403,25.97242546081543,26.0,0.027574539184570312,2.919718936423096,2.9,0.01971893642309608,40,40.0,scolv:djgossett,unknown,man_confirm,manual,aka2026tczfdw,aka2026tczfdw
matched,onsite,2026-09-27 02:01:42.00,2026-09-27 02:01:42.23,0.236,57.6479721069336,57.648,-155.51995849609375,-155.52,0.003964667842342066,86.00273132324219,86.0,0.0027313232421875,2.5975752160525105,2.6,0.0024247839474895727,74,74.0,scolv:djgossett,unknown,man_confirm,manual,aka2026tczykx,aka2026tczykx
matched,onsite,2026-09-27 02:14:17.00,2026-09-27 02:14:17.48,0.48,61.90070343017578,61.901,-150.9151611328125,-150.915,0.03403971882408182,74.8560791015625,74.9,0.043920898437505684,1.5469254145692093,1.5,0.04692541456920929,21,21.0,scolv:djgossett,unknown,man_confirm,manual,aka2026tdajij,aka2026tdajij
matched,onsite,2026-09-27 02:17:42.00,2026-09-27 02:17:42.07,0.072,65.26382446289062,65.264,-148.97756958007812,-148.978,0.02796523322675463,12.564435005187988,12.6,0.035564994812011363,1.7289377147341816,1.7,0.028937714734181608,22,22.0,scolv:djgossett,unknown,man_confirm,manual,aka2026tdamgz,aka2026tdamgz
matched,onsite,2026-09-27 02:35:16.00,2026-09-27 02:35:16.19,0.198,69.08153533935547,69.082,-144.6243896484375,-144.624,0.05393394080204781,10.0,10.0,0.0,2.755418105805006,2.8,0.04458189419499403,42,42.0,scolv:djgossett,unknown,man_confirm,manual,aka2026tdbbzi,aka2026tdbbzi
matched,onsite,2026-09-27 02:41:49.00,2026-09-27 02:41:49.22,0.224,61.78274917602539,61.783,-146.50796508789062,-146.508,0.027950685716890147,5.636850357055664,5.6,0.03685035705566442,2.312810302829473,2.3,0.012810302829473041,78,78.0,scolv:djgossett,unknown,man_confirm,manual,aka2026tdbhfa,aka2026tdbhfa
matched,onsite,2026-09-27 03:10:38.00,2026-09-27 03:10:38.92,0.921,61.37191390991211,61.372,-147.19955444335938,-147.2,0.025594987822913192,17.30193519592285,17.3,0.001935195922850852,1.964212587539637,2.0,0.03578741246036299,20,20.0,scolv:djgossett,unknown,man_confirm,manual,aka2026tdcgei,aka2026tdcgei
matched,onsite,2026-09-27 03:17:40.00,2026-09-27 03:17:40.96,0.967,54.55547332763672,54.555,-163.29087829589844,-163.291,0.053213523741320524,89.52467346191406,89.5,0.0246734619140625,2.4598593878141606,2.5,0.04014061218583942,18,18.0,scolv:djgossett,unknown,man_confirm,manual,aka2026tdcmgf,aka2026tdcmgf
matched,onsite,2026-09-27 03:19:30.00,2026-09-27 03:19:30.37,0.376,62.70131301879883,62.701,-149.4308319091797,-149.431,0.03584616577139398,10.0,10.0,0.0,2.196253659527233,2.2,0.00374634047276734,63,63.0,scolv:djgossett,unknown,man_confirm,manual,aka2026tdcnwn,aka2026tdcnwn
matched,onsite,2026-09-27 03:19:48.00,2026-09-27 03:19:48.19,0.197,57.44236755371094,57.442,-152.52908325195312,-152.529,0.04117260842202427,26.201440811157227,26.2,0.001440811157227273,2.364770515655595,2.4,0.03522948434440476,15,15.0,scolv:djgossett,unknown,man_confirm,manual,aka2026tdcodg,aka2026tdcodg
matched,onsite,2026-09-27 03:32:30.00,2026-09-27 03:32:30.42,0.421,61.17904663085938,61.179,-151.43194580078125,-151.432,0.005943587307437621,94.65594482421875,94.7,0.04405517578125284,2.0002709579466953,2.0,0.00027095794669529383,41,41.0,scolv:djgossett,unknown,man_confirm,manual,aka2026tdczdt,aka2026tdczdt
matched,onsite,2026-09-27 03:38:12.00,2026-09-27 03:38:12.81,0.815,61.29652786254883,61.297,-150.4132537841797,-150.413,0.05422048611664942,50.13893890380859,50.1,0.038938903808585223,2.8939536370365584,2.9,0.006046362963441521,149,149.0,scolv:djgossett,unknown,man_confirm,manual,aka2026tddduk,aka2026tddduk
root_only,onsite,2026-09-27 04:15:59.00,,,53.70510101318359,,-178.56600952148438,,,0.0,,,3.721838132579634,,,54,,scolv:djgossett,,,,aka2026tdekvj,
matched,onsite,2026-09-27 04:58:58.00,2026-09-27 04:58:58.77,0.773,64.73027038574219,64.73,-147.93649291992188,-147.936,0.038096964986172814,6.887326717376709,6.9,0.012673282623291371,2.103684705474693,2.1,0.0036847054746931285,43,43.0,scolv:djgossett,unknown,man_confirm,manual,aka2026tdfwcu,aka2026tdfwcu
matched,onsite,2026-09-27 04:59:17.00,2026-09-27 04:59:17.63,0.639,60.39675903320312,60.397,-152.39852905273438,-152.399,0.037244110085137457,90.40452575683594,90.4,0.004525756835931816,2.0318822577976294,2.0,0.03188225779762943,45,45.0,scolv:djgossett,unknown,man_confirm,manual,aka2026tdfwkt,aka2026tdfwkt
matched,onsite,2026-09-27 05:01:47.00,2026-09-27 05:01:47.10,0.1,61.06741714477539,61.067,-150.1511688232422,-150.151,0.047265088630334816,49.84299468994141,49.8,0.0429946899414162,2.0424627618062687,2.0,0.042462761806268734,61,61.0,scolv:djgossett,unknown,man_confirm,manual,aka2026tdfynt,aka2026tdfynt
matched,onsite,2026-09-27 05:11:49.00,2026-09-27 05:11:49.91,0.915,54.56098175048828,54.561,-160.2431640625,-160.243,0.010770786791406785,4.717703342437744,4.7,0.017703342437743963,3.1045576626813434,3.1,0.0045576626813432775,43,43.0,scolv:djgossett,unknown,man_confirm,manual,aka2026tdghkg,aka2026tdghkg
matched,onsite,2026-09-27 05:20:09.00,2026-09-27 05:20:09.85,0.855,61.3646469116211,61.365,-150.1554412841797,-150.155,0.045765042767825316,39.50559616088867,39.5,0.005596160888671875,1.9655166597541287,2.0,0.0344833402458713,34,34.0,scolv:djgossett,unknown,man_confirm,manual,aka2026tdgocq,aka2026tdgocq
matched,onsite,2026-09-27 05:27:22.00,2026-09-27 05:27:21.46,0.537,56.20953750610352,56.1117,-149.83047485351562,-149.7401,12.233945297706878,5.0,10.0,5.0,3.601103623548507,3.5,0.10110362354850722,89,29.0,scolv:djgossett,unknown,man_confirm,manual,aka2026tdguku,us6000txwz
matched,onsite,2026-09-27 05:28:20.00,2026-09-27 05:28:20.69,0.692,51.53933715820312,51.539,-175.8421173095703,-175.842,0.03835812728641306,71.93779754638672,71.9,0.037797546386713066,2.535590881091654,2.5,0.03559088109165387,30,30.0,scolv:djgossett,unknown,man_confirm,manual,aka2026tdgvon,aka2026tdgvon
root_only,onsite,2026-09-27 05:33:33.00,,,51.95345687866211,,-175.64601135253906,,,162.76126098632812,,,2.586201157711096,,,30,,scolv:djgossett,,,,aka2026tdhacj,
matched,onsite,2026-09-27 05:56:27.00,2026-09-27 05:56:27.75,0.754,59.71047973632812,59.71,-152.0556640625,-152.056,0.05657365217727146,86.04057312011719,86.0,0.0405731201171875,1.7920666931278533,1.8,0.007933306872146773,20,20.0,scolv:djgossett,unknown,man_confirm,manual,aka2026tdhtsn,aka2026tdhtsn
matched,onsite,2026-09-27 06:09:17.00,2026-09-27 06:09:17.55,0.55,51.86050033569336,51.861,177.8040008544922,177.804,0.0555601669098976,95.12220001220703,95.1,0.022200012207036934,2.68452024791629,2.7,0.015479752083709997,18,18.0,scolv:djgossett,unknown,man_confirm,manual,aka2026tdifbt,aka2026tdifbt
matched,onsite,2026-09-27 06:41:39.00,2026-09-27 06:41:39.94,0.949,61.85650634765625,61.857,-149.43385314941406,-149.434,0.05542935297620954,24.101476669311523,24.1,0.0014766693115220164,2.888245901550879,2.9,0.01175409844912112,159,159.0,scolv:djgossett,unknown,man_confirm,manual,aka2026tdjhdl,aka2026tdjhdl
matched,onsite,2026-09-27 06:52:04.00,2026-09-27 06:52:04.31,0.312,57.85852813720703,57.859,-155.6439666748047,-155.644,0.05250577134038767,12.272029876708984,12.3,0.027970123291016336,1.7460426431839668,1.7,0.04604264318396689,39,39.0,scolv:djgossett,unknown,man_confirm,manual,aka2026tdjqeh,aka2026tdjqeh
matched,onsite,2026-09-27 07:03:48.00,2026-09-27 07:03:48.56,0.563,60.66767501831055,60.668,-151.16111755371094,-151.161,0.036699257769482754,61.01028823852539,61.0,0.010288238525390625,1.9641789523493032,2.0,0.035821047650696825,50,50.0,scolv:djgossett,unknown,man_confirm,manual,aka2026tdkaiu,aka2026tdkaiu
matched,onsite,2026-09-27 07:48:12.00,2026-09-27 07:48:11.74,0.251,50.910400390625,50.9044,179.34765625,179.3215,1.9515896616515496,33.08470916748047,46.522,13.43729083251953,4.968730954111273,4.6,0.36873095411127377,82,64.0,scolv:djgossett,unknown,man_confirm,manual,aka2026tdlmve,us6000txxm
matched,onsite,2026-09-27 08:08:24.00,2026-09-27 08:08:24.02,0.022,60.62108612060547,60.621,-141.71435546875,-141.714,0.021626670430358735,16.90509605407715,16.9,0.005096054077149859,1.8403835898232737,1.8,0.04038358982327361,24,24.0,scolv:djgossett,unknown,man_confirm,manual,aka2026tdmeiy,aka2026tdmeiy
matched,onsite,2026-09-27 08:10:54.00,2026-09-27 08:10:54.62,0.625,51.41022872924805,51.41,-178.67466735839844,-178.675,0.034338538230354355,63.56513977050781,63.6,0.03486022949218892,2.6237360948325525,2.6,0.023736094832552457,41,41.0,scolv:djgossett,unknown,man_confirm,manual,aka2026tdmgnl,aka2026tdmgnl
matched,onsite,2026-09-27 08:11:55.00,2026-09-27 08:11:55.62,0.628,64.16780853271484,64.168,-147.9434356689453,-147.943,0.029980917124924056,2.8770453929901123,2.9,0.022954607009887606,1.5821803371730168,1.6,0.01781966282698333,29,29.0,scolv:djgossett,unknown,man_confirm,manual,aka2026tdmhko,aka2026tdmhko
matched,onsite,2026-09-27 08:43:28.00,2026-09-27 08:43:28.66,0.666,61.67166900634766,61.672,-149.22003173828125,-149.22,0.036842894137718116,12.828191757202148,12.8,0.028191757202147727,1.5278575441530355,1.5,0.02785754415303554,21,21.0,scolv:djgossett,unknown,man_confirm,manual,aka2026tdnitz,aka2026tdnitz
matched,onsite,2026-09-27 09:23:15.00,2026-09-27 09:23:15.13,0.138,52.35342407226562,52.353,-165.3753204345703,-165.375,0.051934477831837376,19.93501091003418,19.9,0.03501091003418111,3.017422544344656,3.0,0.017422544344655844,19,19.0,scolv:djgossett,unknown,man_confirm,manual,aka2026tdoria,aka2026tdoria
matched,onsite,2026-09-27 09:29:09.00,2026-09-27 09:29:09.94,0.946,51.47945785522461,51.479,-176.34120178222656,-176.341,0.05279408914851517,35.838539123535156,35.8,0.03853912353515909,2.4647536699277666,2.5,0.035246330072233434,31,31.0,scolv:djgossett,unknown,man_confirm,manual,aka2026tdowji,aka2026tdowji
matched,onsite,2026-09-27 09:33:14.00,2026-09-27 09:33:14.67,0.671,67.40056610107422,67.401,-146.262939453125,-146.263,0.04831667621208669,2.134080171585083,2.1,0.03408017158508292,2.394996941060034,2.4,0.00500305893996611,48,48.0,scolv:djgossett,unknown,man_confirm,manual,aka2026tdozyq,aka2026tdozyq
matched,onsite,2026-09-27 09:38:23.00,2026-09-27 09:38:23.52,0.521,60.94466781616211,60.945,-151.95449829101562,-151.954,0.04569936445851944,89.73100280761719,89.7,0.031002807617184658,2.168320420791149,2.2,0.031679579208851116,55,55.0,scolv:djgossett,unknown,man_confirm,manual,aka2026tdpejr,aka2026tdpejr
matched,onsite,2026-09-27 09:44:05.00,2026-09-27 09:44:05.11,0.116,58.25395584106445,58.254,-155.13681030273438,-155.137,0.012136087644632256,3.8171775341033936,3.8,0.017177534103393732,1.7983159681799537,1.8,0.0016840318200463944,38,38.0,scolv:djgossett,unknown,man_confirm,manual,aka2026tdpjia,aka2026tdpjia
matched,onsite,2026-09-27 09:59:48.00,2026-09-27 09:59:48.40,0.409,58.25540542602539,58.255,-155.1320343017578,-155.132,0.04512596066171845,1.7113837003707886,1.7,0.011383700370788619,1.3918552753611129,1.4,0.008144724638887046,36,36.0,scolv:djgossett,unknown,man_confirm,manual,aka2026tdpwyn,aka2026tdpwyn
matched,onsite,2026-09-27 10:06:32.00,2026-09-27 10:06:32.27,0.275,55.56392288208008,55.564,-158.9569854736328,-158.957,0.008623631368819412,49.29378509521484,49.3,0.006214904785160513,2.3128929479253464,2.3,0.012892947925346565,15,15.0,scolv:djgossett,unknown,man_confirm,manual,aka2026tdqcug,aka2026tdqcug
matched,onsite,2026-09-27 10:30:26.00,2026-09-27 10:30:26.42,0.42,51.09827041625977,51.2307,179.6939239501953,179.7625,15.482414927837526,20.860383987426758,18.012,2.8483839874267574,4.552042705744852,4.4,0.15204270574485168,166,71.0,scolv:djgossett,unknown,man_confirm,manual,aka2026tdqxmf,us6000txye
matched,onsite,2026-09-27 10:43:38.00,2026-09-27 10:43:38.29,0.295,51.01050186157227,51.011,179.7731475830078,179.773,0.05634456965704506,4.1333088874816895,4.1,0.03330888748168981,2.874046954631981,2.9,0.025953045368019012,34,34.0,scolv:djgossett,unknown,man_confirm,manual,aka2026tdrgdb,aka2026tdrgdb
matched,onsite,2026-09-27 11:13:51.00,2026-09-27 11:13:51.64,0.646,63.59418106079102,63.594,-150.6237335205078,-150.624,0.024062287617015638,0.9247158169746399,0.9,0.02471581697463987,2.3093017092813395,2.3,0.009301709281339665,66,66.0,scolv:djgossett,unknown,man_confirm,manual,aka2026tdsjeb,aka2026tdsjeb
matched,onsite,2026-09-27 11:19:32.00,2026-09-27 11:19:32.85,0.85,51.49071884155273,51.491,179.8314971923828,179.831,0.046500842523545374,68.04010009765625,68.0,0.04010009765625,2.5651257259054114,2.6,0.03487427409458865,27,27.0,scolv:djgossett,unknown,man_confirm,manual,aka2026tdsocj,aka2026tdsocj
matched,onsite,2026-09-27 11:38:12.00,2026-09-27 11:38:12.77,0.777,64.95487976074219,64.955,-148.8934326171875,-148.893,0.024361034532887897,13.516948699951172,13.5,0.016948699951171875,1.2284760045946312,1.2,0.028476004594631288,25,25.0,scolv:djgossett,unknown,man_confirm,manual,aka2026tdteha,aka2026tdteha
matched,onsite,2026-09-27 12:23:45.00,2026-09-27 12:23:45.00,0.006,61.23050308227539,61.231,-152.17538452148438,-152.175,0.05896223781904672,111.43120574951172,111.4,0.031205749511713066,1.476952351288191,1.5,0.023047648711808977,16,16.0,scolv:djgossett,unknown,man_confirm,manual,aka2026tdurto,aka2026tdurto
matched,onsite,2026-09-27 12:53:05.00,2026-09-27 12:53:05.94,0.943,62.64727020263672,62.647,-152.1195831298828,-152.116,0.1855136097501943,5.0,5.0,0.0,2.96957685165912,3.0,0.03042314834087989,130,128.0,scanloc_global_assoc:AEC,unknown,auto_confirm,automatic,aka2026tdvrey,aka2026tdvrey
matched,onsite,2026-09-27 14:32:46.00,2026-09-27 14:32:46.89,0.894,58.33511734008789,58.335,-151.17593383789062,-151.176,0.01360718740570296,7.312612533569336,7.3,0.012612533569336115,2.3456753361047396,2.3,0.04567533610473973,17,17.0,scanloc_state:AEC,unknown,auto_confirm,automatic,aka2026tdyzrj,aka2026tdyzrj
matched,onsite,2026-09-27 15:42:39.00,2026-09-27 15:42:39.40,0.408,56.56789016723633,56.568,-156.30117797851562,-156.301,0.016371874923107103,4.406534671783447,4.4,0.00653467178344691,2.9169838745673147,2.9,0.01698387456731476,70,70.0,scanloc_state:AEC,unknown,auto_confirm,automatic,aka2026tebiel,aka2026tebiel
root_only,onsite,2026-09-27 15:47:18.00,,,51.07300186157227,,-179.3595733642578,,,21.970359802246094,,,2.8607794210236355,,,40,,scanloc_state:AEC,,auto_confirm,,aka2026teblsd,
matched,onsite,2026-09-27 15:47:50.00,2026-09-27 15:47:50.15,0.153,60.06042098999023,60.058,-152.80535888671875,-152.787,1.0538434581705907,119.74916076660156,118.7,1.0491607666015597,1.9701143914013886,1.7,0.2701143914013886,53,52.0,scanloc_state:AEC,unknown,auto_confirm,automatic,aka2026tebmli,aka2026tebmli
root_only,onsite,2026-09-27 15:49:50.00,,,51.05380249023438,,179.7802276611328,,,7.427602291107178,,,2.8396686894013996,,,25,,scanloc_state:AEC,,auto_confirm,,aka2026tebohj,
matched,onsite,2026-09-27 16:08:34.00,2026-09-27 16:08:34.26,0.263,62.18917846679688,62.189,-150.1691436767578,-150.169,0.02119826712241609,60.46804428100586,60.4,0.0680442810058608,1.9663516940332273,1.9,0.06635169403322738,42,41.0,scanloc_state:AEC,unknown,auto_confirm,automatic,aka2026tecers,aka2026tecers
matched,onsite,2026-09-27 16:48:16.00,2026-09-27 16:48:16.40,0.401,64.47025299072266,64.468,-146.89141845703125,-146.902,0.5656226770295623,2.542771577835083,4.5,1.957228422164917,1.8004123468123663,1.8,0.0004123468123662377,46,43.0,scanloc_state:AEC,unknown,auto_confirm,automatic,aka2026tedncw,aka2026tedncw
matched,onsite,2026-09-27 16:52:12.00,2026-09-27 16:52:12.38,0.381,61.81561660766602,61.814,-149.8506317138672,-149.84,0.5865984411479253,24.86630439758301,25.1,0.23369560241699006,1.8543111201535283,1.7,0.15431112015352833,35,29.0,scanloc_state:AEC,unknown,auto_confirm,automatic,aka2026tedqnf,aka2026tedqnf
matched,onsite,2026-09-27 16:58:08.00,2026-09-27 16:58:08.18,0.186,59.9574966430664,59.957,-152.9805450439453,-152.981,0.060755019144075495,127.8824920654297,127.9,0.017507934570303973,2.6646489551143517,2.6,0.06464895511435165,159,159.0,scanloc_state:AEC,unknown,auto_confirm,automatic,aka2026tedvrp,aka2026tedvrp
matched,onsite,2026-09-27 17:36:38.00,2026-09-27 17:36:38.70,0.707,59.44015884399414,59.44,-153.42575073242188,-153.426,0.022595778807823763,17.36553955078125,17.4,0.03446044921874858,1.224042231656945,1.1,0.12404223165694495,19,19.0,scanloc_state:AEC,unknown,auto_confirm,automatic,aka2026tefcyi,aka2026tefcyi
root_only,onsite,2026-09-27 18:06:57.00,,,51.12566757202148,,-179.2254180908203,,,17.228918075561523,,,2.6623677779873285,,,18,,scanloc_state:AEC,,auto_confirm,,aka2026tegdiu,
matched,onsite,2026-09-27 18:29:49.00,2026-09-27 18:29:49.54,0.545,59.92241287231445,59.919,-152.27243041992188,-152.299,1.5285970385616063,91.53959655761719,91.3,0.23959655761719034,2.1979857595431613,2.1,0.09798575954316124,82,76.0,scanloc_state:AEC,unknown,auto_confirm,automatic,aka2026tegxen,aka2026tegxen
matched,onsite,2026-09-27 21:17:13.00,2026-09-27 21:17:13.24,0.242,63.13821792602539,63.139,-150.40980529785156,-150.41,0.08751111003647745,111.77338409423828,111.7,0.07338409423827841,2.6409383834489626,2.6,0.0409383834489625,104,103.0,scanloc_state:AEC,unknown,auto_confirm,automatic,aka2026temmhr,aka2026temmhr
matched,onsite,2026-09-27 21:26:21.00,2026-09-27 21:26:21.90,0.905,59.74846649169922,59.748,-152.67672729492188,-152.677,0.05407438422791931,87.58074188232422,87.6,0.019258117675775566,2.185922844270643,2.2,0.014077155729357305,87,87.0,scanloc_state:AEC,unknown,auto_confirm,automatic,aka2026temugc,aka2026temugc
matched,onsite,2026-09-27 21:36:20.00,2026-09-27 21:36:20.16,0.167,53.5920295715332,53.511,-157.8494110107422,-157.7326,11.86288012779099,5.0,10.0,5.0,3.4665049135415336,3.3,0.16650491354153374,61,67.0,scolv:afozkos,unknown,man_confirm,manual,aka2026tencgw,us6000ty2m
matched,onsite,2026-09-27 21:53:36.00,2026-09-27 21:53:36.91,0.911,62.61124801635742,62.611,-149.45321655273438,-149.453,0.029719701135294877,61.70903015136719,61.7,0.009030151367184658,2.624396127920972,2.6,0.0243961279209719,125,125.0,scanloc_state:AEC,unknown,auto_confirm,automatic,aka2026tenrvu,aka2026tenrvu
root_only,onsite,2026-09-27 22:03:35.00,,,51.81901931762695,,-173.0914764404297,,,29.831005096435547,,,3.107816512262242,,,31,,scanloc_state:AEC,,auto_confirm,,aka2026teoana,
matched,onsite,2026-09-27 22:09:01.00,2026-09-27 22:09:02.88,1.88,51.52368927001953,51.5777,-174.5506591796875,-174.5615,6.052315264724421,0.3884586989879608,10.0,9.61154130101204,3.548372553233105,3.5,0.04837255323310519,47,52.0,scolv:afozkos,unknown,man_confirm,manual,aka2026teoffn,us6000ty2n
matched,onsite,2026-09-27 22:13:05.00,2026-09-27 22:13:05.95,0.956,57.86734771728516,57.867,-155.5868682861328,-155.587,0.03944133112599286,20.262834548950195,20.3,0.0371654510498054,1.239940372989087,1.2,0.039940372989087036,9,9.0,scanloc_state:AEC,unknown,auto_confirm,automatic,aka2026teoitp,aka2026teoitp
matched,onsite,2026-09-27 22:32:40.00,2026-09-27 22:32:40.75,0.757,60.53499603271484,60.535,-155.78353881835938,-155.784,0.02522859087826328,5.0,5.0,0.0,2.304417447005264,2.3,0.00441744700526403,52,52.0,scanloc_state:AEC,unknown,auto_confirm,automatic,aka2026teozvl,aka2026teozvl
matched,onsite,2026-09-28 00:02:21.00,2026-09-28 00:02:23.45,2.459,51.3820915222168,51.5332,-177.51976013183594,-177.551,16.941330881237295,19.65547752380371,28.498,8.84252247619629,3.0873936522256913,3.0,0.08739365222569129,70,70.0,scolv:odsimonds,unknown,man_confirm,manual,aka2026terzmg,us6000ty8e
matched,onsite,2026-09-28 00:05:59.00,2026-09-28 00:05:59.59,0.593,62.48532485961914,62.485,-151.28445434570312,-151.284,0.04300684012832685,7.219188213348389,7.2,0.019188213348388494,1.788977289636566,1.8,0.01102271036343394,40,40.0,scolv:odsimonds,unknown,man_confirm,manual,aka2026tescqz,aka2026tescqz
matched,onsite,2026-09-28 01:01:45.00,2026-09-28 01:01:45.19,0.196,58.21255111694336,58.213,-155.3383331298828,-155.338,0.05359200803697812,5.0,5.0,0.0,1.055702638234324,1.1,0.04429736176567611,6,6.0,scolv:odsimonds,unknown,man_confirm,manual,aka2026tetyzu,aka2026tetyzu
matched,onsite,2026-09-28 01:03:39.00,2026-09-28 01:03:39.34,0.347,59.8187370300293,59.819,-153.3108367919922,-153.311,0.030631221069506286,138.2799072265625,138.3,0.02009277343751137,3.0852700459411593,3.1,0.01472995405884081,231,231.0,scolv:odsimonds,unknown,man_confirm,manual,aka2026teuaqx,aka2026teuaqx
matched,onsite,2026-09-28 01:07:21.00,2026-09-28 01:07:21.69,0.696,61.61384201049805,61.614,-150.83456420898438,-150.835,0.028971362608148928,65.55915069580078,65.6,0.040849304199213066,2.0011785333955894,2.0,0.0011785333955893762,77,77.0,scolv:odsimonds,unknown,man_confirm,manual,aka2026teucga,aka2026teucga
matched,onsite,2026-09-28 01:12:20.00,2026-09-28 01:12:20.17,0.178,59.54524612426758,59.545,-152.3800048828125,-152.38,0.027369153462084808,68.08148956298828,68.1,0.018510437011713066,2.3153286470613375,2.3,0.01532864706133763,121,121.0,scolv:odsimonds,unknown,man_confirm,manual,aka2026teuien,aka2026teuien
matched,onsite,2026-09-28 01:50:44.00,2026-09-28 01:50:44.89,0.899,60.68540954589844,60.685,-151.6387176513672,-151.639,0.04806376138785479,80.61775970458984,80.6,0.017759704589849434,1.7394856240507788,1.7,0.03948562405077882,32,32.0,scolv:odsimonds,unknown,man_confirm,manual,aka2026tevpnh,aka2026tevpnh
matched,onsite,2026-09-28 02:09:42.00,2026-09-28 02:09:42.75,0.753,58.2302474975586,58.23,-155.11158752441406,-155.112,0.0366131556050943,5.0,5.0,0.0,0.6341185524503835,0.6,0.03411855245038353,11,11.0,scolv:odsimonds,unknown,man_confirm,manual,aka2026tewfxq,aka2026tewfxq
matched,onsite,2026-09-28 02:32:10.00,2026-09-28 02:32:10.26,0.266,61.69723510742188,61.697,-146.62208557128906,-146.622,0.026529160839508206,1.4198424816131592,1.4,0.01984248161315927,2.2213767054525277,2.2,0.021376705452527567,69,69.0,scolv:odsimonds,unknown,man_confirm,manual,aka2026tewzkg,aka2026tewzkg
matched,onsite,2026-09-28 02:39:52.00,2026-09-28 02:39:52.92,0.922,60.12358856201172,60.124,-152.49395751953125,-152.494,0.04581028465173614,94.96504211425781,95.0,0.0349578857421875,2.049470286322064,2.0,0.04947028632206418,94,94.0,scolv:odsimonds,unknown,man_confirm,manual,aka2026texejf,aka2026texejf
matched,onsite,2026-09-28 02:41:56.00,2026-09-28 02:41:56.84,0.845,60.98420333862305,60.984,-149.6260986328125,-149.626,0.023227621963086628,35.985931396484375,36.0,0.014068603515625,1.8869080868097148,1.9,0.013091913190285132,40,40.0,scolv:odsimonds,unknown,man_confirm,manual,aka2026texhvs,aka2026texhvs
matched,onsite,2026-09-28 02:43:04.00,2026-09-28 02:43:04.94,0.947,60.0692367553711,60.069,-152.1080322265625,-152.108,0.02638664262387215,78.13976287841797,78.1,0.039762878417974434,1.4417339161513512,1.4,0.04173391615135125,15,15.0,scolv:odsimonds,unknown,man_confirm,manual,aka2026texivg,aka2026texivg
matched,onsite,2026-09-28 03:05:59.00,2026-09-28 03:05:59.86,0.86,59.76826477050781,59.768,-152.19342041015625,-152.193,0.037693353192473,67.13304901123047,67.1,0.033049011230474434,2.0435626361508237,2.0,0.043562636150823675,66,66.0,scolv:odsimonds,unknown,man_confirm,manual,aka2026teycsf,aka2026teycsf
matched,onsite,2026-09-28 03:18:36.00,2026-09-28 03:18:36.30,0.309,62.19453048706055,62.195,-150.15936279296875,-150.159,0.05549524461070983,12.88561725616455,12.9,0.014382743835449574,1.8499330191627696,1.8,0.0499330191627696,31,31.0,scolv:odsimonds,unknown,man_confirm,manual,aka2026teynqk,aka2026teynqk
matched,onsite,2026-09-28 03:21:25.00,2026-09-28 03:21:25.77,0.779,60.48563766479492,60.486,-152.244384765625,-152.244,0.045469916606977905,89.730712890625,89.7,0.030712890624997158,1.8509844117137793,1.9,0.04901558828622066,51,51.0,scolv:odsimonds,unknown,man_confirm,manual,aka2026teynpj,aka2026teynpj
matched,onsite,2026-09-28 03:23:31.00,2026-09-28 03:23:31.96,0.965,61.69914627075195,61.699,-150.1318817138672,-150.132,0.017418986313682487,29.846351623535156,29.8,0.04635162353515554,2.0655202309122576,2.1,0.03447976908774253,80,80.0,scolv:odsimonds,unknown,man_confirm,manual,aka2026teyrxj,aka2026teyrxj
matched,onsite,2026-09-28 03:25:37.00,2026-09-28 03:25:37.34,0.343,59.94784164428711,59.948,-153.43051147460938,-153.431,0.032405025226577615,135.29806518554688,135.3,0.0019348144531363687,2.1205967638532544,2.1,0.020596763853254263,22,22.0,scolv:odsimonds,unknown,man_confirm,manual,aka2026teytso,aka2026teytso
matched,onsite,2026-09-28 03:35:57.00,2026-09-28 03:35:57.61,0.619,61.10123062133789,61.101,-147.52685546875,-147.527,0.02679423912509567,26.95206069946289,27.0,0.047939300537109375,1.4013361583885886,1.4,0.001336158388588693,9,9.0,scolv:odsimonds,unknown,man_confirm,manual,aka2026tezcrz,aka2026tezcrz
matched,onsite,2026-09-28 03:42:01.00,2026-09-28 03:42:01.22,0.22,61.48212814331055,61.482,-146.2252655029297,-146.225,0.020042504415274047,27.61001777648926,27.6,0.010017776489259944,1.6522044201365191,1.7,0.04779557986348082,28,28.0,scolv:odsimonds,unknown,man_confirm,manual,aka2026tezhym,aka2026tezhym
matched,onsite,2026-09-28 03:48:02.00,2026-09-28 03:48:02.86,0.866,60.55939102172852,60.559,-152.1432342529297,-152.143,0.045325462542438806,91.24337005615234,91.2,0.04337005615234091,2.7943732567966286,2.8,0.005626743203371198,171,171.0,scolv:odsimonds,unknown,man_confirm,manual,aka2026tezneu,aka2026tezneu
matched,onsite,2026-09-28 04:02:49.00,2026-09-28 04:02:49.71,0.71,63.260498046875,63.26,-145.29107666015625,-145.291,0.05551293688633446,7.152657985687256,7.2,0.04734201431274432,1.3452185492434257,1.3,0.04521854924342561,14,14.0,scolv:odsimonds,unknown,man_confirm,manual,aka2026tezzsl,aka2026tezzsl
matched,onsite,2026-09-28 04:12:11.00,2026-09-28 04:12:11.37,0.373,59.82650375366211,59.827,-153.27960205078125,-153.28,0.05949362348684506,119.60140228271484,119.6,0.0014022827148494343,1.7899727641672198,1.8,0.010027235832780201,55,55.0,scolv:odsimonds,unknown,man_confirm,manual,aka2026tfaibl,aka2026tfaibl
matched,onsite,2026-09-28 05:12:53.00,2026-09-28 05:12:53.68,0.689,51.63861846923828,51.639,-179.83251953125,-179.833,0.05384420685975125,85.10652923583984,85.1,0.006529235839849434,2.391135547136235,2.4,0.008864452863764694,27,27.0,scolv:odsimonds,unknown,man_confirm,manual,aka2026tfcisz,aka2026tfcisz
matched,onsite,2026-09-28 05:28:10.00,2026-09-28 05:28:10.56,0.569,62.3998031616211,62.4,-150.9444122314453,-150.944,0.03049680383633965,71.96179962158203,72.0,0.03820037841796875,2.2918279649588476,2.3,0.00817203504115227,118,118.0,scolv:odsimonds,unknown,man_confirm,manual,aka2026tfcwab,aka2026tfcwab
matched,onsite,2026-09-28 05:29:22.00,2026-09-28 05:29:22.72,0.726,59.89682388305664,59.897,-148.73133850097656,-148.731,0.027201113534400457,18.64806365966797,18.6,0.04806365966796733,2.0979892343992335,2.1,0.0020107656007666286,36,36.0,scolv:odsimonds,unknown,man_confirm,manual,aka2026tfcxaf,aka2026tfcxaf
matched,onsite,2026-09-28 05:38:53.00,2026-09-28 05:38:53.40,0.403,58.44973373413086,58.45,-155.68820190429688,-155.688,0.03185272594356752,151.78036499023438,151.8,0.01963500976563637,2.768349447764882,2.8,0.031650552235118035,102,102.0,scolv:odsimonds,unknown,man_confirm,manual,aka2026tfdfhc,aka2026tfdfhc
matched,onsite,2026-09-28 05:44:11.00,2026-09-28 05:44:11.27,0.271,60.93458557128906,60.935,-150.6900177001953,-150.69,0.04609228842868535,3.0423362255096436,3.0,0.042336225509643555,1.819948405246522,1.8,0.019948405246521972,55,55.0,scolv:odsimonds,unknown,man_confirm,manual,aka2026tfdjwz,aka2026tfdjwz
matched,onsite,2026-09-28 05:57:06.00,2026-09-28 05:57:06.59,0.596,53.46421051025391,53.464,-164.9663848876953,-164.966,0.034598752224858594,20.0,20.0,0.0,2.5783488340714906,2.6,0.021651165928509464,23,23.0,scolv:odsimonds,unknown,man_confirm,manual,aka2026tfduzs,aka2026tfduzs
matched,onsite,2026-09-28 06:11:58.00,2026-09-28 06:11:58.34,0.341,61.85396575927734,61.854,-148.14785766601562,-148.148,0.008380624246519164,18.846363067626953,18.8,0.046363067626952414,1.0372412936053255,1.0,0.037241293605325465,13,13.0,scolv:odsimonds,unknown,man_confirm,manual,aka2026tfehzd,aka2026tfehzd
matched,onsite,2026-09-28 06:19:11.00,2026-09-28 06:19:11.04,0.041,61.61315155029297,61.613,-148.11595153808594,-148.116,0.01704525367726836,5.204103469848633,5.2,0.004103469848632635,2.184237188382045,2.2,0.01576281161795512,68,68.0,scolv:odsimonds,unknown,man_confirm,manual,aka2026tfeofm,aka2026tfeofm
matched,onsite,2026-09-28 06:45:47.00,2026-09-28 06:45:47.84,0.842,58.18986892700195,58.19,-136.82955932617188,-136.83,0.029656916570218995,9.96786117553711,10.0,0.032138824462890625,2.3825697767572875,2.4,0.017430223242712373,22,22.0,scolv:odsimonds,unknown,man_confirm,manual,aka2026tfflhs,aka2026tfflhs
matched,onsite,2026-09-28 06:51:58.00,2026-09-28 06:51:58.29,0.295,60.8396110534668,60.84,-150.98745727539062,-150.987,0.049842521266312,12.65460968017578,12.7,0.045390319824219816,2.0784008501754347,2.1,0.021599149824565345,84,84.0,scolv:odsimonds,unknown,man_confirm,manual,aka2026tffqqt,aka2026tffqqt
matched,onsite,2026-09-28 07:00:37.00,2026-09-28 07:00:37.90,0.9,60.08226776123047,60.082,-148.08041381835938,-148.08,0.03759228441576484,22.084293365478516,22.1,0.015706634521485796,1.9582905019345218,2.0,0.04170949806547819,38,38.0,scolv:odsimonds,unknown,man_confirm,manual,aka2026tffyee,aka2026tffyee
matched,onsite,2026-09-28 07:16:27.00,2026-09-28 07:16:27.91,0.915,53.90651321411133,53.907,-164.56106567382812,-164.561,0.054298806859830524,24.301944732666016,24.3,0.0019447326660149145,2.588039518807679,2.6,0.011960481192321293,46,46.0,scolv:odsimonds,unknown,man_confirm,manual,aka2026tfglxg,aka2026tfglxg
matched,onsite,2026-09-28 07:26:02.00,2026-09-28 07:26:02.90,0.9,62.27526092529297,62.275,-149.86830139160156,-149.868,0.03293742004255973,8.87337875366211,8.9,0.02662124633789098,1.8055342148307798,1.8,0.00553421483077976,54,54.0,scolv:odsimonds,unknown,man_confirm,manual,aka2026tfguez,aka2026tfguez
matched,onsite,2026-09-28 07:35:00.00,2026-09-28 07:35:00.51,0.515,51.8264274597168,51.826,178.92579650878906,178.926,0.04954595295152286,185.76565551757812,185.8,0.03434448242188637,2.0454712709448213,2.0,0.045471270944821285,14,14.0,scolv:odsimonds,unknown,man_confirm,manual,aka2026tfhbvc,aka2026tfhbvc
matched,onsite,2026-09-28 07:47:17.00,2026-09-28 07:47:17.93,0.931,51.05289459228516,51.053,-179.21844482421875,-179.218,0.033227876443466954,19.751419067382812,19.8,0.04858093261718821,2.6891470687907897,2.7,0.010852931209210492,44,44.0,scolv:odsimonds,unknown,man_confirm,manual,aka2026tfhmir,aka2026tfhmir
matched,onsite,2026-09-28 08:02:29.00,2026-09-28 08:02:29.00,0.002,61.51764297485352,61.518,-151.1986846923828,-151.199,0.04307662861025345,16.821208953857422,16.8,0.021208953857421164,1.3415528915636252,1.3,0.04155289156362518,24,24.0,scolv:odsimonds,unknown,man_confirm,manual,aka2026tfhzve,aka2026tfhzve
matched,onsite,2026-09-28 08:13:11.00,2026-09-28 08:13:11.87,0.876,50.82392883300781,50.824,-173.95562744140625,-173.956,0.027339717078976727,20.0,20.0,0.0,2.739438305865912,2.7,0.039438305865911794,18,18.0,scolv:odsimonds,unknown,man_confirm,manual,aka2026tfijdt,aka2026tfijdt
matched,onsite,2026-09-28 08:58:27.00,2026-09-28 08:58:27.47,0.471,61.58056259155273,61.581,-146.47146606445312,-146.471,0.05453376044231071,22.84413146972656,22.8,0.04413146972655824,1.9393851403518314,1.9,0.039385140351831494,62,62.0,scolv:odsimonds,unknown,man_confirm,manual,aka2026tfjwig,aka2026tfjwig
matched,onsite,2026-09-28 09:05:37.00,2026-09-28 09:05:37.84,0.843,59.77920532226562,59.779,-153.07098388671875,-153.071,0.02284859885840108,106.81439971923828,106.8,0.014399719238284092,1.6594735187118135,1.7,0.04052648128818648,43,43.0,scolv:odsimonds,unknown,man_confirm,manual,aka2026tfkcns,aka2026tfkcns
matched,onsite,2026-09-28 09:10:12.00,2026-09-28 09:10:12.35,0.352,53.07952499389648,53.08,-166.81553649902344,-166.816,0.061223080643282704,22.760663986206055,22.8,0.03933601379394602,2.359802897126438,2.4,0.04019710287356171,22,22.0,scolv:odsimonds,unknown,man_confirm,manual,aka2026tfkgnq,aka2026tfkgnq
matched,onsite,2026-09-28 09:19:47.00,2026-09-28 09:19:47.25,0.259,62.43529891967773,62.435,-149.01007080078125,-149.01,0.03343740761287783,15.253890991210938,15.3,0.04610900878906321,1.566224598768887,1.6,0.03377540123111311,18,18.0,scolv:afozkos,unknown,man_confirm,manual,aka2026tfkovw,aka2026tfkovw
matched,onsite,2026-09-28 09:29:27.00,2026-09-28 09:29:27.21,0.218,61.3538932800293,61.354,-150.6844024658203,-150.684,0.024517260794697137,52.91950988769531,52.9,0.01950988769531392,2.4715922541692743,2.5,0.028407745830725695,126,126.0,scolv:odsimonds,unknown,man_confirm,manual,aka2026tfkxeo,aka2026tfkxeo
matched,onsite,2026-09-28 09:59:46.00,2026-09-28 09:59:46.55,0.554,51.91518783569336,51.915,-177.03341674804688,-177.033,0.03540177659726445,5.0,5.0,0.0,1.8249918554010414,1.8,0.02499185540104132,21,21.0,scolv:odsimonds,unknown,man_confirm,manual,aka2026tflxmo,aka2026tflxmo
matched,onsite,2026-09-28 10:03:19.00,2026-09-28 10:03:19.99,0.995,51.16990661621094,51.17,-177.66351318359375,-177.664,0.03549399692426149,20.793649673461914,20.8,0.006350326538086648,2.6139836626513744,2.6,0.013983662651374296,44,44.0,scolv:odsimonds,unknown,man_confirm,manual,aka2026tfmapb,aka2026tfmapb
matched,onsite,2026-09-28 10:18:57.00,2026-09-28 10:18:57.80,0.801,60.02608871459961,60.026,-151.4868927001953,-151.487,0.011525750313581672,59.40457916259766,59.4,0.0045791625976647765,1.6844365673629667,1.7,0.015563432637033303,46,46.0,scolv:odsimonds,unknown,man_confirm,manual,aka2026tfmluz,aka2026tfmluz
matched,onsite,2026-09-28 10:33:53.00,2026-09-28 10:33:53.21,0.218,65.81179809570312,65.812,-151.04454040527344,-151.045,0.030699976600340594,6.464189529418945,6.5,0.03581047058105469,1.64107773691513,1.6,0.04107773691512984,29,29.0,scolv:odsimonds,unknown,man_confirm,manual,aka2026tfnbbr,aka2026tfnbbr
matched,onsite,2026-09-28 11:03:45.00,2026-09-28 11:03:45.27,0.276,54.5023193359375,54.502,-162.6900634765625,-162.69,0.03574428892813153,67.38375854492188,67.4,0.016241455078130684,2.9858598221558514,3.0,0.01414017784414856,56,56.0,scolv:odsimonds,unknown,man_confirm,manual,aka2026tfoaya,aka2026tfoaya
matched,onsite,2026-09-28 11:13:35.00,2026-09-28 11:13:35.79,0.798,51.44214630126953,51.442,-174.9080810546875,-174.908,0.017210631852125825,6.824917793273926,6.8,0.02491779327392596,3.336817024519147,3.3,0.03681702451914726,47,47.0,scolv:odsimonds,unknown,man_confirm,manual,aka2026tfojkt,aka2026tfojkt
matched,onsite,2026-09-28 11:32:26.00,2026-09-28 11:32:26.88,0.885,59.84775161743164,59.848,-153.2340850830078,-153.234,0.02802472862350173,125.09111785888672,125.1,0.008882141113275566,1.8948902556072134,1.9,0.005109744392786553,37,37.0,scolv:odsimonds,unknown,man_confirm,manual,aka2026tfozvs,aka2026tfozvs
matched,onsite,2026-09-28 11:43:28.00,2026-09-28 11:43:28.51,0.516,60.11914825439453,60.119,-151.42962646484375,-151.43,0.0264566058095159,58.40072250366211,58.4,0.0007225036621107961,1.7457600586126967,1.7,0.04576005861269672,51,51.0,scolv:odsimonds,unknown,man_confirm,manual,aka2026tfpjjy,aka2026tfpjjy
matched,onsite,2026-09-28 11:46:28.00,2026-09-28 11:46:28.61,0.611,62.95240020751953,62.952,-148.09310913085938,-148.093,0.044841861211913456,52.12347793579102,52.1,0.02347793579102131,3.8849903799493863,3.9,0.01500962005061357,286,286.0,scolv:afozkos,unknown,man_confirm,manual,aka2026tfplzt,aka2026tfplzt
matched,onsite,2026-09-28 11:50:27.00,2026-09-28 11:50:27.39,0.396,61.21282577514648,61.213,-150.22842407226562,-150.228,0.029848725945968862,21.661556243896484,21.7,0.038443756103514914,1.626055766736293,1.6,0.02605576673629284,46,46.0,scolv:odsimonds,unknown,man_confirm,manual,aka2026tfpplp,aka2026tfpplp
matched,onsite,2026-09-28 11:56:57.00,2026-09-28 11:56:57.37,0.37,58.25410079956055,58.254,-155.1553192138672,-155.155,0.02178104895926478,3.245476722717285,3.2,0.04547672271728498,2.009292429839819,2.0,0.00929242983981915,43,43.0,scolv:odsimonds,unknown,man_confirm,manual,aka2026tfpvcg,aka2026tfpvcg
matched,onsite,2026-09-28 11:58:45.00,2026-09-28 11:58:45.89,0.894,58.24637985229492,58.246,-155.16627502441406,-155.166,0.04519996915584927,2.721315383911133,2.7,0.021315383911132635,1.3912088901701005,1.4,0.00879110982989939,24,24.0,scolv:odsimonds,unknown,man_confirm,manual,aka2026tfpwrc,aka2026tfpwrc
matched,onsite,2026-09-28 12:35:22.00,2026-09-28 12:35:22.18,0.189,50.96496963500977,50.965,179.52085876464844,179.521,0.01045115143723367,16.688005447387695,16.7,0.011994552612303977,2.634005429578125,2.6,0.03400542957812469,21,21.0,scolv:odsimonds,unknown,man_confirm,manual,aka2026tfrckv,aka2026tfrckv
matched,onsite,2026-09-28 12:45:24.00,2026-09-28 12:45:24.30,0.3,54.09008026123047,54.09,-165.99647521972656,-165.996,0.0322519280977449,16.54960060119629,16.5,0.04960060119628906,1.213442507458263,1.2,0.013442507458263142,9,9.0,scolv:odsimonds,unknown,man_confirm,manual,aka2026tfrldd,aka2026tfrldd
matched,onsite,2026-09-28 12:55:45.00,2026-09-28 12:55:45.73,0.736,60.03361511230469,60.034,-152.72544860839844,-152.725,0.049522094427664955,99.98532104492188,100.0,0.014678955078125,1.026331021399483,1.0,0.026331021399482957,40,40.0,scolv:odsimonds,unknown,man_confirm,manual,aka2026tfruca,aka2026tfruca
matched,onsite,2026-09-28 12:59:48.00,2026-09-28 12:59:48.25,0.251,57.92389678955078,57.924,-155.71205139160156,-155.712,0.011870915287062406,15.649029731750488,15.6,0.049029731750488637,1.3113989995064554,1.3,0.011398999506455398,30,30.0,scolv:odsimonds,unknown,man_confirm,manual,aka2026tfrxpf,aka2026tfrxpf
matched,onsite,2026-09-28 13:15:28.00,2026-09-28 13:15:28.12,0.123,63.75781631469727,63.758,-148.77540588378906,-148.775,0.028555432362510055,109.47566223144531,109.5,0.0243377685546875,3.046126531550848,3.0,0.046126531550847893,189,189.0,scolv:odsimonds,unknown,man_confirm,manual,aka2026tfsled,aka2026tfsled
matched,onsite,2026-09-28 13:38:09.00,2026-09-28 13:38:09.93,0.933,51.33003234863281,51.33,-178.25384521484375,-178.254,0.01133982320648375,29.07242965698242,29.1,0.0275703430175831,2.177638064428153,2.2,0.02236193557184718,33,33.0,scolv:odsimonds,unknown,man_confirm,manual,aka2026tftevs,aka2026tftevs
matched,onsite,2026-09-28 13:55:21.00,2026-09-28 13:55:21.84,0.844,59.80849838256836,59.808,-151.40455627441406,-151.405,0.060718950323940944,56.75827407836914,56.8,0.04172592163085653,1.891826898153344,1.9,0.008173101846655983,49,49.0,scolv:odsimonds,unknown,man_confirm,manual,aka2026tftttk,aka2026tftttk
matched,onsite,2026-09-28 14:14:51.00,2026-09-28 14:14:51.75,0.751,51.8602409362793,51.86,-176.07061767578125,-176.071,0.037511041366703884,101.01058959960938,101.0,0.010589599609375,1.2907060110195183,1.3,0.009293988980481727,12,12.0,scolv:odsimonds,unknown,man_confirm,manual,aka2026tfukyq,aka2026tfukyq
matched,onsite,2026-09-28 14:16:29.00,2026-09-28 14:16:29.95,0.958,62.91867065429688,62.919,-148.12696838378906,-148.127,0.0366565271249173,49.23238754272461,49.2,0.03238754272460653,1.8939483896621996,1.9,0.006051610337800328,43,43.0,scolv:odsimonds,unknown,man_confirm,manual,aka2026tfumbw,aka2026tfumbw
matched,onsite,2026-09-28 14:24:47.00,2026-09-28 14:24:47.90,0.904,65.01289367675781,65.013,-147.85357666015625,-147.854,0.023133573268692358,25.90080261230469,25.9,0.0008026123046924738,1.0184190257882044,1.0,0.018419025788204424,26,26.0,scolv:odsimonds,unknown,man_confirm,manual,aka2026tfuskf,aka2026tfuskf
matched,onsite,2026-09-28 14:26:33.00,2026-09-28 14:26:33.48,0.482,56.91733169555664,56.917,-154.99508666992188,-154.995,0.03725612036148179,7.027291297912598,7.0,0.027291297912597656,2.0557623889884185,2.1,0.044237611011581635,24,24.0,scolv:odsimonds,unknown,man_confirm,manual,aka2026tfuuvy,aka2026tfuuvy
matched,onsite,2026-09-28 14:28:19.00,2026-09-28 14:28:19.43,0.432,59.61932754516602,59.619,-151.0730438232422,-151.073,0.03650464443664788,45.87672805786133,45.9,0.023271942138670454,1.7416372471554722,1.7,0.041637247155472235,29,29.0,scolv:odsimonds,unknown,man_confirm,manual,aka2026tfuwjf,aka2026tfuwjf
matched,onsite,2026-09-28 14:30:00.00,2026-09-28 14:30:00.07,0.072,52.53451919555664,52.535,-169.34703063964844,-169.347,0.05350316596983338,16.330642700195312,16.3,0.03064270019531179,2.532756393449241,2.5,0.032756393449241195,21,21.0,scolv:odsimonds,unknown,man_confirm,manual,aka2026tfuxum,aka2026tfuxum
matched,onsite,2026-09-28 14:55:55.00,2026-09-28 14:55:55.26,0.26,63.49218368530273,63.492,-151.61976623535156,-151.62,0.02348975523133164,5.0,5.0,0.0,4.200192485708379,4.2,0.00019248570837859802,235,235.0,scolv:afozkos,unknown,man_confirm,manual,aka2026tfvugv,aka2026tfvugv
matched,onsite,2026-09-28 15:04:51.00,2026-09-28 15:04:51.50,0.504,63.49824523925781,63.498,-151.5844268798828,-151.584,0.03452901961321988,0.7049307227134705,0.7,0.004930722713470503,2.2301533180316735,2.2,0.030153318031673315,57,57.0,scolv:odsimonds,unknown,man_confirm,manual,aka2026tfwcav,aka2026tfwcav
matched,onsite,2026-09-28 15:19:34.00,2026-09-28 15:19:34.84,0.845,62.99381637573242,62.994,-151.0361785888672,-151.036,0.02232061949011977,123.41558837890625,123.4,0.015588378906244316,2.1050061343060884,2.1,0.005006134306088317,79,79.0,scolv:odsimonds,unknown,man_confirm,manual,aka2026tfwoxo,aka2026tfwoxo
matched,onsite,2026-09-28 15:56:11.00,2026-09-28 15:56:11.66,0.664,61.19149398803711,61.191,-149.53599548339844,-149.536,0.05492949670116056,33.55087661743164,33.6,0.049123382568360796,1.7742214589129828,1.8,0.02577854108701727,57,57.0,scolv:odsimonds,unknown,man_confirm,manual,aka2026tfxuni,aka2026tfxuni
matched,onsite,2026-09-28 16:24:39.00,2026-09-28 16:24:39.38,0.388,58.43134307861328,58.431,-153.86903381347656,-153.869,0.03819934969276806,82.78597259521484,82.8,0.014027404785153408,1.9720219146796825,2.0,0.027978085320317536,54,54.0,scolv:odsimonds,unknown,man_confirm,manual,aka2026tfytfk,aka2026tfytfk
matched,onsite,2026-09-28 16:39:02.00,2026-09-28 16:39:02.98,0.987,61.59920501708984,61.599,-151.31494140625,-151.315,0.023006526265961984,11.23500919342041,11.2,0.03500919342041087,1.776885668436567,1.8,0.02311433156343301,44,44.0,scolv:odsimonds,unknown,man_confirm,manual,aka2026tfzfrs,aka2026tfzfrs
matched,onsite,2026-09-28 16:44:00.00,2026-09-28 16:44:00.40,0.406,59.67388153076172,59.674,-152.56507873535156,-152.565,0.013895107011787363,86.55184173583984,86.6,0.048158264160150566,3.6225770299134727,3.6,0.022577029913472657,307,307.0,scolv:afozkos,unknown,man_confirm,manual,aka2026tfzjzc,aka2026tfzjzc
matched,onsite,2026-09-28 16:59:27.00,2026-09-28 16:59:27.73,0.73,51.09926986694336,51.099,179.3446044921875,179.345,0.04078221528233024,29.74638366699219,29.7,0.04638366699219176,2.4826443046199036,2.5,0.017355695380096403,13,13.0,scolv:odsimonds,unknown,man_confirm,manual,aka2026tfzxlg,aka2026tfzxlg
matched,onsite,2026-09-28 17:19:36.00,2026-09-28 17:19:35.64,0.358,52.37807083129883,52.3736,-174.6189422607422,-174.6107,0.7484552851075877,212.10179138183594,213.76,1.6582086181640534,2.235090321323424,2.9,0.664909678676576,22,26.0,scolv:odsimonds,unknown,man_confirm,manual,aka2026tgaoxh,us6000tyi0
matched,onsite,2026-09-28 17:34:30.00,2026-09-28 17:34:30.46,0.461,53.43373107910156,53.434,-167.37945556640625,-167.379,0.04248438945748233,11.433053970336914,11.4,0.03305397033691371,2.183114528259259,2.2,0.016885471740741398,32,32.0,scolv:odsimonds,unknown,man_confirm,manual,aka2026tgbbtz,aka2026tgbbtz
matched,onsite,2026-09-28 17:35:06.00,2026-09-28 17:35:06.45,0.456,62.8221206665039,62.822,-150.09214782714844,-150.092,0.015375275590873023,71.0375747680664,71.0,0.03757476806640625,2.8099163788378396,2.8,0.009916378837839801,154,154.0,scolv:odsimonds,unknown,man_confirm,manual,aka2026tgbcma,aka2026tgbcma
matched,onsite,2026-09-28 17:55:53.00,2026-09-28 17:55:53.28,0.281,60.16829681396484,60.168,-151.72853088378906,-151.729,0.041983656251196766,71.41107940673828,71.4,0.011079406738275566,2.6651102436240954,2.7,0.034889756375904746,152,152.0,scolv:odsimonds,unknown,man_confirm,manual,aka2026tgbuia,aka2026tgbuia
matched,onsite,2026-09-28 17:56:09.00,2026-09-28 17:56:09.26,0.265,51.35259246826172,51.353,-173.8060760498047,-173.806,0.045622165964333015,40.0,40.0,0.0,2.6429537359712785,2.6,0.042953735971278384,24,24.0,scolv:odsimonds,unknown,man_confirm,manual,aka2026tgbunv,aka2026tgbunv
matched,onsite,2026-09-28 18:20:48.00,2026-09-28 18:20:48.17,0.176,59.7315673828125,59.732,-150.7533416748047,-150.753,0.05177644655768886,39.81686782836914,39.8,0.016867828369143467,1.9855045689998474,2.0,0.014495431000152603,47,47.0,scolv:odsimonds,unknown,man_confirm,manual,aka2026tgcpxx,aka2026tgcpxx
matched,onsite,2026-09-28 18:23:11.00,2026-09-28 18:23:11.39,0.391,60.09136199951172,60.091,-150.9462890625,-150.946,0.0433257838390436,50.96778869628906,51.0,0.0322113037109375,2.2461413746740955,2.2,0.04614137467409529,90,90.0,scolv:odsimonds,unknown,man_confirm,manual,aka2026tgcrze,aka2026tgcrze
matched,onsite,2026-09-28 18:23:20.00,2026-09-28 18:23:20.27,0.27,51.27587890625,51.276,-176.8990936279297,-176.899,0.014957367423282566,27.890865325927734,27.9,0.009134674072264204,2.361433463080709,2.4,0.03856653691929113,39,39.0,scolv:odsimonds,unknown,man_confirm,manual,aka2026tgcsco,aka2026tgcsco
matched,onsite,2026-09-28 18:26:44.00,2026-09-28 18:26:44.03,0.032,60.45807647705078,60.458,-139.64260864257812,-139.643,0.023080238839154648,1.8371081352233887,1.8,0.03710813522338863,2.0340516666025668,2.0,0.034051666602566755,23,23.0,scolv:odsimonds,unknown,man_confirm,manual,aka2026tgcvce,aka2026tgcvce
matched,onsite,2026-09-28 18:40:08.00,2026-09-28 18:40:08.95,0.95,58.82767105102539,58.828,-152.61386108398438,-152.614,0.037441114579356394,62.28131103515625,62.3,0.018688964843747158,1.8141956538446298,1.8,0.01419565384462973,35,35.0,scolv:odsimonds,unknown,man_confirm,manual,aka2026tgdgrz,aka2026tgdgrz
matched,onsite,2026-09-28 18:44:19.00,2026-09-28 18:44:19.59,0.596,64.72953033447266,64.73,-148.53257751464844,-148.533,0.05594257172790748,8.449953079223633,8.4,0.04995307922363246,1.3847367620383475,1.4,0.01526323796165241,36,36.0,scolv:odsimonds,unknown,man_confirm,manual,aka2026tgdkia,aka2026tgdkia
matched,onsite,2026-09-28 19:10:40.00,2026-09-28 19:10:40.69,0.696,51.50308227539062,51.503,-175.57723999023438,-175.577,0.01896382267001166,38.511810302734375,38.5,0.011810302734375,2.9269428462386045,2.9,0.026942846238604545,56,56.0,scolv:odsimonds,unknown,man_confirm,manual,aka2026tgehdh,aka2026tgehdh
matched,onsite,2026-09-14 01:48:51.00,2026-09-14 01:48:51.50,0.507,63.3573226928711,63.357,-151.77542114257812,-151.775,0.041574968842639226,1.744445562362671,1.7,0.04444556236267094,1.663505373102305,1.7,0.03649462689769489,33,33.0,scolv:odsimonds,unknown,man_confirm,manual,aka2026sezfws,aka2026sezfws
matched,onsite,2026-09-28 19:17:03.00,2026-09-28 19:17:03.21,0.214,51.23220062255859,51.232,-177.02513122558594,-177.025,0.024106788005050072,27.598995208740234,27.6,0.001004791259767046,2.189391116853831,2.2,0.010608883146169035,27,27.0,scolv:odsimonds,unknown,man_confirm,manual,aka2026tgemqe,aka2026tgemqe
matched,onsite,2026-09-14 01:45:27.00,2026-09-14 01:45:27.86,0.869,67.34784698486328,67.348,-140.3018798828125,-140.302,0.017775104621035685,5.0,5.0,0.0,2.2902340269501686,2.3,0.009765973049831178,11,11.0,scolv:odsimonds,unknown,man_confirm,manual,aka2026sezcyf,aka2026sezcyf
matched,onsite,2026-09-28 19:30:08.00,2026-09-28 19:30:08.31,0.318,60.18017196655273,60.18,-141.76181030273438,-141.762,0.02180979727061191,6.553512096405029,6.6,0.04648790359497035,1.6597090661942735,1.7,0.04029093380572646,16,16.0,scolv:odsimonds,unknown,man_confirm,manual,aka2026tgexwd,aka2026tgexwd
matched,onsite,2026-09-28 19:34:54.00,2026-09-28 19:34:54.64,0.648,59.05064392089844,59.051,-152.80906677246094,-152.809,0.03977788237851162,77.39522552490234,77.4,0.004774475097661934,1.8387679117483897,1.8,0.03876791174838967,51,51.0,scolv:odsimonds,unknown,man_confirm,manual,aka2026tgfces,aka2026tgfces
matched,onsite,2026-09-28 19:41:33.00,2026-09-28 19:41:33.71,0.714,58.2781753540039,58.278,-154.97802734375,-154.978,0.019563903594591252,5.0,5.0,0.0,0.9464572051278858,0.9,0.04645720512788576,19,19.0,scolv:odsimonds,unknown,man_confirm,manual,aka2026tgfhyd,aka2026tgfhyd
matched,onsite,2026-09-28 19:48:09.00,2026-09-28 19:48:09.79,0.792,51.443115234375,51.443,-175.9364013671875,-175.936,0.03062678308872753,37.34500503540039,37.3,0.04500503540039347,2.14558244986643,2.1,0.0455824498664299,18,18.0,scolv:odsimonds,unknown,man_confirm,manual,aka2026tgfnqy,aka2026tgfnqy
matched,onsite,2026-09-14 08:12:11.00,2026-09-14 08:12:11.81,0.813,67.20923614501953,67.209,-153.358642578125,-153.359,0.03043858517357758,5.0,5.0,0.0,1.8734573611084595,1.9,0.026542638891540404,27,27.0,scolv:odsimonds,unknown,man_confirm,manual,aka2026sfmagn,aka2026sfmagn
matched,onsite,2026-09-28 19:59:16.00,2026-09-28 19:59:16.50,0.506,60.71737289428711,60.717,-149.59214782714844,-149.592,0.042236249597358104,25.615814208984375,25.6,0.01581420898437358,2.1224120424314545,2.1,0.02241204243145445,84,84.0,scolv:odsimonds,unknown,man_confirm,manual,aka2026tgfxhm,aka2026tgfxhm
matched,onsite,2026-09-15 21:04:59.00,2026-09-15 21:04:59.31,0.311,63.11518478393555,63.115,-151.41415405273438,-151.414,0.02195867053745351,5.0,5.0,0.0,1.7722305173449673,1.8,0.027769482655032762,31,31.0,scolv:odsimonds,unknown,man_confirm,manual,aka2026sihuwv,aka2026sihuwv
matched,onsite,2026-09-28 20:10:26.00,2026-09-28 20:10:26.44,0.445,60.61104202270508,60.611,-152.39913940429688,-152.399,0.008927460913955862,88.80047607421875,88.8,0.00047607421875284217,1.2799445344334162,1.3,0.020055465566583885,14,14.0,scolv:odsimonds,unknown,man_confirm,manual,aka2026tgggzm,aka2026tgggzm
matched,onsite,2026-09-28 20:13:49.00,2026-09-28 20:13:51.23,2.238,53.82409286499023,53.9119,-163.98760986328125,-164.0477,10.52864953714735,19.949026107788086,35.0,15.050973892211914,2.982202044513224,3.0,0.017797955486776207,58,40.0,scolv:odsimonds,unknown,man_confirm,manual,aka2026tggjvu,us6000tyib
matched,onsite,2026-09-28 20:23:20.00,2026-09-28 20:23:20.97,0.978,51.65079116821289,51.651,-176.20431518554688,-176.204,0.03181290083197652,61.7717056274414,61.8,0.028294372558598013,1.7743554392791887,1.8,0.025644560720811338,22,22.0,scolv:odsimonds,unknown,man_confirm,manual,aka2026tggsec,aka2026tggsec
matched,onsite,2026-09-28 20:30:41.00,2026-09-28 20:30:41.99,0.992,62.75254440307617,62.753,-143.82073974609375,-143.821,0.05236393569171626,5.071508407592773,5.1,0.028491592407226207,1.8173716808137075,1.8,0.017371680813707435,35,35.0,scolv:odsimonds,unknown,man_confirm,manual,aka2026tggynw,aka2026tggynw
matched,onsite,2026-09-28 20:37:42.00,2026-09-28 20:37:42.39,0.392,61.8719253540039,61.872,-147.5111541748047,-147.511,0.011585151466802938,32.19013214111328,32.2,0.009867858886721592,1.8919860310391492,1.9,0.008013968960850715,43,43.0,scolv:odsimonds,unknown,man_confirm,manual,aka2026tghepd,aka2026tghepd
matched,onsite,2026-09-28 20:54:47.00,2026-09-28 20:54:47.99,0.996,60.46187973022461,60.462,-152.53746032714844,-152.537,0.028559459824552647,96.15694427490234,96.2,0.04305572509765909,1.4988927526619076,1.5,0.0011072473380924208,47,47.0,scolv:odsimonds,unknown,man_confirm,manual,aka2026tghtlh,aka2026tghtlh
matched,onsite,2026-09-28 21:06:53.00,2026-09-28 21:06:53.44,0.448,57.65911865234375,57.659,-155.03634643554688,-155.036,0.024469147277516687,84.52595520019531,84.5,0.0259552001953125,1.6290505108445639,1.6,0.02905051084456378,26,26.0,scolv:odsimonds,unknown,man_confirm,manual,aka2026tgidxu,aka2026tgidxu
matched,onsite,2026-09-28 21:08:10.00,2026-09-28 21:08:10.34,0.345,60.3983268737793,60.398,-150.91893005371094,-150.919,0.036549192793648634,47.83989715576172,47.8,0.03989715576172159,1.830406864844602,1.8,0.030406864844601866,65,65.0,scolv:odsimonds,unknown,man_confirm,manual,aka2026tgiezl,aka2026tgiezl
matched,onsite,2026-09-28 21:10:36.00,2026-09-28 21:10:36.44,0.444,57.88517379760742,57.885,-156.1567840576172,-156.157,0.023160714973921467,119.81873321533203,119.8,0.018733215332034092,1.6811109564774067,1.7,0.01888904352259324,36,36.0,scolv:odsimonds,unknown,man_confirm,manual,aka2026tgihdd,aka2026tgihdd
matched,onsite,2026-09-28 21:13:08.00,2026-09-28 21:13:08.96,0.964,60.50735473632812,60.507,-150.41497802734375,-150.415,0.03946321573981362,50.26039886474609,50.3,0.03960113525391051,1.7790565035518613,1.8,0.020943496448138754,55,55.0,scolv:odsimonds,unknown,man_confirm,manual,aka2026tgijiv,aka2026tgijiv
matched,onsite,2026-09-28 21:14:17.00,2026-09-28 21:14:17.58,0.581,58.15614318847656,58.156,-155.4114532470703,-155.411,0.030993115334107497,5.939445972442627,5.9,0.0394459724426266,0.6505569358349441,0.7,0.04944306416505584,12,12.0,scolv:odsimonds,unknown,man_confirm,manual,aka2026tgikit,aka2026tgikit
matched,onsite,2026-09-28 21:22:37.00,2026-09-28 21:22:37.09,0.091,61.3457260131836,61.346,-150.63507080078125,-150.635,0.030698945878534608,57.08786392211914,57.1,0.012136077880860796,2.6907300105697325,2.7,0.009269989430267689,136,136.0,scolv:odsimonds,unknown,man_confirm,manual,aka2026tgirii,aka2026tgirii
matched,onsite,2026-09-28 21:54:16.00,2026-09-28 21:54:16.35,0.352,64.75704956054688,64.757,-147.41531372070312,-147.415,0.015864539926141872,4.226407051086426,4.2,0.026407051086425604,1.3438342968071335,1.3,0.043834296807133466,34,34.0,scolv:odsimonds,unknown,man_confirm,manual,aka2026tgjszx,aka2026tgjszx
matched,onsite,2026-09-28 22:09:31.00,2026-09-28 22:09:31.12,0.127,61.87069320678711,61.871,-147.83338928222656,-147.833,0.03975211600253303,38.48796463012695,38.5,0.012035369873046875,1.64860799443578,1.6,0.04860799443578001,31,31.0,scolv:odsimonds,unknown,man_confirm,manual,aka2026tgkgfi,aka2026tgkgfi
matched,onsite,2026-09-28 22:17:19.00,2026-09-28 22:17:19.16,0.164,53.94973373413086,53.95,-166.59478759765625,-166.595,0.032707535704734704,14.738027572631836,14.7,0.03802757263183665,2.084835059700333,2.1,0.015164940299666974,36,36.0,scolv:odsimonds,unknown,man_confirm,manual,aka2026tgkmzr,aka2026tgkmzr
matched,onsite,2026-09-28 22:29:31.00,2026-09-28 22:29:31.10,0.108,51.39760589599609,51.3963,178.75018310546875,178.7348,1.077065033063169,40.32669448852539,35.0,5.326694488525391,3.137659194998375,3.0,0.13765919499837498,51,52.0,scolv:odsimonds,unknown,man_confirm,manual,aka2026tgkxkv,us6000tyhm
matched,onsite,2026-09-28 22:39:34.00,2026-09-28 22:39:34.66,0.665,51.88584136962891,51.886,-175.65953063964844,-175.66,0.0367265550412998,79.6014404296875,79.6,0.0014404296875056843,2.047409633084123,2.0,0.04740963308412294,22,22.0,scolv:odsimonds,unknown,man_confirm,manual,aka2026tglgia,aka2026tglgia
matched,onsite,2026-09-28 22:47:18.00,2026-09-28 22:47:18.46,0.461,60.78416442871094,60.784,-151.98431396484375,-151.984,0.02499325038277877,92.94071197509766,92.9,0.040711975097650566,1.356940314500325,1.4,0.04305968549967498,15,15.0,scolv:odsimonds,unknown,man_confirm,manual,aka2026tglmyh,aka2026tglmyh
matched,onsite,2026-09-28 22:53:10.00,2026-09-28 22:53:10.78,0.787,52.26486968994141,52.265,-169.27305603027344,-169.273,0.014983116967490712,20.50482940673828,20.5,0.00482940673828125,2.5140929745689347,2.5,0.014092974568934657,15,15.0,scolv:odsimonds,unknown,man_confirm,manual,aka2026tglryr,aka2026tglryr
matched,onsite,2026-09-28 23:11:34.00,2026-09-28 23:11:34.84,0.849,64.96914672851562,64.969,-147.45077514648438,-147.451,0.019444918991800005,1.7266653776168823,1.7,0.02666537761688237,1.2309146106614972,1.2,0.030914610661497255,23,23.0,scolv:odsimonds,unknown,man_confirm,manual,aka2026tgmiar,aka2026tgmiar
matched,onsite,2026-09-28 23:14:52.00,2026-09-28 23:14:52.11,0.114,52.32350158691406,52.2891,178.389892578125,178.3674,4.119633786273602,156.2740020751953,155.908,0.36600207519532546,2.225223201123324,2.9,0.674776798876676,18,23.0,scolv:odsimonds,unknown,man_confirm,manual,aka2026tgmkxv,us6000tyht
matched,onsite,2026-09-28 23:31:27.00,2026-09-28 23:31:27.52,0.521,53.94384002685547,53.944,-166.59249877929688,-166.592,0.03717549441904081,14.605324745178223,14.6,0.0053247451782230115,2.0412460220223467,2.0,0.04124602202234673,31,31.0,scolv:odsimonds,unknown,man_confirm,manual,aka2026tgmzgs,aka2026tgmzgs
matched,onsite,2026-09-28 23:35:36.00,2026-09-28 23:35:36.97,0.973,57.69369888305664,57.694,-155.71116638183594,-155.711,0.034912102634008964,17.049551010131836,17.0,0.04955101013183594,1.606970318166083,1.6,0.006970318166082956,33,33.0,scolv:odsimonds,unknown,man_confirm,manual,aka2026tgncwg,aka2026tgncwg
matched,onsite,2026-09-28 23:41:38.00,2026-09-28 23:41:38.65,0.65,62.07206726074219,62.072,-149.89358520507812,-149.894,0.02286031500610933,45.25789260864258,45.3,0.04210739135741903,1.695823479181389,1.7,0.004176520818610863,60,60.0,scolv:odsimonds,unknown,man_confirm,manual,aka2026tgnich,aka2026tgnich
matched,onsite,2026-09-29 00:31:11.00,2026-09-29 00:31:11.35,0.359,51.87052154541016,51.871,-176.804931640625,-176.805,0.05340833418075033,84.04105377197266,84.0,0.04105377197265625,1.7905685933386672,1.8,0.009431406661332797,27,27.0,scolv:abakken,unknown,man_confirm,manual,aka2026tgozat,aka2026tgozat
matched,onsite,2026-09-29 00:44:16.00,2026-09-29 00:44:16.77,0.772,53.39624404907227,53.396,-165.3404083251953,-165.34,0.03833249386213057,6.497831344604492,6.5,0.0021686553955078125,2.882296974775045,2.9,0.017703025224955038,59,59.0,scolv:abakken,unknown,man_confirm,manual,aka2026tgpkkt,aka2026tgpkkt
matched,onsite,2026-09-29 00:44:26.00,2026-09-29 00:44:26.56,0.569,58.81967544555664,58.82,-157.62892150878906,-157.629,0.03637059733074418,3.3541996479034424,3.4,0.04580035209655753,2.19167016065232,2.2,0.008329839347680057,50,50.0,scolv:abakken,unknown,man_confirm,manual,aka2026tgpkof,aka2026tgpkof
matched,onsite,2026-09-29 00:47:41.00,2026-09-29 00:47:41.45,0.452,56.44607162475586,56.446,-150.01844787597656,-150.018,0.028655428175700385,5.0,5.0,0.0,2.929857151855662,2.9,0.029857151855662067,28,28.0,scolv:abakken,unknown,man_confirm,manual,aka2026tgpnbe,aka2026tgpnbe
matched,onsite,2026-09-29 01:05:23.00,2026-09-29 01:05:23.85,0.858,51.83599853515625,51.836,-169.20240783691406,-169.202,0.028022523262192366,7.976572513580322,8.0,0.023427486419677734,2.733542356247878,2.7,0.0335423562478776,15,15.0,scolv:abakken,unknown,man_confirm,manual,aka2026tgqcsr,aka2026tgqcsr
matched,onsite,2026-09-29 01:28:20.00,2026-09-29 01:28:20.35,0.354,51.6713752746582,51.671,179.0376739501953,179.038,0.04740073355088447,81.67424774169922,81.7,0.025752258300784092,2.5744436540301305,2.6,0.025556345969869554,34,34.0,scolv:abakken,unknown,man_confirm,manual,aka2026tgqwha,aka2026tgqwha
matched,onsite,2026-09-29 01:38:24.00,2026-09-29 01:38:24.63,0.633,51.92774200439453,51.928,-169.1442413330078,-169.144,0.033118311807736646,7.213763236999512,7.2,0.013763236999511541,2.805394907958211,2.8,0.005394907958211181,18,18.0,scolv:abakken,unknown,man_confirm,manual,aka2026tgrfpp,aka2026tgrfpp
matched,onsite,2026-09-29 01:47:09.00,2026-09-29 01:47:09.22,0.228,55.03194808959961,55.032,-160.5244903564453,-160.524,0.03177803726021324,11.737671852111816,11.7,0.03767185211181712,2.5550387358813773,2.6,0.04496126411862278,27,27.0,scolv:abakken,unknown,man_confirm,manual,aka2026tgrmyb,aka2026tgrmyb
matched,onsite,2026-09-29 02:09:28.00,2026-09-29 02:09:28.82,0.829,61.56090545654297,61.561,-149.78578186035156,-149.786,0.015618907337890335,57.95251083374023,58.0,0.04748916625977273,1.6468058212407002,1.6,0.046805821240700096,28,28.0,scolv:abakken,unknown,man_confirm,manual,aka2026tgsggy,aka2026tgsggy
matched,onsite,2026-09-29 02:14:16.00,2026-09-29 02:14:16.65,0.658,62.51153182983398,62.512,-149.797119140625,-149.797,0.05241603694824006,69.03617095947266,69.0,0.03617095947265625,1.824820369221034,1.8,0.024820369221034033,66,66.0,scolv:abakken,unknown,man_confirm,manual,aka2026tgsklo,aka2026tgsklo
matched,onsite,2026-09-29 02:26:32.00,2026-09-29 02:26:32.34,0.341,64.79388427734375,64.7884,-140.5591278076172,-140.7479,8.961031516389331,13.99932861328125,8.676,5.32332861328125,2.9888619101643377,3.0,0.011138089835662335,28,32.0,scolv:abakken,unknown,man_confirm,manual,aka2026tgsvbw,us6000ty9x
matched,onsite,2026-09-29 02:47:50.00,2026-09-29 02:47:50.89,0.896,61.05508422851562,61.055,-150.8946075439453,-150.895,0.0231035037801103,59.96517562866211,60.0,0.034824371337890625,1.676018862042658,1.7,0.023981137957342025,54,54.0,scolv:abakken,unknown,man_confirm,manual,aka2026tgtnnx,aka2026tgtnnx
matched,onsite,2026-09-29 03:00:31.00,2026-09-29 03:00:31.63,0.634,60.49458312988281,60.495,-149.7501983642578,-149.75,0.04760974023188165,6.32290506362915,6.3,0.022905063629150568,1.8510179777879319,1.9,0.048982022212068044,63,63.0,scolv:abakken,unknown,man_confirm,manual,aka2026tgtynz,aka2026tgtynz
matched,onsite,2026-09-29 03:03:35.00,2026-09-29 03:03:35.99,0.99,62.24021530151367,62.24,-150.057373046875,-150.057,0.03076401331885959,62.04846954345703,62.0,0.04846954345703125,2.2452183526651064,2.2,0.04521835266510621,113,113.0,scolv:abakken,unknown,man_confirm,manual,aka2026tgubfh,aka2026tgubfh
matched,onsite,2026-09-29 03:47:45.00,2026-09-29 03:47:45.74,0.74,53.3644905090332,53.364,-165.78892517089844,-165.789,0.054767644562985225,16.81379508972168,16.8,0.013795089721678977,2.709801014531866,2.7,0.009801014531865881,54,54.0,scolv:abakken,unknown,man_confirm,manual,aka2026tgvnpx,aka2026tgvnpx
matched,onsite,2026-09-29 04:26:48.00,2026-09-29 04:26:48.18,0.187,57.42337799072266,57.423,-153.98611450195312,-153.986,0.04258604040345055,29.07325553894043,29.1,0.026744461059571734,1.97261127703186,2.0,0.02738872296813999,21,21.0,scolv:abakken,unknown,man_confirm,manual,aka2026tgwvca,aka2026tgwvca
matched,onsite,2026-09-29 04:37:46.00,2026-09-29 04:37:46.66,0.667,61.60951614379883,61.61,-150.63531494140625,-150.635,0.05632007770575596,57.79127502441406,57.8,0.008724975585934658,1.6587848150672626,1.7,0.04121518493273735,42,42.0,scolv:abakken,unknown,man_confirm,manual,aka2026tgxewd,aka2026tgxewd
matched,onsite,2026-09-29 04:49:36.00,2026-09-29 04:49:36.59,0.59,62.0405044555664,62.041,-150.78797912597656,-150.788,0.05511277173576467,5.406706809997559,5.4,0.0067068099975582385,1.574653305866791,1.6,0.025346694133209002,47,47.0,scolv:abakken,unknown,man_confirm,manual,aka2026tgxpdh,aka2026tgxpdh
matched,onsite,2026-09-29 05:45:25.00,2026-09-29 05:45:25.48,0.484,61.08592987060547,61.086,-151.1657257080078,-151.166,0.016681467326528046,66.00140380859375,66.0,0.00140380859375,1.5114548387160225,1.5,0.011454838716022486,45,45.0,scolv:abakken,unknown,man_confirm,manual,aka2026tgzlnj,aka2026tgzlnj
matched,onsite,2026-09-29 06:01:40.00,2026-09-29 06:01:40.92,0.927,61.21892547607422,61.219,-147.17312622070312,-147.173,0.010692588040858602,8.509599685668945,8.5,0.009599685668945312,1.3472117178291614,1.3,0.04721171782916134,26,26.0,scolv:abakken,unknown,man_confirm,manual,aka2026tgzzpk,aka2026tgzzpk
matched,onsite,2026-09-29 06:31:44.00,2026-09-29 06:31:44.99,0.993,61.12545013427734,61.125,-147.5202178955078,-147.52,0.0514019329095201,10.9613618850708,11.0,0.03863811492919922,1.216661386948161,1.2,0.016661386948161105,17,17.0,scolv:abakken,unknown,man_confirm,manual,aka2026thazru,aka2026thazru
matched,onsite,2026-09-29 07:01:21.00,2026-09-29 07:01:21.64,0.649,61.66165542602539,61.662,-149.92324829101562,-149.923,0.04049413385058382,32.560516357421875,32.6,0.03948364257812642,2.1313180406842265,2.1,0.03131804068422639,112,112.0,scolv:abakken,unknown,man_confirm,manual,aka2026thbzin,aka2026thbzin
matched,onsite,2026-09-29 07:06:13.00,2026-09-29 07:06:13.33,0.333,51.15668487548828,51.157,179.04734802246094,179.047,0.04262524645717875,33.050048828125,33.1,0.04995117187500142,2.663150773492144,2.7,0.03684922650785616,35,35.0,scolv:abakken,unknown,man_confirm,manual,aka2026thcdom,aka2026thcdom
matched,onsite,2026-09-29 07:07:29.00,2026-09-29 07:07:29.23,0.233,53.94425201416016,53.944,-166.59280395507812,-166.593,0.030820313224461507,13.291387557983398,13.3,0.008612442016602273,1.7570814473707164,1.8,0.04291855262928368,28,28.0,scolv:abakken,unknown,man_confirm,manual,aka2026thcern,aka2026thcern
matched,onsite,2026-09-29 07:08:47.00,2026-09-29 07:08:47.18,0.183,59.95241928100586,59.952,-141.0166473388672,-141.017,0.050588059769962314,0.300362229347229,0.3,0.000362229347229015,1.834120500393581,1.8,0.034120500393580944,32,32.0,scolv:abakken,unknown,man_confirm,manual,aka2026thcfup,aka2026thcfup
matched,onsite,2026-09-29 07:09:42.00,2026-09-29 07:09:42.88,0.885,62.30827713012695,62.308,-150.45947265625,-150.459,0.03932084233834889,1.1866062879562378,1.2,0.013393712043762163,2.0313702320946603,2.0,0.03137023209466028,69,69.0,scolv:abakken,unknown,man_confirm,manual,aka2026thcgpn,aka2026thcgpn
matched,onsite,2026-09-29 07:19:41.00,2026-09-29 07:19:41.34,0.346,60.06618118286133,60.066,-152.66490173339844,-152.665,0.020871400479074344,102.24890899658203,102.2,0.04890899658202841,1.6497783065890492,1.6,0.04977830658904914,49,49.0,scolv:abakken,unknown,man_confirm,manual,aka2026thcpft,aka2026thcpft
matched,onsite,2026-09-29 07:22:17.00,2026-09-29 07:22:17.69,0.695,61.2489242553711,61.249,-150.27120971679688,-150.271,0.014026862028125768,45.85226440429688,45.9,0.047735595703116473,1.8140981325266965,1.8,0.01409813252669645,73,73.0,scolv:abakken,unknown,man_confirm,manual,aka2026thcrlf,aka2026thcrlf
matched,onsite,2026-09-29 07:39:12.00,2026-09-29 07:39:12.21,0.218,59.13786697387695,59.138,-152.0622100830078,-152.062,0.01903664240736426,63.68486022949219,63.7,0.015139770507815342,1.883711841013805,1.9,0.016288158986194956,25,25.0,scolv:abakken,unknown,man_confirm,manual,aka2026thdgem,aka2026thdgem
matched,onsite,2026-09-29 07:40:16.00,2026-09-29 07:40:16.23,0.235,52.29225921630859,52.292,-175.1498260498047,-175.15,0.031156971314697187,242.1317138671875,242.1,0.031713867187505684,2.112168979913896,2.1,0.012168979913895761,24,24.0,scolv:abakken,unknown,man_confirm,manual,aka2026thdhig,aka2026thdhig
root_only,onsite,2026-09-29 08:05:29.00,,,51.5452995300293,,-178.1905059814453,,,5.0,,,1.6850216037943828,,,14,,scanloc_state:AEC,,auto_confirm,,aka2026thecye,
matched,onsite,2026-09-29 08:17:47.00,2026-09-29 08:17:48.08,1.081,57.67276000976562,57.678,-154.5018768310547,-154.489,0.9621208014253418,62.03133392333984,58.8,3.2313339233398395,2.6083905128811016,2.5,0.10839051288110158,72,70.0,scanloc_state:AEC,unknown,auto_confirm,automatic,aka2026thenke,aka2026thenke
root_only,onsite,2026-09-29 08:18:04.00,,,54.5763053894043,,-161.5175018310547,,,5.0,,,2.320760168731794,,,10,,scanloc_state:AEC,,auto_confirm,,aka2026thenwt,
matched,onsite,2026-09-29 08:19:41.00,2026-09-29 08:19:41.05,0.055,62.10436630249023,62.105,-151.55018615722656,-151.552,0.11776842464892609,77.7721939086914,78.0,0.22780609130859375,1.9701847938148653,1.9,0.07018479381486542,47,46.0,scanloc_state:AEC,unknown,auto_confirm,automatic,aka2026thepgr,aka2026thepgr
matched,onsite,2026-09-29 08:46:02.00,2026-09-29 08:46:02.27,0.272,65.0051498413086,64.984,-141.3422088623047,-141.346,2.3584962616214367,0.6570367217063904,2.1,1.4429632782936097,1.8198053966982684,1.7,0.1198053966982684,23,14.0,scanloc_state:AEC,unknown,auto_confirm,automatic,aka2026thfmdb,aka2026thfmdb
root_only,onsite,2026-09-29 09:11:53.00,,,51.23884201049805,,-176.31396484375,,,15.523224830627441,,,2.56881624015098,,,41,,scanloc_state:AEC,,auto_confirm,,aka2026thgilm,
matched,onsite,2026-09-29 09:20:27.00,2026-09-29 09:20:26.80,0.197,58.28056335449219,58.283,-155.0067596435547,-154.985,1.3006002852192127,5.0,5.0,0.0,0.9078100419942763,0.8,0.10781004199427624,13,6.0,scanloc_state:AEC,unknown,auto_confirm,automatic,aka2026thgpyt,aka2026thgpyt
matched,onsite,2026-09-29 09:44:46.00,2026-09-29 09:44:46.30,0.301,58.3042984008789,58.29,-154.95664978027344,-154.988,2.4256534899658377,5.0,5.0,0.0,0.8556647949784313,0.9,0.044335205021568735,13,6.0,scanloc_state:AEC,unknown,auto_confirm,automatic,aka2026thhlbd,aka2026thhlbd
root_only,onsite,2026-09-29 09:55:11.00,,,51.83660888671875,,178.84327697753906,,,109.19523620605469,,,1.698528755428352,,,8,,scanloc_state:AEC,,auto_confirm,,aka2026thhueo,
matched,onsite,2026-09-29 09:57:41.00,2026-09-29 09:57:41.02,0.02,53.93997192382812,53.945166666667,-166.59378051757812,-166.57966666667,1.089469092497897,14.692842483520508,10.5,4.192842483520508,1.2423683120310767,0.55,0.6923683120310766,13,19.0,scanloc_state:AEC,unknown,auto_confirm,manual,aka2026thhwgw,av93067504
matched,onsite,2026-09-29 10:14:35.00,2026-09-29 10:14:35.59,0.593,58.1948127746582,58.195,-136.8332061767578,-136.833,0.02407072900021173,8.030189514160156,8.0,0.03018951416015625,2.913707466952699,3.2,0.28629253304730096,23,23.0,scanloc_state:AEC,unknown,auto_confirm,automatic,aka2026thikql,aka2026thikql
matched,onsite,2026-09-29 10:22:49.00,2026-09-29 10:22:49.15,0.156,61.54370498657227,61.544,-149.84568786621094,-149.846,0.03673688477252261,68.94144439697266,69.0,0.05855560302734375,1.861068343220735,1.9,0.0389316567792648,46,46.0,scanloc_state:AEC,unknown,auto_confirm,automatic,aka2026thisbh,aka2026thisbh
matched,onsite,2026-09-29 10:24:34.00,2026-09-29 10:24:37.59,3.599,54.52182388305664,54.66,-161.40142822265625,-161.5901,19.591493644802142,11.185226440429688,49.875,38.68977355957031,3.855794285024332,4.0,0.14420571497566792,230,41.0,scolv:afozkos,unknown,man_confirm,manual,aka2026thitnz,us6000tybl
matched,onsite,2026-09-29 10:26:03.00,2026-09-29 10:26:03.08,0.088,59.16204071044922,59.162,-153.11709594726562,-153.117,0.0070994109211449915,74.49867248535156,74.5,0.0013275146484375,2.641750256260196,2.5,0.14175025626019622,55,55.0,scanloc_state:AEC,unknown,auto_confirm,automatic,aka2026thiuub,aka2026thiuub
root_only,onsite,2026-09-29 11:14:33.00,,,51.32701110839844,,-176.05029296875,,,22.756975173950195,,,2.514498618108457,,,39,,scanloc_state:AEC,,auto_confirm,,aka2026thkkvm,
root_only,onsite,2026-09-29 11:19:48.00,,,51.31703948974609,,-176.08316040039062,,,16.693668365478516,,,2.1992937220105624,,,22,,scanloc_state:AEC,,auto_confirm,,aka2026thkpni,
matched,onsite,2026-09-29 11:39:45.00,2026-09-29 11:39:45.31,0.314,61.74880599975586,61.749,-149.4761505126953,-149.476,0.022980438473013245,12.718476295471191,12.7,0.018476295471192117,1.1512391847659886,1.1,0.051239184765988544,8,8.0,scanloc_state:AEC,unknown,auto_confirm,automatic,aka2026thlgth,aka2026thlgth
matched,onsite,2026-09-29 12:23:28.00,2026-09-29 12:23:28.72,0.728,64.02483367919922,64.024,-147.40719604492188,-147.41,0.16505042928533523,5.0,5.0,0.0,1.4048314578078707,1.2,0.2048314578078707,29,22.0,scanloc_state:AEC,unknown,auto_confirm,automatic,aka2026thmsqy,aka2026thmsqy
matched,onsite,2026-09-29 12:27:05.00,2026-09-29 12:27:04.05,0.95,54.10973358154297,54.113333333333,-165.99021911621094,-165.97983333333,0.7864626850602223,4.744367122650146,6.06,1.315632877349854,1.6106577369656918,0.81,0.8006577369656918,13,20.0,scanloc_state:AEC,unknown,auto_confirm,manual,aka2026thmvul,av93067464
matched,onsite,2026-09-29 12:36:25.00,2026-09-29 12:36:25.00,0.009,58.18254852294922,58.185,-155.24659729003906,-155.29,2.558895655021846,5.0,5.0,0.0,0.8942167296041448,0.9,0.0057832703958552445,13,10.0,scanloc_state:AEC,unknown,auto_confirm,automatic,aka2026thndwq,aka2026thndwq
matched,onsite,2026-09-29 13:17:20.00,2026-09-29 13:17:20.83,0.834,62.19436645507812,62.194,-148.64918518066406,-148.649,0.041864741665484845,34.75331497192383,34.8,0.04668502807616903,1.603915581052919,1.6,0.003915581052919004,25,25.0,scanloc_state:AEC,unknown,auto_confirm,automatic,aka2026thonjf,aka2026thonjf
matched,onsite,2026-09-29 14:07:43.00,2026-09-29 14:07:43.21,0.21,61.50543212890625,61.505,-146.59690856933594,-146.597,0.0482947183201305,2.78580379486084,2.8,0.014196205139159979,1.992332081830395,2.0,0.0076679181696051035,67,67.0,scanloc_state:AEC,unknown,auto_confirm,automatic,aka2026thqfau,aka2026thqfau
matched,onsite,2026-09-29 14:26:48.00,2026-09-29 14:26:48.17,0.175,58.28128814697266,58.281,-155.0087127685547,-155.009,0.03617398821617681,5.0,5.0,0.0,0.728730181570639,0.7,0.028730181570639002,10,10.0,scanloc_state:AEC,unknown,auto_confirm,automatic,aka2026thqvpb,aka2026thqvpb
root_only,onsite,2026-09-29 14:32:08.00,,,51.60952758789062,,-176.28515625,,,69.73005676269531,,,1.8081039961081187,,,12,,scanloc_state:AEC,,auto_confirm,,aka2026thrafk,
matched,onsite,2026-09-29 14:36:20.00,2026-09-29 14:36:20.73,0.739,62.51392364501953,62.513,-150.81454467773438,-150.814,0.10644075269452552,80.58724212646484,80.7,0.11275787353515909,2.063112530524522,2.0,0.06311253052452193,71,68.0,scanloc_state:AEC,unknown,auto_confirm,automatic,aka2026thrdwf,aka2026thrdwf
matched,onsite,2026-09-29 14:40:27.00,2026-09-29 14:40:27.66,0.667,58.2726058959961,58.273,-154.9794464111328,-154.979,0.051007896140325776,3.8005032539367676,3.8,0.0005032539367677558,1.3084207666650296,1.3,0.008420766665029555,22,22.0,scanloc_state:AEC,unknown,auto_confirm,automatic,aka2026thrhkz,aka2026thrhkz
matched,onsite,2026-09-29 14:43:19.00,2026-09-29 14:43:19.79,0.79,52.0673942565918,52.084833333333,-175.44790649414062,-175.47316666667,2.596240893594116,17.56601333618164,14.26,3.306013336181641,1.7919697075245642,1.32,0.47196970752456413,9,10.0,scanloc_state:AEC,unknown,auto_confirm,manual,aka2026thrjxp,av93067549
matched,onsite,2026-09-29 14:45:11.00,2026-09-29 14:45:11.39,0.394,61.59285736083984,61.593,-152.2692108154297,-152.264,0.2761032292584982,133.51316833496094,132.9,0.6131683349609318,2.1094416598924375,2.1,0.009441659892437393,64,63.0,scanloc_state:AEC,unknown,auto_confirm,automatic,aka2026thrlmk,aka2026thrlmk
matched,onsite,2026-09-29 16:03:54.00,2026-09-29 16:03:54.08,0.082,61.52319717407227,61.521,-146.59249877929688,-146.591,0.25691310707829285,43.18359375,44.2,1.0164062500000028,1.2974764792400435,1.3,0.0025235207599565435,21,20.0,scanloc_state:AEC,unknown,auto_confirm,automatic,aka2026thubtz,aka2026thubtz
root_only,onsite,2026-09-29 16:05:26.00,,,51.10700607299805,,-178.47518920898438,,,20.430540084838867,,,2.7731626677187955,,,46,,scanloc_state:AEC,,auto_confirm,,aka2026thuddl,
root_only,onsite,2026-09-29 16:11:59.00,,,51.35036468505859,,-177.48374938964844,,,27.748491287231445,,,2.652007236741949,,,48,,scanloc_state:AEC,,auto_confirm,,aka2026thuiug,
matched,onsite,2026-09-29 17:08:11.00,2026-09-29 17:08:11.57,0.572,58.17665100097656,58.177,-155.3263397216797,-155.326,0.04362040966716209,5.0,5.0,0.0,0.7974128496229297,0.8,0.0025871503770703574,10,10.0,scanloc_state:AEC,unknown,auto_confirm,automatic,aka2026thwepl,aka2026thwepl
matched,onsite,2026-09-29 17:30:56.00,2026-09-29 17:30:56.97,0.979,57.54956817626953,57.55,-155.90447998046875,-155.904,0.05590787019387749,5.0,5.0,0.0,1.815203053869269,1.8,0.015203053869268901,28,28.0,scanloc_state:AEC,unknown,auto_confirm,automatic,aka2026thwzfz,aka2026thwzfz
matched,onsite,2026-09-29 18:13:46.00,2026-09-29 18:13:46.32,0.322,58.12339782714844,58.123,-153.16465759277344,-153.165,0.04859148801634592,48.12894821166992,48.1,0.028948211669920454,1.953227127361959,1.9,0.053227127361959115,26,26.0,scanloc_state:AEC,unknown,auto_confirm,automatic,aka2026thykim,aka2026thykim
matched,onsite,2026-09-29 18:15:21.00,2026-09-29 18:15:21.43,0.438,60.37210464477539,60.374,-151.67701721191406,-151.677,0.2107560088552016,70.41251373291016,70.6,0.18748626708983807,2.186924694288972,2.1,0.08692469428897187,88,85.0,scanloc_state:AEC,unknown,auto_confirm,automatic,aka2026thylub,aka2026thylub
matched,onsite,2026-09-29 20:39:45.00,2026-09-29 20:39:45.99,0.994,61.29587936401367,61.296,-152.3487091064453,-152.349,0.020525175290304787,2.3672142028808594,2.4,0.032785797119140536,0.4546908004460546,0.4,0.054690800446054566,9,9.0,scanloc_state:AEC,unknown,auto_confirm,automatic,aka2026tidgzc,aka2026tidgzc
matched,onsite,2026-09-29 21:07:43.00,2026-09-29 21:07:43.12,0.123,60.02396774291992,60.024,-152.04403686523438,-152.044,0.00413039094373326,53.93120193481445,53.9,0.031201934814454546,1.3672639866504832,1.4,0.0327360133495167,5,5.0,scanloc_state:AEC,unknown,auto_confirm,automatic,aka2026tiefdx,aka2026tiefdx
root_only,onsite,2026-09-29 22:53:21.00,,,61.37686538696289,,-140.27684020996094,,,4.871431827545166,,,1.5853131597306271,,,17,,scanloc_state:AEC,,auto_confirm,,aka2026tihsvo,
matched,onsite,2026-09-29 22:59:28.00,2026-09-29 22:59:28.78,0.78,55.79222869873047,55.792,-159.9434051513672,-159.943,0.03589108778437452,5.0,5.0,0.0,1.9920268334160145,2.2,0.20797316658398568,8,8.0,scanloc_state:AEC,unknown,auto_confirm,automatic,aka2026tihycs,aka2026tihycs
matched,onsite,2026-09-29 23:02:27.00,2026-09-29 23:02:27.75,0.752,64.95942687988281,64.953,-147.4984893798828,-147.476,1.2772184148849937,4.374938011169434,5.1,0.725061988830566,1.0909650575686531,1.1,0.009034942431346948,17,15.0,scanloc_state:AEC,unknown,auto_confirm,automatic,aka2026tiiart,aka2026tiiart
matched,onsite,2026-09-29 23:14:16.00,2026-09-29 23:14:16.12,0.12,60.68252563476562,60.686,-152.37014770507812,-152.357,0.8134074074463499,104.2074966430664,104.7,0.4925033569335966,1.6069595542729223,1.5,0.10695955427292225,41,40.0,scanloc_state:AEC,unknown,auto_confirm,automatic,aka2026tiikly,aka2026tiikly
root_only,onsite,2026-09-29 23:30:50.00,,,60.89971542358398,,-140.42642211914062,,,5.0,,,1.2718609370377372,,,5,,scanloc_state:AEC,,auto_confirm,,aka2026tiizes,
matched,onsite,2026-09-30 00:08:03.00,2026-09-30 00:08:03.68,0.684,65.87574005126953,65.876,-146.87319946289062,-146.873,0.030293101233274264,6.190845966339111,6.2,0.00915403366088885,1.213144750576587,1.0,0.2131447505765871,6,6.0,scanloc_state:AEC,unknown,auto_confirm,automatic,aka2026tikfou,aka2026tikfou
matched,onsite,2026-09-30 00:23:16.00,2026-09-30 00:23:16.29,0.296,57.53826141357422,57.538,-155.83631896972656,-155.836,0.03474687664919789,5.0,5.0,0.0,1.589410149175921,1.5,0.08941014917592094,7,7.0,scanloc_state:AEC,unknown,auto_confirm,automatic,aka2026tikstr,aka2026tikstr
matched,onsite,2026-09-30 00:27:34.00,2026-09-30 00:27:34.16,0.162,60.04391479492188,60.044,-153.06216430664062,-153.062,0.013152599341995539,5.0,5.0,0.0,0.44765453165998864,0.5,0.05234546834001136,6,6.0,scanloc_state:AEC,unknown,auto_confirm,automatic,aka2026tikwmo,aka2026tikwmo
matched,onsite,2026-09-30 00:48:23.00,2026-09-30 00:48:23.56,0.56,52.36304473876953,52.344833333333,-174.1981658935547,-174.17983333333,2.377160496988731,4.278698921203613,1.04,3.2386989212036132,1.3724877798481978,0.35,1.022487779848198,6,9.0,scanloc_state:AEC,unknown,auto_confirm,manual,aka2026tilooe,av94455051
matched,onsite,2026-09-30 00:49:31.00,2026-09-30 00:49:31.91,0.911,63.22776412963867,63.233,-150.5633544921875,-150.572,0.7255616976273072,122.42603302001953,122.0,0.42603302001953125,1.9669096202223832,1.9,0.06690962022238334,52,50.0,scanloc_state:AEC,unknown,auto_confirm,automatic,aka2026tilpqd,aka2026tilpqd
matched,onsite,2026-09-30 01:59:51.00,2026-09-30 01:59:51.13,0.136,64.5519790649414,64.552,-146.5795440673828,-146.58,0.021908286233613544,5.0,5.0,0.0,0.8844601164232825,0.8,0.08446011642328244,11,11.0,scanloc_state:AEC,unknown,auto_confirm,automatic,aka2026tinymu,aka2026tinymu
matched,onsite,2026-09-30 02:16:30.00,2026-09-30 02:16:30.05,0.052,63.15835189819336,63.158,-142.92698669433594,-142.927,0.03913499610381728,2.336890697479248,2.3,0.036890697479248225,1.504378893733114,1.4,0.10437889373311404,13,13.0,scanloc_state:AEC,unknown,auto_confirm,automatic,aka2026tiomyi,aka2026tiomyi
matched,onsite,2026-09-30 02:27:22.00,2026-09-30 02:27:22.67,0.678,58.98962783813477,58.986,-153.93646240234375,-153.927,0.6757231009298308,13.547124862670898,13.7,0.15287513732910085,2.415763641313788,2.4,0.015763641313788046,96,93.0,scanloc_state:AEC,unknown,auto_confirm,automatic,aka2026tiowjc,aka2026tiowjc
root_only,onsite,2026-09-30 02:27:34.00,,,53.51077270507812,,-167.0472412109375,,,105.53237915039062,,,2.2839656568436855,,,43,,scanloc_state:AEC,,auto_confirm,,aka2026tiowpb,
matched,onsite,2026-09-30 02:32:48.00,2026-09-30 02:32:48.77,0.779,64.62568664550781,64.622,-151.06842041015625,-151.087,0.9756809857202313,14.966848373413086,17.5,2.533151626586914,1.5556892288932482,1.5,0.05568922889324823,26,19.0,scanloc_state:AEC,unknown,auto_confirm,automatic,aka2026tipbcb,aka2026tipbcb
root_only,onsite,2026-09-30 02:51:48.00,,,51.49517440795898,,178.28857421875,,,50.86559295654297,,,2.792750038784235,,,25,,scanloc_state:AEC,,auto_confirm,,aka2026tiprol,
root_only,onsite,2026-09-30 03:27:27.00,,,51.94229125976562,,-178.53060913085938,,,5.0,,,1.697436547575154,,,6,,scanloc_state:AEC,,auto_confirm,,aka2026tiqwlu,
matched,onsite,2026-09-30 03:59:10.00,2026-09-30 03:59:10.35,0.35,58.29283142089844,58.291,-154.97454833984375,-154.981,0.4285344809534857,5.0,5.0,0.0,0.7632645516308797,0.7,0.06326455163087974,11,10.0,scanloc_state:AEC,unknown,auto_confirm,automatic,aka2026tirxyv,aka2026tirxyv
root_only,onsite,2026-09-30 04:45:13.00,,,51.78905487060547,,-169.37281799316406,,,2.0779433250427246,,,2.8889669908499576,,,20,,scanloc_state:AEC,,auto_confirm,,aka2026titluo,
matched,onsite,2026-09-30 04:52:42.00,2026-09-30 04:52:42.79,0.79,64.46263885498047,64.459,-146.9371795654297,-146.94,0.4266154752322179,5.0,5.0,0.0,1.2687149660056158,1.0,0.26871496600561584,29,22.0,scanloc_state:AEC,unknown,auto_confirm,automatic,aka2026titsjx,aka2026titsjx
root_only,onsite,2026-09-30 04:56:11.00,,,51.8319206237793,,-169.2869110107422,,,5.0,,,2.9528225483369823,,,23,,scanloc_state:AEC,,auto_confirm,,aka2026titvla,
matched,onsite,2026-09-30 04:58:48.00,2026-09-30 04:58:47.98,0.018,58.17544174194336,58.177,-155.3288116455078,-155.328,0.17968706276536175,5.0,5.0,0.0,0.6901690889484436,0.7,0.009830911051556313,12,9.0,scanloc_state:AEC,unknown,auto_confirm,automatic,aka2026titxrc,aka2026titxrc
root_only,onsite,2026-09-30 05:12:32.00,,,51.10146331787109,,-178.37510681152344,,,17.661914825439453,,,2.635577052810871,,,46,,scanloc_state:AEC,,auto_confirm,,aka2026tiujou,
matched,onsite,2026-09-30 05:15:15.00,2026-09-30 05:15:15.36,0.368,58.28078079223633,58.293,-154.9727020263672,-154.976,1.3723207535240873,5.0,5.0,0.0,0.8362966360538249,0.9,0.06370336394617515,16,12.0,scanloc_state:AEC,unknown,auto_confirm,automatic,aka2026tiulya,aka2026tiulya
matched,onsite,2026-09-30 05:19:02.00,2026-09-30 05:19:02.00,0.003,58.04813003540039,58.048,-155.78366088867188,-155.784,0.024642965518095528,14.99222469329834,15.0,0.007775306701660156,1.0014965067008414,1.0,0.001496506700841449,12,12.0,scanloc_state:AEC,unknown,auto_confirm,automatic,aka2026tiupgg,aka2026tiupgg
matched,onsite,2026-09-30 05:29:30.00,2026-09-30 05:29:30.32,0.327,61.56192398071289,61.558,-146.42620849609375,-146.428,0.4465213200140084,7.769774913787842,9.0,1.2302250862121582,1.769949518303592,1.6,0.16994951830359195,55,52.0,scanloc_state:AEC,unknown,auto_confirm,automatic,aka2026tiuyhu,aka2026tiuyhu
matched,onsite,2026-09-30 05:30:41.00,2026-09-30 05:30:41.76,0.764,57.63677978515625,57.637,-155.1053924560547,-155.105,0.03384166329532999,64.28868103027344,64.3,0.011318969726559658,1.9802566770502723,2.0,0.019743322949727693,51,51.0,scanloc_state:AEC,unknown,auto_confirm,automatic,aka2026tiuzhv,aka2026tiuzhv
matched,onsite,2026-09-21 02:09:18.00,2026-09-21 02:09:18.50,0.507,63.54165267944336,63.542,-151.209716796875,-151.21,0.04108992595589973,5.140626430511475,5.1,0.040626430511474965,1.804289669007825,1.8,0.004289669007824903,36,36.0,scolv:abakken,unknown,man_confirm,manual,aka2026srybpd,aka2026srybpd
matched,onsite,2026-09-21 10:24:00.00,2026-09-21 10:24:00.04,0.046,65.09009552001953,65.09,-155.77525329589844,-155.775,0.015923056886260657,2.3646485805511475,2.4,0.03535141944885245,2.241850455919896,2.2,0.04185045591989578,16,16.0,scolv:abakken,unknown,man_confirm,manual,aka2026ssoonh,aka2026ssoonh
matched,onsite,2026-09-21 11:19:48.00,2026-09-21 11:19:48.23,0.231,68.7601089477539,68.76,-148.13844299316406,-148.138,0.021568687842226177,4.985945701599121,5.0,0.014054298400878906,1.279625374354113,1.3,0.02037462564588699,12,12.0,scolv:abakken,unknown,man_confirm,manual,aka2026ssqkxh,aka2026ssqkxh
matched,onsite,2026-09-21 12:30:46.00,2026-09-21 12:30:46.99,0.994,67.52010345458984,67.52,-148.69949340820312,-148.699,0.02392508058522732,5.0,5.0,0.0,1.6191498099681638,1.6,0.019149809968163733,21,21.0,scolv:abakken,unknown,man_confirm,manual,aka2026sssull,aka2026sssull
matched,onsite,2026-09-30 06:34:01.00,2026-09-30 06:34:01.70,0.708,58.08342361450195,58.084,-156.42027282714844,-156.421,0.07703934937960888,2.1876983642578125,4.2,2.0123016357421877,1.9680582275149647,1.9,0.06805822751496482,53,52.0,scanloc_state:AEC,unknown,auto_confirm,automatic,aka2026tixcfs,aka2026tixcfs
matched,onsite,2026-09-28 22:25:39.00,2026-09-28 22:25:39.10,0.107,64.56706237792969,64.567,-152.1380157470703,-152.138,0.006976752530016609,3.2246384620666504,3.2,0.024638462066650213,1.551853176248854,1.6,0.048146823751145984,25,25.0,scolv:odsimonds,unknown,man_confirm,manual,aka2026tgkufi,aka2026tgkufi
matched,onsite,2026-09-30 07:10:46.00,2026-09-30 07:10:46.34,0.346,62.15106964111328,62.167,-150.0402069091797,-150.042,1.7738207885239299,14.552462577819824,16.3,1.7475374221801765,1.471314855152322,1.4,0.07131485515232217,21,19.0,scanloc_state:AEC,unknown,auto_confirm,automatic,aka2026tiygwf,aka2026tiygwf
root_only,onsite,2026-09-30 07:13:06.00,,,53.44122314453125,,-167.05624389648438,,,92.67198181152344,,,2.294897144079981,,,49,,scanloc_state:AEC,,auto_confirm,,aka2026tiykct,
matched,onsite,2026-09-30 07:29:49.00,2026-09-30 07:29:49.11,0.119,58.26065444946289,58.261,-155.13925170898438,-155.139,0.041147862041957695,5.0,5.0,0.0,0.7706705347591386,0.7,0.07067053475913865,11,11.0,scanloc_state:AEC,unknown,auto_confirm,automatic,aka2026tiyypp,aka2026tiyypp
matched,onsite,2026-09-30 07:33:56.00,2026-09-30 07:33:56.05,0.052,64.2326431274414,64.233,-148.5087127685547,-148.509,0.042041244026374436,15.930684089660645,15.9,0.030684089660644176,0.8837160474387055,0.8,0.08371604743870542,12,12.0,scanloc_state:AEC,unknown,auto_confirm,automatic,aka2026tizcep,aka2026tizcep
matched,onsite,2026-09-30 08:05:02.00,2026-09-30 08:05:02.29,0.294,58.25973892211914,58.268,-155.14854431152344,-155.168,1.462443994218329,5.0,0.7,4.3,0.604041002549293,0.6,0.004041002549293071,9,7.0,scanloc_state:AEC,unknown,auto_confirm,automatic,aka2026tjaddo,aka2026tjaddo
matched,onsite,2026-09-30 08:07:03.00,2026-09-30 08:07:03.66,0.661,64.42122650146484,64.424,-146.1227264404297,-146.122,0.31036444943000313,0.50497967004776,4.6,4.09502032995224,1.691808524011268,1.7,0.008191475988732044,52,43.0,scanloc_state:AEC,unknown,auto_confirm,automatic,aka2026tjaexe,aka2026tjaexe
matched,onsite,2026-09-30 08:08:34.00,2026-09-30 08:08:34.91,0.915,61.51618957519531,61.516,-151.36807250976562,-151.368,0.021427635765367388,9.695697784423828,9.7,0.0043022155761711645,0.7647556146525673,0.7,0.0647556146525673,6,6.0,scanloc_state:AEC,unknown,auto_confirm,automatic,aka2026tjagfl,aka2026tjagfl
matched,onsite,2026-09-30 08:22:22.00,2026-09-30 08:22:22.63,0.63,61.73106002807617,61.731,-150.17434692382812,-150.174,0.019451223470273758,5.0,5.0,0.0,2.4736415755379184,2.5,0.026358424462081587,94,94.0,scolv:aaholland3,unknown,man_confirm,manual,aka2026tjasea,aka2026tjasea
root_only,onsite,2026-09-30 08:38:36.00,,,51.87164306640625,,-177.90518188476562,,,25.20713233947754,,,1.3014125100319818,,,7,,scanloc_state:AEC,,auto_confirm,,aka2026tjbggi,
matched,onsite,2026-09-30 09:37:21.00,2026-09-30 09:37:21.29,0.291,59.20486068725586,59.205,-152.60508728027344,-152.605,0.016268228615021803,74.0450439453125,74.0,0.0450439453125,1.8991088558429838,1.9,0.0008911441570160772,51,51.0,scanloc_state:AEC,unknown,auto_confirm,automatic,aka2026tjdfed,aka2026tjdfed
matched,onsite,2026-09-30 10:08:47.00,2026-09-30 10:08:47.61,0.616,63.44884872436523,63.449,-147.63963317871094,-147.64,0.024806598051978494,0.1126081570982933,0.1,0.012608157098293299,1.6356423204465058,1.6,0.035642320446505726,45,44.0,scanloc_state:AEC,unknown,auto_confirm,automatic,aka2026tjeglo,aka2026tjeglo
matched,onsite,2026-09-30 10:31:47.00,2026-09-30 10:31:47.88,0.887,62.0494384765625,62.048,-147.6351776123047,-147.635,0.16021894334703418,20.391328811645508,20.8,0.4086711883544929,3.051376241962771,3.1,0.04862375803722907,202,200.0,scanloc_global_assoc:AEC,unknown,auto_confirm,automatic,aka2026tjfajm,aka2026tjfajm
root_only,onsite,2026-09-30 10:47:21.00,,,52.94805908203125,,-168.382568359375,,,65.80713653564453,,,2.265502894342231,,,33,,scanloc_state:AEC,,auto_confirm,,aka2026tjfnuw,
root_only,onsite,2026-09-30 11:24:54.00,,,51.81943893432617,,-169.14601135253906,,,5.0,,,2.556074583666234,,,7,,scanloc_state:AEC,,auto_confirm,,aka2026tjgull,
matched,onsite,2026-09-30 11:32:08.00,2026-09-30 11:32:08.12,0.129,60.97277069091797,60.981,-151.4744415283203,-151.481,0.981078126583115,70.28533935546875,72.4,2.1146606445312557,2.029594771899689,1.9,0.12959477189968904,83,78.0,scanloc_state:AEC,unknown,auto_confirm,automatic,aka2026tjhahd,aka2026tjhahd
root_only,onsite,2026-09-30 12:13:33.00,,,51.76847076416016,,-169.2913818359375,,,5.0,,,2.687367581904878,,,16,,scanloc_state:AEC,,auto_confirm,,aka2026tjikvn,
root_only,onsite,2026-09-30 12:16:22.00,,,51.40651702880859,,-176.0007781982422,,,19.935348510742188,,,2.469188593240917,,,23,,scanloc_state:AEC,,auto_confirm,,aka2026tjinaz,
root_only,onsite,2026-09-30 12:23:05.00,,,55.11941909790039,,-159.45240783691406,,,5.0,,,3.07468507624358,,,50,,scanloc_state:AEC,,auto_confirm,,aka2026tjiszx,
matched,onsite,2026-09-30 13:27:00.00,2026-09-30 13:27:00.22,0.22,60.04938507080078,60.049,-153.0618438720703,-153.062,0.04368636102066678,5.0,5.0,0.0,0.38808812889661937,0.5,0.11191187110338063,6,6.0,scanloc_state:AEC,unknown,auto_confirm,automatic,aka2026tjkwhv,aka2026tjkwhv
matched,onsite,2026-09-30 13:47:32.00,2026-09-30 13:47:31.97,0.029,59.75061798095703,59.748,-153.3069305419922,-153.287,1.15380155500951,125.6205062866211,126.3,0.6794937133789034,1.8735251485592,1.8,0.0735251485591999,42,41.0,scanloc_state:AEC,unknown,auto_confirm,automatic,aka2026tjlofm,aka2026tjlofm
matched,onsite,2026-09-30 14:19:23.00,2026-09-30 14:19:23.17,0.179,57.62743759155273,57.627,-155.74761962890625,-155.748,0.053669719179902556,97.5841064453125,97.6,0.015893554687494316,1.3446803281186108,1.4,0.05531967188138909,14,14.0,scanloc_state:AEC,unknown,auto_confirm,automatic,aka2026tjmpuo,aka2026tjmpuo
matched,onsite,2026-09-30 14:20:34.00,2026-09-30 14:20:34.05,0.053,60.01005554199219,60.01,-153.0949249267578,-153.095,0.00745342559417806,5.0,5.0,0.0,0.5198728043284022,0.5,0.019872804328402216,6,6.0,scanloc_state:AEC,unknown,auto_confirm,automatic,aka2026tjmqti,aka2026tjmqti
matched,onsite,2026-09-30 14:41:02.00,2026-09-30 14:41:02.06,0.063,61.6906623840332,61.688,-149.9303741455078,-149.929,0.30478345829553155,26.888851165771484,27.2,0.3111488342285149,2.1315083973385205,2.1,0.0315083973385204,78,75.0,scanloc_state:AEC,unknown,auto_confirm,automatic,aka2026tjnimm,aka2026tjnimm
root_only,onsite,2026-09-30 14:48:39.00,,,65.29899597167969,,-136.02206420898438,,,88.09541320800781,,,2.874560216173995,,,13,,scanloc_state:AEC,,auto_confirm,,aka2026tjnpge,
matched,onsite,2026-09-21 21:34:43.00,2026-09-21 21:34:43.21,0.213,68.47888946533203,68.479,-148.2494659423828,-148.249,0.022634166478743677,1.0634889602661133,1.1,0.03651103973388681,1.3743526870272997,1.4,0.025647312972700176,14,14.0,scolv:abakken,unknown,man_confirm,manual,aka2026stkybs,aka2026stkybs
matched,onsite,2026-09-30 15:18:25.00,2026-09-30 15:18:25.33,0.331,63.82145309448242,63.822,-147.74009704589844,-147.732,0.40183199156517396,5.0,5.0,0.0,1.4585443523471842,1.3,0.15854435234718411,27,17.0,scanloc_state:AEC,unknown,auto_confirm,automatic,aka2026tjooxs,aka2026tjooxs
matched,onsite,2026-09-30 15:30:44.00,2026-09-30 15:30:44.91,0.913,65.46295928955078,65.453,-144.7504119873047,-144.756,1.1370988783775158,5.0,5.0,0.0,1.3696461173452836,1.2,0.16964611734528368,26,20.0,scanloc_state:AEC,unknown,auto_confirm,automatic,aka2026tjozpk,aka2026tjozpk
root_only,onsite,2026-09-30 15:43:33.00,,,51.92084884643555,,-174.90267944335938,,,89.162353515625,,,2.7138903021724654,,,22,,scanloc_state:AEC,,auto_confirm,,aka2026tjpksh,
matched,onsite,2026-09-30 15:43:56.00,2026-09-30 15:43:56.87,0.878,58.21780014038086,58.218,-155.09335327148438,-155.093,0.03036332574325331,37.41463851928711,37.4,0.014638519287110796,0.5358062529207762,0.4,0.1358062529207762,19,19.0,scanloc_state:AEC,unknown,auto_confirm,automatic,aka2026tjplbb,aka2026tjplbb
matched,onsite,2026-09-30 16:25:40.00,2026-09-30 16:25:40.84,0.841,61.66331481933594,61.663,-141.77468872070312,-141.775,0.038669830993064314,11.816560745239258,11.8,0.016560745239257102,1.3750954233922839,1.4,0.024904576607716056,17,17.0,scanloc_state:AEC,unknown,auto_confirm,automatic,aka2026tjquoj,aka2026tjquoj
matched,onsite,2026-09-30 16:44:58.00,2026-09-30 16:44:58.55,0.554,57.51033401489258,57.504,-154.614501953125,-154.573,2.57715471741183,30.13623809814453,32.2,2.0637619018554716,1.7705734182773831,1.7,0.07057341827738317,30,26.0,scanloc_state:AEC,unknown,auto_confirm,automatic,aka2026tjrlyv,aka2026tjrlyv
matched,onsite,2026-09-30 16:50:16.00,2026-09-30 16:50:15.66,0.338,62.16692733764648,62.177,-153.27056884765625,-153.313,2.4709377846554346,2.8141653537750244,5.0,2.1858346462249756,1.762387342525164,1.6,0.16238734252516385,31,24.0,scanloc_state:AEC,unknown,auto_confirm,automatic,aka2026tjrqmh,aka2026tjrqmh
matched,onsite,2026-09-30 17:25:06.00,2026-09-30 17:25:06.39,0.399,61.18787384033203,61.193,-150.63641357421875,-150.637,0.5708684602234653,49.31858062744141,49.3,0.018580627441416198,2.4662319785570963,2.4,0.0662319785570964,123,119.0,scanloc_state:AEC,unknown,auto_confirm,automatic,aka2026tjsunq,aka2026tjsunq
matched,onsite,2026-09-30 17:34:30.00,2026-09-30 17:34:30.92,0.923,59.89202880859375,59.892,-152.58291625976562,-152.583,0.0056638507757779365,87.24981689453125,87.2,0.04981689453124716,2.0728603483721995,2.0,0.07286034837219946,99,99.0,scanloc_state:AEC,unknown,auto_confirm,automatic,aka2026tjtcxh,aka2026tjtcxh
matched,onsite,2026-09-30 17:39:22.00,2026-09-30 17:39:22.29,0.29,58.65377807617188,58.665,-155.10203552246094,-155.108,1.2946244528510942,150.95285034179688,151.9,0.9471496582031307,2.0173242654274404,1.8,0.21732426542744032,47,46.0,scanloc_state:AEC,unknown,auto_confirm,automatic,aka2026tjthav,aka2026tjthav
root_only,onsite,2026-09-30 17:50:23.00,,,53.54579162597656,,-166.54931640625,,,75.93669891357422,,,1.8029123777023175,,,22,,scanloc_state:AEC,,auto_confirm,,aka2026tjtqsi,
matched,onsite,2026-09-30 18:16:07.00,2026-09-30 18:16:07.82,0.823,64.78561401367188,64.789,-149.09593200683594,-149.106,0.6076004021066042,1.5946831703186035,5.0,3.4053168296813965,1.3220895867862528,1.2,0.12208958678625281,24,19.0,scanloc_state:AEC,unknown,auto_confirm,automatic,aka2026tjumzo,aka2026tjumzo
matched,onsite,2026-09-30 18:17:29.00,2026-09-30 18:17:29.93,0.933,59.94112014770508,59.941,-153.28921508789062,-153.289,0.017944260258987446,153.50637817382812,153.5,0.006378173828125,2.0727458092407764,2.0,0.07274580924077645,87,87.0,scanloc_state:AEC,unknown,auto_confirm,automatic,aka2026tjuoem,aka2026tjuoem
matched,onsite,2026-09-30 18:36:04.00,2026-09-30 18:36:04.87,0.87,52.06990814208984,52.0895,-176.98223876953125,-176.982,2.1785763066729995,19.811540603637695,4.2,15.611540603637696,1.9682371371954364,1.65,0.31823713719543645,19,18.0,scanloc_state:AEC,unknown,auto_confirm,manual,aka2026tjvehn,av94456096
matched,onsite,2026-09-30 19:09:24.00,2026-09-30 19:09:24.09,0.095,55.75412368774414,55.754,-160.2152862548828,-160.215,0.022583327321284586,88.30276489257812,88.3,0.002764892578127842,2.5284526634189386,2.4,0.12845266341893868,42,42.0,scanloc_state:AEC,unknown,auto_confirm,automatic,aka2026tjwhfb,aka2026tjwhfb
matched,onsite,2026-09-30 19:10:09.00,2026-09-30 19:10:09.16,0.166,51.75315093994141,51.8805,179.21939086914062,179.2118,14.170179324828766,113.99634552001953,119.22,5.223654479980468,4.250206923823449,4.2,0.050206923823449046,96,130.0,scolv:aaholland3,unknown,man_confirm,manual,aka2026tjwhtq,us6000tyl5
root_only,onsite,2026-09-30 19:51:37.00,,,51.6507682800293,,-179.86114501953125,,,102.32630157470703,,,2.9392060519403107,,,48,,scanloc_state:AEC,,auto_confirm,,aka2026tjxrvj,
root_only,onsite,2026-09-30 19:51:54.00,,,53.86389923095703,,-167.08213806152344,,,30.042131423950195,,,1.2186927019196576,,,7,,scanloc_state:AEC,,auto_confirm,,aka2026tjxsbn,
root_only,onsite,2026-09-30 22:07:21.00,,,61.22155380249023,,-139.9044952392578,,,5.0,,,1.7992006513325134,,,18,,scanloc_state:AEC,,auto_confirm,,aka2026tkcfmj,
matched,onsite,2026-09-30 22:27:18.00,2026-09-30 22:27:18.46,0.469,61.12916564941406,61.129,-147.2367706298828,-147.237,0.022156821675399806,23.48335647583008,23.5,0.016643524169918322,1.158045644212403,1.1,0.05804564421240288,11,11.0,scanloc_state:AEC,unknown,auto_confirm,automatic,aka2026tkcwtp,aka2026tkcwtp
matched,onsite,2026-09-30 22:30:11.00,2026-09-30 22:30:11.30,0.3,60.08068084716797,60.081,-153.106201171875,-153.106,0.03720075267359818,5.0,5.0,0.0,0.8006834054028193,0.8,0.0006834054028193037,6,6.0,scanloc_state:AEC,unknown,auto_confirm,automatic,aka2026tkczhe,aka2026tkczhe
root_only,onsite,2026-09-30 22:35:04.00,,,60.5555419921875,,-139.95742797851562,,,17.005836486816406,,,1.4620923234911907,,,12,,scanloc_state:AEC,,auto_confirm,,aka2026tkddnn,
matched,onsite,2026-09-30 23:56:48.00,2026-09-30 23:56:47.05,0.95,53.92804718017578,53.944833333333,-166.65235900878906,-166.60816666667,3.44267864944307,0.11579688638448715,9.17,9.054203113615513,0.7151612265837757,0.09,0.6251612265837757,6,11.0,scanloc_state:AEC,unknown,auto_confirm,manual,aka2026tkfwjv,av94456371
matched,onsite,2026-10-01 00:14:36.00,2026-10-01 00:14:36.33,0.334,62.22766494750977,62.228,-152.2785186767578,-152.279,0.044832360434436155,5.0,5.0,0.0,1.3772452957390506,1.3,0.07724529573905059,8,8.0,scanloc_state:AEC,unknown,auto_confirm,automatic,aka2026tkglvc,aka2026tkglvc
matched,onsite,2026-10-01 00:27:18.00,2026-10-01 00:27:18.83,0.839,60.17947769165039,60.18,-152.62452697753906,-152.625,0.06369604182698119,106.01436614990234,106.0,0.01436614990234375,2.1504244494122995,2.1,0.0504244494122994,79,78.0,scanloc_state:AEC,unknown,auto_confirm,automatic,aka2026tkgwuq,aka2026tkgwuq
matched,onsite,2026-10-01 00:29:28.00,2026-10-01 00:29:28.87,0.877,59.63496398925781,59.635,-152.37939453125,-152.379,0.02253513323466455,75.94834899902344,75.9,0.048348999023431816,1.4145500320473092,1.5,0.08544996795269078,20,20.0,scanloc_state:AEC,unknown,auto_confirm,automatic,aka2026tkgysi,aka2026tkgysi
matched,onsite,2026-10-01 00:30:53.00,2026-10-01 00:30:53.98,0.989,62.64585876464844,62.645,-151.33197021484375,-151.332,0.09550239804107755,89.33085632324219,89.7,0.36914367675781534,2.290634684972328,2.2,0.09063468497232785,73,71.0,scanloc_state:AEC,unknown,auto_confirm,automatic,aka2026tkgzql,aka2026tkgzql
root_only,onsite,2026-10-01 00:36:51.00,,,51.62403106689453,,179.45556640625,,,84.18130493164062,,,2.642682044036087,,,18,,scanloc_state:AEC,,auto_confirm,,aka2026tkhfcj,
matched,onsite,2026-10-01 00:39:02.00,2026-10-01 00:39:02.15,0.151,57.61057662963867,57.603,-155.3714141845703,-155.362,1.0120663169938138,17.463245391845703,19.6,2.1367546081542983,1.5039233278985822,1.5,0.003923327898582185,24,20.0,scanloc_state:AEC,unknown,auto_confirm,automatic,aka2026tkhgzz,aka2026tkhgzz
matched,onsite,2026-10-01 01:04:13.00,2026-10-01 01:04:13.80,0.803,57.28786849975586,57.287,-155.48960876464844,-155.491,0.12773304128868695,76.0299301147461,76.1,0.07006988525390057,1.7761547906627793,1.8,0.023845209337220785,28,27.0,scanloc_state:AEC,unknown,auto_confirm,automatic,aka2026tkicbp,aka2026tkicbp
matched,onsite,2026-10-01 01:15:51.00,2026-10-01 01:15:51.64,0.646,61.02074432373047,61.037,-152.26513671875,-152.25,1.9828946825114508,25.604753494262695,30.4,4.795246505737303,0.8316074884270876,0.8,0.031607488427087604,13,12.0,scanloc_state:AEC,unknown,auto_confirm,automatic,aka2026tkimfc,aka2026tkimfc
matched,onsite,2026-10-01 01:16:51.00,2026-10-01 01:16:50.89,0.103,61.88094329833984,61.89,-150.53797912597656,-150.544,1.0553202970884612,60.55942153930664,61.9,1.340578460693358,1.7393875851239868,1.7,0.03938758512398688,43,41.0,scanloc_state:AEC,unknown,auto_confirm,automatic,aka2026tkinuj,aka2026tkinuj
matched,onsite,2026-10-01 01:48:02.00,2026-10-01 01:48:02.65,0.655,60.16351318359375,60.164,-153.40261840820312,-153.403,0.05810224530642996,32.87904357910156,32.9,0.02095642089843608,0.7581477482526843,0.8,0.04185225174731577,7,7.0,scanloc_state:AEC,unknown,auto_confirm,automatic,aka2026tkjovv,aka2026tkjovv
matched,onsite,2026-10-01 02:10:23.00,2026-10-01 02:10:23.10,0.107,59.87907409667969,59.879,-153.24989318847656,-153.249,0.05051691376603038,128.9161376953125,128.9,0.016137695312494316,2.2514156318399374,2.2,0.05141563183993725,104,102.0,scanloc_state:AEC,unknown,auto_confirm,automatic,aka2026tkkife,aka2026tkkife
matched,onsite,2026-10-01 02:23:40.00,2026-10-01 02:23:40.56,0.567,60.27858352661133,60.277,-152.5599822998047,-152.575,0.8464416515386692,96.21479034423828,96.9,0.6852096557617244,1.5023608240272632,1.3,0.2023608240272632,49,45.0,scanloc_state:AEC,unknown,auto_confirm,automatic,aka2026tkktsl,aka2026tkktsl
root_only,onsite,2026-10-01 03:01:59.00,,,53.63011932373047,,-165.20932006835938,,,29.03382682800293,,,2.0339624543018004,,,28,,scanloc_state:AEC,,auto_confirm,,aka2026tkmayp,
matched,onsite,2026-10-01 03:22:33.00,2026-10-01 03:22:33.46,0.462,59.93829727172852,59.94,-152.44174194335938,-152.443,0.20188592063171956,93.35552978515625,93.5,0.14447021484375,3.00505709819197,3.0,0.0050570981919699776,203,200.0,scanloc_global_assoc:AEC,unknown,auto_confirm,automatic,aka2026tkmsuy,aka2026tkmsuy
matched,onsite,2026-10-01 03:23:05.00,2026-10-01 03:23:05.71,0.714,63.49356842041016,63.494,-146.0401611328125,-146.04,0.04865110169058765,7.225406169891357,7.2,0.025406169891357244,1.5093649054182676,1.4,0.10936490541826771,23,23.0,scanloc_state:AEC,unknown,auto_confirm,automatic,aka2026tkmtgk,aka2026tkmtgk
matched,onsite,2026-10-01 03:29:08.00,2026-10-01 03:29:08.12,0.123,59.5147819519043,59.514,-152.2021484375,-152.202,0.08735136235860139,78.03562927246094,77.9,0.13562927246093182,3.3883505889820746,3.4,0.01164941101792527,274,269.0,scanloc_global_assoc:AEC,unknown,auto_confirm,automatic,aka2026tkmymd,aka2026tkmymd
root_only,onsite,2026-10-01 03:38:11.00,,,52.12301254272461,,-169.3782958984375,,,22.481399536132812,,,3.006232006384456,,,25,,scanloc_state:AEC,,auto_confirm,,aka2026tknggs,
root_only,onsite,2026-10-01 04:23:51.00,,,51.39384460449219,,-175.9642791748047,,,25.954450607299805,,,2.260131263650803,,,12,,scanloc_state:AEC,,auto_confirm,,aka2026tkotyj,
matched,onsite,2026-10-01 05:02:33.00,2026-10-01 05:02:33.26,0.262,61.16328430175781,61.163,-147.20606994628906,-147.202,0.22055361673011706,5.0,1.3,3.7,1.776208649593636,1.7,0.07620864959363605,44,41.0,scanloc_state:AEC,unknown,auto_confirm,automatic,aka2026tkqbmi,aka2026tkqbmi
matched,onsite,2026-10-01 05:11:31.00,2026-10-01 05:11:31.03,0.034,64.993408203125,64.993,-147.31541442871094,-147.315,0.04939373500376889,1.97578763961792,2.0,0.024212360382080078,1.3274476739024994,1.3,0.02744767390249936,19,19.0,scanloc_state:AEC,unknown,auto_confirm,automatic,aka2026tkqjgl,aka2026tkqjgl
root_only,onsite,2026-10-01 05:33:10.00,,,54.57779312133789,,-160.24598693847656,,,7.751326560974121,,,2.57254395025967,,,24,,scanloc_state:AEC,,auto_confirm,,aka2026tkrbzm,
matched,onsite,2026-10-01 05:34:48.00,2026-10-01 05:34:47.97,0.027,57.88556671142578,57.887,-154.77490234375,-154.767,0.49355831254131527,69.22063446044922,69.1,0.12063446044922443,1.5802920494728965,1.5,0.08029204947289648,33,30.0,scanloc_state:AEC,unknown,auto_confirm,automatic,aka2026tkrdlb,aka2026tkrdlb
root_only,onsite,2026-10-01 05:47:26.00,,,54.78757095336914,,-161.05540466308594,,,70.6404037475586,,,2.3250504522575257,,,23,,scanloc_state:AEC,,auto_confirm,,aka2026tkroge,
matched,onsite,2026-10-01 06:08:55.00,2026-10-01 06:08:55.92,0.923,59.7515640258789,59.752,-152.9082794189453,-152.908,0.05094206253361891,99.40524291992188,99.4,0.005242919921869316,1.673727412073993,1.5,0.1737274120739929,41,41.0,scanloc_state:AEC,unknown,auto_confirm,automatic,aka2026tksgxh,aka2026tksgxh
matched,onsite,2026-10-01 07:34:28.00,2026-10-01 07:34:28.43,0.43,59.71235275268555,59.712,-150.77357482910156,-150.774,0.045902867160724385,41.63773727416992,41.6,0.037737274169920454,1.9439038774183885,1.9,0.04390387741838864,46,46.0,scanloc_state:AEC,unknown,auto_confirm,automatic,aka2026tkvdfi,aka2026tkvdfi
matched,onsite,2026-10-01 07:42:27.00,2026-10-01 07:42:27.13,0.133,60.40486526489258,60.405,-152.97462463378906,-152.975,0.025482728382312456,132.4202423095703,132.4,0.020242309570306816,2.0127228026871515,1.9,0.11272280268715162,77,77.0,scanloc_state:AEC,unknown,auto_confirm,automatic,aka2026tkvjlk,aka2026tkvjlk
root_only,onsite,2026-10-01 08:09:21.00,,,53.64276504516602,,-166.37937927246094,,,74.44672393798828,,,2.2867623387158837,,,41,,scanloc_state:AEC,,auto_confirm,,aka2026tkwhmb,
matched,onsite,2026-10-01 08:09:58.00,2026-10-01 08:09:58.76,0.763,55.8364372253418,55.836,-158.9772186279297,-158.977,0.05049757666874365,71.81181335449219,71.8,0.011813354492190342,1.7535352239102073,1.7,0.053535223910207375,19,19.0,scanloc_state:AEC,unknown,auto_confirm,automatic,aka2026tkwhzs,aka2026tkwhzs
matched,onsite,2026-10-01 08:22:11.00,2026-10-01 08:22:11.00,0.003,59.87591934204102,59.876,-152.2823944091797,-152.282,0.02376747591456234,74.90678405761719,74.9,0.006784057617181816,2.0069196437684984,2.0,0.006919643768498407,52,52.0,scanloc_state:AEC,unknown,auto_confirm,automatic,aka2026tkwscd,aka2026tkwscd
matched,onsite,2026-10-01 08:25:11.00,2026-10-01 08:25:11.31,0.317,59.99532699584961,59.998,-152.63916015625,-152.65,0.6720298865623634,97.37198638916016,98.8,1.428013610839841,1.9380108895463188,1.8,0.1380108895463188,63,61.0,scanloc_state:AEC,unknown,auto_confirm,automatic,aka2026tkwupd,aka2026tkwupd
root_only,onsite,2026-10-01 08:54:53.00,,,51.26565933227539,,-176.7539520263672,,,29.054569244384766,,,2.468482226644533,,,31,,scanloc_state:AEC,,auto_confirm,,aka2026tkxuyg,
matched,onsite,2026-10-01 08:57:13.00,2026-10-01 08:57:13.15,0.152,57.1307144165039,57.131,-155.13978576660156,-155.14,0.03428636816115005,32.944889068603516,32.9,0.044889068603517046,2.4408034308035815,2.4,0.04080343080358162,62,62.0,scanloc_state:AEC,unknown,auto_confirm,automatic,aka2026tkxwyo,aka2026tkxwyo
matched,onsite,2026-10-01 09:23:37.00,2026-10-01 09:23:37.66,0.666,62.72778701782227,62.728,-149.3715057373047,-149.372,0.03456971032034061,66.21764373779297,66.1,0.11764373779297443,2.6501426094344107,2.6,0.05014260943441062,139,137.0,scanloc_state:AEC,unknown,auto_confirm,automatic,aka2026tkytvy,aka2026tkytvy
matched,onsite,2026-10-01 09:57:28.00,2026-10-01 09:57:28.90,0.908,64.60791778564453,64.61,-151.32540893554688,-151.342,0.8242439915714667,7.39894962310791,7.2,0.19894962310790998,1.4775108868798776,1.3,0.1775108868798776,26,19.0,scanloc_state:AEC,unknown,auto_confirm,automatic,aka2026tkzxfh,aka2026tkzxfh
root_only,onsite,2026-10-01 10:01:39.00,,,54.2397575378418,,-162.65074157714844,,,18.006372451782227,,,3.375040305322327,,,90,,scanloc_state:AEC,,auto_confirm,,aka2026tlaavd,
matched,onsite,2026-10-01 10:18:48.00,2026-10-01 10:18:48.92,0.924,61.83617401123047,61.836,-151.99559020996094,-151.996,0.028930102246338157,115.61190795898438,115.6,0.011907958984380684,3.216180129040998,3.2,0.01618012904099775,231,231.0,scanloc_global_assoc:AEC,unknown,auto_confirm,automatic,aka2026tlapkt,aka2026tlapkt
root_only,onsite,2026-10-01 10:57:21.00,,,54.55701446533203,,-160.0800018310547,,,5.0,,,3.305654737096844,,,57,,scanloc_state:AEC,,auto_confirm,,aka2026tlbxee,
matched,onsite,2026-10-01 11:23:19.00,2026-10-01 11:23:19.82,0.828,58.22800064086914,58.228,-155.3009796142578,-155.301,0.0011956825179850724,11.067014694213867,11.1,0.03298530578613246,0.7315322447298223,0.7,0.0315322447298223,11,11.0,scanloc_state:AEC,unknown,auto_confirm,automatic,aka2026tlctpv,aka2026tlctpv
root_only,onsite,2026-10-01 11:34:47.00,,,54.5031623840332,,-160.2056427001953,,,5.0,,,2.5543058421338514,,,8,,scanloc_state:AEC,,auto_confirm,,aka2026tlddlg,
matched,onsite,2026-10-01 11:53:43.00,2026-10-01 11:53:43.82,0.826,60.15764236450195,60.158,-153.19467163085938,-153.195,0.043721375284743215,25.74755859375,25.7,0.04755859375000071,0.6139680989598164,0.6,0.013968098959816433,7,7.0,scanloc_state:AEC,unknown,auto_confirm,automatic,aka2026tldtzx,aka2026tldtzx
matched,onsite,2026-10-01 12:14:15.00,2026-10-01 12:14:15.42,0.424,63.24407196044922,63.244,-150.57594299316406,-150.575,0.04787865837275268,131.3187713623047,131.3,0.01877136230467613,2.879740734076751,2.9,0.020259265923249004,161,160.0,scanloc_global_assoc:AEC,unknown,auto_confirm,automatic,aka2026tlelut,aka2026tlelut
matched,onsite,2026-10-01 12:29:59.00,2026-10-01 12:29:59.51,0.518,58.22129821777344,58.221,-156.4430389404297,-156.443,0.033238617811642855,0.02827220782637596,0.0,0.02827220782637596,2.8726278451752734,2.9,0.027372154824726547,100,100.0,scanloc_state:AEC,unknown,auto_confirm,automatic,aka2026tlezlc,aka2026tlezlc
matched,onsite,2026-10-01 12:36:31.00,2026-10-01 12:36:31.90,0.902,62.90385437011719,62.904,-148.5845947265625,-148.577,0.3849946002581768,0.10050548613071442,0.1,0.000505486130714411,2.057654403669774,2.0,0.057654403669773924,51,49.0,scanloc_state:AEC,unknown,auto_confirm,automatic,aka2026tlffcq,aka2026tlffcq
matched,onsite,2026-10-01 13:00:04.00,2026-10-01 13:00:04.35,0.352,61.66987609863281,61.675,-151.8719482421875,-151.885,0.8937903113013552,101.12648010253906,101.3,0.17351989746093466,2.0032900026647567,1.9,0.10329000266475674,56,52.0,scanloc_state:AEC,unknown,auto_confirm,automatic,aka2026tlfznj,aka2026tlfznj
matched,onsite,2026-10-01 13:29:37.00,2026-10-01 13:29:37.99,0.997,60.41229248046875,60.412,-147.79739379882812,-147.797,0.03905335844762577,30.23949432373047,30.2,0.03949432373046946,1.6749362497826428,1.7,0.025063750217357184,10,10.0,scanloc_state:AEC,unknown,auto_confirm,automatic,aka2026tlgzdw,aka2026tlgzdw
matched,onsite,2026-10-01 13:38:13.00,2026-10-01 13:38:13.73,0.735,56.34632110595703,56.346,-156.8439483642578,-156.844,0.035846847999317664,5.0,5.0,0.0,2.2047408399741286,2.3,0.0952591600258712,8,8.0,scanloc_state:AEC,unknown,auto_confirm,automatic,aka2026tlhgua,aka2026tlhgua
matched,onsite,2026-09-19 03:11:41.00,2026-09-19 03:11:41.36,0.363,66.20641326904297,66.206,-155.59507751464844,-155.595,0.04608480431531831,1.8803373575210571,1.9,0.019662642478942782,1.4368120426394035,1.4,0.03681204263940363,8,8.0,scolv:djgossett,unknown,man_confirm,manual,aka2026soicnx,aka2026soicnx
matched,onsite,2026-09-19 03:25:34.00,2026-09-19 03:25:34.76,0.763,66.13420104980469,66.134,-155.8025665283203,-155.803,0.02966627646732777,27.43682098388672,27.4,0.03682098388672017,1.544488713248447,1.5,0.044488713248447054,10,10.0,scolv:djgossett,unknown,man_confirm,manual,aka2026soiopa,aka2026soiopa
matched,onsite,2026-10-01 13:47:40.00,2026-10-01 13:47:40.10,0.108,59.59954833984375,59.6,-152.13438415527344,-152.134,0.05467659652830503,67.2852783203125,67.3,0.014721679687497158,1.6991119228068432,1.7,0.0008880771931567555,41,41.0,scanloc_state:AEC,unknown,auto_confirm,automatic,aka2026tlhovr,aka2026tlhovr
matched,onsite,2026-09-19 04:43:06.00,2026-09-19 04:43:06.20,0.202,68.64691925048828,68.647,-148.1954345703125,-148.195,0.01975334893502461,6.886191844940186,6.9,0.01380815505981392,1.4301529781097155,1.4,0.030152978109715622,13,13.0,scolv:djgossett,unknown,man_confirm,manual,aka2026soldur,aka2026soldur
matched,onsite,2026-09-19 10:33:35.00,2026-09-19 10:33:35.10,0.102,69.43486022949219,69.435,-144.0978240966797,-144.098,0.016992740317712637,3.3626418113708496,3.4,0.0373581886291503,1.3713744003886594,1.4,0.02862559961134048,10,10.0,scolv:djgossett,unknown,man_confirm,manual,aka2026sowvrv,aka2026sowvrv
matched,onsite,2026-09-20 14:29:45.00,2026-09-20 14:29:45.13,0.136,63.3441162109375,63.344,-145.43914794921875,-145.439,0.014881266503602934,7.875263214111328,7.9,0.02473678588867223,1.1086086892103597,1.1,0.008608689210359621,21,21.0,scolv:djgossett,unknown,man_confirm,manual,aka2026srataq,aka2026srataq
root_only,onsite,2026-10-01 14:21:33.00,,,54.53973388671875,,-160.15286254882812,,,7.241475582122803,,,2.545322914252496,,,32,,scanloc_state:AEC,,auto_confirm,,aka2026tlisgm,
matched,onsite,2026-10-01 14:33:10.00,2026-10-01 14:33:10.06,0.067,63.21696472167969,63.22,-151.2955780029297,-151.299,0.37855986086380866,5.0,5.0,0.0,1.7703340077539196,1.9,0.12966599224608033,30,27.0,scanloc_state:AEC,unknown,auto_confirm,automatic,aka2026tljcje,aka2026tljcje
matched,onsite,2026-10-01 14:46:19.00,2026-10-01 14:46:19.87,0.877,53.6805534362793,53.7226,-163.54835510253906,-163.7238,12.45937959268953,24.60044860839844,35.0,10.399551391601559,4.454901874205682,4.8,0.3450981257943182,276,69.0,scolv:aaholland3,unknown,man_confirm,manual,aka2026tljnqz,us6000tyuf
matched,onsite,2026-10-01 15:13:16.00,2026-10-01 15:13:16.78,0.78,58.97660064697266,58.977,-150.99424743652344,-150.994,0.04661514816382392,54.54122924804688,54.5,0.041229248046882105,3.006603412421921,3.0,0.006603412421921195,200,200.0,scanloc_state:AEC,unknown,auto_confirm,automatic,aka2026tlkkpe,aka2026tlkkpe
matched,onsite,2026-10-01 15:17:19.00,2026-10-01 15:17:19.25,0.251,63.54145431518555,63.541,-143.73594665527344,-143.736,0.05058662877637814,18.622241973876953,18.6,0.022241973876951704,1.1295241340253395,1.1,0.029524134025339377,7,7.0,scanloc_state:AEC,unknown,auto_confirm,automatic,aka2026tlkono,aka2026tlkono
root_only,onsite,2026-10-01 15:27:01.00,,,51.78396987915039,,-178.78811645507812,,,6.342918395996094,,,3.1482722396842626,,,11,,scanloc_state:AEC,,auto_confirm,,aka2026tlkwyg,
root_only,onsite,2026-10-01 16:41:32.00,,,54.20401382446289,,-163.80496215820312,,,60.25257873535156,,,2.82373831809488,,,54,,scanloc_state:AEC,,auto_confirm,,aka2026tlnjow,
matched,onsite,2026-10-01 18:23:31.00,2026-10-01 18:23:31.95,0.958,57.6943359375,57.709,-155.2245635986328,-155.242,1.9318390042402753,85.39154815673828,86.1,0.7084518432617131,2.0012129084490233,1.8,0.2012129084490233,51,48.0,scanloc_state:AEC,unknown,auto_confirm,automatic,aka2026tlqtva,aka2026tlqtva
matched,onsite,2026-10-01 18:30:40.00,2026-10-01 18:30:40.71,0.714,59.23445892333984,59.234,-152.45230102539062,-152.452,0.0538258703168227,66.34920501708984,66.3,0.04920501708984659,1.9036521892604372,1.9,0.0036521892604373107,48,48.0,scanloc_state:AEC,unknown,auto_confirm,automatic,aka2026tlraem,aka2026tlraem
root_only,onsite,2026-10-01 18:34:13.00,,,53.94551086425781,,-164.92428588867188,,,63.16261672973633,,,2.9238456390716054,,,54,,scanloc_state:AEC,,auto_confirm,,aka2026tlrdao,
matched,onsite,2026-10-01 19:01:32.00,2026-10-01 19:01:32.74,0.746,64.56359100341797,64.564,-147.06817626953125,-147.068,0.04625094473244763,5.0,5.0,0.0,1.1888102677803625,1.1,0.08881026778036238,12,12.0,scanloc_state:AEC,unknown,auto_confirm,automatic,aka2026tlsayj,aka2026tlsayj
root_only,onsite,2026-10-01 19:03:45.00,,,56.12836837768555,,-149.926025390625,,,5.0,,,3.1287194788412984,,,46,,scanloc_state:AEC,,auto_confirm,,aka2026tlscws,
matched,onsite,2026-10-01 19:28:58.00,2026-10-01 19:28:58.58,0.587,59.97707748413086,59.977,-152.55946350097656,-152.559,0.027188616302376914,100.3415756225586,100.3,0.04157562255859659,2.580306682755429,2.6,0.01969331724457124,153,153.0,scanloc_state:AEC,unknown,auto_confirm,automatic,aka2026tlsylt,aka2026tlsylt
matched,onsite,2026-09-24 01:26:48.00,2026-09-24 01:26:48.40,0.4,69.37784576416016,69.378,-143.91961669921875,-143.92,0.022791850942724495,9.177520751953125,9.2,0.02247924804687429,1.8041190916227292,1.8,0.004119091622729165,7,7.0,scolv:djgossett,unknown,man_confirm,manual,aka2026sxksli,aka2026sxksli
matched,onsite,2026-09-24 18:07:37.00,2026-09-24 18:07:37.55,0.553,66.84547424316406,66.845,-141.23458862304688,-141.235,0.055716635414527475,5.234725475311279,5.2,0.03472547531127912,1.977995432227052,2.0,0.022004567772947903,10,10.0,scolv:djgossett,unknown,man_confirm,manual,aka2026syscfk,aka2026syscfk
matched,onsite,2026-09-24 21:18:10.00,2026-09-24 21:18:10.81,0.815,69.16474151611328,69.165,-147.76307678222656,-147.763,0.028902072881351652,5.841921329498291,5.8,0.04192132949829119,1.9251195762615483,1.9,0.02511957626154837,16,16.0,scolv:djgossett,unknown,man_confirm,manual,aka2026syylle,aka2026syylle
matched,onsite,2026-09-24 22:02:05.00,2026-09-24 22:02:05.60,0.607,68.72347259521484,68.723,-146.58389282226562,-146.584,0.05272783464487494,3.715250253677368,3.7,0.015250253677367986,1.5652615997806718,1.6,0.03473840021932828,15,15.0,scolv:djgossett,unknown,man_confirm,manual,aka2026syzxnd,aka2026syzxnd
matched,onsite,2026-10-01 20:39:49.00,2026-10-01 20:39:49.62,0.621,60.09010696411133,60.09,-152.69125366210938,-152.692,0.04305683505678556,111.56224822998047,111.6,0.037751770019525566,2.127400607577588,2.1,0.027400607577587888,98,97.0,scanloc_state:AEC,unknown,auto_confirm,automatic,aka2026tlvihr,aka2026tlvihr
matched,onsite,2026-09-22 07:14:43.00,2026-09-22 07:14:43.83,0.835,67.42356872558594,67.424,-156.23361206054688,-156.234,0.0507345231081766,5.0,5.0,0.0,1.4422725784582076,1.4,0.042272578458207644,12,12.0,scolv:abakken,unknown,man_confirm,manual,aka2026suegzg,aka2026suegzg
matched,onsite,2026-09-22 16:09:48.00,2026-09-22 16:09:48.59,0.591,69.4317398071289,69.432,-144.05191040039062,-144.052,0.029143086864007774,1.4510122537612915,1.5,0.048987746238708496,1.556136078752705,1.6,0.0438639212472951,12,12.0,scolv:abakken,unknown,man_confirm,manual,aka2026suwcxw,aka2026suwcxw
matched,onsite,2026-09-22 21:29:42.00,2026-09-22 21:29:42.49,0.499,65.76702880859375,65.767,-155.3704071044922,-155.37,0.01885426634013482,1.5039771795272827,1.5,0.003977179527282715,1.3402119698652781,1.3,0.040211969865278085,15,15.0,scolv:abakken,unknown,man_confirm,manual,aka2026svguhn,aka2026svguhn
matched,onsite,2026-10-01 22:12:27.00,2026-10-01 22:12:27.77,0.775,64.90634155273438,64.908,-149.2975616455078,-149.303,0.3158720354148894,19.416166305541992,19.6,0.18383369445800923,1.6529309527917293,1.6,0.05293095279172921,32,30.0,scanloc_state:AEC,unknown,auto_confirm,automatic,aka2026tlykmb,aka2026tlykmb
matched,onsite,2026-10-01 22:22:45.00,2026-10-01 22:22:45.54,0.543,61.0195541381836,61.02,-150.09918212890625,-150.099,0.05053923313667901,35.07990646362305,35.1,0.020093536376954546,1.9632519143412244,2.0,0.03674808565877563,68,68.0,scanloc_state:AEC,unknown,auto_confirm,automatic,aka2026tlysmg,aka2026tlysmg
matched,onsite,2026-10-01 22:30:55.00,2026-10-01 22:30:55.14,0.143,66.58375549316406,66.584,-148.8217010498047,-148.822,0.03022746384205722,0.940328598022461,0.9,0.040328598022461026,1.788283103423062,1.7,0.088283103423062,20,20.0,scanloc_state:AEC,unknown,auto_confirm,automatic,aka2026tlzamk,aka2026tlzamk
matched,onsite,2026-10-01 23:05:48.00,2026-10-01 23:05:48.15,0.151,61.57871627807617,61.611,-150.44699096679688,-150.452,3.599550834910517,65.94815063476562,63.5,2.448150634765625,2.0664728853892633,2.1,0.03352711461073676,62,46.0,scanloc_state:AEC,unknown,auto_confirm,automatic,aka2026tmaess,aka2026tmaess
matched,onsite,2026-10-01 23:13:19.00,2026-10-01 23:13:18.76,0.236,64.97847747802734,64.97,-147.25872802734375,-147.219,2.0930314160203687,5.0,5.0,0.0,1.1726697643816926,1.1,0.07266976438169248,13,10.0,scanloc_state:AEC,unknown,auto_confirm,automatic,aka2026tmalgh,aka2026tmalgh
matched,onsite,2026-10-01 23:18:05.00,2026-10-01 23:18:05.57,0.571,59.88776016235352,59.888,-153.05352783203125,-153.054,0.03748374037938835,33.17115020751953,33.2,0.028849792480471592,0.4473114228421371,0.4,0.047311422842137074,5,5.0,scanloc_state:AEC,unknown,auto_confirm,automatic,aka2026tmaouu,aka2026tmaouu
matched,onsite,2026-10-01 23:21:51.00,2026-10-01 23:21:51.33,0.331,59.97894668579102,59.979,-153.0625,-153.062,0.028441105280046102,45.66039657592773,45.7,0.03960342407227557,0.9395782890146026,1.0,0.06042171098539739,7,7.0,scanloc_state:AEC,unknown,auto_confirm,automatic,aka2026tmasqr,aka2026tmasqr
root_only,onsite,2026-10-01 23:34:37.00,,,51.81120300292969,,-177.40126037597656,,,12.584388732910156,,,1.7695486884179294,,,8,,scanloc_state:AEC,,auto_confirm,,aka2026tmbdsp,
matched,onsite,2026-10-01 23:46:34.00,2026-10-01 23:46:34.80,0.808,60.23046112060547,60.23,-153.48207092285156,-153.482,0.051423567696893345,5.0,5.0,0.0,0.8028156965166641,0.8,0.0028156965166640235,5,5.0,scanloc_state:AEC,unknown,auto_confirm,automatic,aka2026tmboaw,aka2026tmboaw
matched,onsite,2026-09-25 00:06:49.00,2026-09-25 00:06:49.67,0.679,68.96810913085938,68.968,-144.88046264648438,-144.88,0.022093487763308207,5.0,5.0,0.0,1.5148986265524833,1.5,0.014898626552483307,11,11.0,scolv:abakken,unknown,man_confirm,manual,aka2026szebrc,aka2026szebrc
matched,onsite,2026-09-25 05:35:08.00,2026-09-25 05:35:08.95,0.954,68.71748352050781,68.717,-146.50143432617188,-146.501,0.05655056188499888,5.0,5.0,0.0,1.554956407726367,1.6,0.04504359227363319,13,13.0,scolv:abakken,unknown,man_confirm,manual,aka2026szpaiq,aka2026szpaiq
matched,onsite,2026-09-25 06:14:33.00,2026-09-25 06:14:33.37,0.372,68.9830093383789,68.983,-144.85482788085938,-144.855,0.00694212139937788,0.15823790431022644,0.2,0.04176209568977357,1.7709181163274974,1.8,0.02908188367250264,14,14.0,scolv:abakken,unknown,man_confirm,manual,aka2026szqina,aka2026szqina
matched,onsite,2026-09-25 11:38:46.00,2026-09-25 11:38:46.98,0.981,67.34213256835938,67.342,-156.23440551757812,-156.234,0.02278224038446317,1.624834418296814,1.6,0.024834418296813876,2.3593699371992045,2.4,0.0406300628007954,21,21.0,scolv:abakken,unknown,man_confirm,manual,aka2026tabdqg,aka2026tabdqg
matched,onsite,2026-09-25 13:16:10.00,2026-09-25 13:16:10.68,0.689,66.17058563232422,66.171,-157.52178955078125,-157.522,0.047035538171901405,12.24347972869873,12.2,0.04347972869873118,1.836574931064045,1.8,0.03657493106404486,12,12.0,scolv:abakken,unknown,man_confirm,manual,aka2026taekbx,aka2026taekbx
matched,onsite,2026-09-26 00:12:20.00,2026-09-26 00:12:20.64,0.647,65.41253662109375,65.413,-153.33279418945312,-153.333,0.052397837291846015,2.099695920944214,2.1,0.00030407905578622163,1.7760850747535282,1.8,0.023914925246471874,20,20.0,scolv:abakken,unknown,man_confirm,manual,aka2026tbahag,aka2026tbahag
matched,onsite,2026-09-26 15:35:55.00,2026-09-26 15:35:55.96,0.967,69.50553894042969,69.506,-144.14810180664062,-144.148,0.051420459698026895,5.0,5.0,0.0,1.867952921005,1.9,0.03204707899499981,14,14.0,scolv:abakken,unknown,man_confirm,manual,aka2026tcfbvg,aka2026tcfbvg
matched,onsite,2026-09-26 16:28:37.00,2026-09-26 16:28:37.78,0.787,69.47652435302734,69.477,-144.13323974609375,-144.133,0.05370896460097398,1.11957585811615,1.1,0.019575858116149814,1.8218536866828228,1.8,0.021853686682822726,15,15.0,scolv:abakken,unknown,man_confirm,manual,aka2026tcgvnf,aka2026tcgvnf
matched,onsite,2026-09-26 20:26:55.00,2026-09-26 20:26:55.59,0.595,69.45805358886719,69.458,-143.52976989746094,-143.53,0.010775558846151058,5.0,5.0,0.0,2.4106169843655074,2.4,0.010616984365507509,22,22.0,scolv:abakken,unknown,man_confirm,manual,aka2026tcoudh,aka2026tcoudh
matched,onsite,2026-09-26 22:26:06.00,2026-09-26 22:26:06.62,0.62,64.46870422363281,64.469,-174.51942443847656,-174.519,0.038670967563536614,12.27442169189453,12.3,0.025578308105471237,3.416490213895918,3.4,0.016490213895917982,10,10.0,scolv:abakken,unknown,man_confirm,manual,aka2026tcstmd,aka2026tcstmd
test_only,usgs,,2026-09-29 01:29:57.88,,,58.171,,-155.337,,,5.0,,,1.0,,,15.0,,unknown,,automatic,,aka2026tgqyaj
test_only,usgs,,2026-09-28 20:45:47.27,,,60.071,,-153.038,,,3.7,,,0.6,,,6.0,,unknown,,automatic,,aka2026tghlqb
test_only,usgs,,2026-09-28 10:07:58.99,,,58.237,,-155.171,,,5.0,,,0.7,,,11.0,,unknown,,automatic,,aka2026tfmepo
test_only,usgs,,2026-09-28 10:04:17.12,,,58.242,,-155.205,,,5.0,,,0.6,,,7.0,,unknown,,automatic,,aka2026tfmbkh
test_only,usgs,,2026-09-26 15:19:39.85,,,58.251,,-154.997,,,5.0,,,1.3,,,7.0,,unknown,,automatic,,aka2026tcensm
test_only,usgs,,2026-09-25 23:43:51.31,,,58.163,,-155.39,,,5.0,,,0.9,,,10.0,,unknown,,automatic,,aka2026tazihx
test_only,usgs,,2026-09-25 18:02:00.45,,,58.233,,-155.183,,,5.0,,,1.1,,,9.0,,unknown,,automatic,,aka2026tanxxn
test_only,usgs,,2026-09-25 14:13:18.12,,,58.286,,-154.982,,,5.0,,,0.9,,,6.0,,unknown,,automatic,,aka2026taghpr
test_only,usgs,,2026-09-22 16:33:54.36,,,60.01,,-153.036,,,1.9,,,0.2,,,6.0,,unknown,,automatic,,aka2026suwxvb
test_only,usgs,,2026-09-22 10:19:29.69,,,58.17,,-155.32,,,5.0,,,0.6,,,9.0,,unknown,,automatic,,aka2026suklem
test_only,usgs,,2026-09-21 04:51:08.85,,,61.131,,-152.329,,,8.6,,,0.6,,,7.0,,unknown,,automatic,,aka2026ssdlxp
test_only,usgs,,2026-09-20 06:18:58.37,,,58.263,,-155.171,,,2.8,,,0.7,,,8.0,,unknown,,automatic,,aka2026sqkjms
test_only,usgs,,2026-09-20 00:36:23.74,,,58.295,,-154.972,,,5.0,,,0.8,,,9.0,,unknown,,automatic,,aka2026spyyke
test_only,usgs,,2026-09-18 23:48:19.04,,,58.235,,-155.18,,,0.3,,,0.4,,,6.0,,unknown,,automatic,,aka2026sobife
test_only,usgs,,2026-09-18 22:31:52.94,,,58.289,,-154.985,,,2.7,,,0.6,,,6.0,,unknown,,automatic,,aka2026snytya
test_only,usgs,,2026-09-18 22:08:41.81,,,60.046,,-153.118,,,5.0,,,1.3,,,7.0,,unknown,,automatic,,aka2026snxzvj
test_only,usgs,,2026-09-18 21:49:17.29,,,60.025,,-153.08,,,5.0,,,1.2,,,7.0,,unknown,,automatic,,aka2026snxizl
test_only,usgs,,2026-09-18 16:03:05.71,,,60.541,,-152.727,,,6.8,,,0.5,,,6.0,,unknown,,automatic,,aka2026snluvj
test_only,usgs,,2026-09-17 22:35:59.28,,,60.539,,-152.726,,,6.6,,,1.1,,,7.0,,unknown,,automatic,,aka2026smcwxv
test_only,usgs,,2026-09-17 21:17:12.88,,,58.167,,-155.365,,,5.0,,,0.7,,,9.0,,unknown,,automatic,,aka2026smagpz
test_only,usgs,,2026-09-17 19:02:17.06,,,58.273,,-154.858,,,21.5,,,0.7,,,8.0,,unknown,,automatic,,aka2026slvtqn
test_only,usgs,,2026-09-17 16:33:51.27,,,52.9789,,-171.3906,,,99.874,,,2.8,,,15.0,,unknown,,manual,,us7000tj2y
test_only,usgs,,2026-09-17 12:38:34.39,,,58.175,,-155.363,,,5.0,,,0.6,,,11.0,,unknown,,automatic,,aka2026sliyxy
test_only,usgs,,2026-09-17 07:21:48.37,,,56.923,,-157.792,,,5.0,,,1.3,,,7.0,,unknown,,automatic,,aka2026skykgw
test_only,usgs,,2026-09-17 06:52:30.46,,,58.29,,-154.978,,,5.0,,,0.8,,,11.0,,unknown,,automatic,,aka2026skxkvl
test_only,usgs,,2026-09-17 05:27:28.43,,,58.164,,-155.345,,,5.0,,,0.7,,,9.0,,unknown,,automatic,,aka2026skupdk
test_only,usgs,,2026-09-16 16:46:51.34,,,58.183,,-155.353,,,5.0,,,0.9,,,10.0,,unknown,,automatic,,aka2026sjvfqi
test_only,usgs,,2026-09-16 12:43:32.83,,,58.294,,-154.987,,,5.0,,,1.2,,,6.0,,unknown,,automatic,,aka2026sjncrh
test_only,usgs,,2026-09-16 06:58:07.41,,,59.362,,-153.433,,,5.0,,,1.7,,,7.0,,unknown,,automatic,,aka2026sjbpef
test_only,usgs,,2026-09-13 18:43:54.26,,,61.323,,-152.369,,,5.0,,,0.4,,,9.0,,unknown,,automatic,,aka2026selbks
test_only,usgs,,2026-09-13 00:33:09.36,,,58.24,,-155.161,,,5.0,,,1.0,,,13.0,,unknown,,automatic,,aka2026sdarrh
test_only,usgs,,2026-09-12 07:44:46.76,,,58.252,,-155.137,,,28.9,,,0.8,,,23.0,,unknown,,automatic,,aka2026sbtbir
test_only,usgs,,2026-09-12 00:55:44.63,,,57.693,,-155.947,,,2.7,,,1.5,,,25.0,,unknown,,automatic,,aka2026sbfkrv
test_only,usgs,,2026-09-11 23:55:36.77,,,61.303,,-152.087,,,5.0,,,1.2,,,12.0,,unknown,,automatic,,aka2026sbdjfr
test_only,usgs,,2026-09-11 23:10:28.31,,,58.168,,-155.369,,,5.0,,,0.9,,,9.0,,unknown,,automatic,,aka2026sbbxko
test_only,usgs,,2026-09-11 10:22:10.00,,,58.116,,-156.358,,,20.0,,,1.1,,,15.0,,unknown,,automatic,,aka2026sachge
test_only,usgs,,2026-09-10 21:51:23.28,,,53.774,,-166.99,,,1.7,,,1.2,,,12.0,,unknown,,manual,,aka2026rzdgde
test_only,usgs,,2026-09-08 22:16:01.89,,,57.206,,-135.327,,,5.0,,,2.0,,,10.0,,unknown,,automatic,,aka2026rvmamr
test_only,usgs,,2026-09-08 17:19:53.92,,,58.321,,-155.79,,,5.0,,,1.2,,,6.0,,unknown,,automatic,,aka2026rvcdtb
test_only,usgs,,2026-09-07 22:20:46.44,,,58.163,,-155.342,,,5.0,,,0.9,,,10.0,,unknown,,automatic,,aka2026rtqebb
test_only,usgs,,2026-09-07 18:57:03.39,,,58.283,,-154.964,,,5.0,,,0.8,,,13.0,,unknown,,automatic,,aka2026rtjjko
test_only,usgs,,2026-09-07 16:59:48.83,,,58.275,,-155.008,,,5.0,,,0.8,,,13.0,,unknown,,automatic,,aka2026rtfltf
test_only,usgs,,2026-09-07 16:55:10.14,,,58.247,,-155.146,,,0.2,,,0.9,,,13.0,,unknown,,automatic,,aka2026rtfhsq
test_only,usgs,,2026-09-07 10:01:00.48,,,61.307,,-152.516,,,4.2,,,1.3,,,19.0,,unknown,,automatic,,aka2026rsrmqf
test_only,usgs,,2026-09-07 03:17:25.35,,,53.9084,,-166.6633,,,9.561,,,3.2,,,29.0,,unknown,,manual,,us7000tetj
test_only,usgs,,2026-09-07 01:59:35.96,,,57.9297,,-139.0933,,,10.0,,,3.7,,,41.0,,unknown,,manual,,us7000tesv
test_only,usgs,,2026-09-06 14:21:52.57,,,61.316,,-152.49,,,5.0,,,0.6,,,6.0,,unknown,,automatic,,aka2026rreegf
test_only,usgs,,2026-09-06 01:34:40.93,,,57.982,,-155.253,,,10.6,,,1.0,,,13.0,,unknown,,automatic,,aka2026rqeoyr
test_only,usgs,,2026-09-06 00:58:11.55,,,58.153,,-155.155,,,6.4,,,0.5,,,6.0,,unknown,,automatic,,aka2026rqdjkh
test_only,usgs,,2026-09-05 20:25:30.22,,,58.168,,-155.292,,,5.0,,,0.5,,,9.0,,unknown,,automatic,,aka2026rpugyx
test_only,usgs,,2026-09-05 12:10:50.71,,,58.168,,-155.293,,,5.0,,,1.0,,,9.0,,unknown,,automatic,,aka2026rpdubn
test_only,usgs,,2026-09-05 11:29:50.68,,,58.166,,-155.302,,,5.0,,,1.1,,,11.0,,unknown,,automatic,,aka2026rpckng
test_only,usgs,,2026-09-04 00:20:06.03,,,57.595,,-156.175,,,5.0,,,1.9,,,13.0,,unknown,,automatic,,aka2026rmkbgh
test_only,usgs,,2026-09-03 23:56:57.98,,,52.0331,,-169.2202,,,10.0,,,2.9,,,28.0,,unknown,,manual,,us7000tiud
test_only,usgs,,2026-09-03 20:22:25.96,,,52.4375,,-169.3032,,,33.198,,,5.0,,,60.0,,unknown,,manual,,us7000tgcm
test_only,usgs,,2026-09-03 10:18:53.60,,,58.214,,-155.107,,,5.0,,,1.1,,,21.0,,unknown,,automatic,,aka2026rlhzug
test_only,usgs,,2026-09-03 09:45:33.69,,,60.05,,-153.048,,,0.2,,,0.3,,,6.0,,unknown,,automatic,,aka2026rlgwyu
test_only,usgs,,2026-09-02 22:09:28.78,,,58.293,,-154.93,,,5.0,,,0.9,,,6.0,,unknown,,automatic,,aka2026rkjrkp
test_only,usgs,,2026-09-02 12:37:25.53,,,61.276,,-152.48,,,5.0,,,2.2,,,48.0,,unknown,,automatic,,aka2026rjqpkk
test_only,usgs,,2026-09-02 06:52:04.14,,,52.1648,,-169.2397,,,13.02,,,3.5,,,26.0,,unknown,,manual,,us7000tg30
test_only,usgs,,2026-09-02 05:29:37.42,,,52.2401,,-169.4001,,,10.0,,,3.4,,,22.0,,unknown,,manual,,us7000tg2y
test_only,usgs,,2026-09-02 04:36:29.53,,,58.257,,-155.143,,,5.0,,,0.8,,,12.0,,unknown,,automatic,,aka2026rjaokl
test_only,usgs,,2026-09-02 00:55:27.03,,,60.079,,-153.073,,,11.4,,,0.7,,,6.0,,unknown,,automatic,,aka2026ritetk
