match_type,source,root_time,test_time,time_diff_s,root_latitude,test_latitude,root_longitude,test_longitude,loc_diff_km,root_depth,test_depth,depth_diff_km,root_magnitude,test_magnitude,mag_diff,root_numPhases,test_numPhases,root_author,test_author,root_eval,test_eval,root_evid,test_evid
matched,onsite,2026-09-26 00:28:43.00,2026-09-26 00:28:43.58,0.581,62.98238372802734,62.982,-151.6118927001953,-151.612,0.043011465362561896,7.757500648498535,7.8,0.042499351501464666,2.0489594379563463,2.0,0.048959437956346274,37,37.0,scolv:abakken,unknown,man_confirm,manual,aka2026tbavfp,aka2026tbavfp
matched,onsite,2026-09-26 02:16:50.00,2026-09-26 02:16:50.72,0.724,60.56133270263672,60.561,-147.70388793945312,-147.704,0.03749834072037493,15.094083786010742,15.1,0.005916213989257457,2.071109343940216,2.1,0.028890656059783915,50,50.0,scolv:abakken,unknown,man_confirm,manual,aka2026tbekyx,aka2026tbekyx
matched,onsite,2026-09-26 03:01:50.00,2026-09-26 03:01:50.80,0.806,63.8968276977539,63.897,-149.17637634277344,-149.176,0.026572291156940646,5.214361190795898,5.2,0.01436119079589826,1.7213952127160186,1.7,0.02139521271601863,30,30.0,scolv:abakken,unknown,man_confirm,manual,aka2026tbfxzm,aka2026tbfxzm
matched,onsite,2026-09-26 03:08:11.00,2026-09-26 03:08:11.58,0.585,59.70814895629883,59.708,-153.03765869140625,-153.038,0.025313979819959132,102.1893539428711,102.2,0.010646057128909092,1.8909405070578957,1.9,0.009059492942104175,26,26.0,scolv:abakken,unknown,man_confirm,manual,aka2026tbgdmi,aka2026tbgdmi
matched,onsite,2026-09-26 03:16:12.00,2026-09-26 03:16:12.16,0.165,62.10856246948242,62.109,-148.53921508789062,-148.539,0.049921038154049004,32.73617172241211,32.7,0.03617172241210653,1.8094297662922274,1.8,0.00942976629222736,42,42.0,scolv:abakken,unknown,man_confirm,manual,aka2026tbgkkl,aka2026tbgkkl
matched,onsite,2026-09-26 03:23:30.00,2026-09-26 03:23:30.48,0.489,62.16924285888672,62.169,-149.41937255859375,-149.419,0.03321611392929419,54.68072509765625,54.7,0.019274902343752842,1.6817681124600037,1.7,0.018231887539996272,26,26.0,scolv:abakken,unknown,man_confirm,manual,aka2026tbgqum,aka2026tbgqum
matched,onsite,2026-09-26 03:30:18.00,2026-09-26 03:30:18.60,0.601,60.00905990600586,60.009,-153.0423126220703,-153.042,0.018609304393993283,131.95550537109375,132.0,0.04449462890625,2.2099736552768965,2.2,0.00997365527689631,56,56.0,scolv:abakken,unknown,man_confirm,manual,aka2026tbgwra,aka2026tbgwra
matched,onsite,2026-09-26 03:35:20.00,2026-09-26 03:35:20.35,0.355,61.32989501953125,61.33,-141.91806030273438,-141.918,0.012108463606739993,10.41097640991211,10.4,0.01097640991210902,1.4154002609320486,1.4,0.015400260932048715,19,19.0,scolv:abakken,unknown,man_confirm,manual,aka2026tbhbao,aka2026tbhbao
matched,onsite,2026-09-26 04:12:31.00,2026-09-26 04:12:31.81,0.812,60.56825637817383,60.568,-139.89364624023438,-139.894,0.034443124034392016,6.012686729431152,6.0,0.012686729431152344,1.89537880949353,1.9,0.004621190506469919,26,26.0,scolv:abakken,unknown,man_confirm,manual,aka2026tbihhl,aka2026tbihhl
matched,onsite,2026-09-26 04:22:42.00,2026-09-26 04:22:42.98,0.986,64.90581512451172,64.906,-148.888427734375,-148.888,0.028800693359197823,16.823144912719727,16.8,0.023144912719725852,1.6015745950495792,1.6,0.0015745950495791305,26,26.0,scolv:abakken,unknown,man_confirm,manual,aka2026tbiqck,aka2026tbiqck
matched,onsite,2026-09-26 04:31:34.00,2026-09-26 04:31:34.92,0.92,60.2504768371582,60.25,-150.92759704589844,-150.928,0.05749477587457136,66.07691955566406,66.1,0.023080444335931816,2.0404136933977055,2.0,0.04041369339770551,41,41.0,scolv:abakken,unknown,man_confirm,manual,aka2026tbixdw,aka2026tbixdw
matched,onsite,2026-09-26 05:27:03.00,2026-09-26 05:27:03.92,0.921,61.12178039550781,61.122,-140.06846618652344,-140.068,0.034971795941966484,1.336698055267334,1.3,0.03669805526733394,1.565875506908417,1.6,0.03412449309158316,18,18.0,scolv:abakken,unknown,man_confirm,manual,aka2026tbktxx,aka2026tbktxx
matched,onsite,2026-09-26 05:32:01.00,2026-09-26 05:32:01.18,0.183,54.15373229980469,54.154,-162.4067840576172,-162.407,0.032921033103019644,7.346865177154541,7.3,0.04686517715454119,2.921365298521227,2.9,0.02136529852122715,30,30.0,scolv:abakken,unknown,man_confirm,manual,aka2026tbkydj,aka2026tbkydj
matched,onsite,2026-09-26 05:49:00.00,2026-09-26 05:49:00.45,0.458,60.0976333618164,60.098,-152.89004516601562,-152.89,0.0408451125157224,107.82562255859375,107.8,0.025622558593752842,1.7830961471942028,1.8,0.016903852805797204,34,34.0,scolv:abakken,unknown,man_confirm,manual,aka2026tblmxv,aka2026tblmxv
matched,onsite,2026-09-26 05:55:46.00,2026-09-26 05:55:46.94,0.94,60.85971069335938,60.86,-152.3113250732422,-152.311,0.03666992123488245,111.12287139892578,111.1,0.022871398925786934,2.457914541473934,2.5,0.042085458526066155,110,110.0,scolv:abakken,unknown,man_confirm,manual,aka2026tblsvb,aka2026tblsvb
matched,onsite,2026-09-26 06:04:48.00,2026-09-26 06:04:48.76,0.765,53.75386810302734,53.754,-163.11410522460938,-163.114,0.016215962756790357,11.864815711975098,11.9,0.0351842880249027,3.484999374839071,3.5,0.015000625160928927,62,62.0,scolv:afozkos,unknown,man_confirm,manual,aka2026tbmaoo,aka2026tbmaoo
matched,onsite,2026-09-26 07:26:38.00,2026-09-26 07:26:38.39,0.396,61.45101928710938,61.451,-151.12954711914062,-151.13,0.024161985482033906,17.695655822753906,17.7,0.0043441772460930395,1.7617517643470166,1.8,0.03824823565298341,43,43.0,scolv:abakken,unknown,man_confirm,manual,aka2026tbotor,aka2026tbotor
matched,onsite,2026-09-26 07:46:18.00,2026-09-26 07:46:18.01,0.013,61.59882736206055,61.599,-151.31370544433594,-151.314,0.024722468330529657,11.243826866149902,11.2,0.043826866149903054,1.964134078776184,2.0,0.03586592122381593,30,30.0,scolv:abakken,unknown,man_confirm,manual,aka2026tbpkpz,aka2026tbpkpz
matched,onsite,2026-09-26 08:07:30.00,2026-09-26 08:07:30.03,0.032,60.30212020874023,60.302,-152.07534790039062,-152.075,0.023366259502678444,85.56033325195312,85.6,0.039666748046869316,1.6757487187963316,1.7,0.024251281203668373,25,25.0,scolv:abakken,unknown,man_confirm,manual,aka2026tbqczs,aka2026tbqczs
matched,onsite,2026-09-26 08:15:08.00,2026-09-26 08:15:08.69,0.699,60.17058563232422,60.171,-152.44442749023438,-152.444,0.05178826455442152,101.9145278930664,101.9,0.014527893066400566,1.9577144045066628,2.0,0.042285595493337214,57,57.0,scolv:abakken,unknown,man_confirm,manual,aka2026tbqjqd,aka2026tbqjqd
matched,onsite,2026-09-26 08:38:36.00,2026-09-26 08:38:36.74,0.749,58.62987899780273,58.63,-151.06304931640625,-151.063,0.01375432247830019,0.5680054426193237,0.6,0.03199455738067625,2.410427581349772,2.4,0.010427581349772286,34,34.0,scolv:abakken,unknown,man_confirm,manual,aka2026tbreai,aka2026tbreai
matched,onsite,2026-09-26 08:58:02.00,2026-09-26 08:58:02.29,0.292,61.12897491455078,61.129,-151.6492156982422,-151.649,0.011911880453925744,85.80473327636719,85.8,0.004733276367190342,1.854886679356031,1.9,0.04511332064396889,42,42.0,scolv:abakken,unknown,man_confirm,manual,aka2026tbruvi,aka2026tbruvi
matched,onsite,2026-09-26 09:02:14.00,2026-09-26 09:02:14.84,0.841,61.2429313659668,61.243,-152.0792694091797,-152.079,0.01630810962567766,113.24703979492188,113.2,0.04703979492187216,2.1289268335102585,2.1,0.028926833510258376,53,53.0,scolv:abakken,unknown,man_confirm,manual,aka2026tbrymd,aka2026tbrymd
matched,onsite,2026-09-26 09:30:23.00,2026-09-26 09:30:23.80,0.808,58.38030242919922,58.38,-155.19540405273438,-155.195,0.04105764771496581,35.07755661010742,35.1,0.022443389892579546,1.2809573629038842,1.3,0.019042637096115866,23,23.0,scolv:abakken,unknown,man_confirm,manual,aka2026tbswwq,aka2026tbswwq
matched,onsite,2026-09-26 09:42:30.00,2026-09-26 09:42:30.86,0.862,61.90752029418945,61.908,-151.0184326171875,-151.018,0.05795143474893195,65.57624816894531,65.6,0.023751831054681816,1.6436113353958641,1.6,0.04361133539586404,23,23.0,scolv:abakken,unknown,man_confirm,manual,aka2026tbthkx,aka2026tbthkx
matched,onsite,2026-09-26 09:43:46.00,2026-09-26 09:43:46.07,0.077,60.26636123657227,60.266,-152.67124938964844,-152.671,0.04245711547731111,116.8109130859375,116.8,0.010913085937502842,2.34095645222966,2.3,0.04095645222966038,80,80.0,scolv:abakken,unknown,man_confirm,manual,aka2026tbtimd,aka2026tbtimd
matched,onsite,2026-09-26 09:52:30.00,2026-09-26 09:52:30.71,0.713,60.46638870239258,60.466,-139.58970642089844,-139.59,0.046120067497144396,5.0,5.0,0.0,2.4719923627719464,2.5,0.02800763722805355,38,38.0,scolv:abakken,unknown,man_confirm,manual,aka2026tbtqeh,aka2026tbtqeh
matched,onsite,2026-09-26 10:09:13.00,2026-09-26 10:09:13.76,0.76,59.49111557006836,59.491,-152.5126495361328,-152.513,0.023591233996128336,73.75395965576172,73.8,0.04604034423827841,2.135031862476733,2.1,0.035031862476732734,47,47.0,scolv:abakken,unknown,man_confirm,manual,aka2026tbudiv,aka2026tbudiv
matched,onsite,2026-09-26 10:47:13.00,2026-09-26 10:47:13.70,0.7,62.9139404296875,62.914,-151.2444305419922,-151.244,0.02278259581404561,114.44725036621094,114.4,0.047250366210931816,2.599392504272758,2.6,0.0006074957272419468,99,99.0,scolv:abakken,unknown,man_confirm,manual,aka2026tbvlmd,aka2026tbvlmd
matched,onsite,2026-09-26 11:02:22.00,2026-09-26 11:02:22.42,0.424,60.16594696044922,60.166,-153.0307159423828,-153.031,0.016783913108522796,134.32565307617188,134.3,0.02565307617186363,1.973918128999092,2.0,0.026081871000908086,53,53.0,scolv:abakken,unknown,man_confirm,manual,aka2026tbvygw,aka2026tbvygw
matched,onsite,2026-09-26 11:26:07.00,2026-09-26 11:26:07.09,0.098,64.42457580566406,64.425,-146.7098846435547,-146.71,0.04749217996282933,0.0,0.0,0.0,1.571669273330783,1.6,0.028330726669216988,45,45.0,scolv:abakken,unknown,man_confirm,manual,aka2026tbwtfi,aka2026tbwtfi
matched,onsite,2026-09-26 11:48:20.00,2026-09-26 11:48:20.63,0.631,59.57076644897461,59.571,-152.03713989257812,-152.037,0.027138406429350555,55.63091659545898,55.6,0.03091659545897585,1.8986010530050754,1.9,0.0013989469949244882,29,29.0,scolv:abakken,unknown,man_confirm,manual,aka2026tbxmml,aka2026tbxmml
matched,onsite,2026-09-26 11:50:58.00,2026-09-26 11:50:58.26,0.266,60.54451751708984,60.545,-139.96340942382812,-139.963,0.058133164274134536,0.0,0.0,0.0,2.1828536461447947,2.2,0.017146353855205465,29,29.0,scolv:abakken,unknown,man_confirm,manual,aka2026tbxouj,aka2026tbxouj
matched,onsite,2026-09-26 11:54:15.00,2026-09-26 11:54:15.79,0.794,51.43768692016602,51.438,-179.6501922607422,-179.65,0.037276445945636554,69.5976333618164,69.6,0.0023666381835880657,2.9260256649156937,2.9,0.026025664915693802,32,32.0,scolv:abakken,unknown,man_confirm,manual,aka2026tbxrqc,aka2026tbxrqc
matched,onsite,2026-09-26 12:43:22.00,2026-09-26 12:43:22.54,0.54,51.3491325378418,51.349,-177.51809692382812,-177.518,0.016202020549976597,36.04173278808594,36.0,0.0417327880859375,2.668058726531345,2.7,0.03194127346865505,27,27.0,scolv:abakken,unknown,man_confirm,manual,aka2026tbzhob,aka2026tbzhob
matched,onsite,2026-09-26 13:09:31.00,2026-09-26 13:09:31.59,0.591,62.3687629699707,62.369,-148.51629638671875,-148.516,0.03046777087577378,27.806684494018555,27.8,0.006684494018553977,1.8303482772183368,1.8,0.030348277218336772,27,27.0,scolv:abakken,unknown,man_confirm,manual,aka2026tcaewn,aka2026tcaewn
matched,onsite,2026-09-26 13:12:50.00,2026-09-26 13:12:50.20,0.206,61.52607727050781,61.526,-149.8875274658203,-149.888,0.02648309677965106,35.143272399902344,35.1,0.04327239990234233,2.300063299027434,2.3,6.329902743429372e-05,88,88.0,scolv:abakken,unknown,man_confirm,manual,aka2026tcahsv,aka2026tcahsv
matched,onsite,2026-09-26 13:13:56.00,2026-09-26 13:13:56.53,0.537,58.80085754394531,58.801,-153.523193359375,-153.523,0.01936398064084115,1.087726354598999,1.1,0.012273645401001065,2.0331971520145555,2.0,0.03319715201455553,22,22.0,scolv:abakken,unknown,man_confirm,manual,aka2026tcaisc,aka2026tcaisc
matched,onsite,2026-09-26 13:19:38.00,2026-09-26 13:19:38.84,0.843,60.24681091308594,60.247,-143.46267700195312,-143.463,0.02756365474697566,5.0,5.0,0.0,2.03002395615012,2.0,0.03002395615011988,23,23.0,scolv:abakken,unknown,man_confirm,manual,aka2026tcanql,aka2026tcanql
matched,onsite,2026-09-26 13:25:39.00,2026-09-26 13:25:39.45,0.454,62.30611801147461,62.306,-148.52566528320312,-148.526,0.02171160081620178,27.82457733154297,27.8,0.02457733154296804,2.017436253908299,2.0,0.017436253908298838,37,37.0,scolv:abakken,unknown,man_confirm,manual,aka2026tcasvt,aka2026tcasvt
matched,onsite,2026-09-26 13:32:09.00,2026-09-26 13:32:09.42,0.427,61.57734298706055,61.577,-148.25173950195312,-148.252,0.04055395894905968,11.798537254333496,11.8,0.0014627456665046168,2.061435348033207,2.1,0.03856465196679304,55,55.0,scolv:abakken,unknown,man_confirm,manual,aka2026tcaymx,aka2026tcaymx
matched,onsite,2026-09-26 13:55:20.00,2026-09-26 13:55:20.13,0.138,58.08439254760742,58.084,-154.93753051757812,-154.938,0.0516426008961305,96.88184356689453,96.9,0.018156433105474434,1.6941471968086768,1.7,0.005852803191323197,25,25.0,scolv:abakken,unknown,man_confirm,manual,aka2026tcbsph,aka2026tcbsph
matched,onsite,2026-09-26 13:59:54.00,2026-09-26 13:59:54.34,0.349,59.17340087890625,59.173,-151.7217559814453,-151.722,0.04669397844881377,47.64157485961914,47.6,0.041574859619139204,2.118637260013043,2.1,0.01863726001304311,28,28.0,scolv:abakken,unknown,man_confirm,manual,aka2026tcbwoq,aka2026tcbwoq
matched,onsite,2026-09-26 14:15:22.00,2026-09-26 14:15:22.59,0.597,57.70051956176758,57.701,-154.863037109375,-154.863,0.05346777575232012,76.12931823730469,76.1,0.029318237304693184,1.9854668144531245,1.9,0.08546681445312454,19,19.0,scanloc_state:AEC,unknown,auto_confirm,automatic,aka2026tccjzs,aka2026tccjzs
matched,onsite,2026-09-26 14:22:36.00,2026-09-26 14:22:36.44,0.441,61.6619987487793,61.661,-149.78103637695312,-149.781,0.11107239389483144,62.52487564086914,62.4,0.12487564086914205,2.2855414210618097,2.2,0.08554142106180951,51,49.0,scanloc_state:AEC,unknown,auto_confirm,automatic,aka2026tccqgl,aka2026tccqgl
root_only,onsite,2026-09-26 15:12:11.00,,,51.10457229614258,,-179.20831298828125,,,20.518085479736328,,,3.068997203813529,,,40,,scanloc_state:AEC,,auto_confirm,,aka2026tcedzx,
matched,onsite,2026-09-26 15:19:40.00,2026-09-26 15:19:39.85,0.146,58.24810028076172,58.251,-154.99378967285156,-154.997,0.3731619936943113,5.0,5.0,0.0,1.2656030464604544,1.3,0.03439695353954564,15,7.0,scanloc_state:AEC,unknown,auto_confirm,automatic,aka2026tcensm,aka2026tcensm
matched,onsite,2026-09-26 15:42:17.00,2026-09-26 15:42:17.30,0.302,59.89361190795898,59.894,-152.9825897216797,-152.983,0.04884584216395976,123.71810913085938,123.7,0.018109130859372158,2.453858642290776,2.4,0.05385864229077608,107,107.0,scanloc_state:AEC,unknown,auto_confirm,automatic,aka2026tcfgwi,aka2026tcfgwi
matched,onsite,2026-09-26 15:46:04.00,2026-09-26 15:46:04.15,0.157,65.2480239868164,65.271,-148.97616577148438,-148.962,2.638494915154324,1.4626717567443848,5.0,3.5373282432556152,1.3024698699306754,1.0,0.3024698699306754,15,6.0,scanloc_state:AEC,unknown,auto_confirm,automatic,aka2026tcfkpt,aka2026tcfkpt
root_only,onsite,2026-09-26 16:24:42.00,,,61.11791229248047,,-140.03614807128906,,,5.0,,,2.2673215234781634,,,27,,scanloc_state:AEC,,auto_confirm,,aka2026tcgsdj,
root_only,onsite,2026-09-26 16:43:38.00,,,51.26351165771484,,-176.63926696777344,,,7.79361343383789,,,3.2883990795494666,,,47,,scanloc_state:AEC,,auto_confirm,,aka2026tchimz,
matched,onsite,2026-09-26 17:02:00.00,2026-09-26 17:02:01.06,1.063,51.08927154541016,51.1579,179.7394256591797,179.7488,7.659129717522686,5.655645847320557,17.601,11.945354152679442,4.520292529439804,4.4,0.12029252943980406,141,81.0,scolv:afozkos,unknown,man_confirm,manual,aka2026tchyll,us6000txu2
matched,onsite,2026-09-26 17:24:18.00,2026-09-26 17:24:18.98,0.989,61.63976287841797,61.641,-149.94290161132812,-149.942,0.14557128445836506,13.925698280334473,14.0,0.07430171966552734,2.3031311512259505,2.3,0.0031311512259506458,56,54.0,scanloc_state:AEC,unknown,auto_confirm,automatic,aka2026tcirfg,aka2026tcirfg
root_only,onsite,2026-09-26 19:12:19.00,,,51.75564575195312,,178.5729217529297,,,104.38648223876953,,,3.325752824789642,,,43,,scanloc_state:AEC,,auto_confirm,,aka2026tcmhkm,
matched,onsite,2026-09-26 20:46:58.00,2026-09-26 20:46:58.81,0.818,58.33578872680664,58.336,-156.21604919433594,-156.216,0.02366734876467818,168.91329956054688,168.9,0.013299560546869316,1.6827745332074235,1.7,0.017225466792576416,16,16.0,scanloc_state:AEC,unknown,auto_confirm,automatic,aka2026tcplnl,aka2026tcplnl
matched,onsite,2026-09-26 21:14:55.00,2026-09-26 21:14:55.93,0.93,60.71468353271484,60.715,-151.01739501953125,-151.017,0.04123037988746425,51.13096618652344,51.1,0.03096618652343608,2.33639954213461,2.3,0.036399542134610385,71,71.0,scanloc_state:AEC,unknown,auto_confirm,automatic,aka2026tcqjtm,aka2026tcqjtm
matched,onsite,2026-09-26 21:31:20.00,2026-09-26 21:31:20.66,0.667,52.24446868896484,52.2872,-169.39317321777344,-169.4239,5.191247466718047,15.42904281616211,35.0,19.57095718383789,4.364375707875287,4.0,0.36437570787528717,79,71.0,scolv:afozkos,unknown,man_confirm,manual,aka2026tcqxxq,us6000txwq
matched,onsite,2026-09-26 21:48:54.00,2026-09-26 21:48:54.72,0.721,61.7645492553711,61.767,-148.2581329345703,-148.257,0.2789509999996258,23.715763092041016,23.7,0.015763092041016336,2.240086386384038,2.1,0.1400863863840378,48,46.0,scanloc_state:AEC,unknown,auto_confirm,automatic,aka2026tcrnff,aka2026tcrnff
root_only,onsite,2026-09-26 22:08:28.00,,,51.0526237487793,,179.65174865722656,,,5.0,,,2.7040855625060205,,,10,,scanloc_state:AEC,,auto_confirm,,aka2026tcseem,
matched,onsite,2026-09-26 23:16:14.00,2026-09-26 23:16:14.16,0.16,54.14769744873047,54.135833333333,-165.96823120117188,-165.97366666667,1.3659112859485274,4.651425838470459,2.06,2.591425838470459,1.9497370388421909,0.73,1.2197370388421909,8,14.0,scanloc_state:AEC,unknown,auto_confirm,manual,aka2026tcukyg,av94450521
matched,onsite,2026-09-27 00:33:05.00,2026-09-27 00:33:05.25,0.254,61.30659866333008,61.307,-150.28213500976562,-150.282,0.04520492401958971,53.28659439086914,53.3,0.013405609130856533,2.1382708051914556,2.1,0.03827080519145554,63,63.0,scolv:djgossett,unknown,man_confirm,manual,aka2026tcwzoh,aka2026tcwzoh
matched,onsite,2026-09-27 01:14:56.00,2026-09-27 01:14:56.72,0.723,51.28885650634766,51.289,-176.12139892578125,-176.121,0.032002796035018335,16.10011863708496,16.1,0.00011863708495951641,2.572255583794388,2.6,0.027744416205611966,21,21.0,scolv:djgossett,unknown,man_confirm,manual,aka2026tcyjwg,aka2026tcyjwg
matched,onsite,2026-09-27 01:30:49.00,2026-09-27 01:30:49.16,0.166,59.21738815307617,59.217,-153.57461547851562,-153.575,0.04839088255583165,106.01618957519531,106.0,0.0161895751953125,2.342619339787018,2.3,0.04261933978701826,83,83.0,scolv:djgossett,unknown,man_confirm,manual,aka2026tcyxpz,aka2026tcyxpz
matched,onsite,2026-09-27 01:39:30.00,2026-09-27 01:39:30.41,0.418,51.2408332824707,51.241,-176.89837646484375,-176.898,0.03210088416704403,25.97242546081543,26.0,0.027574539184570312,2.919718936423096,2.9,0.01971893642309608,40,40.0,scolv:djgossett,unknown,man_confirm,manual,aka2026tczfdw,aka2026tczfdw
matched,onsite,2026-09-27 02:01:42.00,2026-09-27 02:01:42.22,0.224,57.64155197143555,57.65,-155.50497436523438,-155.509,0.9694406470492072,85.57511138916016,86.4,0.8248886108398494,2.579650094913043,2.5,0.0796500949130432,71,69.0,scanloc_state:AEC,unknown,auto_confirm,automatic,aka2026tczykx,aka2026tczykx
matched,onsite,2026-09-27 02:14:17.00,2026-09-27 02:14:17.97,0.973,61.85223007202148,61.852,-150.80259704589844,-150.803,0.033185408300541015,67.8226547241211,67.8,0.022654724121096592,1.5358732623624805,1.5,0.03587326236248045,12,12.0,scanloc_state:AEC,unknown,auto_confirm,automatic,aka2026tdajij,aka2026tdajij
matched,onsite,2026-09-27 02:17:41.00,2026-09-27 02:17:41.97,0.979,65.26532745361328,65.265,-148.97764587402344,-148.978,0.03996543626054639,14.304363250732422,14.3,0.0043632507324211645,1.3404192690580743,1.3,0.04041926905807425,8,8.0,scanloc_state:AEC,unknown,auto_confirm,automatic,aka2026tdamgz,aka2026tdamgz
matched,onsite,2026-09-27 02:35:15.00,2026-09-27 02:35:15.96,0.964,69.05210876464844,69.052,-144.5997314453125,-144.6,0.01613221674738462,1.4882571697235107,1.5,0.011742830276489258,2.7582248426893416,2.7,0.05822484268934147,39,39.0,scanloc_state:AEC,unknown,auto_confirm,automatic,aka2026tdbbzi,aka2026tdbbzi
matched,onsite,2026-09-27 02:41:48.00,2026-09-27 02:41:48.79,0.791,61.78520965576172,61.785,-146.50827026367188,-146.504,0.2256980707240446,0.5801799297332764,0.0,0.5801799297332764,2.386310122339109,2.4,0.013689877660890915,69,68.0,scanloc_state:AEC,unknown,auto_confirm,automatic,aka2026tdbhfa,aka2026tdbhfa
matched,onsite,2026-09-27 03:19:29.00,2026-09-27 03:19:29.62,0.623,62.69497299194336,62.695,-149.43089294433594,-149.431,0.006232040698130565,5.0,5.0,0.0,2.190887007127786,2.1,0.09088700712778586,49,48.0,scanloc_state:AEC,unknown,auto_confirm,automatic,aka2026tdcnwn,aka2026tdcnwn
matched,onsite,2026-09-27 03:32:30.00,2026-09-27 03:32:30.42,0.421,61.17904663085938,61.179,-151.43194580078125,-151.432,0.005943587307437621,94.6559066772461,94.7,0.04409332275390909,2.0034285891026196,2.0,0.0034285891026195614,41,41.0,scanloc_state:AEC,unknown,auto_confirm,automatic,aka2026tdczdt,aka2026tdczdt
matched,onsite,2026-09-27 03:38:12.00,2026-09-27 03:38:12.81,0.815,61.29652786254883,61.297,-150.4132537841797,-150.413,0.05422048611664942,50.13892364501953,50.1,0.03892364501952983,2.888777696024172,2.9,0.01122230397582813,149,149.0,scanloc_state:AEC,unknown,auto_confirm,automatic,aka2026tddduk,aka2026tddduk
root_only,onsite,2026-09-27 04:16:00.00,,,52.03200149536133,,-178.40969848632812,,,247.1042175292969,,,3.1909813299862275,,,67,,scanloc_state:AEC,,auto_confirm,,aka2026tdekvj,
matched,onsite,2026-09-27 04:54:15.00,2026-09-27 04:54:15.55,0.558,58.24960327148438,58.25,-154.86741638183594,-154.867,0.05039491672381694,5.0,5.0,0.0,1.1740736294005731,1.1,0.07407362940057305,16,16.0,scanloc_state:AEC,unknown,auto_confirm,automatic,aka2026tdfryf,aka2026tdfryf
matched,onsite,2026-09-27 04:58:58.00,2026-09-27 04:58:58.69,0.692,64.72513580322266,64.725,-147.94235229492188,-147.942,0.02253383249104862,3.2343268394470215,3.2,0.03432683944702131,2.101983311447201,2.1,0.001983311447200986,40,40.0,scanloc_state:AEC,unknown,auto_confirm,automatic,aka2026tdfwcu,aka2026tdfwcu
matched,onsite,2026-09-27 04:59:17.00,2026-09-27 04:59:17.57,0.579,60.39287948608398,60.39,-152.39666748046875,-152.396,0.3222772958470347,91.13580322265625,91.3,0.16419677734374716,1.9947682524602617,1.8,0.19476825246026164,42,40.0,scanloc_state:AEC,unknown,auto_confirm,automatic,aka2026tdfwkt,aka2026tdfwkt
matched,onsite,2026-09-27 05:01:47.00,2026-09-27 05:01:47.30,0.304,61.07467269897461,61.075,-150.16909790039062,-150.169,0.03677310449170723,46.62165832519531,46.6,0.02165832519531108,2.0611538371494995,2.1,0.038846162850500576,44,44.0,scanloc_state:AEC,unknown,auto_confirm,automatic,aka2026tdfynt,aka2026tdfynt
root_only,onsite,2026-09-27 05:11:49.00,,,54.55602264404297,,-160.2347869873047,,,4.326852321624756,,,3.105615071203728,,,40,,scanloc_state:AEC,,auto_confirm,,aka2026tdghkg,
matched,onsite,2026-09-27 05:27:21.00,2026-09-27 05:27:21.46,0.463,56.21701431274414,56.1117,-149.86636352539062,-149.7401,14.080061665999915,5.0,10.0,5.0,3.600367049307889,3.5,0.1003670493078892,94,29.0,scanloc_state:AEC,unknown,auto_confirm,manual,aka2026tdguku,us6000txwz
root_only,onsite,2026-09-27 05:28:20.00,,,51.44293594360352,,-175.81101989746094,,,63.73689651489258,,,2.553561020785272,,,22,,scanloc_state:AEC,,auto_confirm,,aka2026tdgvon,
matched,onsite,2026-09-27 06:41:38.00,2026-09-27 06:41:38.97,0.974,61.85395050048828,61.854,-149.43556213378906,-149.436,0.02361767316050718,15.549623489379883,15.5,0.04962348937988281,2.9174428255945806,2.9,0.017442825594580658,135,135.0,scanloc_state:AEC,unknown,auto_confirm,automatic,aka2026tdjhdl,aka2026tdjhdl
matched,onsite,2026-09-27 06:52:04.00,2026-09-27 06:52:04.14,0.141,57.85779571533203,57.848,-155.63653564453125,-155.623,1.3519601564933386,12.03835391998291,14.3,2.2616460800170906,1.7374789871814253,1.6,0.13747898718142526,35,33.0,scanloc_state:AEC,unknown,auto_confirm,automatic,aka2026tdjqeh,aka2026tdjqeh
matched,onsite,2026-09-27 07:48:12.00,2026-09-27 07:48:11.74,0.251,50.90767288208008,50.9044,179.33543395996094,179.3215,1.0426109991055725,34.05631637573242,46.522,12.465683624267577,4.954324987330957,4.6,0.3543249873309575,80,64.0,scolv:afozkos,unknown,man_confirm,manual,aka2026tdlmve,us6000txxm
matched,onsite,2026-09-27 08:11:55.00,2026-09-27 08:11:55.70,0.706,64.16929626464844,64.169,-147.9361114501953,-147.936,0.0333827236057594,0.9717805981636047,1.0,0.028219401836395264,1.5783959472711364,1.5,0.07839594727113641,26,26.0,scanloc_state:AEC,unknown,auto_confirm,automatic,aka2026tdmhko,aka2026tdmhko
matched,onsite,2026-09-27 08:12:50.00,2026-09-27 08:12:50.78,0.785,58.20170974731445,58.202,-154.8367462158203,-154.837,0.03553531011812538,5.712911605834961,5.7,0.01291160583496076,0.807648217777091,0.7,0.107648217777091,9,9.0,scanloc_state:AEC,unknown,auto_confirm,automatic,aka2026tdmifh,aka2026tdmifh
matched,onsite,2026-09-27 08:43:29.00,2026-09-27 08:43:29.15,0.152,61.69158554077148,61.692,-149.21725463867188,-149.217,0.048001938406992746,5.0,5.0,0.0,1.4418577071786738,1.2,0.24185770717867383,11,11.0,scanloc_state:AEC,unknown,auto_confirm,automatic,aka2026tdnitz,aka2026tdnitz
root_only,onsite,2026-09-27 09:29:09.00,,,51.44959259033203,,-176.3376007080078,,,30.376684188842773,,,2.4155201339825925,,,25,,scanloc_state:AEC,,auto_confirm,,aka2026tdowji,
matched,onsite,2026-09-27 09:33:14.00,2026-09-27 09:33:14.82,0.828,67.39551544189453,67.396,-146.28997802734375,-146.29,0.05388858624519985,2.0224761962890625,2.0,0.0224761962890625,2.400384626854389,2.3,0.10038462685438931,42,42.0,scanloc_state:AEC,unknown,auto_confirm,automatic,aka2026tdozyq,aka2026tdozyq
matched,onsite,2026-09-27 09:35:53.00,2026-09-27 09:35:53.79,0.794,58.24530029296875,58.245,-155.12310791015625,-155.13,0.4047071627386622,5.0,5.0,0.0,0.9289014426710943,0.8,0.12890144267109427,17,16.0,scanloc_state:AEC,unknown,auto_confirm,automatic,aka2026tdpcfm,aka2026tdpcfm
matched,onsite,2026-09-27 09:38:23.00,2026-09-27 09:38:23.52,0.521,60.94466781616211,60.945,-151.95449829101562,-151.954,0.04569936445851944,89.73124694824219,89.7,0.031246948242184658,2.1574320217413074,2.1,0.05743202174130735,55,55.0,scanloc_state:AEC,unknown,auto_confirm,automatic,aka2026tdpejr,aka2026tdpejr
matched,onsite,2026-09-27 09:44:05.00,2026-09-27 09:44:05.14,0.142,58.25653457641602,58.257,-155.1387176513672,-155.139,0.05432477608487519,4.302574634552002,4.3,0.0025746345520021308,1.7919296508180522,1.8,0.008070349181947822,30,30.0,scanloc_state:AEC,unknown,auto_confirm,automatic,aka2026tdpjia,aka2026tdpjia
matched,onsite,2026-09-27 09:45:11.00,2026-09-27 09:45:11.48,0.481,58.2555160522461,58.261,-155.13778686523438,-155.152,1.0310912137780224,5.0,5.0,0.0,0.944504390953395,0.9,0.04450439095339498,11,10.0,scanloc_state:AEC,unknown,auto_confirm,automatic,aka2026tdpkhb,aka2026tdpkhb
matched,onsite,2026-09-27 09:57:51.00,2026-09-27 09:57:51.85,0.856,58.2465934753418,58.259,-155.17181396484375,-155.171,1.3803643553843445,5.0,0.2,4.8,0.9078570813397118,0.8,0.10785708133971172,14,11.0,scanloc_state:AEC,unknown,auto_confirm,automatic,aka2026tdpvgs,aka2026tdpvgs
matched,onsite,2026-09-27 09:59:48.00,2026-09-27 09:59:48.44,0.444,58.24540328979492,58.249,-155.12826538085938,-155.152,1.445312634668356,5.0,5.0,0.0,1.3780167006392334,1.3,0.07801670063923338,23,7.0,scanloc_state:AEC,unknown,auto_confirm,automatic,aka2026tdpwyn,aka2026tdpwyn
matched,onsite,2026-09-27 10:30:26.00,2026-09-27 10:30:26.42,0.42,51.11015319824219,51.2307,179.69215393066406,179.7625,14.273284382442867,20.905359268188477,18.012,2.893359268188476,4.570835511213009,4.4,0.17083551121300822,191,71.0,scolv:afozkos,unknown,man_confirm,manual,aka2026tdqxmf,us6000txye
root_only,onsite,2026-09-27 10:43:38.00,,,51.00664520263672,,179.770263671875,,,4.351377964019775,,,2.867793190481857,,,32,,scanloc_state:AEC,,auto_confirm,,aka2026tdrgdb,
matched,onsite,2026-09-27 10:58:33.00,2026-09-27 10:58:33.77,0.771,58.24666976928711,58.254,-155.1407928466797,-155.153,1.0837587485257256,5.0,5.0,0.0,1.1775318059689914,1.1,0.07753180596899134,21,9.0,scanloc_state:AEC,unknown,auto_confirm,automatic,aka2026tdrvxc,aka2026tdrvxc
matched,onsite,2026-09-27 11:13:51.00,2026-09-27 11:13:51.76,0.762,63.59711456298828,63.597,-150.62173461914062,-150.622,0.01828844181507054,1.1653226613998413,1.2,0.03467733860015865,2.3247603343967373,2.3,0.024760334396737527,58,58.0,scanloc_state:AEC,unknown,auto_confirm,automatic,aka2026tdsjeb,aka2026tdsjeb
matched,onsite,2026-09-27 11:38:12.00,2026-09-27 11:38:12.95,0.957,64.94587707519531,64.946,-148.9027862548828,-148.903,0.016974455745161657,15.821453094482422,15.8,0.021453094482421164,1.101189853586192,1.1,0.0011898535861918358,12,12.0,scanloc_state:AEC,unknown,auto_confirm,automatic,aka2026tdteha,aka2026tdteha
matched,onsite,2026-09-27 12:39:52.00,2026-09-27 12:39:52.28,0.282,58.289794921875,58.303,-154.96961975097656,-154.98,1.588694981725737,5.0,5.0,0.0,0.7734023988078694,0.7,0.07340239880786947,11,9.0,scanloc_state:AEC,unknown,auto_confirm,automatic,aka2026tdvfsz,aka2026tdvfsz
matched,onsite,2026-09-27 12:53:05.00,2026-09-27 12:53:05.94,0.943,62.64727020263672,62.647,-152.1195831298828,-152.116,0.1855136097501943,5.0,5.0,0.0,2.96957685165912,3.0,0.03042314834087989,130,128.0,scanloc_global_assoc:AEC,unknown,auto_confirm,automatic,aka2026tdvrey,aka2026tdvrey
matched,onsite,2026-09-27 14:32:46.00,2026-09-27 14:32:46.89,0.894,58.33511734008789,58.335,-151.17593383789062,-151.176,0.01360718740570296,7.312612533569336,7.3,0.012612533569336115,2.3456753361047396,2.3,0.04567533610473973,17,17.0,scanloc_state:AEC,unknown,auto_confirm,automatic,aka2026tdyzrj,aka2026tdyzrj
matched,onsite,2026-09-27 15:42:39.00,2026-09-27 15:42:39.40,0.408,56.56789016723633,56.568,-156.30117797851562,-156.301,0.016371874923107103,4.406534671783447,4.4,0.00653467178344691,2.9169838745673147,2.9,0.01698387456731476,70,70.0,scanloc_state:AEC,unknown,auto_confirm,automatic,aka2026tebiel,aka2026tebiel
root_only,onsite,2026-09-27 15:47:18.00,,,51.07300186157227,,-179.3595733642578,,,21.970359802246094,,,2.8607794210236355,,,40,,scanloc_state:AEC,,auto_confirm,,aka2026teblsd,
matched,onsite,2026-09-27 15:47:50.00,2026-09-27 15:47:50.15,0.153,60.06042098999023,60.058,-152.80535888671875,-152.787,1.0538434581705907,119.74916076660156,118.7,1.0491607666015597,1.9701143914013886,1.7,0.2701143914013886,53,52.0,scanloc_state:AEC,unknown,auto_confirm,automatic,aka2026tebmli,aka2026tebmli
root_only,onsite,2026-09-27 15:49:50.00,,,51.05380249023438,,179.7802276611328,,,7.427602291107178,,,2.8396686894013996,,,25,,scanloc_state:AEC,,auto_confirm,,aka2026tebohj,
matched,onsite,2026-09-27 16:08:34.00,2026-09-27 16:08:34.26,0.263,62.18917846679688,62.189,-150.1691436767578,-150.169,0.02119826712241609,60.46804428100586,60.4,0.0680442810058608,1.9663516940332273,1.9,0.06635169403322738,42,41.0,scanloc_state:AEC,unknown,auto_confirm,automatic,aka2026tecers,aka2026tecers
matched,onsite,2026-09-27 16:48:16.00,2026-09-27 16:48:16.40,0.401,64.47025299072266,64.468,-146.89141845703125,-146.902,0.5656226770295623,2.542771577835083,4.5,1.957228422164917,1.8004123468123663,1.8,0.0004123468123662377,46,43.0,scanloc_state:AEC,unknown,auto_confirm,automatic,aka2026tedncw,aka2026tedncw
matched,onsite,2026-09-27 16:52:12.00,2026-09-27 16:52:12.38,0.381,61.81561660766602,61.814,-149.8506317138672,-149.84,0.5865984411479253,24.86630439758301,25.1,0.23369560241699006,1.8543111201535283,1.7,0.15431112015352833,35,29.0,scanloc_state:AEC,unknown,auto_confirm,automatic,aka2026tedqnf,aka2026tedqnf
matched,onsite,2026-09-27 16:58:08.00,2026-09-27 16:58:08.18,0.186,59.9574966430664,59.957,-152.9805450439453,-152.981,0.060755019144075495,127.8824920654297,127.9,0.017507934570303973,2.6646489551143517,2.6,0.06464895511435165,159,159.0,scanloc_state:AEC,unknown,auto_confirm,automatic,aka2026tedvrp,aka2026tedvrp
matched,onsite,2026-09-27 17:36:38.00,2026-09-27 17:36:38.70,0.707,59.44015884399414,59.44,-153.42575073242188,-153.426,0.022595778807823763,17.36553955078125,17.4,0.03446044921874858,1.224042231656945,1.1,0.12404223165694495,19,19.0,scanloc_state:AEC,unknown,auto_confirm,automatic,aka2026tefcyi,aka2026tefcyi
root_only,onsite,2026-09-27 18:06:57.00,,,51.12566757202148,,-179.2254180908203,,,17.228918075561523,,,2.6623677779873285,,,18,,scanloc_state:AEC,,auto_confirm,,aka2026tegdiu,
matched,onsite,2026-09-27 18:29:49.00,2026-09-27 18:29:49.54,0.545,59.92241287231445,59.919,-152.27243041992188,-152.299,1.5285970385616063,91.53959655761719,91.3,0.23959655761719034,2.1979857595431613,2.1,0.09798575954316124,82,76.0,scanloc_state:AEC,unknown,auto_confirm,automatic,aka2026tegxen,aka2026tegxen
matched,onsite,2026-09-27 21:17:13.00,2026-09-27 21:17:13.24,0.242,63.13821792602539,63.139,-150.40980529785156,-150.41,0.08751111003647745,111.77338409423828,111.7,0.07338409423827841,2.6409383834489626,2.6,0.0409383834489625,104,103.0,scanloc_state:AEC,unknown,auto_confirm,automatic,aka2026temmhr,aka2026temmhr
matched,onsite,2026-09-27 21:26:21.00,2026-09-27 21:26:21.90,0.905,59.74846649169922,59.748,-152.67672729492188,-152.677,0.05407438422791931,87.58074188232422,87.6,0.019258117675775566,2.185922844270643,2.2,0.014077155729357305,87,87.0,scanloc_state:AEC,unknown,auto_confirm,automatic,aka2026temugc,aka2026temugc
matched,onsite,2026-09-27 21:36:20.00,2026-09-27 21:36:20.16,0.167,53.5920295715332,53.511,-157.8494110107422,-157.7326,11.86288012779099,5.0,10.0,5.0,3.4665049135415336,3.3,0.16650491354153374,61,67.0,scolv:afozkos,unknown,man_confirm,manual,aka2026tencgw,us6000ty2m
matched,onsite,2026-09-27 21:53:36.00,2026-09-27 21:53:36.91,0.911,62.61124801635742,62.611,-149.45321655273438,-149.453,0.029719701135294877,61.70903015136719,61.7,0.009030151367184658,2.624396127920972,2.6,0.0243961279209719,125,125.0,scanloc_state:AEC,unknown,auto_confirm,automatic,aka2026tenrvu,aka2026tenrvu
root_only,onsite,2026-09-27 22:03:35.00,,,51.81901931762695,,-173.0914764404297,,,29.831005096435547,,,3.107816512262242,,,31,,scanloc_state:AEC,,auto_confirm,,aka2026teoana,
matched,onsite,2026-09-27 22:09:01.00,2026-09-27 22:09:02.88,1.88,51.52368927001953,51.5777,-174.5506591796875,-174.5615,6.052315264724421,0.3884586989879608,10.0,9.61154130101204,3.548372553233105,3.5,0.04837255323310519,47,52.0,scolv:afozkos,unknown,man_confirm,manual,aka2026teoffn,us6000ty2n
matched,onsite,2026-09-27 22:13:05.00,2026-09-27 22:13:05.95,0.956,57.86734771728516,57.867,-155.5868682861328,-155.587,0.03944133112599286,20.262834548950195,20.3,0.0371654510498054,1.239940372989087,1.2,0.039940372989087036,9,9.0,scanloc_state:AEC,unknown,auto_confirm,automatic,aka2026teoitp,aka2026teoitp
matched,onsite,2026-09-27 22:32:40.00,2026-09-27 22:32:40.75,0.757,60.53499603271484,60.535,-155.78353881835938,-155.784,0.02522859087826328,5.0,5.0,0.0,2.304417447005264,2.3,0.00441744700526403,52,52.0,scanloc_state:AEC,unknown,auto_confirm,automatic,aka2026teozvl,aka2026teozvl
matched,onsite,2026-09-28 00:02:21.00,2026-09-28 00:02:23.45,2.459,51.3820915222168,51.5332,-177.51976013183594,-177.551,16.941330881237295,19.65547752380371,28.498,8.84252247619629,3.0873936522256913,3.0,0.08739365222569129,70,70.0,scolv:odsimonds,unknown,man_confirm,manual,aka2026terzmg,us6000ty8e
matched,onsite,2026-09-28 00:05:59.00,2026-09-28 00:05:59.59,0.593,62.48532485961914,62.485,-151.28445434570312,-151.284,0.04300684012832685,7.219188213348389,7.2,0.019188213348388494,1.788977289636566,1.8,0.01102271036343394,40,40.0,scolv:odsimonds,unknown,man_confirm,manual,aka2026tescqz,aka2026tescqz
matched,onsite,2026-09-28 01:01:45.00,2026-09-28 01:01:45.19,0.196,58.21255111694336,58.213,-155.3383331298828,-155.338,0.05359200803697812,5.0,5.0,0.0,1.055702638234324,1.1,0.04429736176567611,6,6.0,scolv:odsimonds,unknown,man_confirm,manual,aka2026tetyzu,aka2026tetyzu
matched,onsite,2026-09-28 01:03:39.00,2026-09-28 01:03:39.34,0.347,59.8187370300293,59.819,-153.3108367919922,-153.311,0.030631221069506286,138.2799072265625,138.3,0.02009277343751137,3.0852700459411593,3.1,0.01472995405884081,231,231.0,scolv:odsimonds,unknown,man_confirm,manual,aka2026teuaqx,aka2026teuaqx
matched,onsite,2026-09-28 01:07:21.00,2026-09-28 01:07:21.69,0.696,61.61384201049805,61.614,-150.83456420898438,-150.835,0.028971362608148928,65.55915069580078,65.6,0.040849304199213066,2.0011785333955894,2.0,0.0011785333955893762,77,77.0,scolv:odsimonds,unknown,man_confirm,manual,aka2026teucga,aka2026teucga
matched,onsite,2026-09-28 01:12:20.00,2026-09-28 01:12:20.17,0.178,59.54524612426758,59.545,-152.3800048828125,-152.38,0.027369153462084808,68.08148956298828,68.1,0.018510437011713066,2.3153286470613375,2.3,0.01532864706133763,121,121.0,scolv:odsimonds,unknown,man_confirm,manual,aka2026teuien,aka2026teuien
matched,onsite,2026-09-28 01:50:44.00,2026-09-28 01:50:44.89,0.899,60.68540954589844,60.685,-151.6387176513672,-151.639,0.04806376138785479,80.61775970458984,80.6,0.017759704589849434,1.7394856240507788,1.7,0.03948562405077882,32,32.0,scolv:odsimonds,unknown,man_confirm,manual,aka2026tevpnh,aka2026tevpnh
matched,onsite,2026-09-28 02:09:42.00,2026-09-28 02:09:42.75,0.753,58.2302474975586,58.23,-155.11158752441406,-155.112,0.0366131556050943,5.0,5.0,0.0,0.6341185524503835,0.6,0.03411855245038353,11,11.0,scolv:odsimonds,unknown,man_confirm,manual,aka2026tewfxq,aka2026tewfxq
matched,onsite,2026-09-28 02:32:10.00,2026-09-28 02:32:10.26,0.266,61.69723510742188,61.697,-146.62208557128906,-146.622,0.026529160839508206,1.4198424816131592,1.4,0.01984248161315927,2.2213767054525277,2.2,0.021376705452527567,69,69.0,scolv:odsimonds,unknown,man_confirm,manual,aka2026tewzkg,aka2026tewzkg
matched,onsite,2026-09-28 02:39:52.00,2026-09-28 02:39:52.92,0.922,60.12358856201172,60.124,-152.49395751953125,-152.494,0.04581028465173614,94.96504211425781,95.0,0.0349578857421875,2.049470286322064,2.0,0.04947028632206418,94,94.0,scolv:odsimonds,unknown,man_confirm,manual,aka2026texejf,aka2026texejf
matched,onsite,2026-09-28 02:41:56.00,2026-09-28 02:41:56.84,0.845,60.98420333862305,60.984,-149.6260986328125,-149.626,0.023227621963086628,35.985931396484375,36.0,0.014068603515625,1.8869080868097148,1.9,0.013091913190285132,40,40.0,scolv:odsimonds,unknown,man_confirm,manual,aka2026texhvs,aka2026texhvs
matched,onsite,2026-09-28 02:43:04.00,2026-09-28 02:43:04.94,0.947,60.0692367553711,60.069,-152.1080322265625,-152.108,0.02638664262387215,78.13976287841797,78.1,0.039762878417974434,1.4417339161513512,1.4,0.04173391615135125,15,15.0,scolv:odsimonds,unknown,man_confirm,manual,aka2026texivg,aka2026texivg
matched,onsite,2026-09-28 03:05:59.00,2026-09-28 03:05:59.86,0.86,59.76826477050781,59.768,-152.19342041015625,-152.193,0.037693353192473,67.13304901123047,67.1,0.033049011230474434,2.0435626361508237,2.0,0.043562636150823675,66,66.0,scolv:odsimonds,unknown,man_confirm,manual,aka2026teycsf,aka2026teycsf
matched,onsite,2026-09-28 03:18:36.00,2026-09-28 03:18:36.30,0.309,62.19453048706055,62.195,-150.15936279296875,-150.159,0.05549524461070983,12.88561725616455,12.9,0.014382743835449574,1.8499330191627696,1.8,0.0499330191627696,31,31.0,scolv:odsimonds,unknown,man_confirm,manual,aka2026teynqk,aka2026teynqk
matched,onsite,2026-09-28 03:21:25.00,2026-09-28 03:21:25.77,0.779,60.48563766479492,60.486,-152.244384765625,-152.244,0.045469916606977905,89.730712890625,89.7,0.030712890624997158,1.8509844117137793,1.9,0.04901558828622066,51,51.0,scolv:odsimonds,unknown,man_confirm,manual,aka2026teynpj,aka2026teynpj
matched,onsite,2026-09-28 03:23:31.00,2026-09-28 03:23:31.96,0.965,61.69914627075195,61.699,-150.1318817138672,-150.132,0.017418986313682487,29.846351623535156,29.8,0.04635162353515554,2.0655202309122576,2.1,0.03447976908774253,80,80.0,scolv:odsimonds,unknown,man_confirm,manual,aka2026teyrxj,aka2026teyrxj
matched,onsite,2026-09-28 03:25:37.00,2026-09-28 03:25:37.34,0.343,59.94784164428711,59.948,-153.43051147460938,-153.431,0.032405025226577615,135.29806518554688,135.3,0.0019348144531363687,2.1205967638532544,2.1,0.020596763853254263,22,22.0,scolv:odsimonds,unknown,man_confirm,manual,aka2026teytso,aka2026teytso
matched,onsite,2026-09-28 03:35:57.00,2026-09-28 03:35:57.61,0.619,61.10123062133789,61.101,-147.52685546875,-147.527,0.02679423912509567,26.95206069946289,27.0,0.047939300537109375,1.4013361583885886,1.4,0.001336158388588693,9,9.0,scolv:odsimonds,unknown,man_confirm,manual,aka2026tezcrz,aka2026tezcrz
matched,onsite,2026-09-28 03:42:01.00,2026-09-28 03:42:01.22,0.22,61.48212814331055,61.482,-146.2252655029297,-146.225,0.020042504415274047,27.61001777648926,27.6,0.010017776489259944,1.6522044201365191,1.7,0.04779557986348082,28,28.0,scolv:odsimonds,unknown,man_confirm,manual,aka2026tezhym,aka2026tezhym
matched,onsite,2026-09-28 03:48:02.00,2026-09-28 03:48:02.86,0.866,60.55939102172852,60.559,-152.1432342529297,-152.143,0.045325462542438806,91.24337005615234,91.2,0.04337005615234091,2.7943732567966286,2.8,0.005626743203371198,171,171.0,scolv:odsimonds,unknown,man_confirm,manual,aka2026tezneu,aka2026tezneu
matched,onsite,2026-09-28 04:02:49.00,2026-09-28 04:02:49.71,0.71,63.260498046875,63.26,-145.29107666015625,-145.291,0.05551293688633446,7.152657985687256,7.2,0.04734201431274432,1.3452185492434257,1.3,0.04521854924342561,14,14.0,scolv:odsimonds,unknown,man_confirm,manual,aka2026tezzsl,aka2026tezzsl
matched,onsite,2026-09-28 04:12:11.00,2026-09-28 04:12:11.37,0.373,59.82650375366211,59.827,-153.27960205078125,-153.28,0.05949362348684506,119.60140228271484,119.6,0.0014022827148494343,1.7899727641672198,1.8,0.010027235832780201,55,55.0,scolv:odsimonds,unknown,man_confirm,manual,aka2026tfaibl,aka2026tfaibl
matched,onsite,2026-09-28 05:12:53.00,2026-09-28 05:12:53.68,0.689,51.63861846923828,51.639,-179.83251953125,-179.833,0.05384420685975125,85.10652923583984,85.1,0.006529235839849434,2.391135547136235,2.4,0.008864452863764694,27,27.0,scolv:odsimonds,unknown,man_confirm,manual,aka2026tfcisz,aka2026tfcisz
matched,onsite,2026-09-28 05:28:10.00,2026-09-28 05:28:10.56,0.569,62.3998031616211,62.4,-150.9444122314453,-150.944,0.03049680383633965,71.96179962158203,72.0,0.03820037841796875,2.2918279649588476,2.3,0.00817203504115227,118,118.0,scolv:odsimonds,unknown,man_confirm,manual,aka2026tfcwab,aka2026tfcwab
matched,onsite,2026-09-28 05:29:22.00,2026-09-28 05:29:22.72,0.726,59.89682388305664,59.897,-148.73133850097656,-148.731,0.027201113534400457,18.64806365966797,18.6,0.04806365966796733,2.0979892343992335,2.1,0.0020107656007666286,36,36.0,scolv:odsimonds,unknown,man_confirm,manual,aka2026tfcxaf,aka2026tfcxaf
matched,onsite,2026-09-28 05:38:53.00,2026-09-28 05:38:53.40,0.403,58.44973373413086,58.45,-155.68820190429688,-155.688,0.03185272594356752,151.78036499023438,151.8,0.01963500976563637,2.768349447764882,2.8,0.031650552235118035,102,102.0,scolv:odsimonds,unknown,man_confirm,manual,aka2026tfdfhc,aka2026tfdfhc
matched,onsite,2026-09-28 05:44:11.00,2026-09-28 05:44:11.27,0.271,60.93458557128906,60.935,-150.6900177001953,-150.69,0.04609228842868535,3.0423362255096436,3.0,0.042336225509643555,1.819948405246522,1.8,0.019948405246521972,55,55.0,scolv:odsimonds,unknown,man_confirm,manual,aka2026tfdjwz,aka2026tfdjwz
matched,onsite,2026-09-28 05:57:06.00,2026-09-28 05:57:06.59,0.596,53.46421051025391,53.464,-164.9663848876953,-164.966,0.034598752224858594,20.0,20.0,0.0,2.5783488340714906,2.6,0.021651165928509464,23,23.0,scolv:odsimonds,unknown,man_confirm,manual,aka2026tfduzs,aka2026tfduzs
matched,onsite,2026-09-28 06:11:58.00,2026-09-28 06:11:58.34,0.341,61.85396575927734,61.854,-148.14785766601562,-148.148,0.008380624246519164,18.846363067626953,18.8,0.046363067626952414,1.0372412936053255,1.0,0.037241293605325465,13,13.0,scolv:odsimonds,unknown,man_confirm,manual,aka2026tfehzd,aka2026tfehzd
matched,onsite,2026-09-28 06:19:11.00,2026-09-28 06:19:11.04,0.041,61.61315155029297,61.613,-148.11595153808594,-148.116,0.01704525367726836,5.204103469848633,5.2,0.004103469848632635,2.184237188382045,2.2,0.01576281161795512,68,68.0,scolv:odsimonds,unknown,man_confirm,manual,aka2026tfeofm,aka2026tfeofm
matched,onsite,2026-09-28 06:45:47.00,2026-09-28 06:45:47.84,0.842,58.18986892700195,58.19,-136.82955932617188,-136.83,0.029656916570218995,9.96786117553711,10.0,0.032138824462890625,2.3825697767572875,2.4,0.017430223242712373,22,22.0,scolv:odsimonds,unknown,man_confirm,manual,aka2026tfflhs,aka2026tfflhs
matched,onsite,2026-09-28 06:51:58.00,2026-09-28 06:51:58.29,0.295,60.8396110534668,60.84,-150.98745727539062,-150.987,0.049842521266312,12.65460968017578,12.7,0.045390319824219816,2.0784008501754347,2.1,0.021599149824565345,84,84.0,scolv:odsimonds,unknown,man_confirm,manual,aka2026tffqqt,aka2026tffqqt
matched,onsite,2026-09-28 07:00:37.00,2026-09-28 07:00:37.90,0.9,60.08226776123047,60.082,-148.08041381835938,-148.08,0.03759228441576484,22.084293365478516,22.1,0.015706634521485796,1.9582905019345218,2.0,0.04170949806547819,38,38.0,scolv:odsimonds,unknown,man_confirm,manual,aka2026tffyee,aka2026tffyee
matched,onsite,2026-09-28 07:16:27.00,2026-09-28 07:16:27.91,0.915,53.90651321411133,53.907,-164.56106567382812,-164.561,0.054298806859830524,24.301944732666016,24.3,0.0019447326660149145,2.588039518807679,2.6,0.011960481192321293,46,46.0,scolv:odsimonds,unknown,man_confirm,manual,aka2026tfglxg,aka2026tfglxg
matched,onsite,2026-09-28 07:26:02.00,2026-09-28 07:26:02.90,0.9,62.27526092529297,62.275,-149.86830139160156,-149.868,0.03293742004255973,8.87337875366211,8.9,0.02662124633789098,1.8055342148307798,1.8,0.00553421483077976,54,54.0,scolv:odsimonds,unknown,man_confirm,manual,aka2026tfguez,aka2026tfguez
matched,onsite,2026-09-28 07:35:00.00,2026-09-28 07:35:00.51,0.515,51.8264274597168,51.826,178.92579650878906,178.926,0.04954595295152286,185.76565551757812,185.8,0.03434448242188637,2.0454712709448213,2.0,0.045471270944821285,14,14.0,scolv:odsimonds,unknown,man_confirm,manual,aka2026tfhbvc,aka2026tfhbvc
matched,onsite,2026-09-28 07:47:17.00,2026-09-28 07:47:17.93,0.931,51.05289459228516,51.053,-179.21844482421875,-179.218,0.033227876443466954,19.751419067382812,19.8,0.04858093261718821,2.6891470687907897,2.7,0.010852931209210492,44,44.0,scolv:odsimonds,unknown,man_confirm,manual,aka2026tfhmir,aka2026tfhmir
matched,onsite,2026-09-28 08:02:29.00,2026-09-28 08:02:29.00,0.002,61.51764297485352,61.518,-151.1986846923828,-151.199,0.04307662861025345,16.821208953857422,16.8,0.021208953857421164,1.3415528915636252,1.3,0.04155289156362518,24,24.0,scolv:odsimonds,unknown,man_confirm,manual,aka2026tfhzve,aka2026tfhzve
matched,onsite,2026-09-28 08:13:11.00,2026-09-28 08:13:11.87,0.876,50.82392883300781,50.824,-173.95562744140625,-173.956,0.027339717078976727,20.0,20.0,0.0,2.739438305865912,2.7,0.039438305865911794,18,18.0,scolv:odsimonds,unknown,man_confirm,manual,aka2026tfijdt,aka2026tfijdt
matched,onsite,2026-09-28 08:58:27.00,2026-09-28 08:58:27.47,0.471,61.58056259155273,61.581,-146.47146606445312,-146.471,0.05453376044231071,22.84413146972656,22.8,0.04413146972655824,1.9393851403518314,1.9,0.039385140351831494,62,62.0,scolv:odsimonds,unknown,man_confirm,manual,aka2026tfjwig,aka2026tfjwig
matched,onsite,2026-09-28 09:05:37.00,2026-09-28 09:05:37.84,0.843,59.77920532226562,59.779,-153.07098388671875,-153.071,0.02284859885840108,106.81439971923828,106.8,0.014399719238284092,1.6594735187118135,1.7,0.04052648128818648,43,43.0,scolv:odsimonds,unknown,man_confirm,manual,aka2026tfkcns,aka2026tfkcns
matched,onsite,2026-09-28 09:10:12.00,2026-09-28 09:10:12.35,0.352,53.07952499389648,53.08,-166.81553649902344,-166.816,0.061223080643282704,22.760663986206055,22.8,0.03933601379394602,2.359802897126438,2.4,0.04019710287356171,22,22.0,scolv:odsimonds,unknown,man_confirm,manual,aka2026tfkgnq,aka2026tfkgnq
matched,onsite,2026-09-28 09:19:47.00,2026-09-28 09:19:47.25,0.259,62.43529891967773,62.435,-149.01007080078125,-149.01,0.03343740761287783,15.253890991210938,15.3,0.04610900878906321,1.566224598768887,1.6,0.03377540123111311,18,18.0,scolv:afozkos,unknown,man_confirm,manual,aka2026tfkovw,aka2026tfkovw
matched,onsite,2026-09-28 09:29:27.00,2026-09-28 09:29:27.21,0.218,61.3538932800293,61.354,-150.6844024658203,-150.684,0.024517260794697137,52.91950988769531,52.9,0.01950988769531392,2.4715922541692743,2.5,0.028407745830725695,126,126.0,scolv:odsimonds,unknown,man_confirm,manual,aka2026tfkxeo,aka2026tfkxeo
matched,onsite,2026-09-28 09:59:46.00,2026-09-28 09:59:46.55,0.554,51.91518783569336,51.915,-177.03341674804688,-177.033,0.03540177659726445,5.0,5.0,0.0,1.8249918554010414,1.8,0.02499185540104132,21,21.0,scolv:odsimonds,unknown,man_confirm,manual,aka2026tflxmo,aka2026tflxmo
matched,onsite,2026-09-28 10:03:19.00,2026-09-28 10:03:19.99,0.995,51.16990661621094,51.17,-177.66351318359375,-177.664,0.03549399692426149,20.793649673461914,20.8,0.006350326538086648,2.6139836626513744,2.6,0.013983662651374296,44,44.0,scolv:odsimonds,unknown,man_confirm,manual,aka2026tfmapb,aka2026tfmapb
matched,onsite,2026-09-28 10:18:57.00,2026-09-28 10:18:57.80,0.801,60.02608871459961,60.026,-151.4868927001953,-151.487,0.011525750313581672,59.40457916259766,59.4,0.0045791625976647765,1.6844365673629667,1.7,0.015563432637033303,46,46.0,scolv:odsimonds,unknown,man_confirm,manual,aka2026tfmluz,aka2026tfmluz
matched,onsite,2026-09-28 10:33:53.00,2026-09-28 10:33:53.21,0.218,65.81179809570312,65.812,-151.04454040527344,-151.045,0.030699976600340594,6.464189529418945,6.5,0.03581047058105469,1.64107773691513,1.6,0.04107773691512984,29,29.0,scolv:odsimonds,unknown,man_confirm,manual,aka2026tfnbbr,aka2026tfnbbr
matched,onsite,2026-09-28 11:03:45.00,2026-09-28 11:03:45.27,0.276,54.5023193359375,54.502,-162.6900634765625,-162.69,0.03574428892813153,67.38375854492188,67.4,0.016241455078130684,2.9858598221558514,3.0,0.01414017784414856,56,56.0,scolv:odsimonds,unknown,man_confirm,manual,aka2026tfoaya,aka2026tfoaya
matched,onsite,2026-09-28 11:13:35.00,2026-09-28 11:13:35.79,0.798,51.44214630126953,51.442,-174.9080810546875,-174.908,0.017210631852125825,6.824917793273926,6.8,0.02491779327392596,3.336817024519147,3.3,0.03681702451914726,47,47.0,scolv:odsimonds,unknown,man_confirm,manual,aka2026tfojkt,aka2026tfojkt
matched,onsite,2026-09-28 11:32:26.00,2026-09-28 11:32:26.88,0.885,59.84775161743164,59.848,-153.2340850830078,-153.234,0.02802472862350173,125.09111785888672,125.1,0.008882141113275566,1.8948902556072134,1.9,0.005109744392786553,37,37.0,scolv:odsimonds,unknown,man_confirm,manual,aka2026tfozvs,aka2026tfozvs
matched,onsite,2026-09-28 11:43:28.00,2026-09-28 11:43:28.51,0.516,60.11914825439453,60.119,-151.42962646484375,-151.43,0.0264566058095159,58.40072250366211,58.4,0.0007225036621107961,1.7457600586126967,1.7,0.04576005861269672,51,51.0,scolv:odsimonds,unknown,man_confirm,manual,aka2026tfpjjy,aka2026tfpjjy
matched,onsite,2026-09-28 11:46:28.00,2026-09-28 11:46:28.61,0.611,62.95240020751953,62.952,-148.09310913085938,-148.093,0.044841861211913456,52.12347793579102,52.1,0.02347793579102131,3.8849903799493863,3.9,0.01500962005061357,286,286.0,scolv:afozkos,unknown,man_confirm,manual,aka2026tfplzt,aka2026tfplzt
matched,onsite,2026-09-28 11:50:27.00,2026-09-28 11:50:27.39,0.396,61.21282577514648,61.213,-150.22842407226562,-150.228,0.029848725945968862,21.661556243896484,21.7,0.038443756103514914,1.626055766736293,1.6,0.02605576673629284,46,46.0,scolv:odsimonds,unknown,man_confirm,manual,aka2026tfpplp,aka2026tfpplp
matched,onsite,2026-09-28 11:56:57.00,2026-09-28 11:56:57.37,0.37,58.25410079956055,58.254,-155.1553192138672,-155.155,0.02178104895926478,3.245476722717285,3.2,0.04547672271728498,2.009292429839819,2.0,0.00929242983981915,43,43.0,scolv:odsimonds,unknown,man_confirm,manual,aka2026tfpvcg,aka2026tfpvcg
matched,onsite,2026-09-28 11:58:45.00,2026-09-28 11:58:45.89,0.894,58.24637985229492,58.246,-155.16627502441406,-155.166,0.04519996915584927,2.721315383911133,2.7,0.021315383911132635,1.3912088901701005,1.4,0.00879110982989939,24,24.0,scolv:odsimonds,unknown,man_confirm,manual,aka2026tfpwrc,aka2026tfpwrc
matched,onsite,2026-09-28 12:35:22.00,2026-09-28 12:35:22.18,0.189,50.96496963500977,50.965,179.52085876464844,179.521,0.01045115143723367,16.688005447387695,16.7,0.011994552612303977,2.634005429578125,2.6,0.03400542957812469,21,21.0,scolv:odsimonds,unknown,man_confirm,manual,aka2026tfrckv,aka2026tfrckv
matched,onsite,2026-09-28 12:45:24.00,2026-09-28 12:45:24.30,0.3,54.09008026123047,54.09,-165.99647521972656,-165.996,0.0322519280977449,16.54960060119629,16.5,0.04960060119628906,1.213442507458263,1.2,0.013442507458263142,9,9.0,scolv:odsimonds,unknown,man_confirm,manual,aka2026tfrldd,aka2026tfrldd
matched,onsite,2026-09-28 12:55:45.00,2026-09-28 12:55:45.73,0.736,60.03361511230469,60.034,-152.72544860839844,-152.725,0.049522094427664955,99.98532104492188,100.0,0.014678955078125,1.026331021399483,1.0,0.026331021399482957,40,40.0,scolv:odsimonds,unknown,man_confirm,manual,aka2026tfruca,aka2026tfruca
matched,onsite,2026-09-28 12:59:48.00,2026-09-28 12:59:48.25,0.251,57.92389678955078,57.924,-155.71205139160156,-155.712,0.011870915287062406,15.649029731750488,15.6,0.049029731750488637,1.3113989995064554,1.3,0.011398999506455398,30,30.0,scolv:odsimonds,unknown,man_confirm,manual,aka2026tfrxpf,aka2026tfrxpf
matched,onsite,2026-09-28 13:15:28.00,2026-09-28 13:15:28.12,0.123,63.75781631469727,63.758,-148.77540588378906,-148.775,0.028555432362510055,109.47566223144531,109.5,0.0243377685546875,3.046126531550848,3.0,0.046126531550847893,189,189.0,scolv:odsimonds,unknown,man_confirm,manual,aka2026tfsled,aka2026tfsled
matched,onsite,2026-09-28 13:38:09.00,2026-09-28 13:38:09.93,0.933,51.33003234863281,51.33,-178.25384521484375,-178.254,0.01133982320648375,29.07242965698242,29.1,0.0275703430175831,2.177638064428153,2.2,0.02236193557184718,33,33.0,scolv:odsimonds,unknown,man_confirm,manual,aka2026tftevs,aka2026tftevs
matched,onsite,2026-09-28 13:55:21.00,2026-09-28 13:55:21.84,0.844,59.80849838256836,59.808,-151.40455627441406,-151.405,0.060718950323940944,56.75827407836914,56.8,0.04172592163085653,1.891826898153344,1.9,0.008173101846655983,49,49.0,scolv:odsimonds,unknown,man_confirm,manual,aka2026tftttk,aka2026tftttk
matched,onsite,2026-09-28 14:14:51.00,2026-09-28 14:14:51.75,0.751,51.8602409362793,51.86,-176.07061767578125,-176.071,0.037511041366703884,101.01058959960938,101.0,0.010589599609375,1.2907060110195183,1.3,0.009293988980481727,12,12.0,scolv:odsimonds,unknown,man_confirm,manual,aka2026tfukyq,aka2026tfukyq
matched,onsite,2026-09-28 14:16:29.00,2026-09-28 14:16:29.95,0.958,62.91867065429688,62.919,-148.12696838378906,-148.127,0.0366565271249173,49.23238754272461,49.2,0.03238754272460653,1.8939483896621996,1.9,0.006051610337800328,43,43.0,scolv:odsimonds,unknown,man_confirm,manual,aka2026tfumbw,aka2026tfumbw
matched,onsite,2026-09-28 14:24:47.00,2026-09-28 14:24:47.90,0.904,65.01289367675781,65.013,-147.85357666015625,-147.854,0.023133573268692358,25.90080261230469,25.9,0.0008026123046924738,1.0184190257882044,1.0,0.018419025788204424,26,26.0,scolv:odsimonds,unknown,man_confirm,manual,aka2026tfuskf,aka2026tfuskf
matched,onsite,2026-09-28 14:26:33.00,2026-09-28 14:26:33.48,0.482,56.91733169555664,56.917,-154.99508666992188,-154.995,0.03725612036148179,7.027291297912598,7.0,0.027291297912597656,2.0557623889884185,2.1,0.044237611011581635,24,24.0,scolv:odsimonds,unknown,man_confirm,manual,aka2026tfuuvy,aka2026tfuuvy
matched,onsite,2026-09-28 14:28:19.00,2026-09-28 14:28:19.43,0.432,59.61932754516602,59.619,-151.0730438232422,-151.073,0.03650464443664788,45.87672805786133,45.9,0.023271942138670454,1.7416372471554722,1.7,0.041637247155472235,29,29.0,scolv:odsimonds,unknown,man_confirm,manual,aka2026tfuwjf,aka2026tfuwjf
matched,onsite,2026-09-28 14:30:00.00,2026-09-28 14:30:00.07,0.072,52.53451919555664,52.535,-169.34703063964844,-169.347,0.05350316596983338,16.330642700195312,16.3,0.03064270019531179,2.532756393449241,2.5,0.032756393449241195,21,21.0,scolv:odsimonds,unknown,man_confirm,manual,aka2026tfuxum,aka2026tfuxum
matched,onsite,2026-09-28 14:55:55.00,2026-09-28 14:55:55.26,0.26,63.49218368530273,63.492,-151.61976623535156,-151.62,0.02348975523133164,5.0,5.0,0.0,4.200192485708379,4.2,0.00019248570837859802,235,235.0,scolv:afozkos,unknown,man_confirm,manual,aka2026tfvugv,aka2026tfvugv
matched,onsite,2026-09-28 15:04:51.00,2026-09-28 15:04:51.50,0.504,63.49824523925781,63.498,-151.5844268798828,-151.584,0.03452901961321988,0.7049307227134705,0.7,0.004930722713470503,2.2301533180316735,2.2,0.030153318031673315,57,57.0,scolv:odsimonds,unknown,man_confirm,manual,aka2026tfwcav,aka2026tfwcav
matched,onsite,2026-09-28 15:19:34.00,2026-09-28 15:19:34.84,0.845,62.99381637573242,62.994,-151.0361785888672,-151.036,0.02232061949011977,123.41558837890625,123.4,0.015588378906244316,2.1050061343060884,2.1,0.005006134306088317,79,79.0,scolv:odsimonds,unknown,man_confirm,manual,aka2026tfwoxo,aka2026tfwoxo
matched,onsite,2026-09-28 15:56:11.00,2026-09-28 15:56:11.66,0.664,61.19149398803711,61.191,-149.53599548339844,-149.536,0.05492949670116056,33.55087661743164,33.6,0.049123382568360796,1.7742214589129828,1.8,0.02577854108701727,57,57.0,scolv:odsimonds,unknown,man_confirm,manual,aka2026tfxuni,aka2026tfxuni
matched,onsite,2026-09-28 16:24:39.00,2026-09-28 16:24:39.38,0.388,58.43134307861328,58.431,-153.86903381347656,-153.869,0.03819934969276806,82.78597259521484,82.8,0.014027404785153408,1.9720219146796825,2.0,0.027978085320317536,54,54.0,scolv:odsimonds,unknown,man_confirm,manual,aka2026tfytfk,aka2026tfytfk
matched,onsite,2026-09-28 16:39:02.00,2026-09-28 16:39:02.98,0.987,61.59920501708984,61.599,-151.31494140625,-151.315,0.023006526265961984,11.23500919342041,11.2,0.03500919342041087,1.776885668436567,1.8,0.02311433156343301,44,44.0,scolv:odsimonds,unknown,man_confirm,manual,aka2026tfzfrs,aka2026tfzfrs
matched,onsite,2026-09-28 16:44:00.00,2026-09-28 16:44:00.40,0.406,59.67388153076172,59.674,-152.56507873535156,-152.565,0.013895107011787363,86.55184173583984,86.6,0.048158264160150566,3.6225770299134727,3.6,0.022577029913472657,307,307.0,scolv:afozkos,unknown,man_confirm,manual,aka2026tfzjzc,aka2026tfzjzc
matched,onsite,2026-09-28 16:59:27.00,2026-09-28 16:59:27.73,0.73,51.09926986694336,51.099,179.3446044921875,179.345,0.04078221528233024,29.74638366699219,29.7,0.04638366699219176,2.4826443046199036,2.5,0.017355695380096403,13,13.0,scolv:odsimonds,unknown,man_confirm,manual,aka2026tfzxlg,aka2026tfzxlg
matched,onsite,2026-09-28 17:19:36.00,2026-09-28 17:19:35.64,0.358,52.37807083129883,52.3736,-174.6189422607422,-174.6107,0.7484552851075877,212.10179138183594,213.76,1.6582086181640534,2.235090321323424,2.9,0.664909678676576,22,26.0,scolv:odsimonds,unknown,man_confirm,manual,aka2026tgaoxh,us6000tyi0
matched,onsite,2026-09-28 17:34:30.00,2026-09-28 17:34:30.46,0.461,53.43373107910156,53.434,-167.37945556640625,-167.379,0.04248438945748233,11.433053970336914,11.4,0.03305397033691371,2.183114528259259,2.2,0.016885471740741398,32,32.0,scolv:odsimonds,unknown,man_confirm,manual,aka2026tgbbtz,aka2026tgbbtz
matched,onsite,2026-09-28 17:35:06.00,2026-09-28 17:35:06.45,0.456,62.8221206665039,62.822,-150.09214782714844,-150.092,0.015375275590873023,71.0375747680664,71.0,0.03757476806640625,2.8099163788378396,2.8,0.009916378837839801,154,154.0,scolv:odsimonds,unknown,man_confirm,manual,aka2026tgbcma,aka2026tgbcma
matched,onsite,2026-09-28 17:55:53.00,2026-09-28 17:55:53.28,0.281,60.16829681396484,60.168,-151.72853088378906,-151.729,0.041983656251196766,71.41107940673828,71.4,0.011079406738275566,2.6651102436240954,2.7,0.034889756375904746,152,152.0,scolv:odsimonds,unknown,man_confirm,manual,aka2026tgbuia,aka2026tgbuia
matched,onsite,2026-09-28 17:56:09.00,2026-09-28 17:56:09.26,0.265,51.35259246826172,51.353,-173.8060760498047,-173.806,0.045622165964333015,40.0,40.0,0.0,2.6429537359712785,2.6,0.042953735971278384,24,24.0,scolv:odsimonds,unknown,man_confirm,manual,aka2026tgbunv,aka2026tgbunv
matched,onsite,2026-09-28 18:20:48.00,2026-09-28 18:20:48.17,0.176,59.7315673828125,59.732,-150.7533416748047,-150.753,0.05177644655768886,39.81686782836914,39.8,0.016867828369143467,1.9855045689998474,2.0,0.014495431000152603,47,47.0,scolv:odsimonds,unknown,man_confirm,manual,aka2026tgcpxx,aka2026tgcpxx
matched,onsite,2026-09-28 18:23:11.00,2026-09-28 18:23:11.39,0.391,60.09136199951172,60.091,-150.9462890625,-150.946,0.0433257838390436,50.96778869628906,51.0,0.0322113037109375,2.2461413746740955,2.2,0.04614137467409529,90,90.0,scolv:odsimonds,unknown,man_confirm,manual,aka2026tgcrze,aka2026tgcrze
matched,onsite,2026-09-28 18:23:20.00,2026-09-28 18:23:20.27,0.27,51.27587890625,51.276,-176.8990936279297,-176.899,0.014957367423282566,27.890865325927734,27.9,0.009134674072264204,2.361433463080709,2.4,0.03856653691929113,39,39.0,scolv:odsimonds,unknown,man_confirm,manual,aka2026tgcsco,aka2026tgcsco
matched,onsite,2026-09-28 18:26:44.00,2026-09-28 18:26:44.03,0.032,60.45807647705078,60.458,-139.64260864257812,-139.643,0.023080238839154648,1.8371081352233887,1.8,0.03710813522338863,2.0340516666025668,2.0,0.034051666602566755,23,23.0,scolv:odsimonds,unknown,man_confirm,manual,aka2026tgcvce,aka2026tgcvce
matched,onsite,2026-09-28 18:40:08.00,2026-09-28 18:40:08.95,0.95,58.82767105102539,58.828,-152.61386108398438,-152.614,0.037441114579356394,62.28131103515625,62.3,0.018688964843747158,1.8141956538446298,1.8,0.01419565384462973,35,35.0,scolv:odsimonds,unknown,man_confirm,manual,aka2026tgdgrz,aka2026tgdgrz
matched,onsite,2026-09-28 18:44:19.00,2026-09-28 18:44:19.59,0.596,64.72953033447266,64.73,-148.53257751464844,-148.533,0.05594257172790748,8.449953079223633,8.4,0.04995307922363246,1.3847367620383475,1.4,0.01526323796165241,36,36.0,scolv:odsimonds,unknown,man_confirm,manual,aka2026tgdkia,aka2026tgdkia
matched,onsite,2026-09-28 19:10:40.00,2026-09-28 19:10:40.69,0.696,51.50308227539062,51.503,-175.57723999023438,-175.577,0.01896382267001166,38.511810302734375,38.5,0.011810302734375,2.9269428462386045,2.9,0.026942846238604545,56,56.0,scolv:odsimonds,unknown,man_confirm,manual,aka2026tgehdh,aka2026tgehdh
matched,onsite,2026-09-28 19:17:03.00,2026-09-28 19:17:03.21,0.214,51.23220062255859,51.232,-177.02513122558594,-177.025,0.024106788005050072,27.598995208740234,27.6,0.001004791259767046,2.189391116853831,2.2,0.010608883146169035,27,27.0,scolv:odsimonds,unknown,man_confirm,manual,aka2026tgemqe,aka2026tgemqe
matched,onsite,2026-09-28 19:30:08.00,2026-09-28 19:30:08.31,0.318,60.18017196655273,60.18,-141.76181030273438,-141.762,0.02180979727061191,6.553512096405029,6.6,0.04648790359497035,1.6597090661942735,1.7,0.04029093380572646,16,16.0,scolv:odsimonds,unknown,man_confirm,manual,aka2026tgexwd,aka2026tgexwd
matched,onsite,2026-09-28 19:34:54.00,2026-09-28 19:34:54.64,0.648,59.05064392089844,59.051,-152.80906677246094,-152.809,0.03977788237851162,77.39522552490234,77.4,0.004774475097661934,1.8387679117483897,1.8,0.03876791174838967,51,51.0,scolv:odsimonds,unknown,man_confirm,manual,aka2026tgfces,aka2026tgfces
matched,onsite,2026-09-28 19:41:33.00,2026-09-28 19:41:33.71,0.714,58.2781753540039,58.278,-154.97802734375,-154.978,0.019563903594591252,5.0,5.0,0.0,0.9464572051278858,0.9,0.04645720512788576,19,19.0,scolv:odsimonds,unknown,man_confirm,manual,aka2026tgfhyd,aka2026tgfhyd
matched,onsite,2026-09-28 19:48:09.00,2026-09-28 19:48:09.79,0.792,51.443115234375,51.443,-175.9364013671875,-175.936,0.03062678308872753,37.34500503540039,37.3,0.04500503540039347,2.14558244986643,2.1,0.0455824498664299,18,18.0,scolv:odsimonds,unknown,man_confirm,manual,aka2026tgfnqy,aka2026tgfnqy
matched,onsite,2026-09-28 19:59:16.00,2026-09-28 19:59:16.50,0.506,60.71737289428711,60.717,-149.59214782714844,-149.592,0.042236249597358104,25.615814208984375,25.6,0.01581420898437358,2.1224120424314545,2.1,0.02241204243145445,84,84.0,scolv:odsimonds,unknown,man_confirm,manual,aka2026tgfxhm,aka2026tgfxhm
matched,onsite,2026-09-28 20:10:26.00,2026-09-28 20:10:26.44,0.445,60.61104202270508,60.611,-152.39913940429688,-152.399,0.008927460913955862,88.80047607421875,88.8,0.00047607421875284217,1.2799445344334162,1.3,0.020055465566583885,14,14.0,scolv:odsimonds,unknown,man_confirm,manual,aka2026tgggzm,aka2026tgggzm
matched,onsite,2026-09-28 20:13:49.00,2026-09-28 20:13:51.23,2.238,53.82409286499023,53.9119,-163.98760986328125,-164.0477,10.52864953714735,19.949026107788086,35.0,15.050973892211914,2.982202044513224,3.0,0.017797955486776207,58,40.0,scolv:odsimonds,unknown,man_confirm,manual,aka2026tggjvu,us6000tyib
matched,onsite,2026-09-28 20:23:20.00,2026-09-28 20:23:20.97,0.978,51.65079116821289,51.651,-176.20431518554688,-176.204,0.03181290083197652,61.7717056274414,61.8,0.028294372558598013,1.7743554392791887,1.8,0.025644560720811338,22,22.0,scolv:odsimonds,unknown,man_confirm,manual,aka2026tggsec,aka2026tggsec
matched,onsite,2026-09-28 20:30:41.00,2026-09-28 20:30:41.99,0.992,62.75254440307617,62.753,-143.82073974609375,-143.821,0.05236393569171626,5.071508407592773,5.1,0.028491592407226207,1.8173716808137075,1.8,0.017371680813707435,35,35.0,scolv:odsimonds,unknown,man_confirm,manual,aka2026tggynw,aka2026tggynw
matched,onsite,2026-09-28 20:37:42.00,2026-09-28 20:37:42.39,0.392,61.8719253540039,61.872,-147.5111541748047,-147.511,0.011585151466802938,32.19013214111328,32.2,0.009867858886721592,1.8919860310391492,1.9,0.008013968960850715,43,43.0,scolv:odsimonds,unknown,man_confirm,manual,aka2026tghepd,aka2026tghepd
matched,onsite,2026-09-28 20:54:47.00,2026-09-28 20:54:47.99,0.996,60.46187973022461,60.462,-152.53746032714844,-152.537,0.028559459824552647,96.15694427490234,96.2,0.04305572509765909,1.4988927526619076,1.5,0.0011072473380924208,47,47.0,scolv:odsimonds,unknown,man_confirm,manual,aka2026tghtlh,aka2026tghtlh
matched,onsite,2026-09-28 21:06:53.00,2026-09-28 21:06:53.44,0.448,57.65911865234375,57.659,-155.03634643554688,-155.036,0.024469147277516687,84.52595520019531,84.5,0.0259552001953125,1.6290505108445639,1.6,0.02905051084456378,26,26.0,scolv:odsimonds,unknown,man_confirm,manual,aka2026tgidxu,aka2026tgidxu
matched,onsite,2026-09-28 21:08:10.00,2026-09-28 21:08:10.34,0.345,60.3983268737793,60.398,-150.91893005371094,-150.919,0.036549192793648634,47.83989715576172,47.8,0.03989715576172159,1.830406864844602,1.8,0.030406864844601866,65,65.0,scolv:odsimonds,unknown,man_confirm,manual,aka2026tgiezl,aka2026tgiezl
matched,onsite,2026-09-28 21:10:36.00,2026-09-28 21:10:36.44,0.444,57.88517379760742,57.885,-156.1567840576172,-156.157,0.023160714973921467,119.81873321533203,119.8,0.018733215332034092,1.6811109564774067,1.7,0.01888904352259324,36,36.0,scolv:odsimonds,unknown,man_confirm,manual,aka2026tgihdd,aka2026tgihdd
matched,onsite,2026-09-28 21:13:08.00,2026-09-28 21:13:08.96,0.964,60.50735473632812,60.507,-150.41497802734375,-150.415,0.03946321573981362,50.26039886474609,50.3,0.03960113525391051,1.7790565035518613,1.8,0.020943496448138754,55,55.0,scolv:odsimonds,unknown,man_confirm,manual,aka2026tgijiv,aka2026tgijiv
matched,onsite,2026-09-28 21:14:17.00,2026-09-28 21:14:17.58,0.581,58.15614318847656,58.156,-155.4114532470703,-155.411,0.030993115334107497,5.939445972442627,5.9,0.0394459724426266,0.6505569358349441,0.7,0.04944306416505584,12,12.0,scolv:odsimonds,unknown,man_confirm,manual,aka2026tgikit,aka2026tgikit
matched,onsite,2026-09-28 21:22:37.00,2026-09-28 21:22:37.09,0.091,61.3457260131836,61.346,-150.63507080078125,-150.635,0.030698945878534608,57.08786392211914,57.1,0.012136077880860796,2.6907300105697325,2.7,0.009269989430267689,136,136.0,scolv:odsimonds,unknown,man_confirm,manual,aka2026tgirii,aka2026tgirii
matched,onsite,2026-09-28 21:54:16.00,2026-09-28 21:54:16.35,0.352,64.75704956054688,64.757,-147.41531372070312,-147.415,0.015864539926141872,4.226407051086426,4.2,0.026407051086425604,1.3438342968071335,1.3,0.043834296807133466,34,34.0,scolv:odsimonds,unknown,man_confirm,manual,aka2026tgjszx,aka2026tgjszx
matched,onsite,2026-09-28 22:09:31.00,2026-09-28 22:09:31.12,0.127,61.87069320678711,61.871,-147.83338928222656,-147.833,0.03975211600253303,38.48796463012695,38.5,0.012035369873046875,1.64860799443578,1.6,0.04860799443578001,31,31.0,scolv:odsimonds,unknown,man_confirm,manual,aka2026tgkgfi,aka2026tgkgfi
matched,onsite,2026-09-28 22:17:19.00,2026-09-28 22:17:19.16,0.164,53.94973373413086,53.95,-166.59478759765625,-166.595,0.032707535704734704,14.738027572631836,14.7,0.03802757263183665,2.084835059700333,2.1,0.015164940299666974,36,36.0,scolv:odsimonds,unknown,man_confirm,manual,aka2026tgkmzr,aka2026tgkmzr
matched,onsite,2026-09-28 22:25:39.00,2026-09-28 22:25:39.10,0.107,64.56706237792969,64.567,-152.1380157470703,-152.138,0.006976752530016609,3.2246384620666504,3.2,0.024638462066650213,1.551853176248854,1.6,0.048146823751145984,25,25.0,scolv:odsimonds,unknown,man_confirm,manual,aka2026tgkufi,aka2026tgkufi
matched,onsite,2026-09-28 22:29:31.00,2026-09-28 22:29:31.10,0.108,51.39760589599609,51.3963,178.75018310546875,178.7348,1.077065033063169,40.32669448852539,35.0,5.326694488525391,3.137659194998375,3.0,0.13765919499837498,51,52.0,scolv:odsimonds,unknown,man_confirm,manual,aka2026tgkxkv,us6000tyhm
matched,onsite,2026-09-28 22:39:34.00,2026-09-28 22:39:34.66,0.665,51.88584136962891,51.886,-175.65953063964844,-175.66,0.0367265550412998,79.6014404296875,79.6,0.0014404296875056843,2.047409633084123,2.0,0.04740963308412294,22,22.0,scolv:odsimonds,unknown,man_confirm,manual,aka2026tglgia,aka2026tglgia
matched,onsite,2026-09-28 22:47:18.00,2026-09-28 22:47:18.46,0.461,60.78416442871094,60.784,-151.98431396484375,-151.984,0.02499325038277877,92.94071197509766,92.9,0.040711975097650566,1.356940314500325,1.4,0.04305968549967498,15,15.0,scolv:odsimonds,unknown,man_confirm,manual,aka2026tglmyh,aka2026tglmyh
matched,onsite,2026-09-28 22:53:10.00,2026-09-28 22:53:10.78,0.787,52.26486968994141,52.265,-169.27305603027344,-169.273,0.014983116967490712,20.50482940673828,20.5,0.00482940673828125,2.5140929745689347,2.5,0.014092974568934657,15,15.0,scolv:odsimonds,unknown,man_confirm,manual,aka2026tglryr,aka2026tglryr
matched,onsite,2026-09-28 23:11:34.00,2026-09-28 23:11:34.84,0.849,64.96914672851562,64.969,-147.45077514648438,-147.451,0.019444918991800005,1.7266653776168823,1.7,0.02666537761688237,1.2309146106614972,1.2,0.030914610661497255,23,23.0,scolv:odsimonds,unknown,man_confirm,manual,aka2026tgmiar,aka2026tgmiar
matched,onsite,2026-09-28 23:14:52.00,2026-09-28 23:14:52.11,0.114,52.32350158691406,52.2891,178.389892578125,178.3674,4.119633786273602,156.2740020751953,155.908,0.36600207519532546,2.225223201123324,2.9,0.674776798876676,18,23.0,scolv:odsimonds,unknown,man_confirm,manual,aka2026tgmkxv,us6000tyht
matched,onsite,2026-09-28 23:31:27.00,2026-09-28 23:31:27.52,0.521,53.94384002685547,53.944,-166.59249877929688,-166.592,0.03717549441904081,14.605324745178223,14.6,0.0053247451782230115,2.0412460220223467,2.0,0.04124602202234673,31,31.0,scolv:odsimonds,unknown,man_confirm,manual,aka2026tgmzgs,aka2026tgmzgs
matched,onsite,2026-09-28 23:35:36.00,2026-09-28 23:35:36.97,0.973,57.69369888305664,57.694,-155.71116638183594,-155.711,0.034912102634008964,17.049551010131836,17.0,0.04955101013183594,1.606970318166083,1.6,0.006970318166082956,33,33.0,scolv:odsimonds,unknown,man_confirm,manual,aka2026tgncwg,aka2026tgncwg
matched,onsite,2026-09-28 23:41:38.00,2026-09-28 23:41:38.65,0.65,62.07206726074219,62.072,-149.89358520507812,-149.894,0.02286031500610933,45.25789260864258,45.3,0.04210739135741903,1.695823479181389,1.7,0.004176520818610863,60,60.0,scolv:odsimonds,unknown,man_confirm,manual,aka2026tgnich,aka2026tgnich
root_only,onsite,2026-09-29 00:44:16.00,,,53.38899230957031,,-165.358154296875,,,5.280948162078857,,,2.890904327930488,,,56,,scanloc_state:AEC,,auto_confirm,,aka2026tgpkkt,
matched,onsite,2026-09-29 00:44:26.00,2026-09-29 00:44:26.92,0.926,58.79057312011719,58.791,-157.65658569335938,-157.657,0.05313134146845973,2.490164041519165,2.5,0.009835958480834961,2.1534671425660648,2.1,0.05346714256606466,44,44.0,scanloc_state:AEC,unknown,auto_confirm,automatic,aka2026tgpkof,aka2026tgpkof
root_only,onsite,2026-09-29 01:05:23.00,,,51.81343078613281,,-169.193603515625,,,4.252145767211914,,,2.6734602221736434,,,8,,scanloc_state:AEC,,auto_confirm,,aka2026tgqcsr,
root_only,onsite,2026-09-29 01:28:20.00,,,51.64714431762695,,179.0322265625,,,81.58877563476562,,,2.1575200094262468,,,14,,scanloc_state:AEC,,auto_confirm,,aka2026tgqwha,
matched,onsite,2026-09-29 01:29:57.00,2026-09-29 01:29:57.88,0.887,58.17195129394531,58.171,-155.3397674560547,-155.337,0.1937184745034096,5.0,5.0,0.0,1.0056619364470867,1.0,0.0056619364470866795,16,15.0,scanloc_state:AEC,unknown,auto_confirm,automatic,aka2026tgqyaj,aka2026tgqyaj
matched,onsite,2026-09-29 02:26:31.00,2026-09-29 02:26:32.34,1.341,64.7519760131836,64.7884,-140.7261505126953,-140.7479,4.179292071997678,0.7783222794532776,8.676,7.897677720546723,2.945859628745755,3.0,0.05414037125424498,25,32.0,scanloc_state:AEC,unknown,auto_confirm,manual,aka2026tgsvbw,us6000ty9x
matched,onsite,2026-09-29 03:00:31.00,2026-09-29 03:00:31.53,0.535,60.4945068359375,60.495,-149.74192810058594,-149.742,0.054978521949363125,8.413847923278809,8.4,0.013847923278808238,1.49999571098561,1.4,0.09999571098561,8,8.0,scanloc_state:AEC,unknown,auto_confirm,automatic,aka2026tgtynz,aka2026tgtynz
matched,onsite,2026-09-29 03:03:36.00,2026-09-29 03:03:36.15,0.157,62.24322128295898,62.24,-150.0656280517578,-150.069,0.3984910967857612,62.54759979248047,62.6,0.05240020751953267,2.281617113499067,2.3,0.018382886500933004,96,92.0,scanloc_state:AEC,unknown,auto_confirm,automatic,aka2026tgubfh,aka2026tgubfh
root_only,onsite,2026-09-29 03:47:45.00,,,53.34228134155273,,-165.77328491210938,,,14.611590385437012,,,2.7368052670330987,,,49,,scanloc_state:AEC,,auto_confirm,,aka2026tgvnpx,
matched,onsite,2026-09-29 04:49:36.00,2026-09-29 04:49:36.82,0.825,62.01292037963867,62.013,-150.74456787109375,-150.745,0.02422455737393361,0.6569644212722778,0.7,0.043035578727722124,1.385460333731039,1.3,0.0854603337310389,17,17.0,scanloc_state:AEC,unknown,auto_confirm,automatic,aka2026tgxpdh,aka2026tgxpdh
matched,onsite,2026-09-29 07:01:20.00,2026-09-29 07:01:20.24,0.245,61.66644287109375,61.666,-149.93612670898438,-149.936,0.04969695055627999,15.852849006652832,15.9,0.047150993347168324,2.137403493249426,2.1,0.037403493249426045,84,84.0,scanloc_state:AEC,unknown,auto_confirm,automatic,aka2026thbzin,aka2026thbzin
root_only,onsite,2026-09-29 07:06:12.00,,,51.13061141967773,,179.02932739257812,,,31.23448371887207,,,2.6690212704018164,,,32,,scanloc_state:AEC,,auto_confirm,,aka2026thcdom,
matched,onsite,2026-09-29 07:07:29.00,2026-09-29 07:07:28.89,0.11,53.94116592407227,53.944666666667,-166.60198974609375,-166.574,1.872783846986242,14.615049362182617,10.43,4.1850493621826175,1.7293074104915576,1.25,0.47930741049155756,18,28.0,scanloc_state:AEC,unknown,auto_confirm,manual,aka2026thcern,av93067474
matched,onsite,2026-09-29 07:09:43.00,2026-09-29 07:09:43.07,0.071,62.30240631103516,62.302,-150.447509765625,-150.448,0.05179953942398027,5.0,5.0,0.0,2.029335069237548,2.0,0.029335069237547806,58,58.0,scanloc_state:AEC,unknown,auto_confirm,automatic,aka2026thcgpn,aka2026thcgpn
matched,onsite,2026-09-29 07:19:41.00,2026-09-29 07:19:41.12,0.121,60.07608032226562,60.076,-152.78982543945312,-152.79,0.013172970245814798,104.99500274658203,105.0,0.00499725341796875,1.3528438518063186,1.3,0.052843851806318565,22,22.0,scanloc_state:AEC,unknown,auto_confirm,automatic,aka2026thcpft,aka2026thcpft
matched,onsite,2026-09-29 07:22:17.00,2026-09-29 07:22:17.57,0.576,61.25090408325195,61.251,-150.27304077148438,-150.273,0.010886077542088894,51.75653076171875,51.8,0.04346923828124716,1.8439616278052318,1.8,0.04396162780523172,64,64.0,scanloc_state:AEC,unknown,auto_confirm,automatic,aka2026thcrlf,aka2026thcrlf
matched,onsite,2026-09-29 07:39:12.00,2026-09-29 07:39:12.45,0.455,59.13496017456055,59.135,-152.05467224121094,-152.055,0.019214251105313527,61.33333969116211,61.3,0.03333969116211222,1.7688987018408964,1.8,0.031101298159103674,17,17.0,scanloc_state:AEC,unknown,auto_confirm,automatic,aka2026thdgem,aka2026thdgem
root_only,onsite,2026-09-29 07:40:16.00,,,52.77083969116211,,-175.6515655517578,,,236.30810546875,,,2.3293231647232906,,,13,,scanloc_state:AEC,,auto_confirm,,aka2026thdhig,
root_only,onsite,2026-09-29 08:05:29.00,,,51.5452995300293,,-178.1905059814453,,,5.0,,,1.6850216037943828,,,14,,scanloc_state:AEC,,auto_confirm,,aka2026thecye,
matched,onsite,2026-09-29 08:17:47.00,2026-09-29 08:17:48.08,1.081,57.67276000976562,57.678,-154.5018768310547,-154.489,0.9621208014253418,62.03133392333984,58.8,3.2313339233398395,2.6083905128811016,2.5,0.10839051288110158,72,70.0,scanloc_state:AEC,unknown,auto_confirm,automatic,aka2026thenke,aka2026thenke
root_only,onsite,2026-09-29 08:18:04.00,,,54.5763053894043,,-161.5175018310547,,,5.0,,,2.320760168731794,,,10,,scanloc_state:AEC,,auto_confirm,,aka2026thenwt,
matched,onsite,2026-09-29 08:19:41.00,2026-09-29 08:19:41.05,0.055,62.10436630249023,62.105,-151.55018615722656,-151.552,0.11776842464892609,77.7721939086914,78.0,0.22780609130859375,1.9701847938148653,1.9,0.07018479381486542,47,46.0,scanloc_state:AEC,unknown,auto_confirm,automatic,aka2026thepgr,aka2026thepgr
matched,onsite,2026-09-29 08:46:02.00,2026-09-29 08:46:02.27,0.272,65.0051498413086,64.984,-141.3422088623047,-141.346,2.3584962616214367,0.6570367217063904,2.1,1.4429632782936097,1.8198053966982684,1.7,0.1198053966982684,23,14.0,scanloc_state:AEC,unknown,auto_confirm,automatic,aka2026thfmdb,aka2026thfmdb
root_only,onsite,2026-09-29 09:11:53.00,,,51.23884201049805,,-176.31396484375,,,15.523224830627441,,,2.56881624015098,,,41,,scanloc_state:AEC,,auto_confirm,,aka2026thgilm,
matched,onsite,2026-09-29 09:20:27.00,2026-09-29 09:20:26.80,0.197,58.28056335449219,58.283,-155.0067596435547,-154.985,1.3006002852192127,5.0,5.0,0.0,0.9078100419942763,0.8,0.10781004199427624,13,6.0,scanloc_state:AEC,unknown,auto_confirm,automatic,aka2026thgpyt,aka2026thgpyt
matched,onsite,2026-09-29 09:44:46.00,2026-09-29 09:44:46.30,0.301,58.3042984008789,58.29,-154.95664978027344,-154.988,2.4256534899658377,5.0,5.0,0.0,0.8556647949784313,0.9,0.044335205021568735,13,6.0,scanloc_state:AEC,unknown,auto_confirm,automatic,aka2026thhlbd,aka2026thhlbd
root_only,onsite,2026-09-29 09:55:11.00,,,51.83660888671875,,178.84327697753906,,,109.19523620605469,,,1.698528755428352,,,8,,scanloc_state:AEC,,auto_confirm,,aka2026thhueo,
matched,onsite,2026-09-29 09:57:41.00,2026-09-29 09:57:41.02,0.02,53.93997192382812,53.945166666667,-166.59378051757812,-166.57966666667,1.089469092497897,14.692842483520508,10.5,4.192842483520508,1.2423683120310767,0.55,0.6923683120310766,13,19.0,scanloc_state:AEC,unknown,auto_confirm,manual,aka2026thhwgw,av93067504
matched,onsite,2026-09-29 10:14:35.00,2026-09-29 10:14:35.59,0.593,58.1948127746582,58.195,-136.8332061767578,-136.833,0.02407072900021173,8.030189514160156,8.0,0.03018951416015625,2.913707466952699,3.2,0.28629253304730096,23,23.0,scanloc_state:AEC,unknown,auto_confirm,automatic,aka2026thikql,aka2026thikql
matched,onsite,2026-09-29 10:22:49.00,2026-09-29 10:22:49.15,0.156,61.54370498657227,61.544,-149.84568786621094,-149.846,0.03673688477252261,68.94144439697266,69.0,0.05855560302734375,1.861068343220735,1.9,0.0389316567792648,46,46.0,scanloc_state:AEC,unknown,auto_confirm,automatic,aka2026thisbh,aka2026thisbh
matched,onsite,2026-09-29 10:24:34.00,2026-09-29 10:24:37.59,3.599,54.52182388305664,54.66,-161.40142822265625,-161.5901,19.591493644802142,11.185226440429688,49.875,38.68977355957031,3.855794285024332,4.0,0.14420571497566792,230,41.0,scolv:afozkos,unknown,man_confirm,manual,aka2026thitnz,us6000tybl
matched,onsite,2026-09-29 10:26:03.00,2026-09-29 10:26:03.08,0.088,59.16204071044922,59.162,-153.11709594726562,-153.117,0.0070994109211449915,74.49867248535156,74.5,0.0013275146484375,2.641750256260196,2.5,0.14175025626019622,55,55.0,scanloc_state:AEC,unknown,auto_confirm,automatic,aka2026thiuub,aka2026thiuub
root_only,onsite,2026-09-29 11:14:33.00,,,51.32701110839844,,-176.05029296875,,,22.756975173950195,,,2.514498618108457,,,39,,scanloc_state:AEC,,auto_confirm,,aka2026thkkvm,
root_only,onsite,2026-09-29 11:19:48.00,,,51.31703948974609,,-176.08316040039062,,,16.693668365478516,,,2.1992937220105624,,,22,,scanloc_state:AEC,,auto_confirm,,aka2026thkpni,
matched,onsite,2026-09-29 11:39:45.00,2026-09-29 11:39:45.31,0.314,61.74880599975586,61.749,-149.4761505126953,-149.476,0.022980438473013245,12.718476295471191,12.7,0.018476295471192117,1.1512391847659886,1.1,0.051239184765988544,8,8.0,scanloc_state:AEC,unknown,auto_confirm,automatic,aka2026thlgth,aka2026thlgth
matched,onsite,2026-09-29 12:23:28.00,2026-09-29 12:23:28.72,0.728,64.02483367919922,64.024,-147.40719604492188,-147.41,0.16505042928533523,5.0,5.0,0.0,1.4048314578078707,1.2,0.2048314578078707,29,22.0,scanloc_state:AEC,unknown,auto_confirm,automatic,aka2026thmsqy,aka2026thmsqy
matched,onsite,2026-09-29 12:27:05.00,2026-09-29 12:27:04.05,0.95,54.10973358154297,54.113333333333,-165.99021911621094,-165.97983333333,0.7864626850602223,4.744367122650146,6.06,1.315632877349854,1.6106577369656918,0.81,0.8006577369656918,13,20.0,scanloc_state:AEC,unknown,auto_confirm,manual,aka2026thmvul,av93067464
matched,onsite,2026-09-29 12:36:25.00,2026-09-29 12:36:25.00,0.009,58.18254852294922,58.185,-155.24659729003906,-155.29,2.558895655021846,5.0,5.0,0.0,0.8942167296041448,0.9,0.0057832703958552445,13,10.0,scanloc_state:AEC,unknown,auto_confirm,automatic,aka2026thndwq,aka2026thndwq
matched,onsite,2026-09-29 13:17:20.00,2026-09-29 13:17:20.83,0.834,62.19436645507812,62.194,-148.64918518066406,-148.649,0.041864741665484845,34.75331497192383,34.8,0.04668502807616903,1.603915581052919,1.6,0.003915581052919004,25,25.0,scanloc_state:AEC,unknown,auto_confirm,automatic,aka2026thonjf,aka2026thonjf
matched,onsite,2026-09-29 14:07:43.00,2026-09-29 14:07:43.21,0.21,61.50543212890625,61.505,-146.59690856933594,-146.597,0.0482947183201305,2.78580379486084,2.8,0.014196205139159979,1.992332081830395,2.0,0.0076679181696051035,67,67.0,scanloc_state:AEC,unknown,auto_confirm,automatic,aka2026thqfau,aka2026thqfau
matched,onsite,2026-09-29 14:26:48.00,2026-09-29 14:26:48.17,0.175,58.28128814697266,58.281,-155.0087127685547,-155.009,0.03617398821617681,5.0,5.0,0.0,0.728730181570639,0.7,0.028730181570639002,10,10.0,scanloc_state:AEC,unknown,auto_confirm,automatic,aka2026thqvpb,aka2026thqvpb
root_only,onsite,2026-09-29 14:32:08.00,,,51.60952758789062,,-176.28515625,,,69.73005676269531,,,1.8081039961081187,,,12,,scanloc_state:AEC,,auto_confirm,,aka2026thrafk,
matched,onsite,2026-09-29 14:36:20.00,2026-09-29 14:36:20.73,0.739,62.51392364501953,62.513,-150.81454467773438,-150.814,0.10644075269452552,80.58724212646484,80.7,0.11275787353515909,2.063112530524522,2.0,0.06311253052452193,71,68.0,scanloc_state:AEC,unknown,auto_confirm,automatic,aka2026thrdwf,aka2026thrdwf
matched,onsite,2026-09-29 14:40:27.00,2026-09-29 14:40:27.66,0.667,58.2726058959961,58.273,-154.9794464111328,-154.979,0.051007896140325776,3.8005032539367676,3.8,0.0005032539367677558,1.3084207666650296,1.3,0.008420766665029555,22,22.0,scanloc_state:AEC,unknown,auto_confirm,automatic,aka2026thrhkz,aka2026thrhkz
matched,onsite,2026-09-29 14:43:19.00,2026-09-29 14:43:19.79,0.79,52.0673942565918,52.084833333333,-175.44790649414062,-175.47316666667,2.596240893594116,17.56601333618164,14.26,3.306013336181641,1.7919697075245642,1.32,0.47196970752456413,9,10.0,scanloc_state:AEC,unknown,auto_confirm,manual,aka2026thrjxp,av93067549
matched,onsite,2026-09-29 14:45:11.00,2026-09-29 14:45:11.39,0.394,61.59285736083984,61.593,-152.2692108154297,-152.264,0.2761032292584982,133.51316833496094,132.9,0.6131683349609318,2.1094416598924375,2.1,0.009441659892437393,64,63.0,scanloc_state:AEC,unknown,auto_confirm,automatic,aka2026thrlmk,aka2026thrlmk
matched,onsite,2026-09-29 16:03:54.00,2026-09-29 16:03:54.08,0.082,61.52319717407227,61.521,-146.59249877929688,-146.591,0.25691310707829285,43.18359375,44.2,1.0164062500000028,1.2974764792400435,1.3,0.0025235207599565435,21,20.0,scanloc_state:AEC,unknown,auto_confirm,automatic,aka2026thubtz,aka2026thubtz
root_only,onsite,2026-09-29 16:05:26.00,,,51.10700607299805,,-178.47518920898438,,,20.430540084838867,,,2.7731626677187955,,,46,,scanloc_state:AEC,,auto_confirm,,aka2026thuddl,
root_only,onsite,2026-09-29 16:11:59.00,,,51.35036468505859,,-177.48374938964844,,,27.748491287231445,,,2.652007236741949,,,48,,scanloc_state:AEC,,auto_confirm,,aka2026thuiug,
matched,onsite,2026-09-29 17:08:11.00,2026-09-29 17:08:11.57,0.572,58.17665100097656,58.177,-155.3263397216797,-155.326,0.04362040966716209,5.0,5.0,0.0,0.7974128496229297,0.8,0.0025871503770703574,10,10.0,scanloc_state:AEC,unknown,auto_confirm,automatic,aka2026thwepl,aka2026thwepl
matched,onsite,2026-09-29 17:30:56.00,2026-09-29 17:30:56.97,0.979,57.54956817626953,57.55,-155.90447998046875,-155.904,0.05590787019387749,5.0,5.0,0.0,1.815203053869269,1.8,0.015203053869268901,28,28.0,scanloc_state:AEC,unknown,auto_confirm,automatic,aka2026thwzfz,aka2026thwzfz
matched,onsite,2026-09-29 18:13:46.00,2026-09-29 18:13:46.32,0.322,58.12339782714844,58.123,-153.16465759277344,-153.165,0.04859148801634592,48.12894821166992,48.1,0.028948211669920454,1.953227127361959,1.9,0.053227127361959115,26,26.0,scanloc_state:AEC,unknown,auto_confirm,automatic,aka2026thykim,aka2026thykim
matched,onsite,2026-09-29 18:15:21.00,2026-09-29 18:15:21.43,0.438,60.37210464477539,60.374,-151.67701721191406,-151.677,0.2107560088552016,70.41251373291016,70.6,0.18748626708983807,2.186924694288972,2.1,0.08692469428897187,88,85.0,scanloc_state:AEC,unknown,auto_confirm,automatic,aka2026thylub,aka2026thylub
matched,onsite,2026-09-29 20:39:45.00,2026-09-29 20:39:45.99,0.994,61.29587936401367,61.296,-152.3487091064453,-152.349,0.020525175290304787,2.3672142028808594,2.4,0.032785797119140536,0.4546908004460546,0.4,0.054690800446054566,9,9.0,scanloc_state:AEC,unknown,auto_confirm,automatic,aka2026tidgzc,aka2026tidgzc
matched,onsite,2026-09-29 21:07:43.00,2026-09-29 21:07:43.12,0.123,60.02396774291992,60.024,-152.04403686523438,-152.044,0.00413039094373326,53.93120193481445,53.9,0.031201934814454546,1.3672639866504832,1.4,0.0327360133495167,5,5.0,scanloc_state:AEC,unknown,auto_confirm,automatic,aka2026tiefdx,aka2026tiefdx
root_only,onsite,2026-09-29 22:53:21.00,,,61.37686538696289,,-140.27684020996094,,,4.871431827545166,,,1.5853131597306271,,,17,,scanloc_state:AEC,,auto_confirm,,aka2026tihsvo,
matched,onsite,2026-09-29 22:59:28.00,2026-09-29 22:59:28.78,0.78,55.79222869873047,55.792,-159.9434051513672,-159.943,0.03589108778437452,5.0,5.0,0.0,1.9920268334160145,2.2,0.20797316658398568,8,8.0,scanloc_state:AEC,unknown,auto_confirm,automatic,aka2026tihycs,aka2026tihycs
matched,onsite,2026-09-29 23:02:27.00,2026-09-29 23:02:27.75,0.752,64.95942687988281,64.953,-147.4984893798828,-147.476,1.2772184148849937,4.374938011169434,5.1,0.725061988830566,1.0909650575686531,1.1,0.009034942431346948,17,15.0,scanloc_state:AEC,unknown,auto_confirm,automatic,aka2026tiiart,aka2026tiiart
matched,onsite,2026-09-29 23:14:16.00,2026-09-29 23:14:16.12,0.12,60.68252563476562,60.686,-152.37014770507812,-152.357,0.8134074074463499,104.2074966430664,104.7,0.4925033569335966,1.6069595542729223,1.5,0.10695955427292225,41,40.0,scanloc_state:AEC,unknown,auto_confirm,automatic,aka2026tiikly,aka2026tiikly
root_only,onsite,2026-09-29 23:30:50.00,,,60.89971542358398,,-140.42642211914062,,,5.0,,,1.2718609370377372,,,5,,scanloc_state:AEC,,auto_confirm,,aka2026tiizes,
matched,onsite,2026-09-30 00:08:03.00,2026-09-30 00:08:03.68,0.684,65.87574005126953,65.876,-146.87319946289062,-146.873,0.030293101233274264,6.190845966339111,6.2,0.00915403366088885,1.213144750576587,1.0,0.2131447505765871,6,6.0,scanloc_state:AEC,unknown,auto_confirm,automatic,aka2026tikfou,aka2026tikfou
matched,onsite,2026-09-30 00:23:16.00,2026-09-30 00:23:16.29,0.296,57.53826141357422,57.538,-155.83631896972656,-155.836,0.03474687664919789,5.0,5.0,0.0,1.589410149175921,1.5,0.08941014917592094,7,7.0,scanloc_state:AEC,unknown,auto_confirm,automatic,aka2026tikstr,aka2026tikstr
matched,onsite,2026-09-30 00:27:34.00,2026-09-30 00:27:34.16,0.162,60.04391479492188,60.044,-153.06216430664062,-153.062,0.013152599341995539,5.0,5.0,0.0,0.44765453165998864,0.5,0.05234546834001136,6,6.0,scanloc_state:AEC,unknown,auto_confirm,automatic,aka2026tikwmo,aka2026tikwmo
matched,onsite,2026-09-30 00:48:23.00,2026-09-30 00:48:23.56,0.56,52.36304473876953,52.344833333333,-174.1981658935547,-174.17983333333,2.377160496988731,4.278698921203613,1.04,3.2386989212036132,1.3724877798481978,0.35,1.022487779848198,6,9.0,scanloc_state:AEC,unknown,auto_confirm,manual,aka2026tilooe,av94455051
matched,onsite,2026-09-30 00:49:31.00,2026-09-30 00:49:31.91,0.911,63.22776412963867,63.233,-150.5633544921875,-150.572,0.7255616976273072,122.42603302001953,122.0,0.42603302001953125,1.9669096202223832,1.9,0.06690962022238334,52,50.0,scanloc_state:AEC,unknown,auto_confirm,automatic,aka2026tilpqd,aka2026tilpqd
matched,onsite,2026-09-30 01:59:51.00,2026-09-30 01:59:51.13,0.136,64.5519790649414,64.552,-146.5795440673828,-146.58,0.021908286233613544,5.0,5.0,0.0,0.8844601164232825,0.8,0.08446011642328244,11,11.0,scanloc_state:AEC,unknown,auto_confirm,automatic,aka2026tinymu,aka2026tinymu
matched,onsite,2026-09-30 02:16:30.00,2026-09-30 02:16:30.05,0.052,63.15835189819336,63.158,-142.92698669433594,-142.927,0.03913499610381728,2.336890697479248,2.3,0.036890697479248225,1.504378893733114,1.4,0.10437889373311404,13,13.0,scanloc_state:AEC,unknown,auto_confirm,automatic,aka2026tiomyi,aka2026tiomyi
matched,onsite,2026-09-30 02:27:22.00,2026-09-30 02:27:22.67,0.678,58.98962783813477,58.986,-153.93646240234375,-153.927,0.6757231009298308,13.547124862670898,13.7,0.15287513732910085,2.415763641313788,2.4,0.015763641313788046,96,93.0,scanloc_state:AEC,unknown,auto_confirm,automatic,aka2026tiowjc,aka2026tiowjc
root_only,onsite,2026-09-30 02:27:34.00,,,53.51077270507812,,-167.0472412109375,,,105.53237915039062,,,2.2839656568436855,,,43,,scanloc_state:AEC,,auto_confirm,,aka2026tiowpb,
matched,onsite,2026-09-30 02:32:48.00,2026-09-30 02:32:48.77,0.779,64.62568664550781,64.622,-151.06842041015625,-151.087,0.9756809857202313,14.966848373413086,17.5,2.533151626586914,1.5556892288932482,1.5,0.05568922889324823,26,19.0,scanloc_state:AEC,unknown,auto_confirm,automatic,aka2026tipbcb,aka2026tipbcb
root_only,onsite,2026-09-30 02:51:48.00,,,51.49517440795898,,178.28857421875,,,50.86559295654297,,,2.792750038784235,,,25,,scanloc_state:AEC,,auto_confirm,,aka2026tiprol,
root_only,onsite,2026-09-30 03:27:27.00,,,51.94229125976562,,-178.53060913085938,,,5.0,,,1.697436547575154,,,6,,scanloc_state:AEC,,auto_confirm,,aka2026tiqwlu,
matched,onsite,2026-09-30 03:59:10.00,2026-09-30 03:59:10.35,0.35,58.29283142089844,58.291,-154.97454833984375,-154.981,0.4285344809534857,5.0,5.0,0.0,0.7632645516308797,0.7,0.06326455163087974,11,10.0,scanloc_state:AEC,unknown,auto_confirm,automatic,aka2026tirxyv,aka2026tirxyv
root_only,onsite,2026-09-30 04:45:13.00,,,51.78905487060547,,-169.37281799316406,,,2.0779433250427246,,,2.8889669908499576,,,20,,scanloc_state:AEC,,auto_confirm,,aka2026titluo,
matched,onsite,2026-09-30 04:52:42.00,2026-09-30 04:52:42.79,0.79,64.46263885498047,64.459,-146.9371795654297,-146.94,0.4266154752322179,5.0,5.0,0.0,1.2687149660056158,1.0,0.26871496600561584,29,22.0,scanloc_state:AEC,unknown,auto_confirm,automatic,aka2026titsjx,aka2026titsjx
root_only,onsite,2026-09-30 04:56:11.00,,,51.8319206237793,,-169.2869110107422,,,5.0,,,2.9528225483369823,,,23,,scanloc_state:AEC,,auto_confirm,,aka2026titvla,
matched,onsite,2026-09-30 04:58:48.00,2026-09-30 04:58:47.98,0.018,58.17544174194336,58.177,-155.3288116455078,-155.328,0.17968706276536175,5.0,5.0,0.0,0.6901690889484436,0.7,0.009830911051556313,12,9.0,scanloc_state:AEC,unknown,auto_confirm,automatic,aka2026titxrc,aka2026titxrc
root_only,onsite,2026-09-30 05:12:32.00,,,51.10146331787109,,-178.37510681152344,,,17.661914825439453,,,2.635577052810871,,,46,,scanloc_state:AEC,,auto_confirm,,aka2026tiujou,
matched,onsite,2026-09-30 05:15:15.00,2026-09-30 05:15:15.36,0.368,58.28078079223633,58.293,-154.9727020263672,-154.976,1.3723207535240873,5.0,5.0,0.0,0.8362966360538249,0.9,0.06370336394617515,16,12.0,scanloc_state:AEC,unknown,auto_confirm,automatic,aka2026tiulya,aka2026tiulya
matched,onsite,2026-09-30 05:19:02.00,2026-09-30 05:19:02.00,0.003,58.04813003540039,58.048,-155.78366088867188,-155.784,0.024642965518095528,14.99222469329834,15.0,0.007775306701660156,1.0014965067008414,1.0,0.001496506700841449,12,12.0,scanloc_state:AEC,unknown,auto_confirm,automatic,aka2026tiupgg,aka2026tiupgg
matched,onsite,2026-09-30 05:29:30.00,2026-09-30 05:29:30.32,0.327,61.56192398071289,61.558,-146.42620849609375,-146.428,0.4465213200140084,7.769774913787842,9.0,1.2302250862121582,1.769949518303592,1.6,0.16994951830359195,55,52.0,scanloc_state:AEC,unknown,auto_confirm,automatic,aka2026tiuyhu,aka2026tiuyhu
matched,onsite,2026-09-30 05:30:41.00,2026-09-30 05:30:41.76,0.764,57.63677978515625,57.637,-155.1053924560547,-155.105,0.03384166329532999,64.28868103027344,64.3,0.011318969726559658,1.9802566770502723,2.0,0.019743322949727693,51,51.0,scanloc_state:AEC,unknown,auto_confirm,automatic,aka2026tiuzhv,aka2026tiuzhv
matched,onsite,2026-09-30 06:34:01.00,2026-09-30 06:34:01.70,0.708,58.08342361450195,58.084,-156.42027282714844,-156.421,0.07703934937960888,2.1876983642578125,4.2,2.0123016357421877,1.9680582275149647,1.9,0.06805822751496482,53,52.0,scanloc_state:AEC,unknown,auto_confirm,automatic,aka2026tixcfs,aka2026tixcfs
matched,onsite,2026-09-30 07:10:46.00,2026-09-30 07:10:46.34,0.346,62.15106964111328,62.167,-150.0402069091797,-150.042,1.7738207885239299,14.552462577819824,16.3,1.7475374221801765,1.471314855152322,1.4,0.07131485515232217,21,19.0,scanloc_state:AEC,unknown,auto_confirm,automatic,aka2026tiygwf,aka2026tiygwf
root_only,onsite,2026-09-30 07:13:06.00,,,53.44122314453125,,-167.05624389648438,,,92.67198181152344,,,2.294897144079981,,,49,,scanloc_state:AEC,,auto_confirm,,aka2026tiykct,
matched,onsite,2026-09-30 07:29:49.00,2026-09-30 07:29:49.11,0.119,58.26065444946289,58.261,-155.13925170898438,-155.139,0.041147862041957695,5.0,5.0,0.0,0.7706705347591386,0.7,0.07067053475913865,11,11.0,scanloc_state:AEC,unknown,auto_confirm,automatic,aka2026tiyypp,aka2026tiyypp
matched,onsite,2026-09-30 07:33:56.00,2026-09-30 07:33:56.05,0.052,64.2326431274414,64.233,-148.5087127685547,-148.509,0.042041244026374436,15.930684089660645,15.9,0.030684089660644176,0.8837160474387055,0.8,0.08371604743870542,12,12.0,scanloc_state:AEC,unknown,auto_confirm,automatic,aka2026tizcep,aka2026tizcep
matched,onsite,2026-09-30 08:05:02.00,2026-09-30 08:05:02.29,0.294,58.25973892211914,58.268,-155.14854431152344,-155.168,1.462443994218329,5.0,0.7,4.3,0.604041002549293,0.6,0.004041002549293071,9,7.0,scanloc_state:AEC,unknown,auto_confirm,automatic,aka2026tjaddo,aka2026tjaddo
matched,onsite,2026-09-30 08:07:03.00,2026-09-30 08:07:03.66,0.661,64.42122650146484,64.424,-146.1227264404297,-146.122,0.31036444943000313,0.50497967004776,4.6,4.09502032995224,1.691808524011268,1.7,0.008191475988732044,52,43.0,scanloc_state:AEC,unknown,auto_confirm,automatic,aka2026tjaexe,aka2026tjaexe
matched,onsite,2026-09-30 08:08:34.00,2026-09-30 08:08:34.91,0.915,61.51618957519531,61.516,-151.36807250976562,-151.368,0.021427635765367388,9.695697784423828,9.7,0.0043022155761711645,0.7647556146525673,0.7,0.0647556146525673,6,6.0,scanloc_state:AEC,unknown,auto_confirm,automatic,aka2026tjagfl,aka2026tjagfl
matched,onsite,2026-09-30 08:22:22.00,2026-09-30 08:22:22.63,0.63,61.73106002807617,61.731,-150.17434692382812,-150.174,0.019451223470273758,5.0,5.0,0.0,2.4736415755379184,2.5,0.026358424462081587,94,94.0,scolv:aaholland3,unknown,man_confirm,manual,aka2026tjasea,aka2026tjasea
root_only,onsite,2026-09-30 08:38:36.00,,,51.87164306640625,,-177.90518188476562,,,25.20713233947754,,,1.3014125100319818,,,7,,scanloc_state:AEC,,auto_confirm,,aka2026tjbggi,
matched,onsite,2026-09-30 09:37:21.00,2026-09-30 09:37:21.29,0.291,59.20486068725586,59.205,-152.60508728027344,-152.605,0.016268228615021803,74.0450439453125,74.0,0.0450439453125,1.8991088558429838,1.9,0.0008911441570160772,51,51.0,scanloc_state:AEC,unknown,auto_confirm,automatic,aka2026tjdfed,aka2026tjdfed
matched,onsite,2026-09-30 10:08:47.00,2026-09-30 10:08:47.61,0.616,63.44884872436523,63.449,-147.63963317871094,-147.64,0.024806598051978494,0.1126081570982933,0.1,0.012608157098293299,1.6356423204465058,1.6,0.035642320446505726,45,44.0,scanloc_state:AEC,unknown,auto_confirm,automatic,aka2026tjeglo,aka2026tjeglo
matched,onsite,2026-09-30 10:31:47.00,2026-09-30 10:31:47.88,0.887,62.0494384765625,62.048,-147.6351776123047,-147.635,0.16021894334703418,20.391328811645508,20.8,0.4086711883544929,3.051376241962771,3.1,0.04862375803722907,202,200.0,scanloc_global_assoc:AEC,unknown,auto_confirm,automatic,aka2026tjfajm,aka2026tjfajm
root_only,onsite,2026-09-30 10:47:21.00,,,52.94805908203125,,-168.382568359375,,,65.80713653564453,,,2.265502894342231,,,33,,scanloc_state:AEC,,auto_confirm,,aka2026tjfnuw,
root_only,onsite,2026-09-30 11:24:54.00,,,51.81943893432617,,-169.14601135253906,,,5.0,,,2.556074583666234,,,7,,scanloc_state:AEC,,auto_confirm,,aka2026tjgull,
matched,onsite,2026-09-30 11:32:08.00,2026-09-30 11:32:08.12,0.129,60.97277069091797,60.981,-151.4744415283203,-151.481,0.981078126583115,70.28533935546875,72.4,2.1146606445312557,2.029594771899689,1.9,0.12959477189968904,83,78.0,scanloc_state:AEC,unknown,auto_confirm,automatic,aka2026tjhahd,aka2026tjhahd
root_only,onsite,2026-09-30 12:13:33.00,,,51.76847076416016,,-169.2913818359375,,,5.0,,,2.687367581904878,,,16,,scanloc_state:AEC,,auto_confirm,,aka2026tjikvn,
root_only,onsite,2026-09-30 12:16:22.00,,,51.40651702880859,,-176.0007781982422,,,19.935348510742188,,,2.469188593240917,,,23,,scanloc_state:AEC,,auto_confirm,,aka2026tjinaz,
root_only,onsite,2026-09-30 12:23:05.00,,,55.11941909790039,,-159.45240783691406,,,5.0,,,3.07468507624358,,,50,,scanloc_state:AEC,,auto_confirm,,aka2026tjiszx,
matched,onsite,2026-09-30 13:27:00.00,2026-09-30 13:27:00.22,0.22,60.04938507080078,60.049,-153.0618438720703,-153.062,0.04368636102066678,5.0,5.0,0.0,0.38808812889661937,0.5,0.11191187110338063,6,6.0,scanloc_state:AEC,unknown,auto_confirm,automatic,aka2026tjkwhv,aka2026tjkwhv
matched,onsite,2026-09-30 13:47:32.00,2026-09-30 13:47:31.97,0.029,59.75061798095703,59.748,-153.3069305419922,-153.287,1.15380155500951,125.6205062866211,126.3,0.6794937133789034,1.8735251485592,1.8,0.0735251485591999,42,41.0,scanloc_state:AEC,unknown,auto_confirm,automatic,aka2026tjlofm,aka2026tjlofm
matched,onsite,2026-09-30 14:19:23.00,2026-09-30 14:19:23.17,0.179,57.62743759155273,57.627,-155.74761962890625,-155.748,0.053669719179902556,97.5841064453125,97.6,0.015893554687494316,1.3446803281186108,1.4,0.05531967188138909,14,14.0,scanloc_state:AEC,unknown,auto_confirm,automatic,aka2026tjmpuo,aka2026tjmpuo
matched,onsite,2026-09-30 14:20:34.00,2026-09-30 14:20:34.05,0.053,60.01005554199219,60.01,-153.0949249267578,-153.095,0.00745342559417806,5.0,5.0,0.0,0.5198728043284022,0.5,0.019872804328402216,6,6.0,scanloc_state:AEC,unknown,auto_confirm,automatic,aka2026tjmqti,aka2026tjmqti
matched,onsite,2026-09-30 14:41:02.00,2026-09-30 14:41:02.06,0.063,61.6906623840332,61.688,-149.9303741455078,-149.929,0.30478345829553155,26.888851165771484,27.2,0.3111488342285149,2.1315083973385205,2.1,0.0315083973385204,78,75.0,scanloc_state:AEC,unknown,auto_confirm,automatic,aka2026tjnimm,aka2026tjnimm
root_only,onsite,2026-09-30 14:48:39.00,,,65.29899597167969,,-136.02206420898438,,,88.09541320800781,,,2.874560216173995,,,13,,scanloc_state:AEC,,auto_confirm,,aka2026tjnpge,
matched,onsite,2026-09-30 15:18:25.00,2026-09-30 15:18:25.33,0.331,63.82145309448242,63.822,-147.74009704589844,-147.732,0.40183199156517396,5.0,5.0,0.0,1.4585443523471842,1.3,0.15854435234718411,27,17.0,scanloc_state:AEC,unknown,auto_confirm,automatic,aka2026tjooxs,aka2026tjooxs
matched,onsite,2026-09-30 15:30:44.00,2026-09-30 15:30:44.91,0.913,65.46295928955078,65.453,-144.7504119873047,-144.756,1.1370988783775158,5.0,5.0,0.0,1.3696461173452836,1.2,0.16964611734528368,26,20.0,scanloc_state:AEC,unknown,auto_confirm,automatic,aka2026tjozpk,aka2026tjozpk
root_only,onsite,2026-09-30 15:43:33.00,,,51.92084884643555,,-174.90267944335938,,,89.162353515625,,,2.7138903021724654,,,22,,scanloc_state:AEC,,auto_confirm,,aka2026tjpksh,
matched,onsite,2026-09-30 15:43:56.00,2026-09-30 15:43:56.87,0.878,58.21780014038086,58.218,-155.09335327148438,-155.093,0.03036332574325331,37.41463851928711,37.4,0.014638519287110796,0.5358062529207762,0.4,0.1358062529207762,19,19.0,scanloc_state:AEC,unknown,auto_confirm,automatic,aka2026tjplbb,aka2026tjplbb
matched,onsite,2026-09-30 16:25:40.00,2026-09-30 16:25:40.84,0.841,61.66331481933594,61.663,-141.77468872070312,-141.775,0.038669830993064314,11.816560745239258,11.8,0.016560745239257102,1.3750954233922839,1.4,0.024904576607716056,17,17.0,scanloc_state:AEC,unknown,auto_confirm,automatic,aka2026tjquoj,aka2026tjquoj
matched,onsite,2026-09-30 16:44:58.00,2026-09-30 16:44:58.55,0.554,57.51033401489258,57.504,-154.614501953125,-154.573,2.57715471741183,30.13623809814453,32.2,2.0637619018554716,1.7705734182773831,1.7,0.07057341827738317,30,26.0,scanloc_state:AEC,unknown,auto_confirm,automatic,aka2026tjrlyv,aka2026tjrlyv
matched,onsite,2026-09-30 16:50:16.00,2026-09-30 16:50:15.66,0.338,62.16692733764648,62.177,-153.27056884765625,-153.313,2.4709377846554346,2.8141653537750244,5.0,2.1858346462249756,1.762387342525164,1.6,0.16238734252516385,31,24.0,scanloc_state:AEC,unknown,auto_confirm,automatic,aka2026tjrqmh,aka2026tjrqmh
matched,onsite,2026-09-30 17:25:06.00,2026-09-30 17:25:06.39,0.399,61.18787384033203,61.193,-150.63641357421875,-150.637,0.5708684602234653,49.31858062744141,49.3,0.018580627441416198,2.4662319785570963,2.4,0.0662319785570964,123,119.0,scanloc_state:AEC,unknown,auto_confirm,automatic,aka2026tjsunq,aka2026tjsunq
matched,onsite,2026-09-30 17:34:30.00,2026-09-30 17:34:30.92,0.923,59.89202880859375,59.892,-152.58291625976562,-152.583,0.0056638507757779365,87.24981689453125,87.2,0.04981689453124716,2.0728603483721995,2.0,0.07286034837219946,99,99.0,scanloc_state:AEC,unknown,auto_confirm,automatic,aka2026tjtcxh,aka2026tjtcxh
matched,onsite,2026-09-30 17:39:22.00,2026-09-30 17:39:22.29,0.29,58.65377807617188,58.665,-155.10203552246094,-155.108,1.2946244528510942,150.95285034179688,151.9,0.9471496582031307,2.0173242654274404,1.8,0.21732426542744032,47,46.0,scanloc_state:AEC,unknown,auto_confirm,automatic,aka2026tjthav,aka2026tjthav
root_only,onsite,2026-09-30 17:50:23.00,,,53.54579162597656,,-166.54931640625,,,75.93669891357422,,,1.8029123777023175,,,22,,scanloc_state:AEC,,auto_confirm,,aka2026tjtqsi,
matched,onsite,2026-09-30 18:16:07.00,2026-09-30 18:16:07.82,0.823,64.78561401367188,64.789,-149.09593200683594,-149.106,0.6076004021066042,1.5946831703186035,5.0,3.4053168296813965,1.3220895867862528,1.2,0.12208958678625281,24,19.0,scanloc_state:AEC,unknown,auto_confirm,automatic,aka2026tjumzo,aka2026tjumzo
matched,onsite,2026-09-30 18:17:29.00,2026-09-30 18:17:29.93,0.933,59.94112014770508,59.941,-153.28921508789062,-153.289,0.017944260258987446,153.50637817382812,153.5,0.006378173828125,2.0727458092407764,2.0,0.07274580924077645,87,87.0,scanloc_state:AEC,unknown,auto_confirm,automatic,aka2026tjuoem,aka2026tjuoem
matched,onsite,2026-09-30 18:36:04.00,2026-09-30 18:36:04.87,0.87,52.06990814208984,52.0895,-176.98223876953125,-176.982,2.1785763066729995,19.811540603637695,4.2,15.611540603637696,1.9682371371954364,1.65,0.31823713719543645,19,18.0,scanloc_state:AEC,unknown,auto_confirm,manual,aka2026tjvehn,av94456096
matched,onsite,2026-09-30 19:09:24.00,2026-09-30 19:09:24.09,0.095,55.75412368774414,55.754,-160.2152862548828,-160.215,0.022583327321284586,88.30276489257812,88.3,0.002764892578127842,2.5284526634189386,2.4,0.12845266341893868,42,42.0,scanloc_state:AEC,unknown,auto_confirm,automatic,aka2026tjwhfb,aka2026tjwhfb
matched,onsite,2026-09-30 19:10:09.00,2026-09-30 19:10:09.16,0.166,51.75315093994141,51.8805,179.21939086914062,179.2118,14.170179324828766,113.99634552001953,119.22,5.223654479980468,4.250206923823449,4.2,0.050206923823449046,96,130.0,scolv:aaholland3,unknown,man_confirm,manual,aka2026tjwhtq,us6000tyl5
root_only,onsite,2026-09-30 19:51:37.00,,,51.6507682800293,,-179.86114501953125,,,102.32630157470703,,,2.9392060519403107,,,48,,scanloc_state:AEC,,auto_confirm,,aka2026tjxrvj,
root_only,onsite,2026-09-30 19:51:54.00,,,53.86389923095703,,-167.08213806152344,,,30.042131423950195,,,1.2186927019196576,,,7,,scanloc_state:AEC,,auto_confirm,,aka2026tjxsbn,
root_only,onsite,2026-09-30 22:07:21.00,,,61.22155380249023,,-139.9044952392578,,,5.0,,,1.7992006513325134,,,18,,scanloc_state:AEC,,auto_confirm,,aka2026tkcfmj,
matched,onsite,2026-09-30 22:27:18.00,2026-09-30 22:27:18.46,0.469,61.12916564941406,61.129,-147.2367706298828,-147.237,0.022156821675399806,23.48335647583008,23.5,0.016643524169918322,1.158045644212403,1.1,0.05804564421240288,11,11.0,scanloc_state:AEC,unknown,auto_confirm,automatic,aka2026tkcwtp,aka2026tkcwtp
matched,onsite,2026-09-30 22:30:11.00,2026-09-30 22:30:11.30,0.3,60.08068084716797,60.081,-153.106201171875,-153.106,0.03720075267359818,5.0,5.0,0.0,0.8006834054028193,0.8,0.0006834054028193037,6,6.0,scanloc_state:AEC,unknown,auto_confirm,automatic,aka2026tkczhe,aka2026tkczhe
root_only,onsite,2026-09-30 22:35:04.00,,,60.5555419921875,,-139.95742797851562,,,17.005836486816406,,,1.4620923234911907,,,12,,scanloc_state:AEC,,auto_confirm,,aka2026tkddnn,
matched,onsite,2026-09-30 23:56:48.00,2026-09-30 23:56:47.05,0.95,53.92804718017578,53.944833333333,-166.65235900878906,-166.60816666667,3.44267864944307,0.11579688638448715,9.17,9.054203113615513,0.7151612265837757,0.09,0.6251612265837757,6,11.0,scanloc_state:AEC,unknown,auto_confirm,manual,aka2026tkfwjv,av94456371
matched,onsite,2026-10-01 00:14:36.00,2026-10-01 00:14:36.33,0.334,62.22766494750977,62.228,-152.2785186767578,-152.279,0.044832360434436155,5.0,5.0,0.0,1.3772452957390506,1.3,0.07724529573905059,8,8.0,scanloc_state:AEC,unknown,auto_confirm,automatic,aka2026tkglvc,aka2026tkglvc
matched,onsite,2026-10-01 00:27:18.00,2026-10-01 00:27:18.83,0.839,60.17947769165039,60.18,-152.62452697753906,-152.625,0.06369604182698119,106.01436614990234,106.0,0.01436614990234375,2.1504244494122995,2.1,0.0504244494122994,79,78.0,scanloc_state:AEC,unknown,auto_confirm,automatic,aka2026tkgwuq,aka2026tkgwuq
matched,onsite,2026-10-01 00:29:28.00,2026-10-01 00:29:28.87,0.877,59.63496398925781,59.635,-152.37939453125,-152.379,0.02253513323466455,75.94834899902344,75.9,0.048348999023431816,1.4145500320473092,1.5,0.08544996795269078,20,20.0,scanloc_state:AEC,unknown,auto_confirm,automatic,aka2026tkgysi,aka2026tkgysi
matched,onsite,2026-10-01 00:30:53.00,2026-10-01 00:30:53.98,0.989,62.64585876464844,62.645,-151.33197021484375,-151.332,0.09550239804107755,89.33085632324219,89.7,0.36914367675781534,2.290634684972328,2.2,0.09063468497232785,73,71.0,scanloc_state:AEC,unknown,auto_confirm,automatic,aka2026tkgzql,aka2026tkgzql
root_only,onsite,2026-10-01 00:36:51.00,,,51.62403106689453,,179.45556640625,,,84.18130493164062,,,2.642682044036087,,,18,,scanloc_state:AEC,,auto_confirm,,aka2026tkhfcj,
matched,onsite,2026-10-01 00:39:02.00,2026-10-01 00:39:02.15,0.151,57.61057662963867,57.603,-155.3714141845703,-155.362,1.0120663169938138,17.463245391845703,19.6,2.1367546081542983,1.5039233278985822,1.5,0.003923327898582185,24,20.0,scanloc_state:AEC,unknown,auto_confirm,automatic,aka2026tkhgzz,aka2026tkhgzz
matched,onsite,2026-10-01 01:04:13.00,2026-10-01 01:04:13.80,0.803,57.28786849975586,57.287,-155.48960876464844,-155.491,0.12773304128868695,76.0299301147461,76.1,0.07006988525390057,1.7761547906627793,1.8,0.023845209337220785,28,27.0,scanloc_state:AEC,unknown,auto_confirm,automatic,aka2026tkicbp,aka2026tkicbp
matched,onsite,2026-10-01 01:15:51.00,2026-10-01 01:15:51.64,0.646,61.02074432373047,61.037,-152.26513671875,-152.25,1.9828946825114508,25.604753494262695,30.4,4.795246505737303,0.8316074884270876,0.8,0.031607488427087604,13,12.0,scanloc_state:AEC,unknown,auto_confirm,automatic,aka2026tkimfc,aka2026tkimfc
matched,onsite,2026-10-01 01:16:51.00,2026-10-01 01:16:50.89,0.103,61.88094329833984,61.89,-150.53797912597656,-150.544,1.0553202970884612,60.55942153930664,61.9,1.340578460693358,1.7393875851239868,1.7,0.03938758512398688,43,41.0,scanloc_state:AEC,unknown,auto_confirm,automatic,aka2026tkinuj,aka2026tkinuj
matched,onsite,2026-10-01 01:48:02.00,2026-10-01 01:48:02.65,0.655,60.16351318359375,60.164,-153.40261840820312,-153.403,0.05810224530642996,32.87904357910156,32.9,0.02095642089843608,0.7581477482526843,0.8,0.04185225174731577,7,7.0,scanloc_state:AEC,unknown,auto_confirm,automatic,aka2026tkjovv,aka2026tkjovv
matched,onsite,2026-10-01 02:10:23.00,2026-10-01 02:10:23.10,0.107,59.87907409667969,59.879,-153.24989318847656,-153.249,0.05051691376603038,128.9161376953125,128.9,0.016137695312494316,2.2514156318399374,2.2,0.05141563183993725,104,102.0,scanloc_state:AEC,unknown,auto_confirm,automatic,aka2026tkkife,aka2026tkkife
matched,onsite,2026-10-01 02:23:40.00,2026-10-01 02:23:40.56,0.567,60.27858352661133,60.277,-152.5599822998047,-152.575,0.8464416515386692,96.21479034423828,96.9,0.6852096557617244,1.5023608240272632,1.3,0.2023608240272632,49,45.0,scanloc_state:AEC,unknown,auto_confirm,automatic,aka2026tkktsl,aka2026tkktsl
root_only,onsite,2026-10-01 03:01:59.00,,,53.63011932373047,,-165.20932006835938,,,29.03382682800293,,,2.0339624543018004,,,28,,scanloc_state:AEC,,auto_confirm,,aka2026tkmayp,
matched,onsite,2026-10-01 03:22:33.00,2026-10-01 03:22:33.46,0.462,59.93829727172852,59.94,-152.44174194335938,-152.443,0.20188592063171956,93.35552978515625,93.5,0.14447021484375,3.00505709819197,3.0,0.0050570981919699776,203,200.0,scanloc_global_assoc:AEC,unknown,auto_confirm,automatic,aka2026tkmsuy,aka2026tkmsuy
matched,onsite,2026-10-01 03:23:05.00,2026-10-01 03:23:05.71,0.714,63.49356842041016,63.494,-146.0401611328125,-146.04,0.04865110169058765,7.225406169891357,7.2,0.025406169891357244,1.5093649054182676,1.4,0.10936490541826771,23,23.0,scanloc_state:AEC,unknown,auto_confirm,automatic,aka2026tkmtgk,aka2026tkmtgk
matched,onsite,2026-10-01 03:29:08.00,2026-10-01 03:29:08.12,0.123,59.5147819519043,59.514,-152.2021484375,-152.202,0.08735136235860139,78.03562927246094,77.9,0.13562927246093182,3.3883505889820746,3.4,0.01164941101792527,274,269.0,scanloc_global_assoc:AEC,unknown,auto_confirm,automatic,aka2026tkmymd,aka2026tkmymd
root_only,onsite,2026-10-01 03:38:11.00,,,52.12301254272461,,-169.3782958984375,,,22.481399536132812,,,3.006232006384456,,,25,,scanloc_state:AEC,,auto_confirm,,aka2026tknggs,
root_only,onsite,2026-10-01 04:23:51.00,,,51.39384460449219,,-175.9642791748047,,,25.954450607299805,,,2.260131263650803,,,12,,scanloc_state:AEC,,auto_confirm,,aka2026tkotyj,
matched,onsite,2026-10-01 05:02:33.00,2026-10-01 05:02:33.26,0.262,61.16328430175781,61.163,-147.20606994628906,-147.202,0.22055361673011706,5.0,1.3,3.7,1.776208649593636,1.7,0.07620864959363605,44,41.0,scanloc_state:AEC,unknown,auto_confirm,automatic,aka2026tkqbmi,aka2026tkqbmi
matched,onsite,2026-10-01 05:11:31.00,2026-10-01 05:11:31.03,0.034,64.993408203125,64.993,-147.31541442871094,-147.315,0.04939373500376889,1.97578763961792,2.0,0.024212360382080078,1.3274476739024994,1.3,0.02744767390249936,19,19.0,scanloc_state:AEC,unknown,auto_confirm,automatic,aka2026tkqjgl,aka2026tkqjgl
root_only,onsite,2026-10-01 05:33:10.00,,,54.57779312133789,,-160.24598693847656,,,7.751326560974121,,,2.57254395025967,,,24,,scanloc_state:AEC,,auto_confirm,,aka2026tkrbzm,
matched,onsite,2026-10-01 05:34:48.00,2026-10-01 05:34:47.97,0.027,57.88556671142578,57.887,-154.77490234375,-154.767,0.49355831254131527,69.22063446044922,69.1,0.12063446044922443,1.5802920494728965,1.5,0.08029204947289648,33,30.0,scanloc_state:AEC,unknown,auto_confirm,automatic,aka2026tkrdlb,aka2026tkrdlb
root_only,onsite,2026-10-01 05:47:26.00,,,54.78757095336914,,-161.05540466308594,,,70.6404037475586,,,2.3250504522575257,,,23,,scanloc_state:AEC,,auto_confirm,,aka2026tkroge,
matched,onsite,2026-10-01 06:08:55.00,2026-10-01 06:08:55.92,0.923,59.7515640258789,59.752,-152.9082794189453,-152.908,0.05094206253361891,99.40524291992188,99.4,0.005242919921869316,1.673727412073993,1.5,0.1737274120739929,41,41.0,scanloc_state:AEC,unknown,auto_confirm,automatic,aka2026tksgxh,aka2026tksgxh
matched,onsite,2026-10-01 07:34:28.00,2026-10-01 07:34:28.43,0.43,59.71235275268555,59.712,-150.77357482910156,-150.774,0.045902867160724385,41.63773727416992,41.6,0.037737274169920454,1.9439038774183885,1.9,0.04390387741838864,46,46.0,scanloc_state:AEC,unknown,auto_confirm,automatic,aka2026tkvdfi,aka2026tkvdfi
matched,onsite,2026-10-01 07:42:27.00,2026-10-01 07:42:27.13,0.133,60.40486526489258,60.405,-152.97462463378906,-152.975,0.025482728382312456,132.4202423095703,132.4,0.020242309570306816,2.0127228026871515,1.9,0.11272280268715162,77,77.0,scanloc_state:AEC,unknown,auto_confirm,automatic,aka2026tkvjlk,aka2026tkvjlk
root_only,onsite,2026-10-01 08:09:21.00,,,53.64276504516602,,-166.37937927246094,,,74.44672393798828,,,2.2867623387158837,,,41,,scanloc_state:AEC,,auto_confirm,,aka2026tkwhmb,
matched,onsite,2026-10-01 08:09:58.00,2026-10-01 08:09:58.76,0.763,55.8364372253418,55.836,-158.9772186279297,-158.977,0.05049757666874365,71.81181335449219,71.8,0.011813354492190342,1.7535352239102073,1.7,0.053535223910207375,19,19.0,scanloc_state:AEC,unknown,auto_confirm,automatic,aka2026tkwhzs,aka2026tkwhzs
matched,onsite,2026-10-01 08:22:11.00,2026-10-01 08:22:11.00,0.003,59.87591934204102,59.876,-152.2823944091797,-152.282,0.02376747591456234,74.90678405761719,74.9,0.006784057617181816,2.0069196437684984,2.0,0.006919643768498407,52,52.0,scanloc_state:AEC,unknown,auto_confirm,automatic,aka2026tkwscd,aka2026tkwscd
matched,onsite,2026-10-01 08:25:11.00,2026-10-01 08:25:11.31,0.317,59.99532699584961,59.998,-152.63916015625,-152.65,0.6720298865623634,97.37198638916016,98.8,1.428013610839841,1.9380108895463188,1.8,0.1380108895463188,63,61.0,scanloc_state:AEC,unknown,auto_confirm,automatic,aka2026tkwupd,aka2026tkwupd
root_only,onsite,2026-10-01 08:54:53.00,,,51.26565933227539,,-176.7539520263672,,,29.054569244384766,,,2.468482226644533,,,31,,scanloc_state:AEC,,auto_confirm,,aka2026tkxuyg,
matched,onsite,2026-10-01 08:57:13.00,2026-10-01 08:57:13.15,0.152,57.1307144165039,57.131,-155.13978576660156,-155.14,0.03428636816115005,32.944889068603516,32.9,0.044889068603517046,2.4408034308035815,2.4,0.04080343080358162,62,62.0,scanloc_state:AEC,unknown,auto_confirm,automatic,aka2026tkxwyo,aka2026tkxwyo
matched,onsite,2026-10-01 09:23:37.00,2026-10-01 09:23:37.66,0.666,62.72778701782227,62.728,-149.3715057373047,-149.372,0.03456971032034061,66.21764373779297,66.1,0.11764373779297443,2.6501426094344107,2.6,0.05014260943441062,139,137.0,scanloc_state:AEC,unknown,auto_confirm,automatic,aka2026tkytvy,aka2026tkytvy
matched,onsite,2026-10-01 09:57:28.00,2026-10-01 09:57:28.90,0.908,64.60791778564453,64.61,-151.32540893554688,-151.342,0.8242439915714667,7.39894962310791,7.2,0.19894962310790998,1.4775108868798776,1.3,0.1775108868798776,26,19.0,scanloc_state:AEC,unknown,auto_confirm,automatic,aka2026tkzxfh,aka2026tkzxfh
root_only,onsite,2026-10-01 10:01:39.00,,,54.2397575378418,,-162.65074157714844,,,18.006372451782227,,,3.375040305322327,,,90,,scanloc_state:AEC,,auto_confirm,,aka2026tlaavd,
matched,onsite,2026-10-01 10:18:48.00,2026-10-01 10:18:48.92,0.924,61.83617401123047,61.836,-151.99559020996094,-151.996,0.028930102246338157,115.61190795898438,115.6,0.011907958984380684,3.216180129040998,3.2,0.01618012904099775,231,231.0,scanloc_global_assoc:AEC,unknown,auto_confirm,automatic,aka2026tlapkt,aka2026tlapkt
root_only,onsite,2026-10-01 10:57:21.00,,,54.55701446533203,,-160.0800018310547,,,5.0,,,3.305654737096844,,,57,,scanloc_state:AEC,,auto_confirm,,aka2026tlbxee,
matched,onsite,2026-10-01 11:23:19.00,2026-10-01 11:23:19.82,0.828,58.22800064086914,58.228,-155.3009796142578,-155.301,0.0011956825179850724,11.067014694213867,11.1,0.03298530578613246,0.7315322447298223,0.7,0.0315322447298223,11,11.0,scanloc_state:AEC,unknown,auto_confirm,automatic,aka2026tlctpv,aka2026tlctpv
root_only,onsite,2026-10-01 11:34:47.00,,,54.5031623840332,,-160.2056427001953,,,5.0,,,2.5543058421338514,,,8,,scanloc_state:AEC,,auto_confirm,,aka2026tlddlg,
matched,onsite,2026-10-01 11:53:43.00,2026-10-01 11:53:43.82,0.826,60.15764236450195,60.158,-153.19467163085938,-153.195,0.043721375284743215,25.74755859375,25.7,0.04755859375000071,0.6139680989598164,0.6,0.013968098959816433,7,7.0,scanloc_state:AEC,unknown,auto_confirm,automatic,aka2026tldtzx,aka2026tldtzx
matched,onsite,2026-10-01 12:14:15.00,2026-10-01 12:14:15.42,0.424,63.24407196044922,63.244,-150.57594299316406,-150.575,0.04787865837275268,131.3187713623047,131.3,0.01877136230467613,2.879740734076751,2.9,0.020259265923249004,161,160.0,scanloc_global_assoc:AEC,unknown,auto_confirm,automatic,aka2026tlelut,aka2026tlelut
matched,onsite,2026-10-01 12:29:59.00,2026-10-01 12:29:59.51,0.518,58.22129821777344,58.221,-156.4430389404297,-156.443,0.033238617811642855,0.02827220782637596,0.0,0.02827220782637596,2.8726278451752734,2.9,0.027372154824726547,100,100.0,scanloc_state:AEC,unknown,auto_confirm,automatic,aka2026tlezlc,aka2026tlezlc
matched,onsite,2026-10-01 12:36:31.00,2026-10-01 12:36:31.90,0.902,62.90385437011719,62.904,-148.5845947265625,-148.577,0.3849946002581768,0.10050548613071442,0.1,0.000505486130714411,2.057654403669774,2.0,0.057654403669773924,51,49.0,scanloc_state:AEC,unknown,auto_confirm,automatic,aka2026tlffcq,aka2026tlffcq
matched,onsite,2026-10-01 13:00:04.00,2026-10-01 13:00:04.35,0.352,61.66987609863281,61.675,-151.8719482421875,-151.885,0.8937903113013552,101.12648010253906,101.3,0.17351989746093466,2.0032900026647567,1.9,0.10329000266475674,56,52.0,scanloc_state:AEC,unknown,auto_confirm,automatic,aka2026tlfznj,aka2026tlfznj
matched,onsite,2026-10-01 13:29:37.00,2026-10-01 13:29:37.99,0.997,60.41229248046875,60.412,-147.79739379882812,-147.797,0.03905335844762577,30.23949432373047,30.2,0.03949432373046946,1.6749362497826428,1.7,0.025063750217357184,10,10.0,scanloc_state:AEC,unknown,auto_confirm,automatic,aka2026tlgzdw,aka2026tlgzdw
matched,onsite,2026-10-01 13:38:13.00,2026-10-01 13:38:13.73,0.735,56.34632110595703,56.346,-156.8439483642578,-156.844,0.035846847999317664,5.0,5.0,0.0,2.2047408399741286,2.3,0.0952591600258712,8,8.0,scanloc_state:AEC,unknown,auto_confirm,automatic,aka2026tlhgua,aka2026tlhgua
matched,onsite,2026-10-01 13:47:40.00,2026-10-01 13:47:40.10,0.108,59.59954833984375,59.6,-152.13438415527344,-152.134,0.05467659652830503,67.2852783203125,67.3,0.014721679687497158,1.6991119228068432,1.7,0.0008880771931567555,41,41.0,scanloc_state:AEC,unknown,auto_confirm,automatic,aka2026tlhovr,aka2026tlhovr
root_only,onsite,2026-10-01 14:21:33.00,,,54.53973388671875,,-160.15286254882812,,,7.241475582122803,,,2.545322914252496,,,32,,scanloc_state:AEC,,auto_confirm,,aka2026tlisgm,
matched,onsite,2026-10-01 14:33:10.00,2026-10-01 14:33:10.06,0.067,63.21696472167969,63.22,-151.2955780029297,-151.299,0.37855986086380866,5.0,5.0,0.0,1.7703340077539196,1.9,0.12966599224608033,30,27.0,scanloc_state:AEC,unknown,auto_confirm,automatic,aka2026tljcje,aka2026tljcje
matched,onsite,2026-10-01 14:46:19.00,2026-10-01 14:46:19.87,0.877,53.6805534362793,53.7226,-163.54835510253906,-163.7238,12.45937959268953,24.60044860839844,35.0,10.399551391601559,4.454901874205682,4.8,0.3450981257943182,276,69.0,scolv:aaholland3,unknown,man_confirm,manual,aka2026tljnqz,us6000tyuf
matched,onsite,2026-10-01 15:13:16.00,2026-10-01 15:13:16.78,0.78,58.97660064697266,58.977,-150.99424743652344,-150.994,0.04661514816382392,54.54122924804688,54.5,0.041229248046882105,3.006603412421921,3.0,0.006603412421921195,200,200.0,scanloc_state:AEC,unknown,auto_confirm,automatic,aka2026tlkkpe,aka2026tlkkpe
matched,onsite,2026-10-01 15:17:19.00,2026-10-01 15:17:19.25,0.251,63.54145431518555,63.541,-143.73594665527344,-143.736,0.05058662877637814,18.622241973876953,18.6,0.022241973876951704,1.1295241340253395,1.1,0.029524134025339377,7,7.0,scanloc_state:AEC,unknown,auto_confirm,automatic,aka2026tlkono,aka2026tlkono
root_only,onsite,2026-10-01 15:27:01.00,,,51.78396987915039,,-178.78811645507812,,,6.342918395996094,,,3.1482722396842626,,,11,,scanloc_state:AEC,,auto_confirm,,aka2026tlkwyg,
root_only,onsite,2026-10-01 16:41:32.00,,,54.20401382446289,,-163.80496215820312,,,60.25257873535156,,,2.82373831809488,,,54,,scanloc_state:AEC,,auto_confirm,,aka2026tlnjow,
matched,onsite,2026-10-01 18:23:31.00,2026-10-01 18:23:31.95,0.958,57.6943359375,57.709,-155.2245635986328,-155.242,1.9318390042402753,85.39154815673828,86.1,0.7084518432617131,2.0012129084490233,1.8,0.2012129084490233,51,48.0,scanloc_state:AEC,unknown,auto_confirm,automatic,aka2026tlqtva,aka2026tlqtva
matched,onsite,2026-10-01 18:30:40.00,2026-10-01 18:30:40.71,0.714,59.23445892333984,59.234,-152.45230102539062,-152.452,0.0538258703168227,66.34920501708984,66.3,0.04920501708984659,1.9036521892604372,1.9,0.0036521892604373107,48,48.0,scanloc_state:AEC,unknown,auto_confirm,automatic,aka2026tlraem,aka2026tlraem
root_only,onsite,2026-10-01 18:34:13.00,,,53.94551086425781,,-164.92428588867188,,,63.16261672973633,,,2.9238456390716054,,,54,,scanloc_state:AEC,,auto_confirm,,aka2026tlrdao,
matched,onsite,2026-10-01 19:01:32.00,2026-10-01 19:01:32.74,0.746,64.56359100341797,64.564,-147.06817626953125,-147.068,0.04625094473244763,5.0,5.0,0.0,1.1888102677803625,1.1,0.08881026778036238,12,12.0,scanloc_state:AEC,unknown,auto_confirm,automatic,aka2026tlsayj,aka2026tlsayj
root_only,onsite,2026-10-01 19:03:45.00,,,56.12836837768555,,-149.926025390625,,,5.0,,,3.1287194788412984,,,46,,scanloc_state:AEC,,auto_confirm,,aka2026tlscws,
matched,onsite,2026-10-01 19:28:58.00,2026-10-01 19:28:58.58,0.587,59.97707748413086,59.977,-152.55946350097656,-152.559,0.027188616302376914,100.3415756225586,100.3,0.04157562255859659,2.580306682755429,2.6,0.01969331724457124,153,153.0,scanloc_state:AEC,unknown,auto_confirm,automatic,aka2026tlsylt,aka2026tlsylt
matched,onsite,2026-10-01 20:39:49.00,2026-10-01 20:39:49.62,0.621,60.09010696411133,60.09,-152.69125366210938,-152.692,0.04305683505678556,111.56224822998047,111.6,0.037751770019525566,2.127400607577588,2.1,0.027400607577587888,98,97.0,scanloc_state:AEC,unknown,auto_confirm,automatic,aka2026tlvihr,aka2026tlvihr
matched,onsite,2026-10-01 22:12:27.00,2026-10-01 22:12:27.77,0.775,64.90634155273438,64.908,-149.2975616455078,-149.303,0.3158720354148894,19.416166305541992,19.6,0.18383369445800923,1.6529309527917293,1.6,0.05293095279172921,32,30.0,scanloc_state:AEC,unknown,auto_confirm,automatic,aka2026tlykmb,aka2026tlykmb
matched,onsite,2026-10-01 22:22:45.00,2026-10-01 22:22:45.54,0.543,61.0195541381836,61.02,-150.09918212890625,-150.099,0.05053923313667901,35.07990646362305,35.1,0.020093536376954546,1.9632519143412244,2.0,0.03674808565877563,68,68.0,scanloc_state:AEC,unknown,auto_confirm,automatic,aka2026tlysmg,aka2026tlysmg
matched,onsite,2026-10-01 22:30:55.00,2026-10-01 22:30:55.14,0.143,66.58375549316406,66.584,-148.8217010498047,-148.822,0.03022746384205722,0.940328598022461,0.9,0.040328598022461026,1.788283103423062,1.7,0.088283103423062,20,20.0,scanloc_state:AEC,unknown,auto_confirm,automatic,aka2026tlzamk,aka2026tlzamk
matched,onsite,2026-10-01 23:05:48.00,2026-10-01 23:05:48.15,0.151,61.57871627807617,61.611,-150.44699096679688,-150.452,3.599550834910517,65.94815063476562,63.5,2.448150634765625,2.0664728853892633,2.1,0.03352711461073676,62,46.0,scanloc_state:AEC,unknown,auto_confirm,automatic,aka2026tmaess,aka2026tmaess
matched,onsite,2026-10-01 23:13:19.00,2026-10-01 23:13:18.76,0.236,64.97847747802734,64.97,-147.25872802734375,-147.219,2.0930314160203687,5.0,5.0,0.0,1.1726697643816926,1.1,0.07266976438169248,13,10.0,scanloc_state:AEC,unknown,auto_confirm,automatic,aka2026tmalgh,aka2026tmalgh
matched,onsite,2026-10-01 23:18:05.00,2026-10-01 23:18:05.57,0.571,59.88776016235352,59.888,-153.05352783203125,-153.054,0.03748374037938835,33.17115020751953,33.2,0.028849792480471592,0.4473114228421371,0.4,0.047311422842137074,5,5.0,scanloc_state:AEC,unknown,auto_confirm,automatic,aka2026tmaouu,aka2026tmaouu
matched,onsite,2026-10-01 23:21:51.00,2026-10-01 23:21:51.33,0.331,59.97894668579102,59.979,-153.0625,-153.062,0.028441105280046102,45.66039657592773,45.7,0.03960342407227557,0.9395782890146026,1.0,0.06042171098539739,7,7.0,scanloc_state:AEC,unknown,auto_confirm,automatic,aka2026tmasqr,aka2026tmasqr
root_only,onsite,2026-10-01 23:34:37.00,,,51.81120300292969,,-177.40126037597656,,,12.584388732910156,,,1.7695486884179294,,,8,,scanloc_state:AEC,,auto_confirm,,aka2026tmbdsp,
matched,onsite,2026-10-01 23:46:34.00,2026-10-01 23:46:34.80,0.808,60.23046112060547,60.23,-153.48207092285156,-153.482,0.051423567696893345,5.0,5.0,0.0,0.8028156965166641,0.8,0.0028156965166640235,5,5.0,scanloc_state:AEC,unknown,auto_confirm,automatic,aka2026tmboaw,aka2026tmboaw
test_only,usgs,,2026-09-28 20:45:47.27,,,60.071,,-153.038,,,3.7,,,0.6,,,6.0,,unknown,,automatic,,aka2026tghlqb
test_only,usgs,,2026-09-28 10:07:58.99,,,58.237,,-155.171,,,5.0,,,0.7,,,11.0,,unknown,,automatic,,aka2026tfmepo
test_only,usgs,,2026-09-28 10:04:17.12,,,58.242,,-155.205,,,5.0,,,0.6,,,7.0,,unknown,,automatic,,aka2026tfmbkh
